timestamp,price,volume,bid,ask
2024-01-15 09:30:00.976,185.0,133,184.9856,185.0144
2024-01-15 09:30:03.007,184.9115,9,184.8969,184.9261
2024-01-15 09:30:03.482,184.8354,124,184.822,184.8489
2024-01-15 09:30:06.063,184.9116,296,184.8949,184.9283
2024-01-15 09:30:06.847,184.8772,49,184.87,184.8845
2024-01-15 09:30:07.294,184.8582,653,184.8504,184.866
2024-01-15 09:30:08.573,184.8397,292,184.8336,184.8458
2024-01-15 09:30:09.171,184.7115,131,184.6994,184.7236
2024-01-15 09:30:09.378,184.7295,20,184.7187,184.7403
2024-01-15 09:30:10.952,184.8588,160,184.8473,184.8703
2024-01-15 09:30:13.070,184.9621,228,184.9427,184.9815
2024-01-15 09:30:16.846,184.8955,240,184.8902,184.9008
2024-01-15 09:30:17.101,184.8612,22,184.8436,184.8788
2024-01-15 09:30:17.230,184.9116,280,184.8972,184.926
2024-01-15 09:30:20.100,185.0057,85,184.9881,185.0233
2024-01-15 09:30:20.974,185.0265,282,185.01,185.043
2024-01-15 09:30:21.758,185.0523,358,185.0355,185.0691
2024-01-15 09:30:22.683,185.0316,543,185.0125,185.0507
2024-01-15 09:30:23.033,184.9354,304,184.9289,184.942
2024-01-15 09:30:23.159,184.9607,172,184.9441,184.9772
2024-01-15 09:30:28.600,184.9549,401,184.9447,184.9651
2024-01-15 09:30:30.347,184.9911,269,184.9764,185.0057
2024-01-15 09:30:30.585,185.0765,423,185.0622,185.0908
2024-01-15 09:30:31.136,185.0823,1,185.073,185.0916
2024-01-15 09:30:37.740,185.1049,18,185.0935,185.1163
2024-01-15 09:30:38.052,185.1318,42,185.1123,185.1513
2024-01-15 09:30:39.676,185.0363,88,185.0165,185.0561
2024-01-15 09:30:43.612,184.879,475,184.8593,184.8987
2024-01-15 09:30:47.392,184.9155,75,184.8962,184.9349
2024-01-15 09:30:48.768,184.9065,761,184.8881,184.9249
2024-01-15 09:30:49.482,184.7363,123,184.7193,184.7533
2024-01-15 09:30:51.750,184.7707,174,184.7508,184.7907
2024-01-15 09:30:52.700,184.7395,248,184.7227,184.7564
2024-01-15 09:30:54.022,184.7032,153,184.6884,184.7179
2024-01-15 09:30:55.237,184.6562,48,184.6465,184.6659
2024-01-15 09:30:58.074,184.6399,249,184.6226,184.6572
2024-01-15 09:30:58.615,184.6313,69,184.6129,184.6497
2024-01-15 09:30:59.747,184.7284,60,184.7117,184.7451
2024-01-15 09:31:00.021,184.6892,308,184.672,184.7063
2024-01-15 09:31:01.892,184.7823,6,184.7749,184.7898
2024-01-15 09:31:01.895,184.8469,82,184.8394,184.8543
2024-01-15 09:31:02.032,184.8496,161,184.8336,184.8656
2024-01-15 09:31:04.934,184.8978,215,184.8814,184.9143
2024-01-15 09:31:07.349,184.8667,66,184.8575,184.876
2024-01-15 09:31:07.530,184.7417,18,184.7261,184.7573
2024-01-15 09:31:09.284,184.8567,143,184.8407,184.8727
2024-01-15 09:31:10.245,184.7975,51,184.7835,184.8115
2024-01-15 09:31:10.296,184.7473,40,184.7275,184.767
2024-01-15 09:31:10.915,184.7138,412,184.694,184.7335
2024-01-15 09:31:12.552,184.6891,535,184.6773,184.7009
2024-01-15 09:31:12.691,184.855,329,184.8497,184.8604
2024-01-15 09:31:15.709,184.8917,90,184.8839,184.8994
2024-01-15 09:31:15.854,184.8959,15,184.8787,184.9131
2024-01-15 09:31:16.900,184.8427,874,184.8287,184.8568
2024-01-15 09:31:19.034,184.8861,459,184.8732,184.899
2024-01-15 09:31:19.703,184.9165,202,184.907,184.9259
2024-01-15 09:31:23.673,185.0007,227,184.9876,185.0138
2024-01-15 09:31:23.682,185.0127,215,185.0044,185.021
2024-01-15 09:31:24.308,184.9209,73,184.9073,184.9345
2024-01-15 09:31:26.553,184.9402,26,184.9292,184.9511
2024-01-15 09:31:26.935,184.9934,191,184.9762,185.0105
2024-01-15 09:31:28.681,185.1401,220,185.1244,185.1559
2024-01-15 09:31:29.537,185.1377,308,185.1285,185.147
2024-01-15 09:31:30.523,185.1218,120,185.1086,185.135
2024-01-15 09:31:30.772,185.1115,101,185.0994,185.1235
2024-01-15 09:31:30.967,185.106,89,185.1002,185.1118
2024-01-15 09:31:31.348,185.1676,193,185.156,185.1792
2024-01-15 09:31:33.549,185.0041,201,184.9856,185.0226
2024-01-15 09:31:33.702,185.0669,177,185.0492,185.0846
2024-01-15 09:31:35.251,185.079,204,185.0646,185.0934
2024-01-15 09:31:35.959,185.111,192,185.1039,185.118
2024-01-15 09:31:36.563,185.0894,159,185.0776,185.1012
2024-01-15 09:31:36.922,185.1462,114,185.1348,185.1576
2024-01-15 09:31:40.015,185.1982,144,185.1797,185.2167
2024-01-15 09:31:40.444,185.1471,102,185.1405,185.1536
2024-01-15 09:31:41.094,185.1946,106,185.1819,185.2074
2024-01-15 09:31:41.109,185.2354,70,185.2298,185.2411
2024-01-15 09:31:43.268,185.3238,103,185.3101,185.3375
2024-01-15 09:31:43.928,185.3634,71,185.3569,185.3699
2024-01-15 09:31:44.116,185.2924,146,185.2826,185.3021
2024-01-15 09:31:45.118,185.2346,162,185.2231,185.246
2024-01-15 09:31:46.078,185.2218,112,185.2087,185.2348
2024-01-15 09:31:46.363,185.1222,92,185.1167,185.1277
2024-01-15 09:31:49.111,185.1319,309,185.1238,185.14
2024-01-15 09:31:53.092,185.094,112,185.0768,185.1111
2024-01-15 09:31:53.223,185.1044,268,185.0849,185.1239
2024-01-15 09:31:54.655,185.1304,589,185.1142,185.1467
2024-01-15 09:31:56.167,185.0928,458,185.0735,185.112
2024-01-15 09:31:56.245,185.0164,56,185.0082,185.0246
2024-01-15 09:31:58.765,185.0167,666,185.0058,185.0276
2024-01-15 09:31:59.686,185.0437,64,185.0255,185.0619
2024-01-15 09:31:59.721,185.0735,172,185.0676,185.0794
2024-01-15 09:32:00.601,185.091,419,185.0784,185.1037
2024-01-15 09:32:01.369,185.1431,323,185.1248,185.1615
2024-01-15 09:32:03.319,185.1587,1,185.1501,185.1672
2024-01-15 09:32:05.798,185.2122,105,185.1955,185.229
2024-01-15 09:32:06.224,185.1636,443,185.1496,185.1776
2024-01-15 09:32:06.318,185.159,26,185.1538,185.1643
2024-01-15 09:32:11.587,185.119,159,185.1026,185.1355
2024-01-15 09:32:14.051,185.0517,40,185.0455,185.0579
2024-01-15 09:32:18.190,185.0533,102,185.0383,185.0683
2024-01-15 09:32:21.465,184.9307,266,184.923,184.9384
2024-01-15 09:32:25.594,185.0082,854,184.9993,185.0171
2024-01-15 09:32:28.996,185.0252,134,185.0081,185.0423
2024-01-15 09:32:30.107,184.9856,174,184.9765,184.9947
2024-01-15 09:32:30.541,184.9383,193,184.9194,184.9573
2024-01-15 09:32:31.769,184.8493,26,184.8351,184.8635
2024-01-15 09:32:35.300,184.8801,131,184.8691,184.8911
2024-01-15 09:32:37.675,184.8728,351,184.8565,184.8892
2024-01-15 09:32:40.076,184.9037,53,184.8967,184.9107
2024-01-15 09:32:40.426,184.9503,42,184.9449,184.9557
2024-01-15 09:32:44.420,184.9491,303,184.9427,184.9555
2024-01-15 09:32:46.290,184.8612,738,184.8439,184.8784
2024-01-15 09:32:47.301,184.9834,179,184.9693,184.9976
2024-01-15 09:32:48.122,184.9721,249,184.9607,184.9836
2024-01-15 09:32:51.587,184.9795,1086,184.9674,184.9916
2024-01-15 09:32:53.617,185.0013,163,184.988,185.0146
2024-01-15 09:32:54.474,185.0833,28,185.071,185.0956
2024-01-15 09:32:54.677,185.1371,66,185.1262,185.1481
2024-01-15 09:32:55.442,185.2402,37,185.2206,185.2599
2024-01-15 09:32:55.916,185.3001,214,185.2947,185.3054
2024-01-15 09:32:56.540,185.3406,1236,185.3348,185.3465
2024-01-15 09:32:58.019,185.3922,282,185.3839,185.4005
2024-01-15 09:33:01.169,185.5082,225,185.4957,185.5208
2024-01-15 09:33:02.060,185.5759,312,185.5707,185.5811
2024-01-15 09:33:03.775,185.5625,149,185.5443,185.5808
2024-01-15 09:33:07.451,185.5754,3,185.556,185.5948
2024-01-15 09:33:08.880,185.5179,55,185.4993,185.5365
2024-01-15 09:33:10.392,185.4562,136,185.4421,185.4702
2024-01-15 09:33:12.002,185.6175,61,185.5997,185.6354
2024-01-15 09:33:12.038,185.6929,386,185.6764,185.7095
2024-01-15 09:33:18.733,185.6947,87,185.6804,185.709
2024-01-15 09:33:26.014,185.7226,91,185.7043,185.7408
2024-01-15 09:33:26.850,185.8278,56,185.8127,185.843
2024-01-15 09:33:27.904,185.8221,9,185.8133,185.831
2024-01-15 09:33:35.016,185.7928,680,185.7796,185.8059
2024-01-15 09:33:35.125,185.8408,191,185.8232,185.8584
2024-01-15 09:33:35.216,185.8411,12,185.8318,185.8505
2024-01-15 09:33:36.217,185.7519,260,185.7346,185.7693
2024-01-15 09:33:38.329,185.741,28,185.7244,185.7575
2024-01-15 09:33:40.314,185.8677,89,185.859,185.8764
2024-01-15 09:33:40.529,185.786,46,185.7769,185.7951
2024-01-15 09:33:40.945,185.7776,384,185.761,185.7941
2024-01-15 09:33:41.471,185.742,222,185.7238,185.7602
2024-01-15 09:33:43.544,185.7186,58,185.7057,185.7315
2024-01-15 09:33:44.776,185.7978,84,185.7875,185.8081
2024-01-15 09:33:46.877,185.8733,21,185.8605,185.886
2024-01-15 09:33:46.951,185.8713,217,185.8574,185.8852
2024-01-15 09:34:04.624,185.9637,98,185.9494,185.978
2024-01-15 09:34:05.107,186.0246,41,186.0178,186.0313
2024-01-15 09:34:06.773,186.0672,112,186.055,186.0793
2024-01-15 09:34:06.839,185.9198,22,185.9053,185.9343
2024-01-15 09:34:07.238,185.9884,83,185.9697,186.0071
2024-01-15 09:34:10.188,186.1025,171,186.0904,186.1147
2024-01-15 09:34:14.230,186.113,443,186.1035,186.1225
2024-01-15 09:34:17.218,186.1002,337,186.0879,186.1124
2024-01-15 09:34:18.183,186.1213,56,186.111,186.1315
2024-01-15 09:34:19.506,186.1748,2,186.1581,186.1915
2024-01-15 09:34:20.495,186.1555,111,186.1452,186.1659
2024-01-15 09:34:21.169,186.1928,266,186.1736,186.2119
2024-01-15 09:34:21.550,186.1276,58,186.1138,186.1414
2024-01-15 09:34:24.870,186.1453,151,186.1381,186.1526
2024-01-15 09:34:24.919,186.1334,48,186.1169,186.1498
2024-01-15 09:34:25.719,186.0954,3,186.0875,186.1033
2024-01-15 09:34:26.502,186.0522,125,186.0427,186.0617
2024-01-15 09:34:30.283,186.1187,47,186.1093,186.1281
2024-01-15 09:34:30.827,186.2325,65,186.2147,186.2504
2024-01-15 09:34:35.775,186.2331,692,186.2193,186.2469
2024-01-15 09:34:35.956,186.3287,124,186.3232,186.3343
2024-01-15 09:34:36.473,186.4416,106,186.4357,186.4475
2024-01-15 09:34:42.807,186.3627,129,186.3499,186.3755
2024-01-15 09:34:43.563,186.396,18,186.3821,186.4099
2024-01-15 09:34:43.712,186.5381,194,186.5287,186.5475
2024-01-15 09:34:46.859,186.5447,1,186.5353,186.5541
2024-01-15 09:34:47.564,186.5695,52,186.5584,186.5807
2024-01-15 09:34:47.572,186.6354,136,186.6204,186.6504
2024-01-15 09:34:51.454,186.6571,213,186.643,186.6713
2024-01-15 09:34:52.990,186.6667,250,186.657,186.6764
2024-01-15 09:34:55.882,186.6606,208,186.6468,186.6744
2024-01-15 09:34:56.232,186.5798,238,186.5731,186.5865
2024-01-15 09:34:58.358,186.5066,311,186.4948,186.5184
2024-01-15 09:34:58.802,186.5686,195,186.549,186.5883
2024-01-15 09:34:59.297,186.6014,10,186.5895,186.6133
2024-01-15 09:35:02.137,186.7406,35,186.7251,186.7561
2024-01-15 09:35:03.684,186.7243,115,186.7179,186.7306
2024-01-15 09:35:04.093,186.6949,317,186.6873,186.7025
2024-01-15 09:35:05.063,186.7136,165,186.707,186.7201
2024-01-15 09:35:08.916,186.6321,211,186.6261,186.6381
2024-01-15 09:35:08.939,186.6607,55,186.6437,186.6777
2024-01-15 09:35:09.892,186.5895,172,186.5777,186.6012
2024-01-15 09:35:10.480,186.6394,711,186.6204,186.6584
2024-01-15 09:35:12.120,186.6653,26,186.6466,186.684
2024-01-15 09:35:13.128,186.7132,74,186.7076,186.7188
2024-01-15 09:35:15.225,186.7437,36,186.7341,186.7532
2024-01-15 09:35:15.529,186.7723,202,186.76,186.7846
2024-01-15 09:35:16.747,186.7251,83,186.7143,186.7359
2024-01-15 09:35:17.895,186.7334,102,186.728,186.7388
2024-01-15 09:35:20.176,186.7708,162,186.7646,186.7771
2024-01-15 09:35:21.019,186.7566,4,186.7455,186.7677
2024-01-15 09:35:22.032,186.7464,153,186.732,186.7607
2024-01-15 09:35:22.032,186.6424,359,186.6324,186.6523
2024-01-15 09:35:22.032,186.7663,241,186.7596,186.773
2024-01-15 09:35:22.032,186.8419,46,186.834,186.8498
2024-01-15 09:35:22.032,186.783,315,186.7727,186.7934
2024-01-15 09:35:22.032,186.6948,3,186.6779,186.7118
2024-01-15 09:35:22.032,186.5982,152,186.5843,186.6122
2024-01-15 09:35:22.032,186.5419,374,186.5318,186.552
2024-01-15 09:35:22.032,186.5674,361,186.5504,186.5845
2024-01-15 09:35:22.032,186.6921,606,186.6728,186.7113
2024-01-15 09:35:22.032,186.6575,302,186.6487,186.6663
2024-01-15 09:35:48.417,186.6264,193,186.6102,186.6425
2024-01-15 09:35:48.845,186.6075,340,186.5947,186.6202
2024-01-15 09:35:51.238,186.6761,31,186.6612,186.691
2024-01-15 09:35:56.629,186.6254,93,186.6174,186.6333
2024-01-15 09:36:01.744,186.5835,964,186.5757,186.5914
2024-01-15 09:36:02.552,186.6094,71,186.6028,186.616
2024-01-15 09:36:06.835,186.6221,71,186.6115,186.6328
2024-01-15 09:36:07.149,186.6572,4,186.6403,186.6741
2024-01-15 09:36:07.300,186.5941,303,186.5813,186.6069
2024-01-15 09:36:08.213,186.4677,1,186.4567,186.4787
2024-01-15 09:36:09.068,186.4833,225,186.4729,186.4938
2024-01-15 09:36:09.217,186.5059,51,186.5004,186.5114
2024-01-15 09:36:09.839,186.3984,40,186.39,186.4067
2024-01-15 09:36:09.869,186.3158,65,186.2999,186.3317
2024-01-15 09:36:10.601,186.1813,553,186.1639,186.1987
2024-01-15 09:36:15.341,186.1498,634,186.1358,186.1639
2024-01-15 09:36:19.214,186.3057,96,186.2916,186.3197
2024-01-15 09:36:19.941,186.3912,48,186.3745,186.4078
2024-01-15 09:36:20.645,186.3254,6,186.3113,186.3395
2024-01-15 09:36:23.535,186.3263,17,186.3103,186.3424
2024-01-15 09:36:23.633,186.4296,146,186.417,186.4421
2024-01-15 09:36:23.956,186.4198,1,186.4133,186.4264
2024-01-15 09:36:29.190,186.3555,103,186.3392,186.3717
2024-01-15 09:36:32.194,186.2969,269,186.2892,186.3046
2024-01-15 09:36:34.486,186.3732,89,186.3633,186.383
2024-01-15 09:36:36.252,186.1639,357,186.146,186.1817
2024-01-15 09:36:38.501,186.1427,20,186.135,186.1505
2024-01-15 09:36:38.771,186.1468,474,186.1356,186.158
2024-01-15 09:36:41.626,186.1597,56,186.1518,186.1675
2024-01-15 09:36:42.335,186.1204,151,186.1078,186.133
2024-01-15 09:36:42.633,186.1756,56,186.168,186.1832
2024-01-15 09:36:46.575,186.2184,3,186.2002,186.2366
2024-01-15 09:36:47.015,186.253,60,186.2385,186.2675
2024-01-15 09:36:48.586,186.2926,717,186.2786,186.3065
2024-01-15 09:36:48.716,186.3283,80,186.3126,186.344
2024-01-15 09:36:51.634,186.3223,165,186.3105,186.334
2024-01-15 09:36:54.672,186.3818,51,186.3631,186.4005
2024-01-15 09:37:00.358,186.4471,131,186.4294,186.4649
2024-01-15 09:37:00.670,186.441,274,186.4216,186.4604
2024-01-15 09:37:01.381,186.5111,93,186.4926,186.5296
2024-01-15 09:37:03.192,186.5301,28,186.5106,186.5495
2024-01-15 09:37:06.856,186.5958,109,186.5758,186.6158
2024-01-15 09:37:07.051,186.6234,513,186.6062,186.6406
2024-01-15 09:37:08.795,186.6432,56,186.6275,186.6589
2024-01-15 09:37:10.159,186.7348,586,186.7264,186.7432
2024-01-15 09:37:10.453,186.7665,80,186.7472,186.7859
2024-01-15 09:37:10.479,186.7208,207,186.7151,186.7266
2024-01-15 09:37:11.853,186.6175,10,186.5987,186.6362
2024-01-15 09:37:12.266,186.6679,35,186.655,186.6808
2024-01-15 09:37:12.812,186.6838,388,186.6716,186.696
2024-01-15 09:37:13.315,186.626,229,186.611,186.6411
2024-01-15 09:37:15.128,186.5761,3,186.5667,186.5855
2024-01-15 09:37:15.584,186.6203,19,186.6033,186.6373
2024-01-15 09:37:16.598,186.6865,12,186.6684,186.7046
2024-01-15 09:37:17.435,186.785,122,186.7767,186.7933
2024-01-15 09:37:21.595,186.6738,172,186.6546,186.693
2024-01-15 09:37:21.775,186.7796,184,186.7667,186.7926
2024-01-15 09:37:23.530,186.8148,92,186.7995,186.8302
2024-01-15 09:37:24.442,186.7707,133,186.763,186.7783
2024-01-15 09:37:25.668,186.7551,82,186.7401,186.7702
2024-01-15 09:37:28.285,186.6773,240,186.6702,186.6844
2024-01-15 09:37:29.217,186.7387,142,186.7323,186.7451
2024-01-15 09:37:32.541,186.7599,66,186.7439,186.7759
2024-01-15 09:37:34.215,186.7822,151,186.7643,186.8001
2024-01-15 09:37:34.946,186.7605,258,186.7485,186.7725
2024-01-15 09:37:39.313,186.7948,711,186.7837,186.806
2024-01-15 09:37:41.179,186.9046,101,186.8995,186.9097
2024-01-15 09:37:41.432,186.8909,179,186.8737,186.9082
2024-01-15 09:37:41.986,186.8979,231,186.8926,186.9032
2024-01-15 09:37:42.373,186.914,234,186.9053,186.9226
2024-01-15 09:37:42.864,186.8751,139,186.8599,186.8903
2024-01-15 09:37:44.525,186.7085,285,186.6897,186.7272
2024-01-15 09:37:45.259,186.8356,146,186.8282,186.8429
2024-01-15 09:37:47.224,186.7899,789,186.7706,186.8092
2024-01-15 09:37:47.498,186.7298,160,186.7102,186.7493
2024-01-15 09:37:50.414,186.7836,68,186.778,186.7892
2024-01-15 09:37:50.552,186.7042,456,186.687,186.7215
2024-01-15 09:37:51.436,186.773,246,186.7593,186.7867
2024-01-15 09:37:51.800,186.7578,14,186.7466,186.769
2024-01-15 09:37:51.855,186.7137,280,186.6992,186.7282
2024-01-15 09:37:52.375,186.7172,11,186.6981,186.7364
2024-01-15 09:37:52.402,186.6759,16,186.6567,186.6951
2024-01-15 09:37:52.727,186.6157,212,186.5987,186.6327
2024-01-15 09:37:53.478,186.5954,309,186.5861,186.6047
2024-01-15 09:37:54.166,186.5676,500,186.5606,186.5747
2024-01-15 09:37:56.477,186.5822,497,186.5693,186.5951
2024-01-15 09:37:57.194,186.7142,131,186.6998,186.7286
2024-01-15 09:37:58.134,186.7325,192,186.7144,186.7505
2024-01-15 09:37:59.577,186.6486,480,186.6367,186.6605
2024-01-15 09:38:00.598,186.7519,666,186.7404,186.7634
2024-01-15 09:38:00.893,186.7194,276,186.7081,186.7307
2024-01-15 09:38:02.292,186.7117,31,186.7051,186.7182
2024-01-15 09:38:02.371,186.7263,709,186.7152,186.7375
2024-01-15 09:38:02.713,186.7469,133,186.739,186.7548
2024-01-15 09:38:03.052,186.6428,230,186.6258,186.6598
2024-01-15 09:38:05.504,186.5119,476,186.4948,186.5289
2024-01-15 09:38:05.765,186.4764,450,186.4597,186.4931
2024-01-15 09:38:08.824,186.508,868,186.4992,186.5169
2024-01-15 09:38:08.965,186.4885,136,186.4776,186.4994
2024-01-15 09:38:09.257,186.4963,65,186.4903,186.5024
2024-01-15 09:38:10.566,186.4752,313,186.4624,186.4879
2024-01-15 09:38:11.020,186.4222,614,186.41,186.4343
2024-01-15 09:38:11.733,186.4585,887,186.4426,186.4744
2024-01-15 09:38:12.246,186.5311,102,186.5147,186.5475
2024-01-15 09:38:13.907,186.5321,90,186.5195,186.5447
2024-01-15 09:38:13.913,186.3815,5,186.368,186.3949
2024-01-15 09:38:14.419,186.3565,50,186.3402,186.3729
2024-01-15 09:38:14.904,186.4068,407,186.3924,186.4211
2024-01-15 09:38:15.620,186.403,106,186.3979,186.408
2024-01-15 09:38:15.891,186.4517,1,186.4321,186.4713
2024-01-15 09:38:17.059,186.563,84,186.5449,186.5811
2024-01-15 09:38:19.996,186.5503,145,186.5398,186.5607
2024-01-15 09:38:21.076,186.5415,121,186.5286,186.5544
2024-01-15 09:38:21.216,186.5377,231,186.5257,186.5497
2024-01-15 09:38:21.832,186.5726,211,186.5605,186.5848
2024-01-15 09:38:24.655,186.4959,183,186.4841,186.5077
2024-01-15 09:38:25.070,186.5308,38,186.5239,186.5378
2024-01-15 09:38:26.858,186.5001,79,186.4911,186.5091
2024-01-15 09:38:27.135,186.4412,238,186.4309,186.4515
2024-01-15 09:38:29.449,186.4398,263,186.4245,186.4552
2024-01-15 09:38:30.876,186.4877,9,186.4737,186.5017
2024-01-15 09:38:30.977,186.5033,263,186.4935,186.5132
2024-01-15 09:38:31.762,186.3918,267,186.3838,186.3998
2024-01-15 09:38:31.967,186.4147,2,186.3981,186.4312
2024-01-15 09:38:32.102,186.3566,568,186.3451,186.3682
2024-01-15 09:38:34.231,186.3866,128,186.3752,186.398
2024-01-15 09:38:34.647,186.2616,218,186.2463,186.2768
2024-01-15 09:38:34.803,186.2742,7,186.2675,186.2809
2024-01-15 09:38:36.779,186.2614,684,186.2539,186.2689
2024-01-15 09:38:37.405,186.3099,70,186.29,186.3298
2024-01-15 09:38:38.281,186.3482,16,186.3315,186.3649
2024-01-15 09:38:39.808,186.4062,13,186.3915,186.421
2024-01-15 09:38:41.905,186.3915,124,186.3748,186.4082
2024-01-15 09:38:42.718,186.3765,545,186.3646,186.3883
2024-01-15 09:38:48.509,186.3977,98,186.3794,186.4159
2024-01-15 09:38:49.670,186.4812,242,186.4717,186.4907
2024-01-15 09:38:49.874,186.5606,194,186.545,186.5763
2024-01-15 09:38:51.333,186.6005,363,186.5814,186.6196
2024-01-15 09:38:54.015,186.5828,1,186.5628,186.6027
2024-01-15 09:38:54.560,186.4935,127,186.4794,186.5075
2024-01-15 09:38:54.976,186.4427,128,186.4233,186.462
2024-01-15 09:38:56.545,186.2983,110,186.2827,186.3139
2024-01-15 09:38:57.383,186.3558,5,186.346,186.3656
2024-01-15 09:39:00.553,186.3613,246,186.3554,186.3672
2024-01-15 09:39:00.762,186.4304,43,186.4201,186.4407
2024-01-15 09:39:01.018,186.533,479,186.521,186.545
2024-01-15 09:39:01.218,186.5776,338,186.5633,186.5918
2024-01-15 09:39:01.287,186.5081,15,186.5006,186.5156
2024-01-15 09:39:02.117,186.4519,196,186.4334,186.4704
2024-01-15 09:39:02.466,186.3666,324,186.3606,186.3726
2024-01-15 09:39:03.300,186.4245,362,186.4152,186.4337
2024-01-15 09:39:03.631,186.3409,17,186.329,186.3528
2024-01-15 09:39:03.955,186.4132,100,186.406,186.4203
2024-01-15 09:39:05.131,186.459,116,186.4493,186.4686
2024-01-15 09:39:05.449,186.4009,203,186.3919,186.41
2024-01-15 09:39:05.876,186.3655,132,186.3571,186.374
2024-01-15 09:39:06.383,186.4409,134,186.4355,186.4463
2024-01-15 09:39:07.284,186.4582,108,186.449,186.4673
2024-01-15 09:39:07.797,186.4594,33,186.4451,186.4737
2024-01-15 09:39:08.485,186.4687,38,186.4512,186.4862
2024-01-15 09:39:08.762,186.4898,74,186.4792,186.5004
2024-01-15 09:39:09.781,186.5031,123,186.488,186.5182
2024-01-15 09:39:11.680,186.5116,226,186.5021,186.5211
2024-01-15 09:39:13.212,186.5271,335,186.5132,186.5409
2024-01-15 09:39:13.602,186.4567,433,186.4392,186.4741
2024-01-15 09:39:18.841,186.4818,146,186.4707,186.4929
2024-01-15 09:39:24.669,186.5474,3,186.5394,186.5554
2024-01-15 09:39:26.117,186.5661,19,186.5472,186.585
2024-01-15 09:39:26.948,186.5075,305,186.4954,186.5197
2024-01-15 09:39:28.668,186.5164,162,186.4977,186.5351
2024-01-15 09:39:28.689,186.356,237,186.35,186.3619
2024-01-15 09:39:29.209,186.3558,666,186.3504,186.3613
2024-01-15 09:39:33.506,186.3647,88,186.3476,186.3819
2024-01-15 09:39:36.248,186.3541,103,186.3404,186.3679
2024-01-15 09:39:37.071,186.3501,228,186.3435,186.3567
2024-01-15 09:39:37.245,186.3747,688,186.363,186.3864
2024-01-15 09:39:38.981,186.3193,73,186.3134,186.3251
2024-01-15 09:39:39.821,186.2962,62,186.284,186.3084
2024-01-15 09:39:40.418,186.2536,329,186.2415,186.2657
2024-01-15 09:39:40.653,186.2675,341,186.2602,186.2747
2024-01-15 09:39:43.180,186.1485,862,186.1419,186.1551
2024-01-15 09:39:45.538,186.2385,6,186.2279,186.2491
2024-01-15 09:39:47.297,186.3288,387,186.3207,186.3369
2024-01-15 09:39:48.679,186.383,2,186.3742,186.3918
2024-01-15 09:39:52.409,186.36,206,186.3514,186.3687
2024-01-15 09:39:53.378,186.3819,477,186.3765,186.3873
2024-01-15 09:40:00.486,186.3287,146,186.3088,186.3487
2024-01-15 09:40:02.206,186.3727,53,186.3661,186.3794
2024-01-15 09:40:02.594,186.2427,548,186.2363,186.2491
2024-01-15 09:40:04.897,186.2398,111,186.2232,186.2565
2024-01-15 09:40:05.132,186.1571,706,186.1519,186.1623
2024-01-15 09:40:06.492,186.0519,39,186.0348,186.069
2024-01-15 09:40:09.058,185.914,135,185.9025,185.9254
2024-01-15 09:40:17.997,185.9452,252,185.926,185.9644
2024-01-15 09:40:19.190,185.8679,173,185.8524,185.8834
2024-01-15 09:40:20.307,185.7935,415,185.7825,185.8046
2024-01-15 09:40:20.442,185.8532,102,185.8436,185.8629
2024-01-15 09:40:21.277,185.8958,8,185.8879,185.9038
2024-01-15 09:40:22.077,185.8842,184,185.8734,185.8951
2024-01-15 09:40:22.843,185.934,952,185.916,185.9521
2024-01-15 09:40:24.958,185.939,22,185.9311,185.947
2024-01-15 09:40:26.065,185.8158,623,185.8053,185.8263
2024-01-15 09:40:27.271,185.6817,70,185.6693,185.6941
2024-01-15 09:40:31.040,185.6744,280,185.6631,185.6857
2024-01-15 09:40:32.339,185.6717,80,185.6665,185.6769
2024-01-15 09:40:32.932,185.6412,296,185.6224,185.66
2024-01-15 09:40:34.941,185.5524,34,185.5361,185.5687
2024-01-15 09:40:35.642,185.536,16,185.5185,185.5535
2024-01-15 09:40:40.385,185.5654,115,185.5538,185.5769
2024-01-15 09:40:42.301,185.6244,1126,185.6071,185.6417
2024-01-15 09:40:42.440,185.615,164,185.6093,185.6207
2024-01-15 09:40:43.461,185.5957,113,185.5859,185.6056
2024-01-15 09:40:45.529,185.511,251,185.5009,185.5211
2024-01-15 09:40:45.713,185.5485,12,185.5287,185.5683
2024-01-15 09:40:48.158,185.5855,367,185.5717,185.5993
2024-01-15 09:40:50.164,185.6248,155,185.6098,185.6398
2024-01-15 09:40:51.985,185.6064,24,185.6,185.6129
2024-01-15 09:40:53.418,185.6105,432,185.5926,185.6283
2024-01-15 09:40:55.039,185.6014,63,185.5834,185.6193
2024-01-15 09:40:58.301,185.5627,66,185.55,185.5755
2024-01-15 09:40:58.585,185.596,451,185.5761,185.616
2024-01-15 09:40:59.234,185.5471,22,185.5369,185.5573
2024-01-15 09:40:59.685,185.556,17,185.5502,185.5619
2024-01-15 09:41:02.219,185.5545,303,185.547,185.5621
2024-01-15 09:41:04.806,185.6533,301,185.6342,185.6724
2024-01-15 09:41:06.579,185.6821,237,185.6649,185.6994
2024-01-15 09:41:08.850,185.5907,90,185.5765,185.6048
2024-01-15 09:41:11.478,185.5978,6,185.588,185.6076
2024-01-15 09:41:11.917,185.5636,73,185.5486,185.5785
2024-01-15 09:41:11.993,185.5097,673,185.4906,185.5289
2024-01-15 09:41:12.514,185.6288,97,185.614,185.6435
2024-01-15 09:41:13.569,185.5517,260,185.541,185.5624
2024-01-15 09:41:17.393,185.4349,63,185.4168,185.453
2024-01-15 09:41:17.484,185.3472,163,185.3338,185.3606
2024-01-15 09:41:18.595,185.3059,335,185.2932,185.3186
2024-01-15 09:41:22.202,185.2959,29,185.2893,185.3024
2024-01-15 09:41:25.540,185.2783,69,185.2675,185.2891
2024-01-15 09:41:26.215,185.2253,769,185.22,185.2307
2024-01-15 09:41:26.482,185.3033,90,185.2882,185.3184
2024-01-15 09:41:26.883,185.3002,44,185.2857,185.3147
2024-01-15 09:41:30.222,185.3875,204,185.3746,185.4005
2024-01-15 09:41:31.986,185.3182,57,185.3117,185.3248
2024-01-15 09:41:32.164,185.3172,508,185.3034,185.3309
2024-01-15 09:41:32.606,185.3695,253,185.3633,185.3758
2024-01-15 09:41:33.212,185.3288,40,185.3187,185.3389
2024-01-15 09:41:33.331,185.3719,105,185.3606,185.3832
2024-01-15 09:41:33.442,185.2757,159,185.258,185.2934
2024-01-15 09:41:33.737,185.2235,68,185.2072,185.2398
2024-01-15 09:41:40.689,185.3181,559,185.3038,185.3324
2024-01-15 09:41:41.969,185.3753,229,185.3658,185.3848
2024-01-15 09:41:42.396,185.4129,30,185.3987,185.427
2024-01-15 09:41:50.280,185.548,240,185.5347,185.5612
2024-01-15 09:41:50.701,185.5966,19,185.5892,185.604
2024-01-15 09:41:50.735,185.5295,297,185.5099,185.5491
2024-01-15 09:41:52.281,185.5141,428,185.495,185.5331
2024-01-15 09:41:55.334,185.4839,302,185.4642,185.5036
2024-01-15 09:41:58.970,185.4792,49,185.4596,185.4988
2024-01-15 09:42:02.852,185.4494,508,185.434,185.4649
2024-01-15 09:42:03.549,185.5362,29,185.5221,185.5504
2024-01-15 09:42:07.772,185.5989,134,185.5803,185.6175
2024-01-15 09:42:10.601,185.6175,139,185.6116,185.6233
2024-01-15 09:42:11.495,185.5366,483,185.5231,185.5501
2024-01-15 09:42:12.443,185.4888,320,185.4834,185.4942
2024-01-15 09:42:13.231,185.3436,346,185.3331,185.354
2024-01-15 09:42:13.861,185.3745,415,185.3549,185.394
2024-01-15 09:42:16.188,185.4018,13,185.3923,185.4114
2024-01-15 09:42:16.546,185.4024,636,185.391,185.4138
2024-01-15 09:42:19.168,185.4019,5,185.3826,185.4213
2024-01-15 09:42:20.038,185.4504,218,185.4343,185.4664
2024-01-15 09:42:21.519,185.5232,171,185.5096,185.5367
2024-01-15 09:42:21.647,185.5569,40,185.5491,185.5646
2024-01-15 09:42:22.384,185.5675,80,185.5585,185.5766
2024-01-15 09:42:24.332,185.5375,75,185.5273,185.5476
2024-01-15 09:42:25.661,185.6129,18,185.6049,185.6209
2024-01-15 09:42:28.634,185.5732,410,185.5671,185.5793
2024-01-15 09:42:29.064,185.6136,204,185.5953,185.632
2024-01-15 09:42:29.312,185.4821,10,185.4679,185.4963
2024-01-15 09:42:29.943,185.4732,577,185.4539,185.4925
2024-01-15 09:42:32.730,185.4142,191,185.4069,185.4214
2024-01-15 09:42:33.410,185.4689,36,185.4577,185.4802
2024-01-15 09:42:33.632,185.546,390,185.5326,185.5594
2024-01-15 09:42:34.728,185.4865,534,185.4695,185.5036
2024-01-15 09:42:35.003,185.4447,224,185.4364,185.4531
2024-01-15 09:42:35.824,185.5038,218,185.4879,185.5198
2024-01-15 09:42:36.060,185.39,24,185.3804,185.3996
2024-01-15 09:42:36.572,185.354,605,185.3382,185.3699
2024-01-15 09:42:38.012,185.3333,102,185.3138,185.3528
2024-01-15 09:42:38.480,185.3834,132,185.3656,185.4011
2024-01-15 09:42:38.633,185.4318,553,185.4228,185.4407
2024-01-15 09:42:38.901,185.345,147,185.337,185.353
2024-01-15 09:42:40.141,185.4011,378,185.3934,185.4088
2024-01-15 09:42:40.853,185.4701,279,185.4505,185.4898
2024-01-15 09:42:44.463,185.4454,139,185.4255,185.4653
2024-01-15 09:42:45.282,185.3572,110,185.35,185.3643
2024-01-15 09:42:45.828,185.2562,190,185.2504,185.2621
2024-01-15 09:42:47.062,185.1558,12,185.1492,185.1624
2024-01-15 09:42:48.347,185.223,136,185.2131,185.2328
2024-01-15 09:42:50.237,185.3752,15,185.3569,185.3935
2024-01-15 09:42:51.368,185.299,98,185.2848,185.3133
2024-01-15 09:42:52.113,185.3076,47,185.2984,185.3168
2024-01-15 09:42:52.560,185.269,2,185.2623,185.2757
2024-01-15 09:42:53.189,185.3028,209,185.2886,185.317
2024-01-15 09:42:53.220,185.3198,28,185.3025,185.3372
2024-01-15 09:42:54.450,185.2293,756,185.2099,185.2488
2024-01-15 09:42:55.934,185.219,172,185.1991,185.2389
2024-01-15 09:42:56.209,185.1923,43,185.1764,185.2082
2024-01-15 09:42:56.447,185.3321,542,185.3153,185.3489
2024-01-15 09:42:56.451,185.2999,67,185.2854,185.3143
2024-01-15 09:42:57.409,185.3184,286,185.3021,185.3347
2024-01-15 09:42:57.519,185.2985,8,185.2788,185.3182
2024-01-15 09:42:57.688,185.3832,126,185.3745,185.392
2024-01-15 09:42:58.019,185.3314,38,185.3151,185.3476
2024-01-15 09:42:59.336,185.3056,152,185.2872,185.3241
2024-01-15 09:42:59.913,185.3358,356,185.3239,185.3476
2024-01-15 09:43:00.184,185.368,38,185.3499,185.3862
2024-01-15 09:43:00.318,185.3636,50,185.3466,185.3806
2024-01-15 09:43:00.649,185.4389,66,185.4221,185.4558
2024-01-15 09:43:02.999,185.394,74,185.3753,185.4127
2024-01-15 09:43:03.780,185.409,232,185.394,185.4241
2024-01-15 09:43:07.336,185.4006,81,185.3893,185.4118
2024-01-15 09:43:07.716,185.3913,46,185.3727,185.41
2024-01-15 09:43:10.444,185.3653,25,185.3538,185.3769
2024-01-15 09:43:12.122,185.3398,842,185.3325,185.3471
2024-01-15 09:43:16.213,185.3667,102,185.3535,185.3798
2024-01-15 09:43:17.875,185.3386,514,185.331,185.3461
2024-01-15 09:43:19.961,185.3117,274,185.2972,185.3263
2024-01-15 09:43:22.622,185.3596,758,185.3444,185.3748
2024-01-15 09:43:23.250,185.4439,4,185.4347,185.453
2024-01-15 09:43:24.685,185.4582,363,185.445,185.4714
2024-01-15 09:43:25.015,185.4276,472,185.4182,185.437
2024-01-15 09:43:27.519,185.3358,616,185.3188,185.3528
2024-01-15 09:43:27.917,185.3836,390,185.3672,185.3999
2024-01-15 09:43:28.456,185.3049,428,185.2856,185.3243
2024-01-15 09:43:29.777,185.2864,196,185.2667,185.3061
2024-01-15 09:43:29.816,185.3392,42,185.3309,185.3475
2024-01-15 09:43:30.385,185.4448,88,185.4389,185.4508
2024-01-15 09:43:33.765,185.3741,116,185.3685,185.3797
2024-01-15 09:43:34.896,185.3587,79,185.3424,185.375
2024-01-15 09:43:36.740,185.2659,15,185.2532,185.2786
2024-01-15 09:43:38.476,185.2762,122,185.2696,185.2828
2024-01-15 09:43:38.833,185.29,143,185.2848,185.2952
2024-01-15 09:43:42.637,185.421,83,185.4014,185.4406
2024-01-15 09:43:43.602,185.4222,82,185.4077,185.4367
2024-01-15 09:43:45.382,185.3883,3,185.382,185.3947
2024-01-15 09:43:47.738,185.3622,62,185.3424,185.3821
2024-01-15 09:43:48.284,185.3543,671,185.3465,185.3621
2024-01-15 09:43:49.997,185.5165,124,185.503,185.53
2024-01-15 09:43:50.279,185.5276,1079,185.5079,185.5472
2024-01-15 09:43:51.064,185.6312,213,185.6143,185.6481
2024-01-15 09:43:57.318,185.5489,27,185.5312,185.5666
2024-01-15 09:43:58.217,185.5312,26,185.5179,185.5446
2024-01-15 09:43:58.558,185.6035,114,185.5933,185.6137
2024-01-15 09:43:59.557,185.6561,159,185.6464,185.6658
2024-01-15 09:44:01.830,185.6998,63,185.6831,185.7165
2024-01-15 09:44:04.743,185.7218,183,185.7077,185.7359
2024-01-15 09:44:06.285,185.7203,70,185.7036,185.737
2024-01-15 09:44:08.112,185.7984,364,185.7787,185.8181
2024-01-15 09:44:09.712,185.8242,7,185.8128,185.8356
2024-01-15 09:44:12.765,185.7106,275,185.695,185.7262
2024-01-15 09:44:13.098,185.7906,291,185.7778,185.8034
2024-01-15 09:44:13.579,185.7776,211,185.7619,185.7933
2024-01-15 09:44:13.699,185.8652,36,185.8559,185.8746
2024-01-15 09:44:14.561,185.8226,604,185.8036,185.8415
2024-01-15 09:44:15.622,185.7685,104,185.7554,185.7815
2024-01-15 09:44:18.255,185.7935,636,185.7864,185.8006
2024-01-15 09:44:23.145,185.8361,384,185.8305,185.8417
2024-01-15 09:44:24.500,185.8906,44,185.878,185.9032
2024-01-15 09:44:25.566,185.8872,148,185.8698,185.9045
2024-01-15 09:44:25.969,185.8621,440,185.8448,185.8793
2024-01-15 09:44:28.564,185.7829,327,185.7701,185.7957
2024-01-15 09:44:28.775,185.8038,264,185.7975,185.8101
2024-01-15 09:44:29.321,185.7723,101,185.7662,185.7784
2024-01-15 09:44:29.522,185.8062,12,185.7987,185.8138
2024-01-15 09:44:30.392,185.7435,637,185.7246,185.7624
2024-01-15 09:44:31.472,185.7135,22,185.6988,185.7282
2024-01-15 09:44:33.740,185.7005,370,185.6844,185.7166
2024-01-15 09:44:34.051,185.7234,45,185.7158,185.731
2024-01-15 09:44:35.081,185.7365,97,185.7184,185.7547
2024-01-15 09:44:37.108,185.752,30,185.7456,185.7584
2024-01-15 09:44:37.497,185.7824,61,185.7735,185.7914
2024-01-15 09:44:38.611,180.1868,9,185.7515,185.7677
2024-01-15 09:44:38.951,185.731,19,185.7154,185.7466
2024-01-15 09:44:40.612,185.7641,85,185.7516,185.7766
2024-01-15 09:44:41.276,185.6707,53,185.6559,185.6855
2024-01-15 09:44:43.481,185.635,153,185.6172,185.6527
2024-01-15 09:44:43.740,185.6566,316,185.6373,185.676
2024-01-15 09:44:43.772,185.6705,8,185.6525,185.6885
2024-01-15 09:44:43.785,185.7381,730,185.7297,185.7464
2024-01-15 09:44:48.182,185.7344,386,185.716,185.7527
2024-01-15 09:44:50.486,185.6902,228,185.6743,185.7061
2024-01-15 09:44:50.576,185.6564,45,185.6443,185.6684
2024-01-15 09:44:51.781,185.6683,816,185.6512,185.6855
2024-01-15 09:44:55.641,185.543,2224,185.5366,185.5494
2024-01-15 09:44:56.364,185.4821,445,185.4704,185.4939
2024-01-15 09:44:56.901,185.5483,295,185.5424,185.5542
2024-01-15 09:44:57.316,185.6284,87,185.61,185.6467
2024-01-15 09:44:57.686,185.5785,66,185.5674,185.5896
2024-01-15 09:44:57.906,185.6972,204,185.6908,185.7036
2024-01-15 09:44:58.714,185.7882,540,185.7764,185.8
2024-01-15 09:45:01.281,185.8141,106,185.7947,185.8335
2024-01-15 09:45:02.240,185.8461,351,185.8273,185.865
2024-01-15 09:45:03.696,185.6831,340,185.6661,185.7001
2024-01-15 09:45:07.857,185.6574,172,185.6433,185.6715
2024-01-15 09:45:08.290,185.6867,263,185.6765,185.6968
2024-01-15 09:45:12.193,185.7628,567,185.7551,185.7705
2024-01-15 09:45:12.966,185.7565,484,185.7392,185.7738
2024-01-15 09:45:14.740,185.8048,258,185.7934,185.8162
2024-01-15 09:45:17.860,185.5942,87,185.5784,185.6099
2024-01-15 09:45:18.536,185.5938,5,185.5855,185.6021
2024-01-15 09:45:22.558,185.487,164,185.4715,185.5024
2024-01-15 09:45:23.568,185.4801,93,185.4673,185.493
2024-01-15 09:45:28.415,185.5417,319,185.5269,185.5565
2024-01-15 09:45:28.817,185.551,119,185.5438,185.5581
2024-01-15 09:45:31.121,185.5448,46,185.5397,185.5499
2024-01-15 09:45:32.332,185.5036,97,185.4936,185.5136
2024-01-15 09:45:33.276,185.5117,296,185.4991,185.5242
2024-01-15 09:45:34.678,185.4702,66,185.4522,185.4883
2024-01-15 09:45:36.467,185.5224,45,185.5075,185.5373
2024-01-15 09:45:39.245,185.4397,279,185.4204,185.459
2024-01-15 09:45:39.613,185.4732,160,185.4537,185.4927
2024-01-15 09:45:43.008,185.4312,13,185.4241,185.4383
2024-01-15 09:45:44.419,185.5004,374,185.4911,185.5097
2024-01-15 09:45:47.309,185.5686,19,185.5551,185.5821
2024-01-15 09:45:47.508,185.5903,215,185.5785,185.602
2024-01-15 09:45:48.488,185.6531,118,185.6473,185.6588
2024-01-15 09:45:48.619,185.66,4,185.6546,185.6653
2024-01-15 09:45:50.105,185.6268,2,185.6069,185.6468
2024-01-15 09:45:50.212,185.6305,1046,185.6106,185.6504
2024-01-15 09:45:51.991,185.6397,177,185.6274,185.6521
2024-01-15 09:45:52.342,185.6916,20,185.6772,185.706
2024-01-15 09:45:56.422,185.7269,899,185.7099,185.744
2024-01-15 09:45:57.350,185.7463,2,185.7353,185.7572
2024-01-15 09:45:57.532,185.6528,23,185.6405,185.665
2024-01-15 09:45:58.808,185.6605,17,185.6537,185.6672
2024-01-15 09:46:01.488,185.6548,118,185.635,185.6747
2024-01-15 09:46:04.907,185.6519,201,185.6422,185.6617
2024-01-15 09:46:06.612,185.787,535,185.7764,185.7977
2024-01-15 09:46:07.352,185.8632,401,185.8456,185.8808
2024-01-15 09:46:10.450,185.7902,127,185.7845,185.7958
2024-01-15 09:46:15.117,185.8107,61,185.7935,185.8279
2024-01-15 09:46:16.867,185.8465,714,185.8322,185.8607
2024-01-15 09:46:17.223,185.773,180,185.7541,185.792
2024-01-15 09:46:17.537,185.7437,9,185.7251,185.7624
2024-01-15 09:46:20.692,185.7485,899,185.7393,185.7577
2024-01-15 09:46:21.985,185.8367,97,185.8261,185.8472
2024-01-15 09:46:22.453,185.8464,104,185.8372,185.8557
2024-01-15 09:46:22.913,185.8338,63,185.8185,185.849
2024-01-15 09:46:23.553,185.9476,23,185.9426,185.9527
2024-01-15 09:46:23.644,185.9352,346,185.9229,185.9476
2024-01-15 09:46:27.817,185.9375,703,185.9192,185.9558
2024-01-15 09:46:28.144,185.9423,259,185.9273,185.9573
2024-01-15 09:46:30.308,185.9327,585,185.9158,185.9495
2024-01-15 09:46:31.416,185.8653,59,185.8507,185.8798
2024-01-15 09:46:36.314,185.86,67,185.8437,185.8762
2024-01-15 09:46:38.562,185.9232,54,185.9082,185.9381
2024-01-15 09:46:38.721,186.0229,2,186.0171,186.0287
2024-01-15 09:46:38.776,186.0101,628,186.0014,186.0188
2024-01-15 09:46:43.314,185.9843,137,185.9663,186.0022
2024-01-15 09:46:45.457,186.0004,60,185.994,186.0068
2024-01-15 09:46:46.257,186.0393,163,186.0228,186.0559
2024-01-15 09:46:49.442,186.0215,1066,186.0056,186.0375
2024-01-15 09:46:54.775,185.9996,211,185.9882,186.0109
2024-01-15 09:46:55.810,185.983,20,185.9656,186.0004
2024-01-15 09:46:55.845,185.9532,453,185.9377,185.9688
2024-01-15 09:46:56.184,185.9973,536,185.9901,186.0045
2024-01-15 09:46:56.546,185.9967,53,185.9865,186.0069
2024-01-15 09:46:58.660,186.0375,218,186.0309,186.0441
2024-01-15 09:47:00.146,185.9494,508,185.9376,185.9612
2024-01-15 09:47:00.846,186.0032,46,185.9903,186.0162
2024-01-15 09:47:01.244,185.9442,206,185.9261,185.9623
2024-01-15 09:47:03.628,185.9628,226,185.9531,185.9725
2024-01-15 09:47:04.193,186.1512,35,186.1339,186.1684
2024-01-15 09:47:07.855,186.0819,75,186.069,186.0949
2024-01-15 09:47:07.912,186.0517,46,186.0375,186.0659
2024-01-15 09:47:11.114,186.1071,1436,186.0889,186.1252
2024-01-15 09:47:13.367,186.148,388,186.1428,186.1531
2024-01-15 09:47:16.732,186.0573,23,186.041,186.0735
2024-01-15 09:47:17.577,186.0319,9,186.0206,186.0432
2024-01-15 09:47:17.747,185.9785,20,185.9594,185.9975
2024-01-15 09:47:19.264,185.9652,195,185.9569,185.9736
2024-01-15 09:47:21.474,185.8958,223,185.8814,185.9102
2024-01-15 09:47:22.707,185.8827,265,185.8687,185.8967
2024-01-15 09:47:26.852,185.8606,379,185.8509,185.8704
2024-01-15 09:47:27.146,185.9338,268,185.9242,185.9434
2024-01-15 09:47:27.648,185.9902,351,185.9759,186.0045
2024-01-15 09:47:27.726,186.0373,414,186.0273,186.0473
2024-01-15 09:47:38.439,186.0414,9,186.0218,186.061
2024-01-15 09:47:40.857,186.0208,1013,186.0087,186.0329
2024-01-15 09:47:41.725,186.0739,88,186.062,186.0859
2024-01-15 09:47:44.603,186.0221,43,186.0038,186.0404
2024-01-15 09:47:45.925,186.075,205,186.0553,186.0947
2024-01-15 09:47:46.552,186.0067,875,186.0001,186.0133
2024-01-15 09:47:52.019,185.987,23,185.9801,185.9939
2024-01-15 09:47:53.528,185.9157,405,185.9024,185.9289
2024-01-15 09:47:55.870,186.1764,132,186.1711,186.1816
2024-01-15 09:48:01.066,186.0064,10,186.0007,186.0122
2024-01-15 09:48:02.769,185.8382,33,185.8262,185.8502
2024-01-15 09:48:05.956,185.8685,86,185.8495,185.8875
2024-01-15 09:48:06.381,185.8531,415,185.8427,185.8636
2024-01-15 09:48:09.172,185.8552,142,185.8494,185.8611
2024-01-15 09:48:12.606,185.8697,44,185.8563,185.883
2024-01-15 09:48:15.573,185.8226,6,185.8065,185.8386
2024-01-15 09:48:15.742,185.7706,1,185.7524,185.7888
2024-01-15 09:48:19.447,185.685,219,185.6703,185.6996
2024-01-15 09:48:19.900,185.6479,182,185.631,185.6648
2024-01-15 09:48:19.906,185.654,24,185.6453,185.6627
2024-01-15 09:48:20.383,185.5759,119,185.5627,185.5892
2024-01-15 09:48:20.940,185.6248,474,185.6104,185.6392
2024-01-15 09:48:24.834,185.6404,271,185.6303,185.6505
2024-01-15 09:48:27.231,185.628,162,185.6109,185.6451
2024-01-15 09:48:30.052,185.7761,127,185.7662,185.7861
2024-01-15 09:48:35.469,185.6976,72,185.6839,185.7113
2024-01-15 09:48:40.318,185.7462,343,185.7379,185.7544
2024-01-15 09:48:42.608,185.894,1498,185.8865,185.9014
2024-01-15 09:48:44.452,185.8979,240,185.8837,185.9122
2024-01-15 09:48:45.088,185.9101,505,185.9002,185.9199
2024-01-15 09:48:48.759,185.9623,67,185.9483,185.9763
2024-01-15 09:48:50.533,185.9386,423,185.9203,185.9569
2024-01-15 09:48:51.290,185.9461,62,185.935,185.9573
2024-01-15 09:48:51.806,186.039,72,186.0246,186.0534
2024-01-15 09:48:52.058,186.0528,434,186.0339,186.0718
2024-01-15 09:48:54.341,186.0593,450,186.0442,186.0745
2024-01-15 09:48:54.403,186.0856,122,186.0738,186.0974
2024-01-15 09:48:54.477,186.1128,137,186.1009,186.1247
2024-01-15 09:48:55.245,186.0697,327,186.0528,186.0866
2024-01-15 09:48:56.209,186.0482,47,186.0356,186.0608
2024-01-15 09:48:56.864,186.0292,125,186.0227,186.0356
2024-01-15 09:48:58.013,186.0306,511,186.0128,186.0484
2024-01-15 09:48:58.582,185.9698,695,185.9606,185.9789
2024-01-15 09:48:59.944,185.9428,125,185.9327,185.953
2024-01-15 09:49:00.356,185.9396,26,185.921,185.9583
2024-01-15 09:49:00.771,185.8811,232,185.8623,185.8999
2024-01-15 09:49:01.140,186.0,88,185.9822,186.0178
2024-01-15 09:49:04.609,185.9849,36,185.9652,186.0047
2024-01-15 09:49:05.581,186.0041,66,185.9874,186.0207
2024-01-15 09:49:06.205,185.982,31,185.9622,186.0018
2024-01-15 09:49:06.525,186.0094,965,186.0031,186.0157
2024-01-15 09:49:06.692,186.0974,107,186.0878,186.107
2024-01-15 09:49:08.067,186.1036,61,186.0949,186.1122
2024-01-15 09:49:08.730,186.0848,122,186.0782,186.0914
2024-01-15 09:49:11.552,186.0979,276,186.0809,186.1149
2024-01-15 09:49:12.597,186.0773,188,186.0653,186.0893
2024-01-15 09:49:14.507,186.1568,32,186.1449,186.1688
2024-01-15 09:49:15.429,186.1621,72,186.1445,186.1797
2024-01-15 09:49:16.081,186.2127,171,186.2051,186.2202
2024-01-15 09:49:16.816,186.1739,6,186.161,186.1869
2024-01-15 09:49:18.312,186.1942,78,186.1773,186.2111
2024-01-15 09:49:23.155,186.2351,240,186.2247,186.2454
2024-01-15 09:49:25.386,186.2031,145,186.1895,186.2166
2024-01-15 09:49:27.223,186.2955,53,186.2845,186.3065
2024-01-15 09:49:29.359,186.2586,47,186.2462,186.271
2024-01-15 09:49:31.655,186.1392,76,186.128,186.1504
2024-01-15 09:49:32.345,186.0517,363,186.0359,186.0674
2024-01-15 09:49:32.418,186.1363,134,186.1208,186.1518
2024-01-15 09:49:35.056,186.131,140,186.112,186.15
2024-01-15 09:49:36.498,186.1163,66,186.11,186.1225
2024-01-15 09:49:36.870,186.1161,62,186.1017,186.1305
2024-01-15 09:49:37.854,185.9832,373,185.9687,185.9978
2024-01-15 09:49:39.427,185.9977,59,185.9917,186.0038
2024-01-15 09:49:39.833,185.9445,350,185.9256,185.9634
2024-01-15 09:49:40.434,185.9069,114,185.8999,185.9139
2024-01-15 09:49:40.582,185.8841,352,185.8655,185.9027
2024-01-15 09:49:42.653,185.9067,1266,185.8907,185.9228
2024-01-15 09:49:43.502,185.9025,245,185.8967,185.9083
2024-01-15 09:49:44.101,185.8521,90,185.8446,185.8596
2024-01-15 09:49:45.515,185.9335,78,185.9225,185.9446
2024-01-15 09:49:46.809,185.9214,468,185.9055,185.9373
2024-01-15 09:49:49.548,185.773,411,185.7542,185.7917
2024-01-15 09:49:50.790,185.853,283,185.835,185.871
2024-01-15 09:49:53.907,185.9358,971,185.9286,185.943
2024-01-15 09:49:54.187,186.0217,131,186.0065,186.0369
2024-01-15 09:49:54.263,186.0623,289,186.0534,186.0711
2024-01-15 09:49:57.700,186.081,147,186.0655,186.0965
2024-01-15 09:50:00.142,186.1069,21,186.0989,186.1149
2024-01-15 09:50:01.492,186.1027,410,186.086,186.1194
2024-01-15 09:50:02.405,186.0808,129,186.0728,186.0889
2024-01-15 09:50:04.632,186.0842,198,186.0777,186.0908
2024-01-15 09:50:04.807,186.1004,376,186.0914,186.1093
2024-01-15 09:50:05.338,186.1168,34,186.1054,186.1282
2024-01-15 09:50:05.950,186.0985,203,186.0802,186.1168
2024-01-15 09:50:11.027,186.0306,54,186.0111,186.0501
2024-01-15 09:50:12.593,186.0635,210,186.0455,186.0815
2024-01-15 09:50:12.813,186.133,180,186.1275,186.1386
2024-01-15 09:50:13.037,186.0735,42,186.0591,186.0879
2024-01-15 09:50:15.506,186.161,93,186.1448,186.1772
2024-01-15 09:50:16.311,186.1852,381,186.1703,186.2001
2024-01-15 09:50:18.188,186.1944,122,186.1782,186.2105
2024-01-15 09:50:20.606,186.3002,116,186.2872,186.3132
2024-01-15 09:50:21.335,186.2293,56,186.2215,186.2372
2024-01-15 09:50:21.366,186.2892,314,186.2784,186.3001
2024-01-15 09:50:23.734,186.2701,938,186.2512,186.289
2024-01-15 09:50:26.348,186.1842,282,186.1787,186.1897
2024-01-15 09:50:28.020,186.1096,506,186.1036,186.1157
2024-01-15 09:50:28.725,186.057,275,186.0508,186.0632
2024-01-15 09:50:29.539,186.0805,17,186.0696,186.0914
2024-01-15 09:50:31.034,186.001,973,185.9947,186.0073
2024-01-15 09:50:32.319,186.028,326,186.0142,186.0419
2024-01-15 09:50:33.326,186.0239,173,186.0182,186.0296
2024-01-15 09:50:34.503,185.9372,95,185.9261,185.9484
2024-01-15 09:50:35.650,185.8924,184,185.8841,185.9007
2024-01-15 09:50:36.977,185.9356,913,185.9178,185.9534
2024-01-15 09:50:38.190,185.962,52,185.9465,185.9775
2024-01-15 09:50:38.690,185.9674,49,185.9569,185.9779
2024-01-15 09:50:41.301,185.9042,288,185.8971,185.9113
2024-01-15 09:50:41.405,185.8894,161,185.8844,185.8945
2024-01-15 09:50:41.459,185.9117,245,185.8951,185.9283
2024-01-15 09:50:42.062,185.8291,164,185.8114,185.8469
2024-01-15 09:50:42.236,185.7681,419,185.751,185.7852
2024-01-15 09:50:42.341,185.7113,91,185.6986,185.724
2024-01-15 09:50:44.923,185.9047,64,185.8929,185.9165
2024-01-15 09:50:48.802,185.9186,29,185.9069,185.9303
2024-01-15 09:50:49.087,186.0406,196,186.0258,186.0555
2024-01-15 09:50:49.116,186.0828,208,186.0718,186.0937
2024-01-15 09:50:50.921,186.0624,152,186.0507,186.0741
2024-01-15 09:50:54.133,186.0924,158,186.0837,186.1011
2024-01-15 09:50:54.928,185.947,413,185.9419,185.9521
2024-01-15 09:50:56.210,185.9569,24,185.9417,185.9721
2024-01-15 09:50:56.545,185.9845,167,185.9739,185.9951
2024-01-15 09:51:01.012,185.9623,184,185.9453,185.9792
2024-01-15 09:51:08.642,185.9198,10,185.9023,185.9373
2024-01-15 09:51:10.036,186.011,888,185.9969,186.025
2024-01-15 09:51:13.169,186.0347,172,186.0169,186.0525
2024-01-15 09:51:13.774,186.0021,71,185.9822,186.022
2024-01-15 09:51:13.883,186.041,678,186.0254,186.0565
2024-01-15 09:51:18.014,185.9756,518,185.9618,185.9893
2024-01-15 09:51:18.053,185.9377,75,185.9311,185.9444
2024-01-15 09:51:19.114,185.9251,275,185.9089,185.9412
2024-01-15 09:51:19.805,185.8663,168,185.8499,185.8827
2024-01-15 09:51:19.893,185.8475,513,185.8318,185.8632
2024-01-15 09:51:21.154,185.8885,97,185.8719,185.905
2024-01-15 09:51:21.502,185.968,102,185.953,185.983
2024-01-15 09:51:22.592,185.8555,13,185.8493,185.8618
2024-01-15 09:51:23.369,185.8253,57,185.8069,185.8436
2024-01-15 09:51:23.782,185.7897,9,185.7806,185.7988
2024-01-15 09:51:26.017,185.8189,24,185.8099,185.8278
2024-01-15 09:51:26.610,185.7647,82,185.7579,185.7715
2024-01-15 09:51:28.468,185.7066,171,185.6938,185.7195
2024-01-15 09:51:28.839,185.6022,23,185.592,185.6123
2024-01-15 09:51:30.707,185.7197,123,185.7041,185.7352
2024-01-15 09:51:31.630,185.7432,164,185.7272,185.7591
2024-01-15 09:51:32.617,185.7633,391,185.7555,185.7712
2024-01-15 09:51:33.808,185.8079,297,185.7998,185.816
2024-01-15 09:51:34.487,185.8055,3,185.7955,185.8154
2024-01-15 09:51:34.787,185.7778,243,185.7704,185.7852
2024-01-15 09:51:36.001,185.7863,6,185.7703,185.8022
2024-01-15 09:51:38.523,185.781,217,185.7739,185.7881
2024-01-15 09:51:39.304,185.7556,602,185.7483,185.7628
2024-01-15 09:51:39.682,185.6332,352,185.6142,185.6522
2024-01-15 09:51:39.926,185.7095,414,185.6934,185.7256
2024-01-15 09:51:40.887,185.7408,473,185.7211,185.7605
2024-01-15 09:51:40.950,185.8089,147,185.802,185.8157
2024-01-15 09:51:41.035,185.7016,127,185.6824,185.7207
2024-01-15 09:51:41.715,185.7577,80,185.7449,185.7705
2024-01-15 09:51:42.373,185.7705,44,185.7653,185.7756
2024-01-15 09:51:43.055,185.744,100,185.7282,185.7599
2024-01-15 09:51:50.582,185.8774,79,185.866,185.8887
2024-01-15 09:51:50.850,185.8635,540,185.8451,185.8819
2024-01-15 09:51:51.321,185.825,24,185.8072,185.8429
2024-01-15 09:51:53.407,185.8838,260,185.8646,185.903
2024-01-15 09:51:55.226,185.8072,272,185.7898,185.8245
2024-01-15 09:51:56.963,185.8307,209,185.8221,185.8394
2024-01-15 09:51:59.863,185.7495,302,185.7324,185.7666
2024-01-15 09:52:00.099,185.8327,112,185.8169,185.8485
2024-01-15 09:52:00.734,185.8352,42,185.816,185.8544
2024-01-15 09:52:05.426,185.6894,75,185.6829,185.6958
2024-01-15 09:52:06.176,185.7563,1,185.742,185.7706
2024-01-15 09:52:06.492,185.7449,33,185.7359,185.7538
2024-01-15 09:52:06.545,185.7125,269,185.6994,185.7256
2024-01-15 09:52:07.741,185.7373,218,185.7245,185.7501
2024-01-15 09:52:11.464,185.6187,192,185.5999,185.6374
2024-01-15 09:52:12.702,185.6654,319,185.6549,185.676
2024-01-15 09:52:13.969,185.5776,131,185.5597,185.5954
2024-01-15 09:52:17.697,185.6147,192,185.6021,185.6272
2024-01-15 09:52:20.514,185.5685,259,185.5583,185.5787
2024-01-15 09:52:22.147,185.4842,175,185.466,185.5025
2024-01-15 09:52:22.408,185.4103,232,185.4007,185.4199
2024-01-15 09:52:23.934,185.4254,309,185.4085,185.4423
2024-01-15 09:52:24.290,185.4751,13,185.4663,185.4839
2024-01-15 09:52:26.407,185.4304,23,185.4169,185.444
2024-01-15 09:52:30.452,185.3191,66,185.3014,185.3367
2024-01-15 09:52:32.127,185.2979,440,185.2823,185.3136
2024-01-15 09:52:37.912,185.3079,484,185.288,185.3279
2024-01-15 09:52:42.407,185.331,200,185.3185,185.3435
2024-01-15 09:52:43.938,185.2934,415,185.2803,185.3064
2024-01-15 09:52:44.436,185.2657,110,185.2474,185.2841
2024-01-15 09:52:46.104,185.2942,296,185.2802,185.3083
2024-01-15 09:52:46.872,185.189,71,185.1725,185.2054
2024-01-15 09:52:47.496,185.1814,581,185.1689,185.1939
2024-01-15 09:52:49.357,185.1661,622,185.1609,185.1714
2024-01-15 09:52:51.520,185.3109,181,185.2988,185.323
2024-01-15 09:52:56.399,185.289,251,185.2719,185.3061
2024-01-15 09:52:58.074,185.3806,382,185.3753,185.3858
2024-01-15 09:52:59.076,185.4039,239,185.3944,185.4134
2024-01-15 09:53:00.815,185.4031,349,185.3953,185.4108
2024-01-15 09:53:00.845,185.4367,118,185.4247,185.4487
2024-01-15 09:53:02.485,185.3215,148,185.3015,185.3414
2024-01-15 09:53:03.207,185.2808,149,185.274,185.2877
2024-01-15 09:53:03.628,185.3177,10,185.3095,185.3259
2024-01-15 09:53:05.265,185.3174,129,185.3006,185.3342
2024-01-15 09:53:14.135,185.2979,82,185.2901,185.3057
2024-01-15 09:53:14.266,185.2992,11,185.2884,185.3101
2024-01-15 09:53:15.008,185.3571,313,185.3458,185.3683
2024-01-15 09:53:15.443,185.382,20,185.3676,185.3964
2024-01-15 09:53:15.665,185.4008,95,185.3914,185.4103
2024-01-15 09:53:16.313,185.4029,46,185.3958,185.4099
2024-01-15 09:53:16.331,185.4123,94,185.3947,185.4298
2024-01-15 09:53:18.523,185.4828,64,185.4728,185.4928
2024-01-15 09:53:19.808,185.4885,97,185.47,185.507
2024-01-15 09:53:21.361,185.4144,1,185.4059,185.4228
2024-01-15 09:53:22.251,185.4174,122,185.4003,185.4344
2024-01-15 09:53:25.240,185.4957,170,185.4831,185.5082
2024-01-15 09:53:25.712,185.5997,109,185.5848,185.6146
2024-01-15 09:53:28.381,185.5196,188,185.5097,185.5295
2024-01-15 09:53:28.414,185.4458,350,185.4374,185.4542
2024-01-15 09:53:28.600,185.4529,120,185.4416,185.4641
2024-01-15 09:53:29.826,185.4593,194,185.4499,185.4688
2024-01-15 09:53:30.414,185.4798,30,185.4612,185.4985
2024-01-15 09:53:31.129,185.5038,23,185.4898,185.5178
2024-01-15 09:53:31.642,185.4841,11,185.4729,185.4954
2024-01-15 09:53:33.821,185.4935,64,185.4757,185.5113
2024-01-15 09:53:34.044,185.5107,589,185.5045,185.5168
2024-01-15 09:53:34.859,185.3883,281,185.3762,185.4003
2024-01-15 09:53:35.267,185.4918,127,185.4755,185.5081
2024-01-15 09:53:36.870,185.4215,75,185.4071,185.4359
2024-01-15 09:53:37.758,185.3197,19,185.3021,185.3374
2024-01-15 09:53:38.182,185.3479,34,185.3333,185.3624
2024-01-15 09:53:38.884,185.2773,264,185.2715,185.2831
2024-01-15 09:53:40.186,185.257,17,185.251,185.263
2024-01-15 09:53:40.278,185.2609,1114,185.2501,185.2718
2024-01-15 09:53:40.631,185.3472,41,185.3304,185.364
2024-01-15 09:53:43.540,185.2873,265,185.2785,185.2962
2024-01-15 09:53:44.534,185.1712,132,185.1543,185.1882
2024-01-15 09:53:51.943,185.015,435,185.0074,185.0227
2024-01-15 09:53:54.866,185.0519,8,185.0439,185.0598
2024-01-15 09:53:55.310,185.0312,146,185.0241,185.0382
2024-01-15 09:54:00.959,184.9422,554,184.9298,184.9546
2024-01-15 09:54:01.842,184.8849,1,184.8719,184.8978
2024-01-15 09:54:02.368,184.8761,88,184.8697,184.8826
2024-01-15 09:54:02.893,184.8616,34,184.8549,184.8683
2024-01-15 09:54:03.383,184.9453,793,184.9266,184.964
2024-01-15 09:54:03.608,184.9948,581,184.9789,185.0107
2024-01-15 09:54:05.151,185.1026,243,185.091,185.1141
2024-01-15 09:54:08.110,185.1934,194,185.1778,185.2089
2024-01-15 09:54:08.839,185.1017,7,185.0897,185.1136
2024-01-15 09:54:10.568,185.1002,211,185.0816,185.1188
2024-01-15 09:54:15.152,185.0814,223,185.0747,185.0881
2024-01-15 09:54:15.591,185.0812,122,185.0677,185.0948
2024-01-15 09:54:17.290,185.0555,205,185.0436,185.0675
2024-01-15 09:54:19.292,185.0732,125,185.0552,185.0912
2024-01-15 09:54:20.261,184.9999,18,184.9879,185.0118
2024-01-15 09:54:21.659,184.991,22,184.9747,185.0073
2024-01-15 09:54:24.511,184.9726,333,184.9595,184.9858
2024-01-15 09:54:25.754,184.9774,181,184.9704,184.9844
2024-01-15 09:54:25.867,184.9301,1,184.9163,184.944
2024-01-15 09:54:26.077,184.884,716,184.8696,184.8984
2024-01-15 09:54:26.634,184.913,205,184.894,184.932
2024-01-15 09:54:28.552,184.8671,124,184.8521,184.8821
2024-01-15 09:54:29.604,184.8781,370,184.8622,184.894
2024-01-15 09:54:30.987,184.9458,159,184.9377,184.9538
2024-01-15 09:54:34.402,184.9316,13,184.9223,184.9409
2024-01-15 09:54:34.476,184.7217,434,184.7037,184.7398
2024-01-15 09:54:34.994,184.8631,15,184.8503,184.876
2024-01-15 09:54:35.415,184.8438,750,184.8277,184.8598
2024-01-15 09:54:37.068,184.8503,31,184.843,184.8576
2024-01-15 09:54:38.288,184.933,88,184.923,184.943
2024-01-15 09:54:39.891,185.0176,11,185.0001,185.0351
2024-01-15 09:54:39.911,185.063,34,185.0444,185.0817
2024-01-15 09:54:39.923,184.8943,217,184.8822,184.9063
2024-01-15 09:54:44.129,184.8882,997,184.8685,184.908
2024-01-15 09:54:45.569,184.9525,88,184.9355,184.9695
2024-01-15 09:54:46.418,184.9033,23,184.8885,184.918
2024-01-15 09:54:47.514,184.9064,56,184.8874,184.9254
2024-01-15 09:54:47.774,184.7908,111,184.7728,184.8088
2024-01-15 09:54:48.240,184.7577,21,184.7448,184.7706
2024-01-15 09:54:48.508,184.8194,269,184.8063,184.8325
2024-01-15 09:54:48.923,184.7851,116,184.7708,184.7995
2024-01-15 09:54:49.621,184.8363,461,184.828,184.8445
2024-01-15 09:54:49.932,184.8792,110,184.867,184.8914
2024-01-15 09:54:54.558,184.9043,134,184.8977,184.9109
2024-01-15 09:54:55.433,184.8559,247,184.8451,184.8668
2024-01-15 09:54:55.562,184.9197,181,184.9059,184.9334
2024-01-15 09:54:56.850,184.8558,636,184.8479,184.8637
2024-01-15 09:54:57.470,184.7904,93,184.7772,184.8036
2024-01-15 09:54:58.685,184.8279,449,184.8113,184.8446
2024-01-15 09:55:00.465,184.7772,612,184.7656,184.7887
2024-01-15 09:55:01.210,184.9162,48,184.9097,184.9227
2024-01-15 09:55:03.173,184.8352,239,184.825,184.8455
2024-01-15 09:55:04.813,184.8289,58,184.8161,184.8416
2024-01-15 09:55:07.690,184.7975,34,184.7904,184.8047
2024-01-15 09:55:08.410,184.7788,227,184.7736,184.784
2024-01-15 09:55:09.289,184.7431,120,184.7296,184.7566
2024-01-15 09:55:11.388,184.8138,438,184.8057,184.8218
2024-01-15 09:55:12.610,184.764,156,184.7466,184.7814
2024-01-15 09:55:14.678,184.805,200,184.7987,184.8113
2024-01-15 09:55:17.304,184.8439,104,184.8342,184.8537
2024-01-15 09:55:17.826,184.9767,462,184.97,184.9834
2024-01-15 09:55:18.888,185.018,468,184.998,185.038
2024-01-15 09:55:20.412,184.975,58,184.9632,184.9868
2024-01-15 09:55:21.989,184.9961,193,184.9883,185.0039
2024-01-15 09:55:22.176,184.9937,115,184.9805,185.0069
2024-01-15 09:55:26.949,185.0714,498,185.0654,185.0773
2024-01-15 09:55:27.874,185.0394,113,185.0196,185.0593
2024-01-15 09:55:28.207,185.0681,179,185.0577,185.0786
2024-01-15 09:55:30.731,185.0735,16,185.0606,185.0863
2024-01-15 09:55:31.347,185.0582,75,185.0393,185.0772
2024-01-15 09:55:31.865,185.1386,292,185.119,185.1582
2024-01-15 09:55:32.470,185.2393,503,185.2251,185.2534
2024-01-15 09:55:33.801,185.2808,31,185.2635,185.2981
2024-01-15 09:55:36.728,185.3272,46,185.3154,185.3389
2024-01-15 09:55:38.965,185.4176,54,185.4039,185.4313
2024-01-15 09:55:42.326,185.4309,347,185.4176,185.4441
2024-01-15 09:55:45.048,185.4833,56,185.4779,185.4888
2024-01-15 09:55:46.638,185.5188,328,185.5042,185.5333
2024-01-15 09:55:47.924,185.5602,206,185.5448,185.5755
2024-01-15 09:55:48.003,185.6539,51,185.6474,185.6604
2024-01-15 09:55:48.078,185.6816,311,185.664,185.6992
2024-01-15 09:55:48.280,185.7313,12,185.7202,185.7423
2024-01-15 09:55:50.638,185.7724,1075,185.7626,185.7821
2024-01-15 09:55:50.777,185.8422,311,185.8239,185.8606
2024-01-15 09:55:50.784,185.8596,201,185.844,185.8752
2024-01-15 09:55:50.942,185.9608,286,185.9462,185.9754
2024-01-15 09:55:52.459,185.9578,15,185.949,185.9667
2024-01-15 09:55:53.889,185.9136,416,185.9017,185.9255
2024-01-15 09:56:00.155,185.9311,43,185.914,185.9483
2024-01-15 09:56:04.844,185.8532,51,185.8471,185.8593
2024-01-15 09:56:05.060,185.8177,53,185.8039,185.8316
2024-01-15 09:56:05.104,185.7703,47,185.755,185.7856
2024-01-15 09:56:06.428,185.7241,644,185.7148,185.7334
2024-01-15 09:56:09.434,185.7844,429,185.7725,185.7963
2024-01-15 09:56:10.400,185.784,1002,185.7665,185.8015
2024-01-15 09:56:11.640,185.7958,184,185.7828,185.8087
2024-01-15 09:56:14.801,185.8754,379,185.8594,185.8913
2024-01-15 09:56:16.163,185.765,208,185.7584,185.7716
2024-01-15 09:56:17.129,185.8199,263,185.8059,185.8338
2024-01-15 09:56:19.464,185.8773,18,185.8643,185.8903
2024-01-15 09:56:21.258,185.9271,1502,185.9097,185.9445
2024-01-15 09:56:24.351,185.8971,406,185.8818,185.9125
2024-01-15 09:56:25.721,191.5453,24,185.9578,185.9747
2024-01-15 09:56:26.847,185.9097,156,185.8904,185.9291
2024-01-15 09:56:27.216,185.8177,518,185.81,185.8253
2024-01-15 09:56:27.688,185.7937,228,185.7801,185.8073
2024-01-15 09:56:27.773,185.837,220,185.8318,185.8421
2024-01-15 09:56:29.334,185.9053,102,185.8936,185.9171
2024-01-15 09:56:29.991,185.9174,117,185.9082,185.9265
2024-01-15 09:56:30.199,185.8756,271,185.861,185.8902
2024-01-15 09:56:32.340,185.8559,269,185.8437,185.8682
2024-01-15 09:56:34.784,185.9248,32,185.918,185.9315
2024-01-15 09:56:34.939,185.9668,21,185.9511,185.9826
2024-01-15 09:56:35.285,185.7959,76,185.7786,185.8132
2024-01-15 09:56:35.749,185.8098,111,185.7943,185.8253
2024-01-15 09:56:36.566,185.8597,251,185.8503,185.8691
2024-01-15 09:56:36.665,185.8167,99,185.8107,185.8226
2024-01-15 09:56:36.810,185.9024,33,185.8862,185.9185
2024-01-15 09:56:38.118,185.9035,19,185.8912,185.9157
2024-01-15 09:56:38.355,185.9999,194,185.9895,186.0103
2024-01-15 09:56:38.797,185.9511,234,185.9358,185.9664
2024-01-15 09:56:41.659,185.9281,66,185.9109,185.9452
2024-01-15 09:56:43.707,185.9312,82,185.9261,185.9362
2024-01-15 09:56:48.924,185.8515,270,185.8455,185.8575
2024-01-15 09:56:49.794,185.8797,358,185.8673,185.892
2024-01-15 09:56:50.344,185.8496,62,185.8437,185.8556
2024-01-15 09:56:50.528,185.7794,1,185.7595,185.7993
2024-01-15 09:56:52.058,185.7994,264,185.7919,185.8069
2024-01-15 09:56:56.805,185.8653,1357,185.8487,185.8819
2024-01-15 09:56:57.667,185.8915,24,185.8822,185.9008
2024-01-15 09:56:59.621,185.9509,146,185.9396,185.9622
2024-01-15 09:56:59.782,185.943,419,185.9345,185.9516
2024-01-15 09:56:59.853,186.0116,307,185.9985,186.0248
2024-01-15 09:57:02.443,185.9051,182,185.8866,185.9236
2024-01-15 09:57:03.768,185.9334,2,185.9257,185.9411
2024-01-15 09:57:05.376,185.9453,15,185.9256,185.9649
2024-01-15 09:57:07.257,185.9512,48,185.9388,185.9635
2024-01-15 09:57:10.793,185.8525,659,185.8465,185.8585
2024-01-15 09:57:11.424,185.8547,151,185.8475,185.8619
2024-01-15 09:57:11.956,185.8767,383,185.8672,185.8861
2024-01-15 09:57:13.532,185.7854,54,185.7668,185.804
2024-01-15 09:57:13.940,185.6936,273,185.6844,185.7027
2024-01-15 09:57:14.358,185.6887,740,185.6813,185.6962
2024-01-15 09:57:15.753,185.7249,384,185.7114,185.7385
2024-01-15 09:57:17.026,185.8537,138,185.8339,185.8735
2024-01-15 09:57:17.435,185.7525,350,185.734,185.7709
2024-01-15 09:57:17.464,185.6535,694,185.6426,185.6645
2024-01-15 09:57:18.417,185.7214,238,185.7101,185.7328
2024-01-15 09:57:22.061,185.7091,19,185.6999,185.7184
2024-01-15 09:57:22.713,185.8157,29,185.8073,185.824
2024-01-15 09:57:24.470,185.8422,41,185.836,185.8484
2024-01-15 09:57:25.404,185.8776,304,185.8681,185.8872
2024-01-15 09:57:25.638,185.7835,436,185.7644,185.8027
2024-01-15 09:57:26.159,185.7225,41,185.7113,185.7337
2024-01-15 09:57:26.650,185.6661,54,185.6562,185.676
2024-01-15 09:57:31.137,185.6066,356,185.5895,185.6237
2024-01-15 09:57:32.100,185.6731,170,185.6608,185.6854
2024-01-15 09:57:33.480,185.765,108,185.755,185.7751
2024-01-15 09:57:34.249,185.8025,154,185.7927,185.8122
2024-01-15 09:57:34.459,185.7803,121,185.7739,185.7868
2024-01-15 09:57:37.680,185.7642,202,185.7561,185.7724
2024-01-15 09:57:38.049,185.8039,50,185.7861,185.8218
2024-01-15 09:57:38.239,185.898,9,185.8892,185.9068
2024-01-15 09:57:40.200,185.986,164,185.9808,185.9912
2024-01-15 09:57:40.943,185.9762,749,185.9613,185.9911
2024-01-15 09:57:42.220,186.0887,477,186.0722,186.1052
2024-01-15 09:57:42.376,186.1739,29,186.1553,186.1926
2024-01-15 09:57:44.278,186.1767,202,186.1601,186.1932
2024-01-15 09:57:44.728,186.2231,6,186.206,186.2403
2024-01-15 09:57:45.357,186.2654,558,186.2515,186.2794
2024-01-15 09:57:46.395,186.2712,529,186.2565,186.2858
2024-01-15 09:57:50.060,186.1892,201,186.1755,186.203
2024-01-15 09:57:55.137,186.2605,78,186.2491,186.2719
2024-01-15 09:57:55.588,186.3354,138,186.3282,186.3427
2024-01-15 09:57:56.568,186.3442,271,186.3319,186.3565
2024-01-15 09:57:56.619,186.2456,443,186.2322,186.2589
2024-01-15 09:57:58.089,186.2915,300,186.2748,186.3081
2024-01-15 09:57:58.636,186.4149,462,186.3969,186.4328
2024-01-15 09:57:58.711,186.5124,578,186.5068,186.518
2024-01-15 09:58:04.344,186.5088,34,186.4983,186.5194
2024-01-15 09:58:05.080,186.5464,30,186.5369,186.5559
2024-01-15 09:58:06.921,186.5464,181,186.5358,186.5571
2024-01-15 09:58:07.715,186.4237,110,186.4182,186.4292
2024-01-15 09:58:12.263,186.4768,46,186.4708,186.4827
2024-01-15 09:58:12.309,186.4725,10,186.4637,186.4812
2024-01-15 09:58:15.918,186.4361,14,186.4237,186.4485
2024-01-15 09:58:17.097,186.4924,658,186.4761,186.5087
2024-01-15 09:58:17.265,186.5058,276,186.4967,186.5149
2024-01-15 09:58:17.906,186.5094,260,186.5023,186.5166
2024-01-15 09:58:18.062,186.5032,23,186.4854,186.521
2024-01-15 09:58:20.543,186.5288,165,186.5157,186.5418
2024-01-15 09:58:22.248,186.5748,60,186.5629,186.5867
2024-01-15 09:58:22.309,186.5702,315,186.5592,186.5812
2024-01-15 09:58:22.659,186.7284,118,186.7201,186.7366
2024-01-15 09:58:23.736,186.5739,25,186.5616,186.5862
2024-01-15 09:58:30.489,186.6832,256,186.6745,186.6918
2024-01-15 09:58:33.513,186.6956,362,186.6851,186.7061
2024-01-15 09:58:34.508,186.6057,19,186.5938,186.6177
2024-01-15 09:58:38.655,186.7068,92,186.6942,186.7193
2024-01-15 09:58:40.674,186.715,169,186.7073,186.7226
2024-01-15 09:58:43.147,186.735,273,186.7254,186.7447
2024-01-15 09:58:43.701,186.6986,73,186.6904,186.7067
2024-01-15 09:58:43.939,186.7363,66,186.7201,186.7526
2024-01-15 09:58:45.811,186.8496,546,186.8317,186.8674
2024-01-15 09:58:48.475,186.8565,1,186.8416,186.8715
2024-01-15 09:58:49.732,186.7871,39,186.7705,186.8036
2024-01-15 09:58:50.233,186.7975,194,186.7867,186.8083
2024-01-15 09:58:50.335,186.8279,582,186.8216,186.8343
2024-01-15 09:58:50.870,186.7542,112,186.7445,186.7638
2024-01-15 09:58:51.591,186.7396,474,186.7343,186.7449
2024-01-15 09:58:51.858,186.8773,350,186.8654,186.8892
2024-01-15 09:58:59.806,186.8808,444,186.8758,186.8858
2024-01-15 09:59:02.765,186.8557,271,186.8484,186.863
2024-01-15 09:59:04.145,186.8564,233,186.8375,186.8753
2024-01-15 09:59:04.413,186.9083,446,186.8939,186.9226
2024-01-15 09:59:07.306,186.9446,176,186.9319,186.9573
2024-01-15 09:59:09.188,186.9497,269,186.9382,186.9611
2024-01-15 09:59:09.195,186.938,155,186.9224,186.9535
2024-01-15 09:59:10.393,186.9964,541,186.9821,187.0108
2024-01-15 09:59:11.806,187.0193,92,187.0102,187.0283
2024-01-15 09:59:13.528,186.8638,48,186.8584,186.8692
2024-01-15 09:59:14.410,186.8537,57,186.8482,186.8592
2024-01-15 09:59:18.593,186.8378,341,186.8235,186.8521
2024-01-15 09:59:19.895,186.8047,33,186.7915,186.8178
2024-01-15 09:59:22.499,186.8588,395,186.8443,186.8733
2024-01-15 09:59:22.834,186.8721,47,186.8529,186.8914
2024-01-15 09:59:23.322,186.8977,331,186.8782,186.9172
2024-01-15 09:59:27.380,186.8799,38,186.871,186.8887
2024-01-15 09:59:28.156,186.7943,43,186.7759,186.8126
2024-01-15 09:59:29.190,186.9103,450,186.8928,186.9278
2024-01-15 09:59:29.718,187.0062,239,186.9914,187.021
2024-01-15 09:59:30.752,186.9359,1,186.9173,186.9545
2024-01-15 09:59:31.572,186.904,23,186.8959,186.912
2024-01-15 09:59:33.127,186.9316,376,186.9223,186.9409
2024-01-15 09:59:34.131,186.9568,190,186.9514,186.9622
2024-01-15 09:59:35.258,186.8981,222,186.8855,186.9108
2024-01-15 09:59:35.398,186.8279,255,186.8163,186.8396
2024-01-15 09:59:35.835,186.8671,237,186.8572,186.877
2024-01-15 09:59:36.490,186.8129,99,186.8033,186.8225
2024-01-15 09:59:36.719,186.8501,142,186.8342,186.8659
2024-01-15 09:59:40.910,186.9772,220,186.9633,186.9912
2024-01-15 09:59:44.726,186.9008,169,186.8828,186.9188
2024-01-15 09:59:45.419,186.8721,21,186.8622,186.882
2024-01-15 09:59:47.279,186.8933,149,186.8828,186.9037
2024-01-15 09:59:50.992,186.9494,42,186.9295,186.9694
2024-01-15 09:59:54.074,187.0146,226,187.0017,187.0275
2024-01-15 09:59:55.048,187.0846,51,187.0663,187.1029
2024-01-15 09:59:58.370,187.1007,53,187.0861,187.1153
2024-01-15 09:59:58.406,187.0178,73,186.9982,187.0374
2024-01-15 09:59:59.961,187.0663,538,187.047,187.0857
2024-01-15 10:00:01.240,187.1006,201,187.0901,187.1112
2024-01-15 10:00:03.904,187.1895,18,187.1836,187.1955
2024-01-15 10:00:05.390,187.2041,36,187.1986,187.2096
2024-01-15 10:00:05.536,187.1557,61,187.1458,187.1655
2024-01-15 10:00:05.574,187.1805,30,187.1735,187.1876
2024-01-15 10:00:11.915,187.1298,24,187.1237,187.136
2024-01-15 10:00:12.233,187.1661,521,187.1566,187.1756
2024-01-15 10:00:12.389,187.1752,324,187.1644,187.186
2024-01-15 10:00:12.523,187.0952,542,187.0865,187.1038
2024-01-15 10:00:12.937,187.1156,301,187.1041,187.1272
2024-01-15 10:00:13.730,187.0768,52,187.0633,187.0904
2024-01-15 10:00:13.849,187.0991,1038,187.0875,187.1106
2024-01-15 10:00:14.167,187.147,136,187.1303,187.1637
2024-01-15 10:00:15.207,187.1273,871,187.1158,187.1388
2024-01-15 10:00:16.594,187.1313,601,187.1168,187.1458
2024-01-15 10:00:17.074,187.0829,442,187.0686,187.0972
2024-01-15 10:00:20.374,187.1105,65,187.0914,187.1296
2024-01-15 10:00:22.692,187.0688,87,187.0596,187.0779
2024-01-15 10:00:23.638,187.1805,425,187.1703,187.1906
2024-01-15 10:00:23.708,187.1449,304,187.1376,187.1522
2024-01-15 10:00:24.319,187.0898,7,187.0824,187.0972
2024-01-15 10:00:24.754,187.069,174,187.0567,187.0813
2024-01-15 10:00:25.026,187.0204,590,187.0106,187.0302
2024-01-15 10:00:28.426,187.0328,96,187.0213,187.0442
2024-01-15 10:00:28.568,186.9557,90,186.9495,186.962
2024-01-15 10:00:29.535,186.8969,85,186.8847,186.9091
2024-01-15 10:00:29.963,186.9441,365,186.9252,186.9631
2024-01-15 10:00:30.972,186.96,156,186.9405,186.9796
2024-01-15 10:00:30.984,186.9716,93,186.9559,186.9873
2024-01-15 10:00:36.049,187.0724,311,187.0561,187.0887
2024-01-15 10:00:36.582,186.9516,152,186.9458,186.9575
2024-01-15 10:00:37.973,186.9929,41,186.9752,187.0106
2024-01-15 10:00:39.328,187.0605,572,187.0406,187.0804
2024-01-15 10:00:39.759,187.0035,160,186.9952,187.0118
2024-01-15 10:00:40.617,186.978,181,186.967,186.989
2024-01-15 10:00:41.140,187.0793,112,187.0669,187.0917
2024-01-15 10:00:44.161,187.0965,415,187.0851,187.1079
2024-01-15 10:00:44.825,187.1923,22,187.1805,187.2041
2024-01-15 10:00:45.177,187.1259,655,187.1196,187.1321
2024-01-15 10:00:45.710,187.2254,210,187.2082,187.2425
2024-01-15 10:00:47.119,187.2057,421,187.186,187.2254
2024-01-15 10:00:53.427,187.177,163,187.1705,187.1836
2024-01-15 10:00:57.653,187.1619,145,187.152,187.1718
2024-01-15 10:00:59.146,187.1543,95,187.1374,187.1712
2024-01-15 10:01:03.149,187.2053,5,187.1883,187.2224
2024-01-15 10:01:03.907,187.1878,11,187.1685,187.2071
2024-01-15 10:01:04.527,187.2506,18,187.2387,187.2624
2024-01-15 10:01:08.560,187.3013,80,187.2865,187.3162
2024-01-15 10:01:10.242,187.3825,11,187.3658,187.3992
2024-01-15 10:01:10.910,187.2593,404,187.2463,187.2723
2024-01-15 10:01:11.797,187.3308,385,187.313,187.3486
2024-01-15 10:01:12.173,187.4043,147,187.3931,187.4154
2024-01-15 10:01:12.629,187.3621,51,187.3498,187.3745
2024-01-15 10:01:15.641,187.3713,342,187.3628,187.3798
2024-01-15 10:01:17.282,187.3851,175,187.372,187.3982
2024-01-15 10:01:19.705,187.5018,101,187.4913,187.5122
2024-01-15 10:01:22.128,187.5139,432,187.4961,187.5317
2024-01-15 10:01:23.858,187.458,259,187.4498,187.4662
2024-01-15 10:01:23.960,187.5106,68,187.4986,187.5227
2024-01-15 10:01:25.636,187.4933,287,187.4825,187.504
2024-01-15 10:01:26.644,187.4306,447,187.4193,187.4419
2024-01-15 10:01:27.345,187.384,187,187.3701,187.3978
2024-01-15 10:01:30.647,187.3617,478,187.3536,187.3697
2024-01-15 10:01:32.060,187.4186,58,187.413,187.4242
2024-01-15 10:01:32.286,187.4577,286,187.4521,187.4633
2024-01-15 10:01:40.203,187.481,344,187.4683,187.4936
2024-01-15 10:01:40.425,187.3982,28,187.3894,187.407
2024-01-15 10:01:41.218,187.391,378,187.372,187.4099
2024-01-15 10:01:43.519,187.3408,27,187.3257,187.3558
2024-01-15 10:01:46.156,187.3512,503,187.3383,187.3641
2024-01-15 10:01:46.365,187.372,71,187.353,187.391
2024-01-15 10:01:46.864,187.3078,132,187.301,187.3145
2024-01-15 10:01:47.484,187.236,251,187.2176,187.2543
2024-01-15 10:01:49.657,187.207,129,187.1888,187.2251
2024-01-15 10:01:51.199,187.1109,55,187.0951,187.1268
2024-01-15 10:01:54.398,187.0886,114,187.0699,187.1074
2024-01-15 10:01:56.738,187.0577,451,187.0466,187.0688
2024-01-15 10:01:57.101,187.0878,118,187.0726,187.103
2024-01-15 10:01:58.391,187.1478,312,187.1312,187.1644
2024-01-15 10:02:03.938,187.1262,153,187.1092,187.1432
2024-01-15 10:02:04.630,187.1206,93,187.1117,187.1294
2024-01-15 10:02:05.331,187.0885,9,187.0755,187.1014
2024-01-15 10:02:06.555,187.1105,1113,187.1008,187.1202
2024-01-15 10:02:09.021,187.039,180,187.0336,187.0445
2024-01-15 10:02:09.704,187.097,297,187.0798,187.1143
2024-01-15 10:02:12.314,187.1443,1,187.1364,187.1522
2024-01-15 10:02:20.499,187.2045,291,187.1958,187.2132
2024-01-15 10:02:22.399,187.1471,98,187.1355,187.1587
2024-01-15 10:02:22.817,187.2983,82,187.288,187.3086
2024-01-15 10:02:28.431,187.2215,213,187.2086,187.2343
2024-01-15 10:02:29.844,187.1722,344,187.1539,187.1905
2024-01-15 10:02:30.452,187.2836,193,187.2656,187.3016
2024-01-15 10:02:35.600,187.376,201,187.3579,187.394
2024-01-15 10:02:40.777,187.3772,19,187.3606,187.3939
2024-01-15 10:02:41.682,187.4965,136,187.4767,187.5163
2024-01-15 10:02:41.953,187.3602,141,187.3484,187.3719
2024-01-15 10:02:47.319,187.37,229,187.3618,187.3781
2024-01-15 10:02:47.330,187.2745,138,187.2688,187.2802
2024-01-15 10:02:48.092,187.2645,208,187.2593,187.2697
2024-01-15 10:02:48.612,187.239,31,187.2298,187.2483
2024-01-15 10:02:50.512,187.2417,59,187.2313,187.2521
2024-01-15 10:02:52.878,187.3066,58,187.2977,187.3155
2024-01-15 10:02:55.283,187.3004,309,187.2927,187.3081
2024-01-15 10:02:57.065,187.2337,64,187.2163,187.2512
2024-01-15 10:03:00.402,187.256,27,187.2491,187.2628
2024-01-15 10:03:04.929,187.3372,105,187.3317,187.3427
2024-01-15 10:03:06.073,187.3666,416,187.356,187.3773
2024-01-15 10:03:06.521,187.5227,53,187.51,187.5353
2024-01-15 10:03:08.935,187.6577,207,187.6381,187.6774
2024-01-15 10:03:14.728,187.7512,284,187.7433,187.759
2024-01-15 10:03:20.397,187.8466,15,187.831,187.8622
2024-01-15 10:03:20.848,187.8924,42,187.8743,187.9106
2024-01-15 10:03:21.300,187.8546,134,187.8444,187.8648
2024-01-15 10:03:26.193,187.9794,258,187.9716,187.9873
2024-01-15 10:03:27.858,188.0449,249,188.0392,188.0506
2024-01-15 10:03:30.432,188.1591,547,188.144,188.1743
2024-01-15 10:03:33.613,188.1346,92,188.1261,188.1431
2024-01-15 10:03:35.920,188.1395,128,188.1295,188.1495
2024-01-15 10:03:37.655,188.0554,52,188.0406,188.0703
2024-01-15 10:03:38.080,188.1573,256,188.1406,188.1741
2024-01-15 10:03:45.062,188.0978,76,188.0796,188.116
2024-01-15 10:03:45.323,188.062,87,188.0474,188.0765
2024-01-15 10:03:45.460,188.1194,440,188.1135,188.1254
2024-01-15 10:03:45.809,188.1407,35,188.1242,188.1572
2024-01-15 10:03:45.855,188.1169,1478,188.1007,188.1331
2024-01-15 10:03:47.344,188.1438,4,188.1318,188.1559
2024-01-15 10:03:51.465,188.1044,1,188.0951,188.1137
2024-01-15 10:03:51.466,188.1209,148,188.1079,188.1339
2024-01-15 10:03:54.360,188.1663,61,188.157,188.1755
2024-01-15 10:03:55.116,188.0693,52,188.063,188.0756
2024-01-15 10:03:55.410,188.043,177,188.0375,188.0485
2024-01-15 10:03:56.988,187.9815,228,187.9701,187.993
2024-01-15 10:03:57.851,187.9809,29,187.9755,187.9863
2024-01-15 10:03:57.900,187.9561,480,187.9422,187.97
2024-01-15 10:03:58.838,187.882,193,187.863,187.901
2024-01-15 10:03:59.420,187.9416,197,187.9282,187.955
2024-01-15 10:04:00.524,187.921,338,187.9077,187.9344
2024-01-15 10:04:03.185,187.9446,196,187.9364,187.9528
2024-01-15 10:04:04.575,187.9576,439,187.9413,187.974
2024-01-15 10:04:05.942,188.0339,413,188.0257,188.0421
2024-01-15 10:04:06.438,188.038,66,188.0232,188.0529
2024-01-15 10:04:11.249,188.0268,596,188.0124,188.0413
2024-01-15 10:04:13.386,187.9584,375,187.9506,187.9663
2024-01-15 10:04:15.817,187.9079,817,187.897,187.9189
2024-01-15 10:04:16.393,187.9887,67,187.9787,187.9987
2024-01-15 10:04:19.333,187.8718,495,187.8631,187.8805
2024-01-15 10:04:19.458,187.9142,36,187.9007,187.9277
2024-01-15 10:04:23.443,188.0149,232,187.9983,188.0315
2024-01-15 10:04:27.363,188.0312,68,188.026,188.0364
2024-01-15 10:04:28.526,188.0322,236,188.021,188.0434
2024-01-15 10:04:29.780,188.0872,219,188.0754,188.0989
2024-01-15 10:04:29.999,188.1027,224,188.0877,188.1176
2024-01-15 10:04:30.223,188.0489,45,188.0351,188.0628
2024-01-15 10:04:30.767,188.1492,332,188.1336,188.1649
2024-01-15 10:04:31.918,188.1619,316,188.1498,188.174
2024-01-15 10:04:32.147,188.1193,152,188.1021,188.1366
2024-01-15 10:04:32.440,188.2664,741,188.2595,188.2733
2024-01-15 10:04:33.018,188.2522,602,188.2442,188.2601
2024-01-15 10:04:33.768,188.3277,701,188.313,188.3424
2024-01-15 10:04:34.243,188.1683,243,188.1615,188.175
2024-01-15 10:04:36.961,188.1655,133,188.1528,188.1782
2024-01-15 10:04:40.020,188.0915,558,188.0753,188.1077
2024-01-15 10:04:40.987,188.2187,198,188.2061,188.2313
2024-01-15 10:04:41.017,188.2595,75,188.2427,188.2763
2024-01-15 10:04:43.978,188.239,108,188.2211,188.2569
2024-01-15 10:04:45.074,188.2593,228,188.2421,188.2765
2024-01-15 10:04:45.302,188.2434,303,188.2275,188.2592
2024-01-15 10:04:47.058,188.1775,1061,188.1687,188.1863
2024-01-15 10:04:48.801,188.3381,62,188.3234,188.3528
2024-01-15 10:04:49.247,188.4495,49,188.4371,188.4619
2024-01-15 10:04:50.063,188.298,257,188.2913,188.3047
2024-01-15 10:04:50.552,188.2475,78,188.2423,188.2528
2024-01-15 10:04:50.739,188.2005,8,188.1813,188.2197
2024-01-15 10:04:50.774,188.3304,287,188.3141,188.3468
2024-01-15 10:04:52.166,188.2639,46,188.2453,188.2825
2024-01-15 10:04:53.787,188.2363,92,188.2305,188.2422
2024-01-15 10:04:53.945,188.235,266,188.2282,188.2418
2024-01-15 10:04:56.541,188.295,234,188.2867,188.3033
2024-01-15 10:04:58.287,188.3736,166,188.3657,188.3816
2024-01-15 10:04:58.776,188.4229,191,188.4164,188.4294
2024-01-15 10:04:58.911,188.4274,109,188.4213,188.4335
2024-01-15 10:04:59.569,188.3454,233,188.3271,188.3636
2024-01-15 10:05:01.155,188.3951,166,188.3833,188.4069
2024-01-15 10:05:01.203,188.4556,48,188.4377,188.4735
2024-01-15 10:05:02.797,188.3995,50,188.3907,188.4083
2024-01-15 10:05:03.499,188.3829,221,188.3751,188.3907
2024-01-15 10:05:03.558,188.2813,54,188.2655,188.2972
2024-01-15 10:05:05.389,188.2752,205,188.2603,188.2902
2024-01-15 10:05:07.983,188.3403,297,188.3269,188.3537
2024-01-15 10:05:10.528,188.4125,403,188.4046,188.4204
2024-01-15 10:05:12.661,188.4147,40,188.4019,188.4276
2024-01-15 10:05:13.398,188.5998,66,188.5865,188.613
2024-01-15 10:05:16.453,188.6003,131,188.581,188.6195
2024-01-15 10:05:16.858,188.5607,28,188.5425,188.5789
2024-01-15 10:05:16.922,188.545,140,188.5378,188.5521
2024-01-15 10:05:20.229,188.4397,232,188.4266,188.4529
2024-01-15 10:05:22.606,188.4039,17,188.3943,188.4135
2024-01-15 10:05:24.983,188.4802,327,188.472,188.4884
2024-01-15 10:05:25.111,188.4683,21,188.4622,188.4744
2024-01-15 10:05:25.370,188.4507,124,188.4312,188.4702
2024-01-15 10:05:27.074,188.539,232,188.5234,188.5547
2024-01-15 10:05:27.670,188.638,57,188.6296,188.6464
2024-01-15 10:05:28.127,188.5402,37,188.5293,188.551
2024-01-15 10:05:32.457,188.5647,353,188.5519,188.5775
2024-01-15 10:05:34.529,188.5864,231,188.5776,188.5951
2024-01-15 10:05:35.586,188.5677,845,188.5583,188.577
2024-01-15 10:05:36.186,188.6063,199,188.5922,188.6203
2024-01-15 10:05:36.334,188.5397,191,188.5232,188.5562
2024-01-15 10:05:36.513,188.4067,868,188.3916,188.4218
2024-01-15 10:05:37.576,188.3119,57,188.2988,188.325
2024-01-15 10:05:37.884,188.3151,392,188.3045,188.3256
2024-01-15 10:05:37.964,188.2056,69,188.191,188.2202
2024-01-15 10:05:39.304,188.2376,69,188.2182,188.257
2024-01-15 10:05:42.145,188.1458,21,188.1372,188.1544
2024-01-15 10:05:43.360,188.2629,338,188.2563,188.2694
2024-01-15 10:05:45.275,188.2604,200,188.2536,188.2672
2024-01-15 10:05:46.658,188.2826,18,188.2723,188.2928
2024-01-15 10:05:48.422,188.2602,63,188.2442,188.2761
2024-01-15 10:05:49.573,188.2251,285,188.2149,188.2353
2024-01-15 10:05:50.316,188.2442,40,188.2288,188.2595
2024-01-15 10:05:50.438,188.253,155,188.2368,188.2692
2024-01-15 10:05:52.370,188.1758,60,188.1566,188.195
2024-01-15 10:05:52.639,188.1364,270,188.1257,188.147
2024-01-15 10:05:57.175,188.1263,195,188.1109,188.1418
2024-01-15 10:06:00.168,188.205,113,188.1943,188.2157
2024-01-15 10:06:01.017,188.1727,89,188.1552,188.1903
2024-01-15 10:06:03.503,188.2425,164,188.223,188.262
2024-01-15 10:06:04.350,188.2244,170,188.2148,188.234
2024-01-15 10:06:05.284,188.2582,117,188.2426,188.2738
2024-01-15 10:06:06.663,188.2642,640,188.2533,188.2751
2024-01-15 10:06:07.777,188.3134,257,188.304,188.3228
2024-01-15 10:06:07.795,188.4089,8,188.3975,188.4202
2024-01-15 10:06:08.688,188.4439,43,188.4263,188.4615
2024-01-15 10:06:09.003,188.4153,131,188.3968,188.4337
2024-01-15 10:06:09.835,188.3596,116,188.3457,188.3735
2024-01-15 10:06:10.006,188.3612,252,188.3499,188.3725
2024-01-15 10:06:11.158,188.3111,64,188.2924,188.3298
2024-01-15 10:06:11.262,188.356,205,188.3386,188.3733
2024-01-15 10:06:12.024,188.3337,214,188.3178,188.3495
2024-01-15 10:06:12.505,188.3593,50,188.3492,188.3695
2024-01-15 10:06:12.698,188.3436,12,188.3265,188.3607
2024-01-15 10:06:14.689,188.5428,269,188.5353,188.5502
2024-01-15 10:06:15.991,188.6215,170,188.6053,188.6377
2024-01-15 10:06:16.177,188.6421,72,188.6331,188.651
2024-01-15 10:06:17.755,188.685,601,188.6684,188.7017
2024-01-15 10:06:18.949,188.5437,46,188.5268,188.5606
2024-01-15 10:06:25.991,188.5114,128,188.5054,188.5173
2024-01-15 10:06:28.633,188.4486,110,188.4388,188.4585
2024-01-15 10:06:29.106,188.319,73,188.309,188.3291
2024-01-15 10:06:31.200,188.4044,53,188.387,188.4218
2024-01-15 10:06:33.484,188.4288,214,188.4142,188.4434
2024-01-15 10:06:34.664,188.4129,1814,188.4056,188.4202
2024-01-15 10:06:36.783,188.4634,35,188.456,188.4709
2024-01-15 10:06:37.181,188.4391,270,188.4261,188.4521
2024-01-15 10:06:37.792,182.7319,27,188.3743,188.3925
2024-01-15 10:06:39.449,188.4719,189,188.4667,188.4771
2024-01-15 10:06:41.060,188.4527,759,188.444,188.4614
2024-01-15 10:06:42.624,188.4186,418,188.4068,188.4305
2024-01-15 10:06:43.466,188.4162,116,188.4016,188.4308
2024-01-15 10:06:50.579,188.3778,291,188.3623,188.3933
2024-01-15 10:06:53.754,188.3545,356,188.3403,188.3688
2024-01-15 10:06:54.291,188.271,290,188.2653,188.2767
2024-01-15 10:06:57.838,188.1528,322,188.1374,188.1683
2024-01-15 10:07:01.480,188.2077,217,188.1971,188.2182
2024-01-15 10:07:03.619,188.2679,26,188.2487,188.287
2024-01-15 10:07:03.760,188.213,361,188.1944,188.2316
2024-01-15 10:07:08.197,188.2056,383,188.1967,188.2144
2024-01-15 10:07:10.957,188.196,847,188.1821,188.2098
2024-01-15 10:07:11.059,188.1368,268,188.1277,188.1459
2024-01-15 10:07:12.470,188.319,42,188.3126,188.3255
2024-01-15 10:07:16.116,188.2632,244,188.2436,188.2828
2024-01-15 10:07:17.363,188.2513,36,188.232,188.2706
2024-01-15 10:07:17.660,188.1811,341,188.1677,188.1946
2024-01-15 10:07:17.837,188.2066,1623,188.2005,188.2126
2024-01-15 10:07:17.906,188.2221,155,188.2077,188.2366
2024-01-15 10:07:18.155,188.3382,85,188.3226,188.3539
2024-01-15 10:07:18.833,188.3286,92,188.318,188.3392
2024-01-15 10:07:18.854,188.3597,13,188.3538,188.3656
2024-01-15 10:07:20.515,188.3233,209,188.3132,188.3335
2024-01-15 10:07:23.970,188.3021,82,188.2834,188.3208
2024-01-15 10:07:29.018,188.3372,242,188.3305,188.3439
2024-01-15 10:07:30.142,188.3893,327,188.3803,188.3982
2024-01-15 10:07:32.653,188.5095,316,188.4956,188.5233
2024-01-15 10:07:33.618,188.4507,185,188.4351,188.4663
2024-01-15 10:07:36.519,188.5281,1,188.5112,188.5449
2024-01-15 10:07:37.190,188.466,20,188.4519,188.4801
2024-01-15 10:07:41.402,188.4738,264,188.4548,188.4927
2024-01-15 10:07:42.724,188.5581,48,188.5477,188.5684
2024-01-15 10:07:42.990,188.483,259,188.4647,188.5013
2024-01-15 10:07:43.003,188.4017,19,188.3871,188.4162
2024-01-15 10:07:51.293,188.3788,255,188.3729,188.3847
2024-01-15 10:07:51.649,188.4371,101,188.4266,188.4477
2024-01-15 10:07:53.136,188.4598,168,188.4545,188.4652
2024-01-15 10:07:53.966,188.5121,266,188.5067,188.5175
2024-01-15 10:07:54.449,188.4925,232,188.486,188.4991
2024-01-15 10:07:55.385,188.5327,20,188.524,188.5414
2024-01-15 10:07:56.987,188.5695,3,188.5531,188.586
2024-01-15 10:07:57.777,188.5691,76,188.5586,188.5796
2024-01-15 10:07:58.061,188.6129,162,188.5974,188.6285
2024-01-15 10:07:58.813,188.6799,263,188.6601,188.6996
2024-01-15 10:08:00.955,188.693,106,188.6797,188.7062
2024-01-15 10:08:02.242,188.7435,244,188.7241,188.7629
2024-01-15 10:08:02.796,188.8021,308,188.7917,188.8125
2024-01-15 10:08:04.062,188.8721,110,188.8606,188.8837
2024-01-15 10:08:05.795,188.9013,324,188.8938,188.9088
2024-01-15 10:08:06.514,189.0127,53,189.0056,189.0198
2024-01-15 10:08:06.753,189.0039,120,188.9889,189.0188
2024-01-15 10:08:07.464,189.0244,56,189.0176,189.0312
2024-01-15 10:08:09.148,189.0366,15,189.0263,189.0469
2024-01-15 10:08:13.330,189.0531,22,189.0409,189.0652
2024-01-15 10:08:13.717,189.0125,395,188.9955,189.0295
2024-01-15 10:08:14.901,189.1165,282,189.1066,189.1263
2024-01-15 10:08:16.160,189.1429,292,189.1257,189.1602
2024-01-15 10:08:16.686,189.1929,116,189.1796,189.2063
2024-01-15 10:08:19.097,189.1083,558,189.0994,189.1171
2024-01-15 10:08:19.676,189.1046,38,189.0915,189.1176
2024-01-15 10:08:19.713,189.1495,292,189.1437,189.1554
2024-01-15 10:08:21.911,189.1028,1,189.0911,189.1144
2024-01-15 10:08:22.798,189.175,342,189.1636,189.1864
2024-01-15 10:08:23.289,189.3246,31,189.3081,189.3412
2024-01-15 10:08:25.661,189.3421,23,189.3291,189.3551
2024-01-15 10:08:27.009,189.3021,273,189.2924,189.3117
2024-01-15 10:08:27.037,189.3801,119,189.364,189.3962
2024-01-15 10:08:27.410,189.4217,530,189.4091,189.4343
2024-01-15 10:08:28.259,189.3812,92,189.3616,189.4007
2024-01-15 10:08:29.299,189.2596,173,189.2477,189.2715
2024-01-15 10:08:30.794,189.33,263,189.317,189.3429
2024-01-15 10:08:31.862,189.3903,660,189.3743,189.4064
2024-01-15 10:08:34.141,189.3821,212,189.3635,189.4007
2024-01-15 10:08:34.620,189.2783,396,189.2723,189.2842
2024-01-15 10:08:34.862,189.1321,408,189.1246,189.1395
2024-01-15 10:08:35.114,189.1216,42,189.1084,189.1348
2024-01-15 10:08:42.727,189.129,947,189.1107,189.1474
2024-01-15 10:08:43.970,189.0893,539,189.0781,189.1004
2024-01-15 10:08:45.632,189.0473,78,189.0295,189.0651
2024-01-15 10:08:45.893,189.0074,282,188.9903,189.0244
2024-01-15 10:08:47.259,188.9264,205,188.9117,188.9411
2024-01-15 10:08:48.861,189.0876,162,189.0819,189.0932
2024-01-15 10:08:51.538,189.1344,200,189.1196,189.1493
2024-01-15 10:08:52.411,189.1675,55,189.1553,189.1797
2024-01-15 10:08:52.598,189.1215,105,189.1081,189.1349
2024-01-15 10:08:54.890,189.1542,155,189.149,189.1593
2024-01-15 10:08:54.926,189.1823,85,189.1623,189.2022
2024-01-15 10:08:54.935,189.1756,128,189.1698,189.1815
2024-01-15 10:08:55.520,189.174,34,189.1647,189.1832
2024-01-15 10:09:00.017,189.0333,225,189.0229,189.0436
2024-01-15 10:09:00.483,189.0358,34,189.0262,189.0453
2024-01-15 10:09:03.225,189.0497,386,189.0381,189.0613
2024-01-15 10:09:04.239,188.966,1434,188.9535,188.9785
2024-01-15 10:09:05.370,188.9897,104,188.9724,189.0069
2024-01-15 10:09:05.477,188.9601,289,188.944,188.9761
2024-01-15 10:09:06.318,189.008,77,188.9993,189.0168
2024-01-15 10:09:09.208,189.0993,122,189.0862,189.1124
2024-01-15 10:09:09.743,189.0648,477,189.0573,189.0723
2024-01-15 10:09:10.583,189.1504,636,189.1383,189.1624
2024-01-15 10:09:13.432,189.068,436,189.0539,189.0821
2024-01-15 10:09:13.782,188.9684,175,188.9628,188.9739
2024-01-15 10:09:14.508,188.9865,907,188.973,188.9999
2024-01-15 10:09:14.824,188.966,160,188.9505,188.9814
2024-01-15 10:09:20.245,188.9252,130,188.9055,188.9449
2024-01-15 10:09:21.433,188.8904,121,188.8713,188.9095
2024-01-15 10:09:22.536,188.8485,294,188.8344,188.8625
2024-01-15 10:09:23.865,188.8065,67,188.7888,188.8242
2024-01-15 10:09:24.867,188.7951,582,188.7854,188.8048
2024-01-15 10:09:25.078,188.8105,77,188.7983,188.8227
2024-01-15 10:09:26.015,188.8878,31,188.8736,188.902
2024-01-15 10:09:27.775,189.0,7,188.9901,189.0099
2024-01-15 10:09:28.840,189.1197,339,189.1115,189.128
2024-01-15 10:09:29.142,189.1712,451,189.1525,189.1898
2024-01-15 10:09:31.282,189.1523,53,189.1336,189.171
2024-01-15 10:09:32.221,189.1093,178,189.0899,189.1287
2024-01-15 10:09:35.967,189.1723,87,189.159,189.1857
2024-01-15 10:09:37.099,189.0923,241,189.0766,189.1079
2024-01-15 10:09:37.206,189.1556,66,189.1425,189.1687
2024-01-15 10:09:37.213,189.1127,267,189.0965,189.1289
2024-01-15 10:09:37.213,188.9589,59,188.9431,188.9748
2024-01-15 10:09:38.663,188.889,194,188.877,188.9009
2024-01-15 10:09:39.841,188.8116,166,188.7969,188.8263
2024-01-15 10:09:41.483,188.79,45,188.7759,188.8041
2024-01-15 10:09:41.577,188.8791,139,188.8606,188.8976
2024-01-15 10:09:42.251,188.8985,60,188.8867,188.9102
2024-01-15 10:09:43.681,188.8633,72,188.8529,188.8738
2024-01-15 10:09:45.172,188.9106,584,188.8972,188.9239
2024-01-15 10:09:45.978,188.809,480,188.8022,188.8157
2024-01-15 10:09:47.452,188.7922,130,188.7855,188.7989
2024-01-15 10:09:47.538,188.5913,322,188.5822,188.6004
2024-01-15 10:09:51.972,188.6511,109,188.6399,188.6623
2024-01-15 10:09:53.136,188.6106,23,188.5983,188.6229
2024-01-15 10:09:56.900,188.6151,39,188.6055,188.6247
2024-01-15 10:09:58.409,188.6185,38,188.6014,188.6357
2024-01-15 10:10:03.420,188.475,93,188.4694,188.4805
2024-01-15 10:10:08.173,188.3718,62,188.3541,188.3895
2024-01-15 10:10:09.755,188.3316,471,188.3258,188.3374
2024-01-15 10:10:09.839,188.4366,32,188.4203,188.4528
2024-01-15 10:10:11.770,188.4108,291,188.3944,188.4272
2024-01-15 10:10:12.650,188.3233,144,188.3112,188.3354
2024-01-15 10:10:14.534,188.3116,45,188.2938,188.3294
2024-01-15 10:10:20.761,188.3658,41,188.3576,188.374
2024-01-15 10:10:21.959,188.4184,148,188.3993,188.4374
2024-01-15 10:10:22.498,188.4973,570,188.4854,188.5091
2024-01-15 10:10:23.333,188.4964,264,188.484,188.5088
2024-01-15 10:10:25.288,188.4493,118,188.4308,188.4677
2024-01-15 10:10:28.412,188.6007,472,188.5829,188.6185
2024-01-15 10:10:32.728,188.4631,20,188.4481,188.4781
2024-01-15 10:10:33.038,188.5133,43,188.4957,188.5309
2024-01-15 10:10:34.883,188.5317,620,188.5265,188.537
2024-01-15 10:10:36.195,188.4203,786,188.4013,188.4393
2024-01-15 10:10:36.620,188.3493,6,188.3434,188.3552
2024-01-15 10:10:41.924,188.3662,205,188.3507,188.3817
2024-01-15 10:10:45.283,188.3268,138,188.3141,188.3395
2024-01-15 10:10:46.444,188.3209,176,188.3044,188.3374
2024-01-15 10:10:52.962,188.1971,371,188.181,188.2131
2024-01-15 10:10:54.700,188.1528,53,188.1415,188.1642
2024-01-15 10:10:57.572,188.0572,158,188.0473,188.0672
2024-01-15 10:10:59.153,188.07,57,188.0629,188.0772
2024-01-15 10:10:59.715,188.1104,238,188.0975,188.1232
2024-01-15 10:11:00.013,188.195,1143,188.1758,188.2141
2024-01-15 10:11:00.576,188.2362,8,188.2175,188.2548
2024-01-15 10:11:03.306,188.2487,74,188.2429,188.2544
2024-01-15 10:11:03.526,188.2773,303,188.2645,188.2901
2024-01-15 10:11:04.780,188.3168,28,188.301,188.3326
2024-01-15 10:11:05.939,188.3332,108,188.3244,188.3421
2024-01-15 10:11:06.574,188.3503,41,188.3372,188.3635
2024-01-15 10:11:06.869,188.318,470,188.2994,188.3366
2024-01-15 10:11:07.249,188.3235,64,188.3125,188.3344
2024-01-15 10:11:07.608,188.3081,636,188.3011,188.315
2024-01-15 10:11:14.751,188.2686,244,188.261,188.2762
2024-01-15 10:11:14.786,188.3848,316,188.3718,188.3978
2024-01-15 10:11:17.991,188.542,219,188.5284,188.5556
2024-01-15 10:11:18.710,188.5496,64,188.5422,188.5569
2024-01-15 10:11:21.809,188.5129,180,188.507,188.5187
2024-01-15 10:11:21.939,188.5572,97,188.5411,188.5733
2024-01-15 10:11:25.384,188.5737,265,188.5562,188.5912
2024-01-15 10:11:25.578,188.5657,152,188.5583,188.573
2024-01-15 10:11:25.681,188.5089,70,188.5012,188.5167
2024-01-15 10:11:25.871,188.4493,417,188.4422,188.4565
2024-01-15 10:11:27.355,188.4618,13,188.4462,188.4774
2024-01-15 10:11:28.677,188.4941,30,188.4829,188.5054
2024-01-15 10:11:29.179,188.4812,99,188.4649,188.4975
2024-01-15 10:11:29.468,188.5263,66,188.5166,188.536
2024-01-15 10:11:30.022,188.588,14,188.5743,188.6016
2024-01-15 10:11:30.189,188.6254,77,188.6098,188.6411
2024-01-15 10:11:34.021,188.6491,325,188.6366,188.6616
2024-01-15 10:11:34.582,188.6438,161,188.6308,188.6568
2024-01-15 10:11:34.663,188.5383,653,188.5224,188.5543
2024-01-15 10:11:34.809,188.6375,251,188.6281,188.647
2024-01-15 10:11:35.378,188.5544,18,188.5392,188.5695
2024-01-15 10:11:36.987,188.4174,94,188.4108,188.424
2024-01-15 10:11:40.159,188.4556,14,188.4367,188.4745
2024-01-15 10:11:42.660,188.4675,53,188.4529,188.4821
2024-01-15 10:11:43.154,188.4918,14,188.4758,188.5078
2024-01-15 10:11:43.782,188.5516,429,188.5394,188.5638
2024-01-15 10:11:44.924,188.6146,115,188.6033,188.626
2024-01-15 10:11:45.766,188.5315,206,188.5193,188.5438
2024-01-15 10:11:47.110,188.5068,102,188.4996,188.514
2024-01-15 10:11:49.324,188.5317,189,188.5119,188.5514
2024-01-15 10:11:53.491,188.5041,74,188.4873,188.5208
2024-01-15 10:11:53.733,188.4739,92,188.4651,188.4826
2024-01-15 10:11:54.471,188.4186,210,188.4004,188.4367
2024-01-15 10:11:55.866,188.3352,384,188.3177,188.3526
2024-01-15 10:11:58.172,188.3621,377,188.3558,188.3683
2024-01-15 10:11:59.044,188.4285,110,188.4217,188.4353
2024-01-15 10:11:59.505,188.4435,214,188.4312,188.4558
2024-01-15 10:12:00.839,188.3284,163,188.3213,188.3356
2024-01-15 10:12:00.860,188.2245,260,188.2142,188.2348
2024-01-15 10:12:02.572,188.2833,12,188.2715,188.2951
2024-01-15 10:12:03.267,188.2765,1,188.258,188.295
2024-01-15 10:12:03.607,188.1813,16,188.1751,188.1875
2024-01-15 10:12:03.903,188.2331,192,188.2179,188.2483
2024-01-15 10:12:04.461,188.3383,121,188.3263,188.3503
2024-01-15 10:12:05.661,188.3737,126,188.3625,188.3849
2024-01-15 10:12:06.694,188.4148,231,188.4063,188.4233
2024-01-15 10:12:08.227,188.4189,133,188.4123,188.4254
2024-01-15 10:12:08.747,188.3879,381,188.3809,188.3949
2024-01-15 10:12:09.670,188.3096,225,188.2969,188.3224
2024-01-15 10:12:10.144,188.2918,170,188.2797,188.304
2024-01-15 10:12:14.533,188.2257,209,188.2116,188.2398
2024-01-15 10:12:15.918,188.1911,145,188.1792,188.2029
2024-01-15 10:12:20.438,188.2359,213,188.2274,188.2445
2024-01-15 10:12:21.515,188.2561,157,188.2481,188.2641
2024-01-15 10:12:22.660,188.1899,189,188.1764,188.2034
2024-01-15 10:12:24.647,188.1495,1163,188.1299,188.1691
2024-01-15 10:12:24.935,188.2111,108,188.1978,188.2243
2024-01-15 10:12:25.225,188.2684,514,188.2572,188.2796
2024-01-15 10:12:25.786,188.3546,267,188.3399,188.3693
2024-01-15 10:12:27.497,188.1775,238,188.1594,188.1955
2024-01-15 10:12:27.598,188.3586,471,188.3533,188.364
2024-01-15 10:12:28.721,188.36,78,188.3466,188.3735
2024-01-15 10:12:30.314,188.4689,99,188.457,188.4809
2024-01-15 10:12:32.993,188.3786,265,188.3701,188.387
2024-01-15 10:12:33.167,188.4106,153,188.4014,188.4197
2024-01-15 10:12:37.188,188.4636,9,188.4518,188.4755
2024-01-15 10:12:38.199,188.5508,347,188.5321,188.5695
2024-01-15 10:12:38.212,188.5524,87,188.5463,188.5586
2024-01-15 10:12:38.732,188.476,218,188.4629,188.4891
2024-01-15 10:12:40.825,188.6073,92,188.5893,188.6253
2024-01-15 10:12:42.825,188.6148,8,188.5974,188.6322
2024-01-15 10:12:46.610,188.5798,85,188.565,188.5946
2024-01-15 10:12:48.140,188.6198,154,188.608,188.6316
2024-01-15 10:12:48.944,188.577,570,188.5689,188.5851
2024-01-15 10:12:51.705,188.6662,39,188.6587,188.6736
2024-01-15 10:12:51.972,188.5784,45,188.5608,188.596
2024-01-15 10:12:54.774,188.4988,3,188.4799,188.5177
2024-01-15 10:12:56.203,188.6019,110,188.5849,188.6189
2024-01-15 10:12:56.594,188.6753,155,188.6597,188.691
2024-01-15 10:12:57.186,188.693,387,188.6782,188.7077
2024-01-15 10:13:02.833,188.6779,258,188.6668,188.6891
2024-01-15 10:13:07.957,188.8303,56,188.816,188.8445
2024-01-15 10:13:09.932,188.7983,99,188.7858,188.8108
2024-01-15 10:13:09.966,188.77,351,188.758,188.7819
2024-01-15 10:13:11.971,188.8017,196,188.7922,188.8112
2024-01-15 10:13:13.254,188.8766,724,188.8658,188.8874
2024-01-15 10:13:13.929,188.8507,17,188.8313,188.87
2024-01-15 10:13:18.527,188.8449,332,188.8265,188.8634
2024-01-15 10:13:18.552,188.9355,106,188.9168,188.9542
2024-01-15 10:13:18.809,188.9081,34,188.9021,188.914
2024-01-15 10:13:20.959,189.0455,159,189.0331,189.058
2024-01-15 10:13:21.559,189.1473,12,189.1347,189.16
2024-01-15 10:13:21.956,189.1754,396,189.162,189.1889
2024-01-15 10:13:23.083,189.1702,29,189.1596,189.1807
2024-01-15 10:13:23.250,189.1884,75,189.1764,189.2005
2024-01-15 10:13:25.204,189.2256,125,189.2075,189.2437
2024-01-15 10:13:30.105,189.2763,375,189.2631,189.2896
2024-01-15 10:13:31.738,189.2522,55,189.2362,189.2682
2024-01-15 10:13:35.775,189.1251,109,189.1117,189.1386
2024-01-15 10:13:36.561,189.195,298,189.1892,189.2007
2024-01-15 10:13:37.047,189.1906,112,189.1795,189.2018
2024-01-15 10:13:37.522,189.1133,726,189.1063,189.1202
2024-01-15 10:13:40.267,189.0374,670,189.0279,189.0469
2024-01-15 10:13:41.029,189.0872,159,189.0741,189.1002
2024-01-15 10:13:41.085,189.1212,38,189.1153,189.1271
2024-01-15 10:13:41.561,189.0856,275,189.0757,189.0954
2024-01-15 10:13:42.880,189.0846,49,189.065,189.1043
2024-01-15 10:13:44.422,189.0448,72,189.0315,189.058
2024-01-15 10:13:46.044,188.9862,66,188.9761,188.9964
2024-01-15 10:13:48.687,188.9523,45,188.9414,188.9632
2024-01-15 10:13:48.831,189.0185,14,189.0109,189.0262
2024-01-15 10:13:51.285,188.85,356,188.8306,188.8694
2024-01-15 10:13:52.023,188.8369,247,188.8223,188.8516
2024-01-15 10:13:52.883,188.8307,302,188.8222,188.8391
2024-01-15 10:13:53.605,188.7759,18,188.7621,188.7897
2024-01-15 10:13:54.303,188.7861,694,188.7718,188.8003
2024-01-15 10:13:57.726,188.6728,108,188.6635,188.6822
2024-01-15 10:14:00.652,188.6884,79,188.673,188.7038
2024-01-15 10:14:05.671,188.7684,98,188.7525,188.7844
2024-01-15 10:14:06.793,188.7151,200,188.6968,188.7335
2024-01-15 10:14:08.667,188.6738,124,188.66,188.6876
2024-01-15 10:14:10.363,188.5425,25,188.5241,188.5608
2024-01-15 10:14:12.169,188.6263,49,188.6171,188.6355
2024-01-15 10:14:13.189,188.7447,1059,188.7365,188.753
2024-01-15 10:14:13.882,188.7243,369,188.7133,188.7354
2024-01-15 10:14:15.301,188.6876,8,188.6784,188.6968
2024-01-15 10:14:17.550,188.7347,59,188.7224,188.747
2024-01-15 10:14:18.795,188.7778,736,188.771,188.7846
2024-01-15 10:14:21.467,188.7626,32,188.7479,188.7774
2024-01-15 10:14:22.489,188.7885,658,188.7772,188.7998
2024-01-15 10:14:25.655,188.7148,156,188.7059,188.7237
2024-01-15 10:14:26.621,188.6832,216,188.6678,188.6985
2024-01-15 10:14:26.778,188.5745,3,188.5605,188.5885
2024-01-15 10:14:28.732,188.4572,193,188.4407,188.4737
2024-01-15 10:14:30.020,188.519,47,188.5117,188.5264
2024-01-15 10:14:30.187,188.5291,88,188.5221,188.5361
2024-01-15 10:14:30.442,188.6306,114,188.6157,188.6455
2024-01-15 10:14:33.074,188.5976,40,188.584,188.6111
2024-01-15 10:14:33.135,188.6287,303,188.6132,188.6442
2024-01-15 10:14:35.040,188.6554,208,188.6357,188.6751
2024-01-15 10:14:37.586,188.7316,15,188.7208,188.7425
2024-01-15 10:14:37.895,188.7671,210,188.7508,188.7833
2024-01-15 10:14:39.022,188.7296,69,188.7198,188.7395
2024-01-15 10:14:39.810,188.7366,89,188.7194,188.7539
2024-01-15 10:14:41.513,188.7616,69,188.7544,188.7689
2024-01-15 10:14:42.470,188.8463,194,188.8326,188.8601
2024-01-15 10:14:49.535,188.8432,278,188.8294,188.857
2024-01-15 10:14:51.432,188.872,266,188.8553,188.8887
2024-01-15 10:14:51.751,188.8423,107,188.8238,188.8609
2024-01-15 10:14:54.113,188.924,359,188.9118,188.9362
2024-01-15 10:14:57.033,189.0097,16,188.9943,189.0252
2024-01-15 10:14:59.120,188.9382,256,188.926,188.9504
2024-01-15 10:14:59.463,188.9551,140,188.9472,188.963
2024-01-15 10:15:00.292,188.9918,95,188.9742,189.0094
2024-01-15 10:15:01.506,189.0219,300,189.0047,189.039
2024-01-15 10:15:02.927,188.9357,306,188.9282,188.9432
2024-01-15 10:15:06.935,188.9724,65,188.9531,188.9917
2024-01-15 10:15:08.730,188.981,51,188.9699,188.9921
2024-01-15 10:15:09.303,188.9781,18,188.968,188.9883
2024-01-15 10:15:10.313,188.9279,26,188.9217,188.9341
2024-01-15 10:15:11.069,188.9893,142,188.9779,189.0008
2024-01-15 10:15:12.210,188.9451,191,188.9398,188.9505
2024-01-15 10:15:14.710,188.9858,1211,188.9666,189.005
2024-01-15 10:15:19.500,188.9814,332,188.9624,189.0003
2024-01-15 10:15:20.376,189.016,170,189.0071,189.025
2024-01-15 10:15:21.207,189.0556,195,189.0491,189.062
2024-01-15 10:15:21.397,189.0336,134,189.0243,189.0428
2024-01-15 10:15:21.509,189.0704,449,189.0623,189.0784
2024-01-15 10:15:24.196,189.0097,2,188.9926,189.0268
2024-01-15 10:15:26.033,189.0964,4,189.0801,189.1127
2024-01-15 10:15:26.914,189.0649,43,189.0575,189.0723
2024-01-15 10:15:31.638,189.0664,76,189.0469,189.0859
2024-01-15 10:15:31.857,188.9949,172,188.9854,189.0045
2024-01-15 10:15:33.752,188.9374,352,188.9201,188.9548
2024-01-15 10:15:39.100,188.9575,12,188.9448,188.9703
2024-01-15 10:15:39.307,188.8673,402,188.8576,188.8769
2024-01-15 10:15:42.763,188.9403,102,188.9222,188.9584
2024-01-15 10:15:44.652,188.9008,39,188.8926,188.909
2024-01-15 10:15:45.599,189.0091,495,188.9894,189.0288
2024-01-15 10:15:48.815,189.1012,334,189.0955,189.1069
2024-01-15 10:15:49.281,189.1024,26,189.0882,189.1165
2024-01-15 10:15:50.299,189.0499,97,189.0436,189.0562
2024-01-15 10:15:50.603,188.9914,177,188.9835,188.9992
2024-01-15 10:15:51.675,189.0588,52,189.0403,189.0774
2024-01-15 10:15:52.068,189.0339,58,189.0175,189.0503
2024-01-15 10:15:52.128,188.9833,329,188.9648,189.0019
2024-01-15 10:15:52.881,189.0416,263,189.0221,189.061
2024-01-15 10:15:55.071,189.1138,570,189.1046,189.1229
2024-01-15 10:15:59.704,189.0665,177,189.0478,189.0852
2024-01-15 10:16:02.507,189.1058,138,189.0918,189.1198
2024-01-15 10:16:03.621,189.1245,980,189.1163,189.1328
2024-01-15 10:16:04.706,189.1486,165,189.1408,189.1563
2024-01-15 10:16:04.920,189.116,138,189.1012,189.1308
2024-01-15 10:16:05.539,189.1949,233,189.1789,189.2108
2024-01-15 10:16:09.267,189.0826,273,189.0665,189.0987
2024-01-15 10:16:09.368,189.0834,138,189.0669,189.0999
2024-01-15 10:16:10.505,189.1448,67,189.1374,189.1522
2024-01-15 10:16:11.248,189.189,295,189.1754,189.2026
2024-01-15 10:16:12.981,189.1881,152,189.1715,189.2046
2024-01-15 10:16:16.614,189.1664,109,189.1552,189.1776
2024-01-15 10:16:16.999,189.1677,394,189.1521,189.1832
2024-01-15 10:16:17.898,189.2764,335,189.2651,189.2877
2024-01-15 10:16:21.242,189.2328,27,189.2207,189.245
2024-01-15 10:16:21.597,189.3094,249,189.2917,189.327
2024-01-15 10:16:23.126,189.2512,201,189.2443,189.2582
2024-01-15 10:16:25.876,189.1743,332,189.1678,189.1808
2024-01-15 10:16:26.894,189.1697,1,189.1554,189.1839
2024-01-15 10:16:27.982,189.1285,7,189.1196,189.1374
2024-01-15 10:16:28.767,189.0981,74,189.0815,189.1147
2024-01-15 10:16:29.441,188.9461,54,188.9264,188.9658
2024-01-15 10:16:29.823,188.876,35,188.869,188.8829
2024-01-15 10:16:31.538,188.769,268,188.758,188.78
2024-01-15 10:16:35.161,188.8541,96,188.8346,188.8735
2024-01-15 10:16:36.433,188.8293,554,188.8202,188.8385
2024-01-15 10:16:37.559,188.7208,21,188.7049,188.7367
2024-01-15 10:16:39.254,188.6045,1,188.5913,188.6177
2024-01-15 10:16:39.584,188.5819,24,188.5666,188.5973
2024-01-15 10:16:43.069,188.5594,224,188.5518,188.5671
2024-01-15 10:16:43.194,188.475,416,188.4686,188.4815
2024-01-15 10:16:43.888,188.5268,380,188.5214,188.5322
2024-01-15 10:16:45.865,188.4258,173,188.4113,188.4404
2024-01-15 10:16:46.538,188.5869,1,188.5698,188.604
2024-01-15 10:16:47.491,188.6159,1100,188.5976,188.6343
2024-01-15 10:16:48.307,188.6446,202,188.6294,188.6598
2024-01-15 10:16:48.388,188.591,29,188.584,188.598
2024-01-15 10:16:48.691,188.6344,313,188.6204,188.6483
2024-01-15 10:16:56.192,188.7723,30,188.7542,188.7903
2024-01-15 10:16:56.962,188.7177,846,188.7013,188.734
2024-01-15 10:17:06.089,188.7483,271,188.7348,188.7618
2024-01-15 10:17:07.903,188.7098,18,188.7011,188.7185
2024-01-15 10:17:12.600,188.744,27,188.7386,188.7494
2024-01-15 10:17:14.090,188.7887,331,188.7836,188.7937
2024-01-15 10:17:15.258,188.7449,143,188.7309,188.7589
2024-01-15 10:17:15.441,188.7972,250,188.7793,188.815
2024-01-15 10:17:16.060,188.6686,1,188.6572,188.6801
2024-01-15 10:17:16.365,188.6508,14,188.64,188.6616
2024-01-15 10:17:20.627,188.6155,384,188.6051,188.6259
2024-01-15 10:17:24.221,188.6447,184,188.6358,188.6537
2024-01-15 10:17:24.283,188.642,93,188.6297,188.6543
2024-01-15 10:17:26.323,188.5191,286,188.512,188.5261
2024-01-15 10:17:27.441,188.567,188,188.5548,188.5792
2024-01-15 10:17:28.798,188.5393,332,188.5257,188.5529
2024-01-15 10:17:29.761,188.4747,170,188.4548,188.4945
2024-01-15 10:17:30.826,188.47,33,188.4609,188.479
2024-01-15 10:17:33.631,188.5302,1204,188.5141,188.5463
2024-01-15 10:17:33.697,188.5427,92,188.527,188.5585
2024-01-15 10:17:37.369,188.5233,133,188.5046,188.5421
2024-01-15 10:17:39.927,188.4594,23,188.4518,188.467
2024-01-15 10:17:40.459,188.4777,30,188.4681,188.4873
2024-01-15 10:17:40.572,188.5087,558,188.493,188.5244
2024-01-15 10:17:40.914,188.4041,81,188.396,188.4122
2024-01-15 10:17:41.575,188.3041,334,188.2989,188.3094
2024-01-15 10:17:42.172,188.3373,302,188.3226,188.352
2024-01-15 10:17:42.180,188.4908,116,188.4825,188.4991
2024-01-15 10:17:42.888,188.4123,106,188.3997,188.425
2024-01-15 10:17:45.656,188.4614,135,188.4453,188.4776
2024-01-15 10:17:46.344,188.4348,216,188.4196,188.45
2024-01-15 10:17:47.124,188.4337,12,188.4199,188.4474
2024-01-15 10:17:47.299,188.4251,118,188.4121,188.4381
2024-01-15 10:17:47.450,188.4731,31,188.4622,188.484
2024-01-15 10:17:47.787,188.4151,282,188.4038,188.4264
2024-01-15 10:17:47.927,188.4874,6,188.481,188.4937
2024-01-15 10:17:51.438,188.375,133,188.3662,188.3838
2024-01-15 10:17:54.591,188.5258,301,188.5126,188.539
2024-01-15 10:17:55.916,188.557,171,188.5409,188.5731
2024-01-15 10:17:55.950,188.6165,463,188.602,188.631
2024-01-15 10:18:01.437,188.6207,25,188.6132,188.6283
2024-01-15 10:18:03.056,188.5708,217,188.5518,188.5898
2024-01-15 10:18:03.456,188.6174,261,188.6107,188.6241
2024-01-15 10:18:04.571,188.6101,35,188.6007,188.6194
2024-01-15 10:18:06.557,188.5979,167,188.5872,188.6085
2024-01-15 10:18:10.733,188.6283,102,188.6205,188.6362
2024-01-15 10:18:11.931,188.7039,193,188.694,188.7138
2024-01-15 10:18:13.052,188.617,361,188.6116,188.6224
2024-01-15 10:18:15.106,188.6634,99,188.644,188.6828
2024-01-15 10:18:15.308,188.5984,440,188.5927,188.6041
2024-01-15 10:18:15.778,188.6418,79,188.6264,188.6573
2024-01-15 10:18:19.084,188.605,20,188.59,188.62
2024-01-15 10:18:20.949,188.5935,68,188.5756,188.6115
2024-01-15 10:18:22.187,188.4676,249,188.4585,188.4766
2024-01-15 10:18:30.467,188.5871,124,188.5777,188.5966
2024-01-15 10:18:30.923,188.6132,22,188.6055,188.6208
2024-01-15 10:18:31.833,188.5856,224,188.578,188.5932
2024-01-15 10:18:32.223,188.5902,21,188.5731,188.6072
2024-01-15 10:18:33.392,188.6137,169,188.608,188.6194
2024-01-15 10:18:33.741,188.6068,92,188.5959,188.6176
2024-01-15 10:18:34.369,188.6405,437,188.6299,188.6511
2024-01-15 10:18:34.994,188.7254,121,188.7109,188.74
2024-01-15 10:18:35.936,188.6375,217,188.6266,188.6484
2024-01-15 10:18:39.896,188.5108,19,188.4995,188.5222
2024-01-15 10:18:44.773,188.4072,6,188.3972,188.4173
2024-01-15 10:18:45.386,188.478,62,188.4653,188.4907
2024-01-15 10:18:46.657,188.4548,102,188.4445,188.4651
2024-01-15 10:18:47.387,188.4896,362,188.4805,188.4987
2024-01-15 10:18:50.203,188.436,121,188.4182,188.4538
2024-01-15 10:18:51.088,188.4834,94,188.4684,188.4985
2024-01-15 10:18:51.110,188.6147,222,188.5977,188.6317
2024-01-15 10:18:51.949,188.7352,302,188.7169,188.7535
2024-01-15 10:18:53.589,188.7348,36,188.7262,188.7434
2024-01-15 10:18:54.596,188.6931,262,188.6795,188.7066
2024-01-15 10:18:56.961,188.7427,180,188.732,188.7534
2024-01-15 10:18:57.758,188.8064,59,188.8009,188.812
2024-01-15 10:18:57.977,188.8722,644,188.861,188.8835
2024-01-15 10:18:59.276,188.9087,76,188.903,188.9145
2024-01-15 10:18:59.492,188.9945,7,188.9879,189.001
2024-01-15 10:19:00.256,189.1031,68,189.0854,189.1208
2024-01-15 10:19:02.128,189.1516,172,189.1324,189.1708
2024-01-15 10:19:02.870,189.1639,357,189.1548,189.173
2024-01-15 10:19:04.618,189.1132,5,189.1072,189.1192
2024-01-15 10:19:07.008,189.158,12,189.1518,189.1642
2024-01-15 10:19:08.997,189.1206,54,189.1152,189.126
2024-01-15 10:19:09.597,189.0789,209,189.0708,189.0871
2024-01-15 10:19:09.754,189.1009,577,189.0876,189.1143
2024-01-15 10:19:11.200,189.1095,195,189.098,189.1211
2024-01-15 10:19:12.088,189.0669,43,189.0537,189.0802
2024-01-15 10:19:12.121,189.0882,33,189.069,189.1073
2024-01-15 10:19:12.846,189.1485,46,189.1387,189.1583
2024-01-15 10:19:13.288,189.1936,207,189.1764,189.2108
2024-01-15 10:19:15.358,189.0914,730,189.0803,189.1025
2024-01-15 10:19:16.050,189.0925,225,189.0815,189.1035
2024-01-15 10:19:17.107,189.1391,14,189.1318,189.1464
2024-01-15 10:19:17.508,189.118,67,189.1083,189.1276
2024-01-15 10:19:17.510,189.1411,149,189.1231,189.159
2024-01-15 10:19:17.547,189.0041,97,188.9932,189.0151
2024-01-15 10:19:18.453,188.9654,49,188.9549,188.9759
2024-01-15 10:19:21.723,188.9907,376,188.9729,189.0085
2024-01-15 10:19:22.905,188.9606,174,188.9518,188.9694
2024-01-15 10:19:23.141,188.938,39,188.9237,188.9524
2024-01-15 10:19:23.264,188.9966,60,188.9911,189.0022
2024-01-15 10:19:24.271,188.9515,11,188.9406,188.9625
2024-01-15 10:19:24.664,188.9733,456,188.9669,188.9798
2024-01-15 10:19:24.851,189.0138,256,189.0025,189.025
2024-01-15 10:19:24.942,188.986,242,188.9805,188.9916
2024-01-15 10:19:25.282,188.9207,316,188.9041,188.9373
2024-01-15 10:19:30.541,188.9943,669,188.9776,189.0111
2024-01-15 10:19:33.401,188.8818,463,188.8754,188.8882
2024-01-15 10:19:34.527,189.0026,462,188.9859,189.0194
2024-01-15 10:19:36.520,189.0336,25,189.0211,189.0461
2024-01-15 10:19:37.338,189.0318,61,189.0215,189.0421
2024-01-15 10:19:39.022,189.0857,170,189.0764,189.095
2024-01-15 10:19:40.332,189.1627,769,189.1439,189.1815
2024-01-15 10:19:41.213,189.1503,27,189.1333,189.1674
2024-01-15 10:19:42.381,189.1608,16,189.1454,189.1763
2024-01-15 10:19:43.558,189.1115,309,189.0917,189.1313
2024-01-15 10:19:45.707,189.1391,139,189.1269,189.1512
2024-01-15 10:19:48.432,189.1456,346,189.1273,189.164
2024-01-15 10:19:48.974,189.1618,112,189.1471,189.1766
2024-01-15 10:19:49.870,189.2272,21,189.2134,189.241
2024-01-15 10:19:58.665,189.1081,45,189.1017,189.1146
2024-01-15 10:19:59.681,189.0761,95,189.0628,189.0894
2024-01-15 10:20:04.740,189.0626,84,189.052,189.0733
2024-01-15 10:20:08.115,189.1152,1160,189.1087,189.1217
2024-01-15 10:20:09.902,189.1633,471,189.1482,189.1783
2024-01-15 10:20:11.972,189.1206,37,189.1012,189.14
2024-01-15 10:20:12.499,189.2,358,189.1917,189.2082
2024-01-15 10:20:13.355,189.2127,314,189.2063,189.2191
2024-01-15 10:20:16.622,189.2711,1,189.2546,189.2876
2024-01-15 10:20:16.674,189.3298,58,189.3107,189.3489
2024-01-15 10:20:16.836,189.3163,161,189.3112,189.3213
2024-01-15 10:20:17.592,189.3547,97,189.3445,189.3649
2024-01-15 10:20:19.981,189.3679,159,189.3516,189.3841
2024-01-15 10:20:20.096,189.3136,355,189.3049,189.3224
2024-01-15 10:20:24.302,189.1998,57,189.1861,189.2134
2024-01-15 10:20:26.039,189.1635,176,189.1543,189.1726
2024-01-15 10:20:28.130,189.0739,159,189.0662,189.0817
2024-01-15 10:20:28.283,189.1461,642,189.1324,189.1597
2024-01-15 10:20:28.554,189.1063,64,189.087,189.1257
2024-01-15 10:20:29.267,189.075,154,189.055,189.0949
2024-01-15 10:20:34.776,188.9648,38,188.9566,188.9731
2024-01-15 10:20:35.766,188.9537,72,188.9393,188.968
2024-01-15 10:20:36.199,188.9715,358,188.9586,188.9845
2024-01-15 10:20:37.278,188.9698,62,188.9635,188.9761
2024-01-15 10:20:39.831,188.9468,90,188.93,188.9637
2024-01-15 10:20:40.108,188.95,86,188.9302,188.9698
2024-01-15 10:20:40.193,188.9048,120,188.8946,188.9151
2024-01-15 10:20:40.672,188.9232,238,188.9134,188.933
2024-01-15 10:20:41.109,188.9733,207,188.9609,188.9856
2024-01-15 10:20:41.924,188.9586,888,188.9529,188.9644
2024-01-15 10:20:42.134,188.9632,61,188.9552,188.9712
2024-01-15 10:20:44.203,188.8914,112,188.8858,188.897
2024-01-15 10:20:44.317,188.8503,50,188.8433,188.8573
2024-01-15 10:20:48.664,188.977,86,188.9589,188.9952
2024-01-15 10:20:51.555,188.9219,35,188.9036,188.9402
2024-01-15 10:20:51.840,188.7886,473,188.7696,188.8077
2024-01-15 10:20:54.242,188.823,64,188.8079,188.8382
2024-01-15 10:20:55.027,188.7907,327,188.7818,188.7996
2024-01-15 10:20:55.358,188.7815,23,188.7648,188.7982
2024-01-15 10:20:55.668,188.7458,13,188.7379,188.7538
2024-01-15 10:20:56.741,188.6351,122,188.6177,188.6525
2024-01-15 10:20:58.741,188.5849,1065,188.5697,188.6
2024-01-15 10:20:59.418,188.7054,544,188.6864,188.7245
2024-01-15 10:21:03.684,188.7018,387,188.6838,188.7198
2024-01-15 10:21:04.715,188.7084,30,188.6981,188.7187
2024-01-15 10:21:06.420,188.698,178,188.685,188.711
2024-01-15 10:21:06.455,188.708,21,188.6935,188.7225
2024-01-15 10:21:06.780,188.6684,28,188.652,188.6848
2024-01-15 10:21:06.963,188.6366,249,188.62,188.6533
2024-01-15 10:21:10.377,188.5933,365,188.5745,188.6121
2024-01-15 10:21:12.052,188.5447,14,188.5371,188.5523
2024-01-15 10:21:12.538,188.5675,37,188.559,188.5759
2024-01-15 10:21:14.230,188.5289,10,188.5181,188.5396
2024-01-15 10:21:17.187,188.4128,330,188.3954,188.4302
2024-01-15 10:21:19.787,188.3729,11,188.3569,188.3888
2024-01-15 10:21:20.204,188.3973,186,188.386,188.4087
2024-01-15 10:21:21.703,188.42,62,188.4121,188.4279
2024-01-15 10:21:25.713,188.4917,305,188.4775,188.5058
2024-01-15 10:21:26.379,188.5007,345,188.4839,188.5175
2024-01-15 10:21:26.936,188.5478,227,188.5391,188.5564
2024-01-15 10:21:29.734,188.4531,205,188.4467,188.4595
2024-01-15 10:21:29.884,188.4093,422,188.3929,188.4257
2024-01-15 10:21:30.178,188.3725,503,188.3626,188.3823
2024-01-15 10:21:30.885,188.3563,97,188.3476,188.365
2024-01-15 10:21:33.128,188.2436,7,188.2237,188.2636
2024-01-15 10:21:34.915,188.1929,41,188.1733,188.2125
2024-01-15 10:21:37.561,188.1861,136,188.1739,188.1984
2024-01-15 10:21:38.896,188.149,454,188.1325,188.1654
2024-01-15 10:21:42.212,188.2266,315,188.211,188.2422
2024-01-15 10:21:43.366,188.1672,864,188.1546,188.1798
2024-01-15 10:21:45.325,188.204,75,188.1908,188.2171
2024-01-15 10:21:46.860,188.2076,115,188.1917,188.2234
2024-01-15 10:21:47.245,188.2564,496,188.2367,188.2761
2024-01-15 10:21:49.946,188.2936,138,188.2755,188.3116
2024-01-15 10:21:51.492,188.352,607,188.3333,188.3707
2024-01-15 10:21:56.367,188.2419,522,188.226,188.2578
2024-01-15 10:21:56.442,188.1197,359,188.1103,188.1292
2024-01-15 10:21:57.645,188.1556,28,188.1477,188.1635
2024-01-15 10:21:58.185,188.0236,278,188.0102,188.037
2024-01-15 10:21:58.264,187.9797,760,187.974,187.9854
2024-01-15 10:21:58.529,188.0732,456,188.0679,188.0784
2024-01-15 10:22:00.053,188.0156,108,188.0034,188.0279
2024-01-15 10:22:03.004,188.0586,268,188.0406,188.0767
2024-01-15 10:22:03.199,187.9906,220,187.975,188.0062
2024-01-15 10:22:04.410,187.9271,606,187.9115,187.9427
2024-01-15 10:22:05.394,187.9562,154,187.9511,187.9612
2024-01-15 10:22:05.890,187.9772,1,187.9658,187.9886
2024-01-15 10:22:06.027,187.9943,34,187.982,188.0067
2024-01-15 10:22:07.919,187.9597,302,187.9454,187.974
2024-01-15 10:22:08.719,187.9716,10,187.9579,187.9853
2024-01-15 10:22:09.100,187.9654,187,187.9459,187.9849
2024-01-15 10:22:11.175,187.9697,186,187.9526,187.9869
2024-01-15 10:22:12.235,187.9854,225,187.9684,188.0024
2024-01-15 10:22:14.933,188.0204,409,188.0075,188.0332
2024-01-15 10:22:15.272,188.0827,354,188.0772,188.0883
2024-01-15 10:22:15.563,188.0081,324,187.9888,188.0275
2024-01-15 10:22:17.397,187.981,774,187.9701,187.992
2024-01-15 10:22:19.939,187.9933,48,187.9859,188.0007
2024-01-15 10:22:19.977,187.8871,19,187.878,187.8963
2024-01-15 10:22:21.450,187.9384,101,187.9284,187.9484
2024-01-15 10:22:24.081,187.8935,15,187.879,187.9081
2024-01-15 10:22:29.149,187.9318,644,187.9243,187.9392
2024-01-15 10:22:31.905,188.0256,94,188.015,188.0362
2024-01-15 10:22:35.246,187.8912,92,187.8792,187.9032
2024-01-15 10:22:38.044,187.9107,14,187.9004,187.921
2024-01-15 10:22:38.681,187.7837,394,187.7738,187.7935
2024-01-15 10:22:39.923,187.7871,306,187.769,187.8051
2024-01-15 10:22:41.622,187.7968,92,187.7768,187.8167
2024-01-15 10:22:42.042,187.7608,174,187.7513,187.7702
2024-01-15 10:22:43.345,187.7745,155,187.7599,187.789
2024-01-15 10:22:44.462,187.8042,4,187.7989,187.8095
2024-01-15 10:22:45.267,187.7408,176,187.7292,187.7525
2024-01-15 10:22:45.454,187.6694,49,187.6607,187.6781
2024-01-15 10:22:45.472,187.6928,333,187.685,187.7006
2024-01-15 10:22:46.444,187.7447,322,187.7328,187.7566
2024-01-15 10:22:46.593,187.8569,326,187.8472,187.8667
2024-01-15 10:22:48.165,187.8119,61,187.8022,187.8216
2024-01-15 10:22:50.831,187.7727,154,187.7671,187.7782
2024-01-15 10:22:50.999,187.866,125,187.8475,187.8845
2024-01-15 10:22:51.233,187.8306,36,187.8114,187.8497
2024-01-15 10:22:52.873,187.7911,45,187.7823,187.8
2024-01-15 10:22:54.051,187.7998,34,187.7863,187.8134
2024-01-15 10:22:55.122,187.8414,39,187.8296,187.8531
2024-01-15 10:22:55.340,187.9007,196,187.8936,187.9078
2024-01-15 10:22:55.485,187.8431,159,187.8291,187.857
2024-01-15 10:22:55.560,187.9189,62,187.9067,187.9312
2024-01-15 10:22:56.383,188.0022,228,187.9969,188.0076
2024-01-15 10:23:04.050,188.0352,513,188.0261,188.0442
2024-01-15 10:23:05.947,188.0768,271,188.059,188.0946
2024-01-15 10:23:06.337,187.9618,109,187.9517,187.9719
2024-01-15 10:23:06.599,187.884,133,187.8647,187.9034
2024-01-15 10:23:06.794,187.927,76,187.9194,187.9347
2024-01-15 10:23:09.410,187.9343,444,187.9271,187.9415
2024-01-15 10:23:10.219,187.8842,243,187.877,187.8913
2024-01-15 10:23:10.651,187.8202,415,187.8006,187.8398
2024-01-15 10:23:11.294,187.7009,143,187.6861,187.7157
2024-01-15 10:23:13.884,187.6937,306,187.6864,187.701
2024-01-15 10:23:14.030,187.7747,125,187.7669,187.7825
2024-01-15 10:23:15.438,187.7919,21,187.7813,187.8025
2024-01-15 10:23:19.184,187.8301,144,187.8186,187.8417
2024-01-15 10:23:19.250,187.8056,67,187.7995,187.8117
2024-01-15 10:23:22.048,187.7214,302,187.7079,187.7348
2024-01-15 10:23:22.410,187.769,709,187.7587,187.7793
2024-01-15 10:23:23.709,187.7776,117,187.7598,187.7954
2024-01-15 10:23:24.928,187.7903,676,187.7794,187.8012
2024-01-15 10:23:25.386,187.7851,1,187.7737,187.7965
2024-01-15 10:23:26.393,187.8078,146,187.7957,187.8199
2024-01-15 10:23:30.378,187.8256,173,187.8115,187.8396
2024-01-15 10:23:30.801,187.8445,4,187.8383,187.8507
2024-01-15 10:23:31.989,187.8472,124,187.8381,187.8563
2024-01-15 10:23:32.546,187.7336,123,187.7146,187.7525
2024-01-15 10:23:32.665,187.7047,241,187.69,187.7194
2024-01-15 10:23:36.039,187.7126,31,187.707,187.7182
2024-01-15 10:23:42.046,187.7093,583,187.6926,187.7261
2024-01-15 10:23:42.081,187.775,71,187.7615,187.7885
2024-01-15 10:23:42.561,187.7009,135,187.6874,187.7144
2024-01-15 10:23:43.825,187.6107,378,187.6025,187.619
2024-01-15 10:23:48.275,187.648,127,187.6308,187.6652
2024-01-15 10:23:49.838,187.6167,421,187.6083,187.6251
2024-01-15 10:23:51.123,187.6487,225,187.639,187.6584
2024-01-15 10:23:52.249,187.6683,612,187.6575,187.6791
2024-01-15 10:23:52.749,187.7234,165,187.7041,187.7427
2024-01-15 10:23:53.452,187.8659,48,187.8598,187.8719
2024-01-15 10:23:54.742,187.8993,152,187.8922,187.9065
2024-01-15 10:23:59.350,187.9758,55,187.9593,187.9922
2024-01-15 10:23:59.368,187.9592,150,187.9392,187.9791
2024-01-15 10:24:00.584,187.8626,274,187.8441,187.8811
2024-01-15 10:24:06.308,187.8107,203,187.7985,187.8229
2024-01-15 10:24:06.518,187.7727,66,187.7634,187.7821
2024-01-15 10:24:08.406,187.7882,61,187.7772,187.7992
2024-01-15 10:24:08.568,187.815,607,187.809,187.8209
2024-01-15 10:24:11.979,187.9001,213,187.8804,187.9198
2024-01-15 10:24:13.243,187.9368,144,187.9279,187.9457
2024-01-15 10:24:13.457,187.934,199,187.9252,187.9429
2024-01-15 10:24:16.492,188.0331,184,188.0204,188.0457
2024-01-15 10:24:17.310,188.0086,157,188.0008,188.0164
2024-01-15 10:24:17.967,188.1157,48,188.0984,188.133
2024-01-15 10:24:18.440,188.1007,104,188.0909,188.1105
2024-01-15 10:24:18.776,188.1369,17,188.1255,188.1483
2024-01-15 10:24:18.873,188.2344,284,188.2205,188.2483
2024-01-15 10:24:19.002,188.3285,41,188.3105,188.3465
2024-01-15 10:24:20.077,188.3408,11,188.3324,188.3492
2024-01-15 10:24:23.278,188.296,176,188.282,188.3101
2024-01-15 10:24:26.878,188.2761,653,188.2663,188.2858
2024-01-15 10:24:35.893,188.3028,673,188.2956,188.31
2024-01-15 10:24:40.630,188.3163,716,188.3092,188.3234
2024-01-15 10:24:40.727,188.2476,71,188.2367,188.2585
2024-01-15 10:24:42.385,188.2317,106,188.2246,188.2388
2024-01-15 10:24:44.880,188.2312,5,188.2135,188.249
2024-01-15 10:24:45.335,188.2516,204,188.2354,188.2678
2024-01-15 10:24:49.193,188.0878,177,188.0788,188.0969
2024-01-15 10:24:54.483,188.1306,314,188.1245,188.1367
2024-01-15 10:24:55.744,188.1084,193,188.0942,188.1226
2024-01-15 10:24:58.568,188.1089,116,188.1009,188.1168
2024-01-15 10:24:59.533,188.1385,536,188.1298,188.1472
2024-01-15 10:25:03.083,188.0651,101,188.0535,188.0766
2024-01-15 10:25:08.929,188.1309,153,188.1209,188.141
2024-01-15 10:25:09.694,188.033,288,188.0262,188.0397
2024-01-15 10:25:10.666,187.9402,127,187.9349,187.9455
2024-01-15 10:25:13.516,187.9749,310,187.9562,187.9936
2024-01-15 10:25:17.321,188.0186,511,187.9995,188.0377
2024-01-15 10:25:19.022,188.0647,552,188.0579,188.0714
2024-01-15 10:25:19.387,188.0158,21,188.0053,188.0262
2024-01-15 10:25:20.205,188.031,780,188.0221,188.0398
2024-01-15 10:25:22.021,188.108,393,188.0948,188.1211
2024-01-15 10:25:22.319,188.0867,85,188.0726,188.1009
2024-01-15 10:25:22.393,188.1372,391,188.118,188.1564
2024-01-15 10:25:22.535,188.1749,50,188.1632,188.1865
2024-01-15 10:25:24.652,188.2821,10,188.2629,188.3012
2024-01-15 10:25:25.908,188.2125,342,188.2045,188.2206
2024-01-15 10:25:27.188,188.2853,220,188.2736,188.297
2024-01-15 10:25:27.548,188.3126,418,188.3066,188.3186
2024-01-15 10:25:31.377,188.2669,357,188.2618,188.272
2024-01-15 10:25:33.571,188.285,3,188.2748,188.2951
2024-01-15 10:25:33.996,188.2636,47,188.2529,188.2744
2024-01-15 10:25:36.031,188.3013,19,188.2951,188.3076
2024-01-15 10:25:38.125,188.3261,450,188.3062,188.346
2024-01-15 10:25:44.672,188.3929,231,188.3839,188.4019
2024-01-15 10:25:44.945,188.3939,333,188.3747,188.4131
2024-01-15 10:25:46.549,188.4351,93,188.4179,188.4522
2024-01-15 10:25:46.958,188.5594,12,188.545,188.5737
2024-01-15 10:25:47.284,188.6321,142,188.6266,188.6376
2024-01-15 10:25:47.799,188.648,38,188.6318,188.6643
2024-01-15 10:25:47.995,188.6892,225,188.6726,188.7058
2024-01-15 10:25:49.023,188.6338,231,188.6142,188.6533
2024-01-15 10:25:50.206,188.5339,39,188.5205,188.5473
2024-01-15 10:25:52.169,188.541,336,188.5327,188.5494
2024-01-15 10:25:52.920,188.494,222,188.4869,188.5012
2024-01-15 10:25:53.014,188.601,115,188.5952,188.6069
2024-01-15 10:25:54.433,188.6153,85,188.6031,188.6274
2024-01-15 10:25:54.592,188.6458,226,188.6276,188.664
2024-01-15 10:25:55.547,188.6916,206,188.6849,188.6982
2024-01-15 10:25:56.184,188.6503,920,188.6426,188.658
2024-01-15 10:25:56.378,188.5879,608,188.5792,188.5966
2024-01-15 10:25:56.566,188.5115,46,188.503,188.52
2024-01-15 10:25:56.769,188.6305,391,188.6214,188.6395
2024-01-15 10:25:58.295,188.511,98,188.492,188.5299
2024-01-15 10:25:58.956,188.5168,99,188.5055,188.5282
2024-01-15 10:25:59.754,188.6374,604,188.6264,188.6484
2024-01-15 10:26:00.174,188.6365,109,188.617,188.656
2024-01-15 10:26:03.894,188.5731,165,188.5667,188.5794
2024-01-15 10:26:05.162,188.6561,232,188.6371,188.6751
2024-01-15 10:26:05.509,188.6497,15,188.6308,188.6686
2024-01-15 10:26:06.989,188.6991,133,188.684,188.7143
2024-01-15 10:26:07.415,188.7463,368,188.7412,188.7515
2024-01-15 10:26:09.413,188.6481,445,188.6281,188.668
2024-01-15 10:26:11.850,188.7022,459,188.6876,188.7168
2024-01-15 10:26:13.347,188.7335,44,188.7189,188.7482
2024-01-15 10:26:14.209,188.6473,74,188.6286,188.6659
2024-01-15 10:26:14.704,188.5077,210,188.4946,188.5207
2024-01-15 10:26:19.615,188.4134,406,188.4066,188.4202
2024-01-15 10:26:19.750,188.3429,47,188.3338,188.352
2024-01-15 10:26:22.074,188.3105,33,188.2946,188.3263
2024-01-15 10:26:28.595,188.3125,152,188.2947,188.3304
2024-01-15 10:26:29.607,188.3058,104,188.2981,188.3135
2024-01-15 10:26:30.815,188.1609,333,188.1463,188.1754
2024-01-15 10:26:31.438,188.0839,94,188.0689,188.099
2024-01-15 10:26:33.814,187.9747,140,187.9618,187.9877
2024-01-15 10:26:35.805,187.9656,41,187.9544,187.9767
2024-01-15 10:26:35.902,188.0972,181,188.0806,188.1137
2024-01-15 10:26:41.843,188.05,22,188.0413,188.0586
2024-01-15 10:26:42.519,188.0286,52,188.0194,188.0378
2024-01-15 10:26:42.660,187.8988,73,187.8875,187.9101
2024-01-15 10:26:48.399,187.8988,102,187.8853,187.9124
2024-01-15 10:26:55.657,187.874,96,187.8606,187.8874
2024-01-15 10:26:56.247,187.8488,183,187.8434,187.8541
2024-01-15 10:26:57.171,187.9561,44,187.9384,187.9738
2024-01-15 10:26:58.754,187.9121,565,187.9015,187.9227
2024-01-15 10:26:58.953,187.9375,685,187.9201,187.9549
2024-01-15 10:27:00.087,188.0138,302,188.0085,188.0192
2024-01-15 10:27:00.141,188.1371,48,188.1237,188.1505
2024-01-15 10:27:00.730,188.1851,99,188.1685,188.2016
2024-01-15 10:27:04.063,188.1794,117,188.1631,188.1957
2024-01-15 10:27:04.895,188.1518,122,188.144,188.1596
2024-01-15 10:27:06.358,188.1278,46,188.1106,188.145
2024-01-15 10:27:06.363,188.0215,125,188.0165,188.0266
2024-01-15 10:27:10.588,187.9557,199,187.9447,187.9668
2024-01-15 10:27:13.071,187.9351,570,187.9258,187.9444
2024-01-15 10:27:14.847,187.9065,57,187.8904,187.9226
2024-01-15 10:27:19.013,187.9393,75,187.928,187.9505
2024-01-15 10:27:19.693,187.7916,166,187.7859,187.7974
2024-01-15 10:27:20.216,187.8556,289,187.8477,187.8635
2024-01-15 10:27:21.763,193.4089,562,187.7605,187.7907
2024-01-15 10:27:25.218,187.7603,630,187.7495,187.7711
2024-01-15 10:27:25.617,187.7623,483,187.7447,187.7798
2024-01-15 10:27:26.293,187.8522,394,187.8461,187.8583
2024-01-15 10:27:29.443,187.8323,751,187.8182,187.8464
2024-01-15 10:27:31.365,187.887,12,187.8762,187.8977
2024-01-15 10:27:31.912,187.8178,111,187.8029,187.8326
2024-01-15 10:27:36.766,187.8703,28,187.8511,187.8894
2024-01-15 10:27:37.378,187.8337,199,187.8274,187.84
2024-01-15 10:27:38.018,187.9341,97,187.9231,187.945
2024-01-15 10:27:39.668,187.8423,406,187.8295,187.855
2024-01-15 10:27:41.229,187.8358,576,187.8208,187.8507
2024-01-15 10:27:43.517,187.9019,106,187.8946,187.9093
2024-01-15 10:27:46.244,187.9147,82,187.9047,187.9246
2024-01-15 10:27:46.487,187.8896,792,187.8837,187.8956
2024-01-15 10:27:48.906,187.9626,721,187.9445,187.9807
2024-01-15 10:27:49.287,187.8393,31,187.8311,187.8475
2024-01-15 10:27:50.959,187.9699,447,187.9546,187.9852
2024-01-15 10:27:52.011,187.9684,17,187.9526,187.9842
2024-01-15 10:27:52.712,188.0898,164,188.084,188.0956
2024-01-15 10:27:55.581,188.0936,13,188.0778,188.1094
2024-01-15 10:27:56.550,188.2237,77,188.2044,188.243
2024-01-15 10:27:56.699,188.1956,78,188.1796,188.2116
2024-01-15 10:27:56.946,188.2301,192,188.2151,188.2452
2024-01-15 10:27:58.452,188.2937,62,188.2879,188.2995
2024-01-15 10:27:59.980,188.2952,36,188.2838,188.3066
2024-01-15 10:28:00.384,188.2586,146,188.2511,188.2661
2024-01-15 10:28:01.146,188.1065,309,188.1005,188.1125
2024-01-15 10:28:01.438,188.0906,97,188.071,188.1102
2024-01-15 10:28:04.007,188.0473,38,188.0283,188.0663
2024-01-15 10:28:05.610,188.0885,118,188.0747,188.1022
2024-01-15 10:28:06.215,188.195,7,188.1831,188.207
2024-01-15 10:28:06.439,188.1633,154,188.1537,188.173
2024-01-15 10:28:10.455,188.0984,157,188.0876,188.1092
2024-01-15 10:28:10.931,188.0768,63,188.0652,188.0885
2024-01-15 10:28:11.434,188.195,261,188.1781,188.2119
2024-01-15 10:28:11.434,188.2136,30,188.1988,188.2285
2024-01-15 10:28:18.810,188.1919,117,188.1751,188.2087
2024-01-15 10:28:20.051,188.169,168,188.1582,188.1799
2024-01-15 10:28:21.483,188.1818,13,188.1728,188.1907
2024-01-15 10:28:23.543,188.2479,88,188.2426,188.2533
2024-01-15 10:28:23.987,188.2548,367,188.2438,188.2659
2024-01-15 10:28:26.119,188.2447,154,188.2286,188.2608
2024-01-15 10:28:27.010,188.2323,92,188.2247,188.2398
2024-01-15 10:28:29.102,188.2515,6,188.2381,188.2649
2024-01-15 10:28:29.455,188.2201,176,188.2077,188.2324
2024-01-15 10:28:30.338,188.1137,196,188.099,188.1284
2024-01-15 10:28:30.884,188.1926,325,188.1756,188.2095
2024-01-15 10:28:32.790,188.2824,113,188.2725,188.2924
2024-01-15 10:28:35.068,188.3255,540,188.3065,188.3446
2024-01-15 10:28:35.495,188.3412,157,188.3273,188.3551
2024-01-15 10:28:38.675,188.3596,11,188.3495,188.3697
2024-01-15 10:28:39.458,188.2819,251,188.2671,188.2966
2024-01-15 10:28:41.844,188.2387,623,188.2328,188.2447
2024-01-15 10:28:42.324,188.1996,26,188.1875,188.2117
2024-01-15 10:28:42.578,188.1948,1147,188.1856,188.204
2024-01-15 10:28:45.413,188.1771,692,188.16,188.1942
2024-01-15 10:28:47.102,188.182,654,188.1726,188.1914
2024-01-15 10:28:48.740,188.1539,277,188.1454,188.1623
2024-01-15 10:28:52.300,188.2459,358,188.2329,188.259
2024-01-15 10:28:54.194,188.2605,28,188.2528,188.2682
2024-01-15 10:28:55.752,188.2842,13,188.276,188.2924
2024-01-15 10:28:56.554,188.3461,54,188.3275,188.3648
2024-01-15 10:28:56.722,188.3346,138,188.318,188.3512
2024-01-15 10:28:57.585,188.3902,453,188.3827,188.3976
2024-01-15 10:28:57.651,188.2195,605,188.2112,188.2278
2024-01-15 10:29:03.149,188.1902,108,188.1844,188.196
2024-01-15 10:29:03.963,188.2458,92,188.2333,188.2584
2024-01-15 10:29:05.536,188.3076,27,188.294,188.3212
2024-01-15 10:29:06.511,188.2342,72,188.2161,188.2523
2024-01-15 10:29:10.256,188.1886,420,188.1731,188.2041
2024-01-15 10:29:10.787,188.2259,470,188.2186,188.2333
2024-01-15 10:29:11.397,188.2025,142,188.1866,188.2184
2024-01-15 10:29:11.732,188.1959,550,188.1761,188.2157
2024-01-15 10:29:11.898,188.1932,81,188.1794,188.207
2024-01-15 10:29:12.817,188.185,101,188.1718,188.1981
2024-01-15 10:29:13.922,188.1733,202,188.159,188.1877
2024-01-15 10:29:17.493,188.1695,32,188.1519,188.1871
2024-01-15 10:29:20.845,188.187,51,188.174,188.2
2024-01-15 10:29:20.846,188.0886,75,188.0749,188.1022
2024-01-15 10:29:21.343,188.1098,293,188.1014,188.1181
2024-01-15 10:29:21.597,188.0842,233,188.0691,188.0993
2024-01-15 10:29:24.551,188.0418,63,188.027,188.0566
2024-01-15 10:29:28.594,188.0962,143,188.0905,188.102
2024-01-15 10:29:29.058,188.0404,56,188.03,188.0507
2024-01-15 10:29:30.103,188.0188,91,188.0053,188.0323
2024-01-15 10:29:31.104,187.9865,112,187.9775,187.9955
2024-01-15 10:29:31.881,187.9679,187,187.948,187.9879
2024-01-15 10:29:31.917,187.9515,4,187.9439,187.9591
2024-01-15 10:29:32.682,187.9633,117,187.9437,187.983
2024-01-15 10:29:32.784,187.8852,112,187.8695,187.9009
2024-01-15 10:29:32.952,187.9817,125,187.9677,187.9957
2024-01-15 10:29:32.964,188.0574,138,188.0475,188.0674
2024-01-15 10:29:34.269,188.1427,49,188.1361,188.1492
2024-01-15 10:29:38.582,188.156,246,188.1504,188.1616
2024-01-15 10:29:41.339,188.2377,178,188.2184,188.2571
2024-01-15 10:29:43.285,188.148,111,188.1357,188.1604
2024-01-15 10:29:44.550,188.1173,42,188.0985,188.1361
2024-01-15 10:29:45.225,188.1159,492,188.1005,188.1312
2024-01-15 10:29:46.437,188.2057,293,188.1973,188.2142
2024-01-15 10:29:47.362,188.1964,80,188.1817,188.211
2024-01-15 10:29:49.385,188.0248,274,188.0174,188.0321
2024-01-15 10:29:51.720,188.1401,62,188.1267,188.1534
2024-01-15 10:29:52.569,188.0932,450,188.083,188.1034
2024-01-15 10:30:00.011,188.0551,710,188.0436,188.0667
2024-01-15 10:30:00.524,187.9923,18,187.9746,188.0099
2024-01-15 10:30:00.814,187.9518,106,187.934,187.9695
2024-01-15 10:30:01.659,187.8496,84,187.8331,187.866
2024-01-15 10:30:02.869,187.883,459,187.8633,187.9027
2024-01-15 10:30:04.184,187.7836,78,187.7687,187.7985
2024-01-15 10:30:05.149,187.7978,88,187.7786,187.8171
2024-01-15 10:30:05.776,187.8052,409,187.787,187.8235
2024-01-15 10:30:11.668,187.7181,215,187.7069,187.7294
2024-01-15 10:30:12.232,187.6507,5,187.6374,187.6639
2024-01-15 10:30:13.451,187.5678,2,187.557,187.5786
2024-01-15 10:30:14.714,187.6639,141,187.6491,187.6788
2024-01-15 10:30:14.721,187.6716,167,187.6576,187.6857
2024-01-15 10:30:17.055,187.6819,169,187.6659,187.6979
2024-01-15 10:30:17.641,187.7108,429,187.6958,187.7259
2024-01-15 10:30:18.539,187.6817,72,187.6758,187.6877
2024-01-15 10:30:18.599,187.7208,580,187.7157,187.7259
2024-01-15 10:30:22.200,187.7407,172,187.725,187.7563
2024-01-15 10:30:22.554,187.5831,27,187.5656,187.6007
2024-01-15 10:30:24.495,187.6005,263,187.5936,187.6074
2024-01-15 10:30:25.479,187.5915,136,187.5783,187.6047
2024-01-15 10:30:27.209,187.579,97,187.5684,187.5896
2024-01-15 10:30:28.996,187.551,137,187.5345,187.5674
2024-01-15 10:30:29.018,187.6444,21,187.6301,187.6588
2024-01-15 10:30:29.092,187.5699,70,187.5538,187.586
2024-01-15 10:30:39.760,187.6433,23,187.6345,187.652
2024-01-15 10:30:41.144,187.5535,76,187.5475,187.5595
2024-01-15 10:30:41.605,187.6623,117,187.6519,187.6727
2024-01-15 10:30:42.071,187.7934,129,187.7794,187.8075
2024-01-15 10:30:44.099,187.7734,44,187.7674,187.7795
2024-01-15 10:30:45.019,187.7273,654,187.7182,187.7364
2024-01-15 10:30:45.755,187.7283,181,187.7192,187.7374
2024-01-15 10:30:47.776,187.8306,82,187.8169,187.8442
2024-01-15 10:30:52.122,187.849,820,187.8362,187.8619
2024-01-15 10:30:54.084,187.7665,54,187.7611,187.7719
2024-01-15 10:30:55.230,187.7272,374,187.708,187.7465
2024-01-15 10:30:59.462,187.7351,93,187.7297,187.7405
2024-01-15 10:30:59.676,187.7355,78,187.7273,187.7436
2024-01-15 10:31:01.021,187.6591,201,187.6404,187.6778
2024-01-15 10:31:02.833,187.5463,308,187.5353,187.5572
2024-01-15 10:31:06.130,187.6788,64,187.6618,187.6958
2024-01-15 10:31:06.382,187.7552,30,187.7375,187.7729
2024-01-15 10:31:09.052,187.7786,49,187.7648,187.7925
2024-01-15 10:31:09.249,187.7468,111,187.7358,187.7579
2024-01-15 10:31:10.301,187.6366,145,187.6189,187.6543
2024-01-15 10:31:11.823,187.5897,65,187.5828,187.5966
2024-01-15 10:31:13.088,187.6487,7,187.6405,187.6569
2024-01-15 10:31:13.289,187.7608,88,187.7456,187.7761
2024-01-15 10:31:13.490,187.6718,157,187.653,187.6905
2024-01-15 10:31:15.180,187.6918,2,187.6775,187.7061
2024-01-15 10:31:15.507,187.6151,215,187.6099,187.6203
2024-01-15 10:31:15.563,187.7034,329,187.6972,187.7095
2024-01-15 10:31:18.459,187.7021,114,187.6956,187.7085
2024-01-15 10:31:21.302,187.5918,364,187.572,187.6117
2024-01-15 10:31:21.857,187.5262,284,187.5102,187.5422
2024-01-15 10:31:24.430,187.4819,150,187.4704,187.4934
2024-01-15 10:31:25.701,187.3794,10,187.3622,187.3966
2024-01-15 10:31:26.524,187.3975,145,187.3811,187.4139
2024-01-15 10:31:28.797,187.3307,207,187.3145,187.3469
2024-01-15 10:31:29.056,187.3076,127,187.2996,187.3156
2024-01-15 10:31:29.186,187.3316,478,187.3139,187.3492
2024-01-15 10:31:33.289,187.368,32,187.3488,187.3871
2024-01-15 10:31:34.451,187.3735,454,187.3575,187.3895
2024-01-15 10:31:34.951,187.3925,188,187.3823,187.4027
2024-01-15 10:31:34.970,187.3493,362,187.3418,187.3568
2024-01-15 10:31:35.090,187.3357,140,187.3213,187.3502
2024-01-15 10:31:37.671,187.3397,42,187.3326,187.3469
2024-01-15 10:31:39.975,187.3623,126,187.3513,187.3733
2024-01-15 10:31:41.842,187.3488,211,187.3342,187.3634
2024-01-15 10:31:41.954,187.4481,343,187.4341,187.4622
2024-01-15 10:31:48.613,187.4346,13,187.4294,187.4399
2024-01-15 10:31:49.328,187.4135,759,187.3961,187.4308
2024-01-15 10:31:53.414,187.369,564,187.3598,187.3782
2024-01-15 10:31:54.273,187.3702,78,187.3522,187.3881
2024-01-15 10:31:54.625,187.3596,26,187.3449,187.3743
2024-01-15 10:31:57.292,187.3711,41,187.3637,187.3786
2024-01-15 10:31:59.759,187.4064,50,187.3957,187.4172
2024-01-15 10:32:03.283,187.5001,259,187.4947,187.5054
2024-01-15 10:32:04.479,187.4565,321,187.4489,187.464
2024-01-15 10:32:07.118,187.4766,414,187.465,187.4882
2024-01-15 10:32:18.522,187.4311,128,187.4259,187.4363
2024-01-15 10:32:18.601,187.3938,530,187.3826,187.405
2024-01-15 10:32:19.987,187.3525,91,187.3373,187.3678
2024-01-15 10:32:20.248,187.3907,8,187.3742,187.4071
2024-01-15 10:32:21.337,187.4502,208,187.4407,187.4598
2024-01-15 10:32:22.034,187.5254,308,187.5152,187.5356
2024-01-15 10:32:22.716,187.4506,232,187.436,187.4652
2024-01-15 10:32:27.273,187.4084,11,187.3927,187.424
2024-01-15 10:32:27.961,187.3433,511,187.3327,187.3539
2024-01-15 10:32:29.125,187.4064,154,187.3962,187.4166
2024-01-15 10:32:31.259,187.3585,38,187.3387,187.3783
2024-01-15 10:32:34.388,187.3585,537,187.3426,187.3744
2024-01-15 10:32:35.670,187.3081,288,187.2893,187.3269
2024-01-15 10:32:36.101,187.2569,394,187.2383,187.2755
2024-01-15 10:32:36.958,187.1742,309,187.1636,187.1848
2024-01-15 10:32:37.108,187.0475,552,187.0297,187.0653
2024-01-15 10:32:38.093,187.0482,259,187.0323,187.0641
2024-01-15 10:32:41.975,187.0448,476,187.034,187.0556
2024-01-15 10:32:42.498,187.0431,113,187.0279,187.0582
2024-01-15 10:32:43.115,186.9418,229,186.9261,186.9574
2024-01-15 10:32:44.560,186.971,13,186.9649,186.9772
2024-01-15 10:32:50.242,186.9023,218,186.8877,186.917
2024-01-15 10:32:50.572,186.947,100,186.9333,186.9606
2024-01-15 10:32:51.656,186.9903,215,186.9717,187.0088
2024-01-15 10:32:53.254,186.9503,354,186.9441,186.9565
2024-01-15 10:32:53.626,186.9889,643,186.9788,186.9991
2024-01-15 10:32:54.025,187.0363,98,187.0221,187.0504
2024-01-15 10:32:54.343,187.0485,78,187.0333,187.0637
2024-01-15 10:32:55.473,186.9773,142,186.9652,186.9894
2024-01-15 10:32:56.224,186.8968,6,186.8886,186.905
2024-01-15 10:32:57.634,186.8311,504,186.8182,186.844
2024-01-15 10:32:57.954,186.8671,59,186.8497,186.8844
2024-01-15 10:33:01.689,186.8689,263,186.8504,186.8874
2024-01-15 10:33:03.001,186.8925,25,186.876,186.9089
2024-01-15 10:33:04.981,186.8262,198,186.8085,186.844
2024-01-15 10:33:06.171,186.7744,414,186.7613,186.7874
2024-01-15 10:33:06.652,186.7886,357,186.7801,186.797
2024-01-15 10:33:10.540,186.8566,184,186.8439,186.8694
2024-01-15 10:33:11.080,186.7957,153,186.7858,186.8057
2024-01-15 10:33:11.397,186.8479,409,186.8295,186.8663
2024-01-15 10:33:11.650,186.7975,102,186.7794,186.8156
2024-01-15 10:33:17.345,186.7779,85,186.7651,186.7908
2024-01-15 10:33:21.712,186.7084,263,186.6887,186.7281
2024-01-15 10:33:23.153,186.6348,169,186.625,186.6447
2024-01-15 10:33:24.022,186.6,48,186.5888,186.6111
2024-01-15 10:33:24.466,186.6073,55,186.5887,186.626
2024-01-15 10:33:25.829,186.5248,102,186.5161,186.5334
2024-01-15 10:33:28.302,186.5439,74,186.5337,186.5541
2024-01-15 10:33:29.239,186.5738,243,186.5589,186.5887
2024-01-15 10:33:30.924,186.5466,359,186.534,186.5591
2024-01-15 10:33:33.308,186.5633,88,186.5546,186.572
2024-01-15 10:33:35.665,186.4922,165,186.4846,186.4999
2024-01-15 10:33:36.358,186.3824,282,186.369,186.3958
2024-01-15 10:33:37.516,186.378,336,186.3609,186.3951
2024-01-15 10:33:37.836,186.2731,149,186.2532,186.293
2024-01-15 10:33:39.114,186.3344,274,186.3181,186.3508
2024-01-15 10:33:43.294,186.2934,253,186.2819,186.305
2024-01-15 10:33:43.399,186.1934,39,186.1779,186.2089
2024-01-15 10:33:44.730,186.204,10,186.1874,186.2207
2024-01-15 10:33:44.912,186.269,324,186.2503,186.2876
2024-01-15 10:33:46.317,186.1487,36,186.1295,186.1678
2024-01-15 10:33:49.090,186.2943,277,186.2779,186.3106
2024-01-15 10:33:49.624,186.2516,107,186.2385,186.2648
2024-01-15 10:33:52.535,186.3002,151,186.2857,186.3147
2024-01-15 10:33:58.342,186.3567,93,186.3514,186.362
2024-01-15 10:33:58.954,186.4355,101,186.4211,186.4498
2024-01-15 10:34:02.388,186.4355,60,186.4211,186.4498
2024-01-15 10:34:03.174,186.4355,97,186.4211,186.4498
2024-01-15 10:34:03.946,186.4355,265,186.4211,186.4498
2024-01-15 10:34:04.293,186.4355,363,186.4211,186.4498
2024-01-15 10:34:12.306,186.4355,64,186.4211,186.4498
2024-01-15 10:34:12.754,186.4355,278,186.4211,186.4498
2024-01-15 10:34:14.402,186.4355,188,186.4211,186.4498
2024-01-15 10:34:14.825,186.4355,39,186.4211,186.4498
2024-01-15 10:34:14.836,186.4355,294,186.4211,186.4498
2024-01-15 10:34:15.719,186.4355,901,186.4211,186.4498
2024-01-15 10:34:16.482,186.4355,68,186.4211,186.4498
2024-01-15 10:34:21.234,186.4355,195,186.4211,186.4498
2024-01-15 10:34:22.987,186.4355,40,186.4211,186.4498
2024-01-15 10:34:23.144,186.4355,253,186.4211,186.4498
2024-01-15 10:34:23.332,186.622,322,186.6056,186.6385
2024-01-15 10:34:25.578,186.6017,190,186.5819,186.6214
2024-01-15 10:34:25.888,186.5917,129,186.5812,186.6022
2024-01-15 10:34:30.004,186.672,312,186.654,186.6899
2024-01-15 10:34:32.882,186.4987,553,186.4801,186.5172
2024-01-15 10:34:35.758,186.5457,56,186.5388,186.5525
2024-01-15 10:34:41.699,186.6063,97,186.5986,186.6139
2024-01-15 10:34:43.153,186.5612,68,186.549,186.5735
2024-01-15 10:34:43.618,186.573,451,186.5622,186.5839
2024-01-15 10:34:43.831,186.6398,110,186.631,186.6487
2024-01-15 10:34:49.563,186.6407,700,186.6254,186.6559
2024-01-15 10:34:50.627,186.6687,155,186.6593,186.6781
2024-01-15 10:34:50.982,186.5947,193,186.5876,186.6018
2024-01-15 10:34:52.692,186.6628,174,186.6495,186.6761
2024-01-15 10:34:52.729,186.6345,8,186.6155,186.6535
2024-01-15 10:34:55.333,186.6612,123,186.6483,186.6741
2024-01-15 10:34:56.131,186.5781,647,186.5664,186.5899
2024-01-15 10:34:56.703,186.5696,276,186.5578,186.5814
2024-01-15 10:34:59.002,186.5244,314,186.5119,186.5368
2024-01-15 10:34:59.260,186.4734,498,186.4633,186.4834
2024-01-15 10:35:06.590,186.5145,1,186.5039,186.5251
2024-01-15 10:35:07.468,186.6104,586,186.5983,186.6225
2024-01-15 10:35:08.039,186.6534,215,186.6456,186.6613
2024-01-15 10:35:09.374,186.6543,145,186.6422,186.6664
2024-01-15 10:35:10.676,186.7686,237,186.7577,186.7795
2024-01-15 10:35:12.164,186.6878,441,186.67,186.7056
2024-01-15 10:35:16.124,186.7267,516,186.7117,186.7416
2024-01-15 10:35:17.046,186.7148,127,186.7043,186.7253
2024-01-15 10:35:19.729,192.3108,451,186.7042,186.7149
2024-01-15 10:35:21.124,186.6398,41,186.6223,186.6573
2024-01-15 10:35:22.872,186.6291,136,186.6157,186.6424
2024-01-15 10:35:30.273,186.5698,70,186.5573,186.5823
2024-01-15 10:35:31.990,186.5858,464,186.5696,186.602
2024-01-15 10:35:34.638,186.5449,36,186.5386,186.5512
2024-01-15 10:35:35.720,186.5824,32,186.5629,186.602
2024-01-15 10:35:37.103,186.5384,165,186.5206,186.5562
2024-01-15 10:35:37.832,186.4978,139,186.4891,186.5065
2024-01-15 10:35:38.649,186.4502,35,186.4405,186.4599
2024-01-15 10:35:39.343,186.5223,529,186.5077,186.5369
2024-01-15 10:35:42.689,186.5,99,186.4854,186.5147
2024-01-15 10:35:43.234,186.498,201,186.4829,186.5131
2024-01-15 10:35:45.707,186.4201,307,186.4115,186.4287
2024-01-15 10:35:48.502,186.4267,228,186.4182,186.4353
2024-01-15 10:35:49.306,186.4391,214,186.4225,186.4557
2024-01-15 10:35:50.462,186.4152,32,186.4029,186.4275
2024-01-15 10:36:03.250,186.322,27,186.3086,186.3353
2024-01-15 10:36:04.464,186.2217,513,186.2038,186.2397
2024-01-15 10:36:05.051,186.2495,318,186.2392,186.2599
2024-01-15 10:36:06.553,186.2284,444,186.2085,186.2483
2024-01-15 10:36:09.635,186.1837,364,186.1757,186.1918
2024-01-15 10:36:14.599,186.0628,131,186.0532,186.0723
2024-01-15 10:36:15.116,186.1007,229,186.0813,186.12
2024-01-15 10:36:17.256,186.0589,89,186.052,186.0659
2024-01-15 10:36:20.654,186.1403,253,186.1226,186.1581
2024-01-15 10:36:20.855,186.0581,85,186.0383,186.078
2024-01-15 10:36:21.659,186.0762,320,186.0634,186.0891
2024-01-15 10:36:21.863,186.1563,113,186.1499,186.1628
2024-01-15 10:36:23.269,186.1761,376,186.1566,186.1956
2024-01-15 10:36:23.590,186.0328,164,186.0261,186.0394
2024-01-15 10:36:23.737,186.0136,196,186.0076,186.0197
2024-01-15 10:36:24.156,186.0353,159,186.0216,186.0491
2024-01-15 10:36:29.728,185.999,117,185.9859,186.0121
2024-01-15 10:36:33.993,186.0288,190,186.0185,186.0391
2024-01-15 10:36:35.848,186.103,167,186.0925,186.1135
2024-01-15 10:36:36.169,186.0677,1011,186.0572,186.0783
2024-01-15 10:36:36.786,185.9045,241,185.8881,185.9209
2024-01-15 10:36:37.325,185.8646,174,185.8569,185.8722
2024-01-15 10:36:43.975,185.8382,11,185.8326,185.8438
2024-01-15 10:36:44.447,185.7486,180,185.7421,185.755
2024-01-15 10:36:47.221,185.741,930,185.7357,185.7462
2024-01-15 10:36:49.662,185.7126,205,185.7055,185.7196
2024-01-15 10:36:53.850,185.7528,443,185.7457,185.76
2024-01-15 10:36:55.725,185.748,173,185.733,185.7631
2024-01-15 10:36:56.552,185.7231,211,185.7078,185.7384
2024-01-15 10:36:56.659,185.7332,73,185.719,185.7474
2024-01-15 10:36:59.278,185.765,156,185.7453,185.7847
2024-01-15 10:36:59.424,185.7388,19,185.7237,185.7539
2024-01-15 10:37:01.594,185.8198,218,185.8103,185.8293
2024-01-15 10:37:01.913,185.7327,325,185.7147,185.7506
2024-01-15 10:37:03.517,185.7897,171,185.7813,185.7981
2024-01-15 10:37:04.145,185.9336,317,185.9283,185.939
2024-01-15 10:37:05.059,186.0067,21,185.9914,186.022
2024-01-15 10:37:07.485,185.9827,3,185.9716,185.9937
2024-01-15 10:37:11.788,185.9892,20,185.9795,185.9988
2024-01-15 10:37:11.988,186.0913,265,186.0779,186.1046
2024-01-15 10:37:12.121,186.1247,180,186.1067,186.1427
2024-01-15 10:37:12.504,186.1129,1049,186.1024,186.1234
2024-01-15 10:37:14.660,186.1346,98,186.1154,186.1537
2024-01-15 10:37:15.443,186.0551,105,186.0385,186.0717
2024-01-15 10:37:19.771,186.0696,483,186.0617,186.0776
2024-01-15 10:37:30.255,186.0903,41,186.0822,186.0984
2024-01-15 10:37:30.927,186.0076,362,185.9934,186.0217
2024-01-15 10:37:31.113,186.0872,47,186.0694,186.105
2024-01-15 10:37:32.165,186.064,292,186.0455,186.0825
2024-01-15 10:37:35.207,186.2067,9,186.1945,186.2189
2024-01-15 10:37:35.578,186.1781,945,186.1724,186.1838
2024-01-15 10:37:35.978,186.2015,95,186.195,186.208
2024-01-15 10:37:36.812,186.0712,273,186.0596,186.0828
2024-01-15 10:37:39.367,186.1143,284,186.0969,186.1318
2024-01-15 10:37:41.397,186.116,136,186.1045,186.1275
2024-01-15 10:37:43.140,186.1048,1,186.0934,186.1162
2024-01-15 10:37:44.125,186.1391,58,186.1309,186.1472
2024-01-15 10:37:47.140,186.0611,12,186.0445,186.0777
2024-01-15 10:37:49.229,186.056,515,186.0454,186.0665
2024-01-15 10:37:50.929,186.0037,96,185.9885,186.0188
2024-01-15 10:37:52.850,185.9861,410,185.9747,185.9974
2024-01-15 10:37:55.032,186.0292,1,186.0094,186.0491
2024-01-15 10:37:55.841,186.1012,38,186.0856,186.1168
2024-01-15 10:37:59.155,186.0646,450,186.0493,186.0799
2024-01-15 10:38:02.378,185.8732,14,185.8564,185.8899
2024-01-15 10:38:02.933,185.8773,16,185.8653,185.8892
2024-01-15 10:38:02.945,186.0534,158,186.0454,186.0615
2024-01-15 10:38:04.765,186.0112,59,185.9944,186.0279
2024-01-15 10:38:06.464,186.0756,37,186.0627,186.0884
2024-01-15 10:38:07.130,186.0101,18,186.0013,186.0188
2024-01-15 10:38:07.223,185.9624,313,185.9498,185.975
2024-01-15 10:38:07.911,185.9031,14,185.8886,185.9176
2024-01-15 10:38:08.908,185.9013,472,185.8923,185.9103
2024-01-15 10:38:10.868,185.9355,416,185.9164,185.9547
2024-01-15 10:38:10.869,185.9229,261,185.9165,185.9294
2024-01-15 10:38:11.373,185.9465,144,185.9384,185.9545
2024-01-15 10:38:16.988,185.949,764,185.9393,185.9587
2024-01-15 10:38:18.844,185.9414,23,185.9272,185.9557
2024-01-15 10:38:20.627,185.9311,185,185.9227,185.9395
2024-01-15 10:38:21.078,185.9116,17,185.9017,185.9215
2024-01-15 10:38:21.366,185.9095,289,185.9013,185.9176
2024-01-15 10:38:24.603,185.9216,300,185.9037,185.9394
2024-01-15 10:38:24.728,185.9079,1,185.8963,185.9196
2024-01-15 10:38:26.290,186.0417,600,186.0278,186.0557
2024-01-15 10:38:27.192,185.9426,84,185.9283,185.9569
2024-01-15 10:38:29.641,185.8592,168,185.84,185.8784
2024-01-15 10:38:31.505,185.9081,119,185.8936,185.9227
2024-01-15 10:38:32.043,185.8352,102,185.8267,185.8438
2024-01-15 10:38:33.376,185.7744,40,185.7612,185.7876
2024-01-15 10:38:40.921,185.7776,71,185.7609,185.7943
2024-01-15 10:38:41.522,185.7512,31,185.7314,185.771
2024-01-15 10:38:41.783,185.72,58,185.7019,185.7381
2024-01-15 10:38:46.831,185.7154,152,185.7013,185.7295
2024-01-15 10:38:48.947,185.8315,447,185.8239,185.8391
2024-01-15 10:38:50.030,185.7815,296,185.768,185.7951
2024-01-15 10:38:50.990,185.732,113,185.7195,185.7444
2024-01-15 10:38:51.583,185.7324,557,185.7261,185.7388
2024-01-15 10:38:51.921,185.825,103,185.8113,185.8386
2024-01-15 10:38:53.484,185.7494,201,185.7367,185.762
2024-01-15 10:38:53.918,185.7603,10,185.7466,185.774
2024-01-15 10:38:54.977,185.7504,90,185.7315,185.7693
2024-01-15 10:38:55.970,185.8129,1,185.794,185.8318
2024-01-15 10:38:56.810,185.7071,230,185.6928,185.7215
2024-01-15 10:38:58.482,185.596,225,185.5764,185.6156
2024-01-15 10:38:58.736,185.4969,393,185.4822,185.5115
2024-01-15 10:39:00.627,185.5819,181,185.5715,185.5923
2024-01-15 10:39:00.808,185.5584,547,185.5434,185.5733
2024-01-15 10:39:02.192,185.6501,215,185.6371,185.6631
2024-01-15 10:39:03.351,185.6651,694,185.6466,185.6836
2024-01-15 10:39:08.379,185.756,125,185.7396,185.7723
2024-01-15 10:39:09.547,185.764,23,185.7589,185.7692
2024-01-15 10:39:10.907,185.7509,1,185.7354,185.7665
2024-01-15 10:39:12.146,185.7088,82,185.6987,185.719
2024-01-15 10:39:13.947,185.6885,12,185.6698,185.7072
2024-01-15 10:39:15.733,185.7521,313,185.7387,185.7655
2024-01-15 10:39:16.047,185.6789,9,185.6673,185.6904
2024-01-15 10:39:17.193,185.7506,56,185.7334,185.7678
2024-01-15 10:39:18.058,185.7536,440,185.7443,185.763
2024-01-15 10:39:19.576,185.6758,31,185.6563,185.6953
2024-01-15 10:39:20.191,185.6233,110,185.6041,185.6425
2024-01-15 10:39:22.755,185.5607,8,185.5526,185.5688
2024-01-15 10:39:23.045,185.5775,38,185.5615,185.5936
2024-01-15 10:39:25.385,185.7071,9,185.695,185.7191
2024-01-15 10:39:26.506,185.6273,236,185.6171,185.6375
2024-01-15 10:39:28.272,185.615,395,185.6033,185.6268
2024-01-15 10:39:29.213,185.7028,8,185.6951,185.7106
2024-01-15 10:39:38.029,185.722,27,185.7068,185.7371
2024-01-15 10:39:38.521,185.603,1281,185.5925,185.6134
2024-01-15 10:39:39.562,185.4828,183,185.4696,185.496
2024-01-15 10:39:40.973,185.5652,8,185.5591,185.5714
2024-01-15 10:39:41.827,185.6073,272,185.597,185.6176
2024-01-15 10:39:42.017,185.6744,96,185.6648,185.6841
2024-01-15 10:39:42.900,185.7147,91,185.7072,185.7222
2024-01-15 10:39:43.254,185.764,70,185.7565,185.7714
2024-01-15 10:39:47.414,185.8105,265,185.8011,185.8199
2024-01-15 10:39:47.502,185.7454,70,185.7322,185.7586
2024-01-15 10:39:48.222,185.7742,2,185.7666,185.7818
2024-01-15 10:39:48.703,185.746,49,185.7336,185.7585
2024-01-15 10:39:50.827,185.7834,67,185.7733,185.7935
2024-01-15 10:39:51.105,185.7159,119,185.7017,185.7301
2024-01-15 10:39:51.116,185.8819,40,185.8659,185.8979
2024-01-15 10:39:51.875,185.8231,129,185.8107,185.8356
2024-01-15 10:39:57.863,185.8046,124,185.7898,185.8194
2024-01-15 10:39:58.618,185.8704,26,185.8613,185.8795
2024-01-15 10:39:58.685,185.8311,121,185.8141,185.8482
2024-01-15 10:40:00.648,185.825,154,185.8164,185.8336
2024-01-15 10:40:01.602,185.8829,449,185.866,185.8998
2024-01-15 10:40:03.470,185.9722,265,185.9524,185.9921
2024-01-15 10:40:07.824,186.1087,134,186.0905,186.1269
2024-01-15 10:40:10.574,186.1623,30,186.1531,186.1715
2024-01-15 10:40:10.721,186.1284,519,186.1167,186.1401
2024-01-15 10:40:13.707,186.1381,545,186.1231,186.1531
2024-01-15 10:40:15.633,186.1325,1,186.1174,186.1476
2024-01-15 10:40:18.918,186.0897,49,186.0703,186.1092
2024-01-15 10:40:19.590,186.0559,499,186.0488,186.0629
2024-01-15 10:40:20.400,186.0336,24,186.0151,186.052
2024-01-15 10:40:22.011,186.0295,163,186.0148,186.0442
2024-01-15 10:40:26.385,185.8835,243,185.8653,185.9017
2024-01-15 10:40:26.409,185.8971,263,185.8777,185.9166
2024-01-15 10:40:27.307,186.0333,473,186.0136,186.053
2024-01-15 10:40:29.182,186.0769,255,186.0646,186.0892
2024-01-15 10:40:29.738,186.1458,234,186.1372,186.1543
2024-01-15 10:40:30.259,186.1301,112,186.116,186.1441
2024-01-15 10:40:35.078,185.9443,285,185.9332,185.9553
2024-01-15 10:40:35.292,186.0049,949,185.9964,186.0135
2024-01-15 10:40:35.634,185.8436,201,185.8251,185.8622
2024-01-15 10:40:43.142,185.8754,54,185.8666,185.8841
2024-01-15 10:40:43.156,185.8039,114,185.7954,185.8125
2024-01-15 10:40:44.905,185.9104,96,185.895,185.9257
2024-01-15 10:40:45.806,185.9396,499,185.933,185.9462
2024-01-15 10:40:53.710,185.995,418,185.9785,186.0115
2024-01-15 10:40:55.491,185.8981,124,185.886,185.9102
2024-01-15 10:40:55.648,186.0035,182,185.9853,186.0217
2024-01-15 10:40:58.519,186.0017,251,185.9928,186.0106
2024-01-15 10:40:58.850,185.9683,46,185.9629,185.9737
2024-01-15 10:40:59.396,185.9448,33,185.9341,185.9554
2024-01-15 10:40:59.972,185.9758,74,185.9615,185.99
2024-01-15 10:41:03.823,186.1213,391,186.1135,186.129
2024-01-15 10:41:06.212,186.1684,157,186.1522,186.1847
2024-01-15 10:41:09.356,186.0221,77,186.007,186.0372
2024-01-15 10:41:11.011,186.121,317,186.105,186.137
2024-01-15 10:41:11.817,186.1677,16,186.1536,186.1818
2024-01-15 10:41:15.497,186.2191,76,186.2039,186.2342
2024-01-15 10:41:15.512,186.274,40,186.259,186.2891
2024-01-15 10:41:15.771,186.4212,276,186.4074,186.4351
2024-01-15 10:41:18.432,186.3384,37,186.3278,186.3489
2024-01-15 10:41:20.171,186.3773,84,186.3699,186.3848
2024-01-15 10:41:21.131,186.3232,163,186.3155,186.331
2024-01-15 10:41:22.310,186.4254,101,186.4055,186.4452
2024-01-15 10:41:28.946,186.4976,408,186.4805,186.5147
2024-01-15 10:41:29.871,186.4204,31,186.4006,186.4402
2024-01-15 10:41:30.172,186.3982,494,186.3856,186.4108
2024-01-15 10:41:32.585,186.3434,261,186.3325,186.3543
2024-01-15 10:41:32.979,186.3649,188,186.3556,186.3741
2024-01-15 10:41:33.139,186.3001,11,186.2805,186.3198
2024-01-15 10:41:36.013,186.2853,478,186.275,186.2957
2024-01-15 10:41:36.935,186.2328,82,186.2195,186.246
2024-01-15 10:41:37.236,186.1797,131,186.1682,186.1913
2024-01-15 10:41:37.489,186.2592,116,186.2466,186.2718
2024-01-15 10:41:37.993,186.3709,214,186.3548,186.3871
2024-01-15 10:41:39.567,186.4413,341,186.4248,186.4577
2024-01-15 10:41:39.807,186.3708,16,186.3618,186.3798
2024-01-15 10:41:43.948,186.4295,131,186.4124,186.4465
2024-01-15 10:41:46.568,186.4179,210,186.4059,186.4299
2024-01-15 10:41:47.295,186.4829,1242,186.4742,186.4916
2024-01-15 10:41:48.020,186.4053,201,186.3932,186.4174
2024-01-15 10:41:49.279,186.387,26,186.3676,186.4064
2024-01-15 10:41:50.828,186.3091,162,186.2956,186.3225
2024-01-15 10:41:53.016,186.4207,237,186.4061,186.4352
2024-01-15 10:41:53.812,186.4394,557,186.4233,186.4556
2024-01-15 10:41:54.001,186.5687,317,186.5506,186.5868
2024-01-15 10:41:57.636,186.5451,446,186.53,186.5603
2024-01-15 10:42:00.058,186.5583,24,186.5452,186.5715
2024-01-15 10:42:06.326,186.5363,71,186.5294,186.5431
2024-01-15 10:42:07.313,186.4594,151,186.445,186.4738
2024-01-15 10:42:09.371,186.401,166,186.3911,186.4109
2024-01-15 10:42:11.350,186.3727,831,186.3575,186.3878
2024-01-15 10:42:12.015,186.4198,212,186.407,186.4325
2024-01-15 10:42:12.414,186.4473,3,186.4355,186.459
2024-01-15 10:42:21.242,186.3425,42,186.3276,186.3574
2024-01-15 10:42:24.191,186.3005,33,186.2861,186.3148
2024-01-15 10:42:25.537,186.2085,107,186.1973,186.2197
2024-01-15 10:42:27.418,186.1926,92,186.1852,186.2
2024-01-15 10:42:27.943,186.2266,89,186.2115,186.2418
2024-01-15 10:42:30.190,186.2031,393,186.1871,186.2191
2024-01-15 10:42:31.892,186.2301,695,186.2249,186.2354
2024-01-15 10:42:35.598,186.3387,48,186.3244,186.3529
2024-01-15 10:42:37.973,186.3318,298,186.324,186.3397
2024-01-15 10:42:41.390,186.2552,68,186.2394,186.2711
2024-01-15 10:42:42.163,186.2266,92,186.2097,186.2434
2024-01-15 10:42:43.250,186.2007,26,186.1907,186.2107
2024-01-15 10:42:43.800,186.1957,344,186.1786,186.2127
2024-01-15 10:42:46.777,186.2459,213,186.2356,186.2563
2024-01-15 10:42:47.175,186.3218,152,186.3041,186.3395
2024-01-15 10:42:48.599,186.2758,14,186.2636,186.2879
2024-01-15 10:42:49.346,186.3592,615,186.3397,186.3787
2024-01-15 10:42:51.879,186.3423,215,186.3355,186.349
2024-01-15 10:42:52.241,186.3138,414,186.3051,186.3225
2024-01-15 10:42:52.355,186.4395,230,186.4316,186.4475
2024-01-15 10:42:52.543,186.4345,108,186.4233,186.4456
2024-01-15 10:42:53.025,186.4369,3,186.4314,186.4423
2024-01-15 10:42:53.568,186.4187,402,186.4052,186.4322
2024-01-15 10:42:53.825,186.538,328,186.5262,186.5498
2024-01-15 10:42:55.901,186.5389,439,186.5197,186.558
2024-01-15 10:42:55.925,186.5323,537,186.5161,186.5485
2024-01-15 10:42:57.669,186.4503,489,186.4336,186.4669
2024-01-15 10:42:58.455,186.498,33,186.482,186.514
2024-01-15 10:42:58.821,186.6699,245,186.6644,186.6754
2024-01-15 10:43:02.424,186.6607,14,186.6439,186.6775
2024-01-15 10:43:02.691,186.6078,103,186.5909,186.6248
2024-01-15 10:43:03.319,186.5939,146,186.5865,186.6013
2024-01-15 10:43:06.758,186.527,478,186.5219,186.5321
2024-01-15 10:43:10.010,186.6547,21,186.6415,186.6678
2024-01-15 10:43:10.840,186.5885,121,186.5794,186.5977
2024-01-15 10:43:12.834,186.4746,421,186.4602,186.4889
2024-01-15 10:43:13.574,186.3592,65,186.3449,186.3735
2024-01-15 10:43:13.649,186.2924,299,186.2769,186.3078
2024-01-15 10:43:13.939,186.2829,184,186.2668,186.2991
2024-01-15 10:43:17.171,186.1686,652,186.1505,186.1867
2024-01-15 10:43:18.236,186.2036,736,186.1863,186.221
2024-01-15 10:43:20.258,186.1512,256,186.1402,186.1621
2024-01-15 10:43:20.276,186.1554,137,186.1466,186.1642
2024-01-15 10:43:20.563,186.2766,94,186.2621,186.2911
2024-01-15 10:43:28.089,186.3499,137,186.3322,186.3676
2024-01-15 10:43:29.005,186.4716,124,186.4624,186.4808
2024-01-15 10:43:30.310,186.5282,165,186.5097,186.5466
2024-01-15 10:43:30.745,186.4776,123,186.466,186.4892
2024-01-15 10:43:31.492,186.4246,153,186.4194,186.4298
2024-01-15 10:43:32.061,186.5222,125,186.5124,186.5321
2024-01-15 10:43:32.554,186.5091,188,186.4992,186.5191
2024-01-15 10:43:37.309,186.4432,67,186.4307,186.4558
2024-01-15 10:43:39.416,186.4339,179,186.4225,186.4454
2024-01-15 10:43:41.826,186.4042,71,186.3872,186.4211
2024-01-15 10:43:43.210,186.2873,95,186.2784,186.2961
2024-01-15 10:43:43.437,186.3334,109,186.3258,186.341
2024-01-15 10:43:43.667,186.354,347,186.3484,186.3597
2024-01-15 10:43:43.722,186.2112,21,186.2039,186.2185
2024-01-15 10:43:44.721,186.2328,1207,186.2168,186.2488
2024-01-15 10:43:47.567,186.2343,472,186.2236,186.2449
2024-01-15 10:43:49.051,186.1651,616,186.1585,186.1716
2024-01-15 10:43:51.653,186.2835,206,186.2651,186.3019
2024-01-15 10:43:52.625,186.3417,252,186.3332,186.3502
2024-01-15 10:43:54.547,186.4085,100,186.3929,186.4241
2024-01-15 10:43:57.583,186.5305,51,186.5116,186.5494
2024-01-15 10:43:58.081,186.6039,319,186.5856,186.6222
2024-01-15 10:43:59.927,186.6505,26,186.6305,186.6704
2024-01-15 10:44:04.303,186.617,613,186.603,186.631
2024-01-15 10:44:08.127,186.5899,233,186.5806,186.5993
2024-01-15 10:44:08.517,186.6453,432,186.6384,186.6522
2024-01-15 10:44:13.483,186.5426,49,186.5239,186.5612
2024-01-15 10:44:15.988,186.5036,115,186.4953,186.5118
2024-01-15 10:44:16.955,186.4292,231,186.4222,186.4361
2024-01-15 10:44:21.880,186.4874,863,186.4786,186.4962
2024-01-15 10:44:22.679,186.5289,578,186.5104,186.5474
2024-01-15 10:44:22.931,186.4415,35,186.4226,186.4605
2024-01-15 10:44:27.088,186.3516,167,186.339,186.3641
2024-01-15 10:44:30.476,186.4083,229,186.4021,186.4146
2024-01-15 10:44:32.570,186.4768,1846,186.4627,186.4908
2024-01-15 10:44:33.088,186.4296,70,186.4126,186.4467
2024-01-15 10:44:34.006,186.4577,153,186.4472,186.4682
2024-01-15 10:44:37.734,186.5508,59,186.5383,186.5633
2024-01-15 10:44:38.168,186.5752,333,186.564,186.5863
2024-01-15 10:44:38.175,186.6824,300,186.6647,186.7002
2024-01-15 10:44:41.622,186.6622,488,186.6508,186.6737
2024-01-15 10:44:43.647,186.6026,254,186.5966,186.6086
2024-01-15 10:44:45.064,186.6064,90,186.5927,186.62
2024-01-15 10:44:45.581,186.5263,422,186.5119,186.5408
2024-01-15 10:44:47.981,186.4424,133,186.4301,186.4547
2024-01-15 10:44:49.762,186.4128,4,186.3986,186.4269
2024-01-15 10:44:50.170,186.477,48,186.4655,186.4885
2024-01-15 10:44:50.892,186.4583,708,186.452,186.4646
2024-01-15 10:44:53.292,186.4347,169,186.4253,186.4441
2024-01-15 10:44:55.280,186.513,196,186.5058,186.5201
2024-01-15 10:45:00.279,186.4947,363,186.4829,186.5065
2024-01-15 10:45:01.695,186.419,28,186.411,186.427
2024-01-15 10:45:02.104,186.4158,152,186.4046,186.4269
2024-01-15 10:45:02.493,186.3889,286,186.379,186.3989
2024-01-15 10:45:03.563,186.2859,235,186.266,186.3059
2024-01-15 10:45:04.295,186.32,64,186.3081,186.3319
2024-01-15 10:45:07.847,186.1921,54,186.1761,186.2081
2024-01-15 10:45:10.702,186.2117,498,186.2062,186.2171
2024-01-15 10:45:14.437,186.2319,162,186.2136,186.2501
2024-01-15 10:45:17.189,186.1275,430,186.1192,186.1357
2024-01-15 10:45:18.918,186.1603,153,186.1533,186.1673
2024-01-15 10:45:19.098,186.1352,67,186.1255,186.145
2024-01-15 10:45:25.733,186.0167,30,186.0076,186.0258
2024-01-15 10:45:27.071,185.9576,89,185.9503,185.9648
2024-01-15 10:45:28.017,186.0232,32,186.0101,186.0362
2024-01-15 10:45:29.398,186.0383,84,186.0291,186.0474
2024-01-15 10:45:30.218,185.9958,60,185.9785,186.0132
2024-01-15 10:45:30.709,185.9406,133,185.9343,185.9468
2024-01-15 10:45:31.210,185.8975,214,185.8816,185.9133
2024-01-15 10:45:31.496,186.095,200,186.0751,186.1149
2024-01-15 10:45:34.393,186.0149,281,186.0061,186.0236
2024-01-15 10:45:35.790,186.0281,526,186.0088,186.0474
2024-01-15 10:45:35.837,186.0453,369,186.0307,186.0599
2024-01-15 10:45:36.102,185.9848,248,185.9674,186.0022
2024-01-15 10:45:37.418,185.8912,164,185.8768,185.9057
2024-01-15 10:45:38.955,185.9519,321,185.9454,185.9584
2024-01-15 10:45:44.142,185.9705,289,185.9544,185.9867
2024-01-15 10:45:45.947,185.973,15,185.9664,185.9797
2024-01-15 10:45:46.129,185.9392,630,185.929,185.9494
2024-01-15 10:45:46.907,185.8471,77,185.8367,185.8574
2024-01-15 10:45:47.033,185.6908,218,185.6827,185.6989
2024-01-15 10:45:48.578,185.7398,357,185.732,185.7476
2024-01-15 10:45:49.644,185.7069,217,185.6982,185.7157
2024-01-15 10:45:51.136,185.6619,56,185.6468,185.677
2024-01-15 10:45:51.293,185.6436,214,185.6374,185.6497
2024-01-15 10:45:53.738,185.6047,388,185.5943,185.6151
2024-01-15 10:45:55.953,185.5483,127,185.5401,185.5564
2024-01-15 10:45:58.456,185.593,221,185.5845,185.6015
2024-01-15 10:45:58.727,185.5351,5,185.5273,185.5428
2024-01-15 10:45:58.820,185.5731,240,185.5567,185.5895
2024-01-15 10:45:59.275,185.5331,325,185.5194,185.5467
2024-01-15 10:45:59.308,185.4738,429,185.4599,185.4877
2024-01-15 10:46:00.745,185.3347,451,185.3148,185.3546
2024-01-15 10:46:01.305,185.2155,382,185.2017,185.2293
2024-01-15 10:46:02.892,185.2042,3,185.1951,185.2132
2024-01-15 10:46:03.899,185.2112,328,185.1972,185.2252
2024-01-15 10:46:04.322,185.0844,128,185.0752,185.0935
2024-01-15 10:46:05.805,185.0952,291,185.0773,185.1131
2024-01-15 10:46:11.199,185.0684,131,185.063,185.0738
2024-01-15 10:46:14.494,185.0541,334,185.0476,185.0606
2024-01-15 10:46:15.789,184.9816,419,184.9674,184.9958
2024-01-15 10:46:16.171,185.1222,387,185.1022,185.1421
2024-01-15 10:46:19.377,185.3002,382,185.2883,185.3122
2024-01-15 10:46:20.414,185.2106,24,185.1959,185.2253
2024-01-15 10:46:22.066,185.2232,158,185.2132,185.2332
2024-01-15 10:46:22.227,185.1259,154,185.1121,185.1398
2024-01-15 10:46:23.269,185.1823,247,185.1769,185.1876
2024-01-15 10:46:23.777,185.1005,148,185.0871,185.1139
2024-01-15 10:46:23.817,185.0958,42,185.0773,185.1142
2024-01-15 10:46:24.462,185.1433,262,185.1293,185.1573
2024-01-15 10:46:24.545,185.1033,587,185.0873,185.1193
2024-01-15 10:46:29.845,185.0269,117,185.013,185.0409
2024-01-15 10:46:31.789,184.981,116,184.9653,184.9967
2024-01-15 10:46:37.646,184.9445,295,184.9264,184.9627
2024-01-15 10:46:37.827,184.9909,23,184.975,185.0068
2024-01-15 10:46:38.158,184.9715,395,184.9541,184.9888
2024-01-15 10:46:39.155,185.0477,444,185.03,185.0654
2024-01-15 10:46:40.018,185.03,42,185.0192,185.0408
2024-01-15 10:46:41.045,185.0482,12,185.0295,185.067
2024-01-15 10:46:41.662,185.0463,112,185.0367,185.0559
2024-01-15 10:46:41.902,185.0264,25,185.0163,185.0366
2024-01-15 10:46:42.419,184.9873,56,184.9706,185.004
2024-01-15 10:46:43.320,184.9607,905,184.9425,184.9789
2024-01-15 10:46:46.469,185.0044,115,184.9914,185.0174
2024-01-15 10:46:50.258,185.0997,126,185.0798,185.1196
2024-01-15 10:46:52.047,185.1632,61,185.1569,185.1696
2024-01-15 10:46:53.429,185.2462,111,185.2283,185.2641
2024-01-15 10:46:54.728,185.3129,538,185.2965,185.3293
2024-01-15 10:46:55.220,185.3504,101,185.3423,185.3585
2024-01-15 10:46:55.435,185.2517,252,185.2394,185.264
2024-01-15 10:46:57.206,185.1262,404,185.1076,185.1448
2024-01-15 10:46:59.504,185.188,318,185.1686,185.2074
2024-01-15 10:47:01.259,185.2047,11,185.1971,185.2123
2024-01-15 10:47:01.714,185.1941,16,185.1785,185.2096
2024-01-15 10:47:02.450,185.2329,590,185.2165,185.2493
2024-01-15 10:47:04.316,185.1976,126,185.182,185.2133
2024-01-15 10:47:04.498,185.2104,51,185.2051,185.2158
2024-01-15 10:47:07.962,185.2709,38,185.2524,185.2895
2024-01-15 10:47:09.238,185.2008,271,185.1928,185.2089
2024-01-15 10:47:09.748,185.2499,378,185.2403,185.2594
2024-01-15 10:47:11.440,185.3022,169,185.2886,185.3157
2024-01-15 10:47:14.195,185.3082,132,185.3016,185.3147
2024-01-15 10:47:18.570,185.2955,280,185.2847,185.3063
2024-01-15 10:47:18.705,185.3805,270,185.3658,185.3951
2024-01-15 10:47:18.984,185.4213,102,185.4155,185.4271
2024-01-15 10:47:20.262,185.6025,177,185.5861,185.6189
2024-01-15 10:47:22.402,185.5378,89,185.5202,185.5554
2024-01-15 10:47:24.690,185.5231,329,185.508,185.5382
2024-01-15 10:47:27.360,185.5206,15,185.5062,185.5349
2024-01-15 10:47:29.678,185.4838,192,185.4679,185.4996
2024-01-15 10:47:33.919,185.6285,609,185.6138,185.6432
2024-01-15 10:47:34.305,185.6686,124,185.6497,185.6875
2024-01-15 10:47:36.301,185.7321,27,185.7234,185.7409
2024-01-15 10:47:36.318,185.7167,487,185.7001,185.7334
2024-01-15 10:47:36.605,185.7018,218,185.6881,185.7155
2024-01-15 10:47:37.312,185.654,431,185.6479,185.66
2024-01-15 10:47:38.063,185.6013,297,185.5832,185.6195
2024-01-15 10:47:39.271,185.6296,7,185.6098,185.6494
2024-01-15 10:47:39.707,185.5598,678,185.5512,185.5685
2024-01-15 10:47:42.373,185.5487,106,185.5313,185.5662
2024-01-15 10:47:42.450,185.5542,43,185.5351,185.5733
2024-01-15 10:47:42.520,185.6164,278,185.6094,185.6235
2024-01-15 10:47:42.550,185.5878,46,185.5782,185.5974
2024-01-15 10:47:45.836,185.5736,745,185.5584,185.5888
2024-01-15 10:47:46.593,185.4875,226,185.4814,185.4935
2024-01-15 10:47:48.717,185.608,192,185.6018,185.6142
2024-01-15 10:47:49.870,185.6164,34,185.6018,185.6309
2024-01-15 10:47:52.270,185.703,3,185.6961,185.7099
2024-01-15 10:47:57.682,185.6943,94,185.6756,185.713
2024-01-15 10:48:03.475,185.7427,210,185.7294,185.7561
2024-01-15 10:48:03.654,185.7577,1073,185.7456,185.7699
2024-01-15 10:48:04.504,185.7254,156,185.7184,185.7324
2024-01-15 10:48:04.687,185.7171,525,185.7091,185.7251
2024-01-15 10:48:05.552,185.6354,205,185.6257,185.6452
2024-01-15 10:48:05.553,185.5904,7,185.5807,185.6
2024-01-15 10:48:08.176,185.5445,1011,185.537,185.5519
2024-01-15 10:48:08.618,185.4668,63,185.4543,185.4794
2024-01-15 10:48:09.140,185.4914,138,185.4844,185.4983
2024-01-15 10:48:11.054,185.6123,31,185.605,185.6196
2024-01-15 10:48:11.872,185.4936,508,185.4739,185.5132
2024-01-15 10:48:12.396,185.445,16,185.4276,185.4623
2024-01-15 10:48:13.590,185.3683,114,185.3586,185.3779
2024-01-15 10:48:14.398,185.3754,92,185.3692,185.3817
2024-01-15 10:48:15.401,185.3408,42,185.333,185.3487
2024-01-15 10:48:16.256,185.27,39,185.2518,185.2883
2024-01-15 10:48:17.257,185.245,263,185.2352,185.2547
2024-01-15 10:48:18.442,185.1501,350,185.1325,185.1678
2024-01-15 10:48:19.563,185.213,389,185.195,185.231
2024-01-15 10:48:21.233,185.2781,133,185.2717,185.2845
2024-01-15 10:48:23.014,185.146,678,185.1358,185.1563
2024-01-15 10:48:24.472,185.1005,27,185.0836,185.1174
2024-01-15 10:48:26.065,185.0694,249,185.0601,185.0787
2024-01-15 10:48:27.117,185.0366,101,185.0315,185.0416
2024-01-15 10:48:27.134,184.9762,263,184.9705,184.9819
2024-01-15 10:48:27.907,184.9242,59,184.913,184.9353
2024-01-15 10:48:28.892,184.96,163,184.9431,184.9768
2024-01-15 10:48:34.880,184.8701,150,184.8621,184.8781
2024-01-15 10:48:35.969,184.9047,32,184.8967,184.9126
2024-01-15 10:48:37.762,184.8415,14,184.8353,184.8477
2024-01-15 10:48:41.690,184.7445,183,184.7327,184.7562
2024-01-15 10:48:46.017,184.8009,78,184.7844,184.8174
2024-01-15 10:48:48.494,184.9252,661,184.9191,184.9312
2024-01-15 10:48:48.604,184.9137,489,184.9026,184.9248
2024-01-15 10:48:49.155,184.9048,51,184.8933,184.9163
2024-01-15 10:48:53.244,184.9125,57,184.8979,184.9271
2024-01-15 10:48:53.785,184.9982,113,184.99,185.0065
2024-01-15 10:48:55.914,184.832,365,184.8155,184.8486
2024-01-15 10:49:01.882,184.7865,425,184.7706,184.8025
2024-01-15 10:49:02.252,184.7267,152,184.7203,184.733
2024-01-15 10:49:03.485,184.7783,397,184.7721,184.7845
2024-01-15 10:49:03.561,184.7233,252,184.7105,184.7362
2024-01-15 10:49:06.558,184.7238,23,184.7074,184.7402
2024-01-15 10:49:07.053,184.6482,4,184.6395,184.6568
2024-01-15 10:49:07.156,184.6376,126,184.6251,184.6502
2024-01-15 10:49:07.540,184.5247,580,184.5047,184.5447
2024-01-15 10:49:09.393,184.5361,58,184.5176,184.5547
2024-01-15 10:49:10.070,184.5374,637,184.5282,184.5466
2024-01-15 10:49:11.328,184.5339,94,184.5259,184.5419
2024-01-15 10:49:13.879,184.587,74,184.5693,184.6047
2024-01-15 10:49:15.573,184.558,5,184.5494,184.5666
2024-01-15 10:49:21.602,184.5339,120,184.5214,184.5464
2024-01-15 10:49:23.636,184.56,45,184.545,184.575
2024-01-15 10:49:25.232,184.6468,123,184.6291,184.6646
2024-01-15 10:49:28.295,184.5649,116,184.5511,184.5787
2024-01-15 10:49:28.552,184.4846,434,184.4774,184.4918
2024-01-15 10:49:28.755,184.4219,9,184.4029,184.441
2024-01-15 10:49:29.553,184.4784,91,184.4707,184.486
2024-01-15 10:49:32.747,184.5331,456,184.5237,184.5425
2024-01-15 10:49:33.073,184.5386,12,184.5317,184.5454
2024-01-15 10:49:36.849,184.5837,25,184.5671,184.6002
2024-01-15 10:49:37.271,184.5531,522,184.5368,184.5694
2024-01-15 10:49:37.491,184.6624,549,184.6544,184.6704
2024-01-15 10:49:44.905,184.6188,12,184.6078,184.6299
2024-01-15 10:49:47.102,184.615,193,184.6024,184.6276
2024-01-15 10:49:48.200,184.5661,78,184.5585,184.5738
2024-01-15 10:49:52.624,184.5018,76,184.4851,184.5184
2024-01-15 10:49:56.984,184.6434,172,184.6349,184.6519
2024-01-15 10:49:58.719,184.5912,365,184.5758,184.6066
2024-01-15 10:50:01.885,184.5442,50,184.5293,184.5592
2024-01-15 10:50:03.838,184.482,165,184.4639,184.5001
2024-01-15 10:50:06.084,184.5304,235,184.5243,184.5364
2024-01-15 10:50:06.373,184.6593,431,184.6517,184.6668
2024-01-15 10:50:07.546,184.6776,198,184.6626,184.6927
2024-01-15 10:50:10.111,184.7148,293,184.6964,184.7331
2024-01-15 10:50:12.798,184.5834,130,184.5747,184.5921
2024-01-15 10:50:15.713,184.4826,43,184.4764,184.4888
2024-01-15 10:50:18.391,184.4749,296,184.4584,184.4914
2024-01-15 10:50:21.061,184.5933,33,184.584,184.6026
2024-01-15 10:50:22.827,184.6628,75,184.6441,184.6815
2024-01-15 10:50:23.401,184.611,311,184.5976,184.6243
2024-01-15 10:50:23.851,184.6089,10,184.6036,184.6142
2024-01-15 10:50:24.115,184.6242,3,184.6099,184.6385
2024-01-15 10:50:24.936,184.6337,361,184.6139,184.6534
2024-01-15 10:50:25.531,184.6531,202,184.6479,184.6582
2024-01-15 10:50:28.369,184.743,52,184.7263,184.7596
2024-01-15 10:50:29.511,184.6845,2,184.6701,184.6989
2024-01-15 10:50:29.780,184.7454,58,184.7322,184.7586
2024-01-15 10:50:30.480,184.7394,90,184.7293,184.7495
2024-01-15 10:50:30.787,184.6502,344,184.6428,184.6576
2024-01-15 10:50:32.952,184.7228,49,184.7091,184.7364
2024-01-15 10:50:34.202,184.8101,740,184.7976,184.8226
2024-01-15 10:50:37.897,184.8133,10,184.8039,184.8226
2024-01-15 10:50:39.330,184.7291,66,184.7202,184.738
2024-01-15 10:50:41.829,184.6145,41,184.6083,184.6206
2024-01-15 10:50:45.260,184.7145,316,184.7037,184.7253
2024-01-15 10:50:46.582,184.7111,133,184.705,184.7172
2024-01-15 10:50:46.670,184.651,98,184.6373,184.6647
2024-01-15 10:50:47.435,184.6809,45,184.6687,184.6932
2024-01-15 10:50:47.487,184.6255,3,184.6096,184.6415
2024-01-15 10:50:47.644,184.6664,980,184.6492,184.6836
2024-01-15 10:50:48.387,184.6921,200,184.6746,184.7096
2024-01-15 10:50:54.411,184.7274,52,184.7201,184.7347
2024-01-15 10:50:56.494,184.7276,863,184.7178,184.7373
2024-01-15 10:50:56.544,184.7739,242,184.7554,184.7924
2024-01-15 10:50:56.951,184.7095,496,184.6945,184.7246
2024-01-15 10:50:57.500,184.6492,365,184.641,184.6575
2024-01-15 10:50:57.886,184.6078,623,184.6023,184.6134
2024-01-15 10:51:01.169,184.6435,579,184.6311,184.656
2024-01-15 10:51:01.330,184.6568,38,184.639,184.6746
2024-01-15 10:51:04.142,184.7551,554,184.7486,184.7616
2024-01-15 10:51:05.250,184.8287,369,184.809,184.8484
2024-01-15 10:51:08.188,184.8082,158,184.7917,184.8248
2024-01-15 10:51:09.766,184.7477,553,184.7358,184.7595
2024-01-15 10:51:10.003,184.6589,362,184.6404,184.6773
2024-01-15 10:51:13.983,184.5069,258,184.4924,184.5214
2024-01-15 10:51:15.319,184.5507,309,184.5368,184.5646
2024-01-15 10:51:18.784,184.705,135,184.6901,184.72
2024-01-15 10:51:19.193,184.6564,55,184.6479,184.6649
2024-01-15 10:51:19.316,184.6969,352,184.6794,184.7144
2024-01-15 10:51:21.052,184.7524,76,184.7434,184.7614
2024-01-15 10:51:21.301,184.6735,10,184.6611,184.686
2024-01-15 10:51:24.288,184.5987,73,184.5834,184.614
2024-01-15 10:51:24.470,184.6084,1,184.6001,184.6167
2024-01-15 10:51:25.518,184.6203,48,184.6118,184.6289
2024-01-15 10:51:28.085,184.5157,92,184.5017,184.5296
2024-01-15 10:51:28.210,184.3952,28,184.3873,184.4031
2024-01-15 10:51:29.606,184.238,279,184.2204,184.2556
2024-01-15 10:51:31.222,184.1901,78,184.1779,184.2022
2024-01-15 10:51:31.732,184.2578,55,184.2449,184.2707
2024-01-15 10:51:32.699,184.2645,7,184.2477,184.2813
2024-01-15 10:51:33.480,184.3636,82,184.3578,184.3694
2024-01-15 10:51:33.813,184.3014,378,184.2916,184.3113
2024-01-15 10:51:35.066,184.3792,19,184.3724,184.386
2024-01-15 10:51:35.494,184.3867,492,184.3669,184.4065
2024-01-15 10:51:36.630,184.4435,326,184.429,184.4581
2024-01-15 10:51:37.782,184.4,81,184.3926,184.4073
2024-01-15 10:51:39.405,184.4838,69,184.4656,184.502
2024-01-15 10:51:39.449,184.5792,17,184.5697,184.5888
2024-01-15 10:51:42.372,184.5795,135,184.5687,184.5904
2024-01-15 10:51:45.237,184.538,12,184.5203,184.5557
2024-01-15 10:51:45.964,184.6075,526,184.6004,184.6146
2024-01-15 10:51:47.152,184.5462,443,184.536,184.5565
2024-01-15 10:51:50.419,184.6098,406,184.5969,184.6226
2024-01-15 10:51:51.834,184.596,73,184.5858,184.6061
2024-01-15 10:51:52.455,184.6819,1287,184.6758,184.6881
2024-01-15 10:51:54.178,184.8476,720,184.8384,184.8569
2024-01-15 10:51:55.938,184.8476,566,184.8296,184.8655
2024-01-15 10:51:57.908,184.8267,81,184.8084,184.845
2024-01-15 10:51:58.534,185.0243,171,185.0068,185.0418
2024-01-15 10:51:58.697,185.0478,1,185.0296,185.066
2024-01-15 10:51:59.785,185.0842,174,185.0715,185.097
2024-01-15 10:52:02.019,185.0887,72,185.0801,185.0973
2024-01-15 10:52:03.961,185.1032,152,185.0951,185.1114
2024-01-15 10:52:04.049,185.0849,144,185.069,185.1008
2024-01-15 10:52:04.158,185.0504,5,185.0446,185.0561
2024-01-15 10:52:04.929,185.0654,364,185.0603,185.0705
2024-01-15 10:52:05.354,185.0707,64,185.0528,185.0887
2024-01-15 10:52:07.980,185.0587,225,185.0522,185.0653
2024-01-15 10:52:10.907,185.0717,131,185.057,185.0863
2024-01-15 10:52:11.173,185.0984,398,185.0885,185.1083
2024-01-15 10:52:11.230,185.0704,128,185.0601,185.0808
2024-01-15 10:52:13.138,185.0492,128,185.0432,185.0552
2024-01-15 10:52:16.228,185.1431,318,185.1372,185.1489
2024-01-15 10:52:18.870,185.123,84,185.1144,185.1316
2024-01-15 10:52:20.148,185.1685,42,185.1623,185.1747
2024-01-15 10:52:20.222,185.2578,111,185.2387,185.2768
2024-01-15 10:52:21.049,185.2165,400,185.2072,185.2259
2024-01-15 10:52:22.784,185.1571,115,185.1372,185.177
2024-01-15 10:52:23.896,185.1329,238,185.1251,185.1408
2024-01-15 10:52:24.350,185.1796,496,185.161,185.1982
2024-01-15 10:52:26.097,185.1547,494,185.1485,185.1609
2024-01-15 10:52:26.266,185.1186,119,185.1087,185.1285
2024-01-15 10:52:26.492,185.2045,274,185.1959,185.2132
2024-01-15 10:52:27.207,185.1762,229,185.1565,185.1958
2024-01-15 10:52:27.521,185.1908,206,185.177,185.2047
2024-01-15 10:52:29.054,185.2361,54,185.2256,185.2466
2024-01-15 10:52:32.976,185.2859,170,185.2737,185.2981
2024-01-15 10:52:34.616,185.3281,64,185.3226,185.3337
2024-01-15 10:52:36.115,185.3439,222,185.3258,185.3619
2024-01-15 10:52:37.523,185.4187,252,185.3997,185.4378
2024-01-15 10:52:37.601,185.4311,74,185.4125,185.4498
2024-01-15 10:52:44.050,185.3288,230,185.3182,185.3394
2024-01-15 10:52:44.140,185.2796,201,185.2728,185.2864
2024-01-15 10:52:44.979,185.2521,654,185.2387,185.2655
2024-01-15 10:52:45.196,185.3133,573,185.297,185.3296
2024-01-15 10:52:48.103,185.412,7,185.4006,185.4234
2024-01-15 10:52:49.952,185.4295,173,185.4147,185.4443
2024-01-15 10:52:51.531,185.3642,109,185.3553,185.3731
2024-01-15 10:52:59.371,185.4187,200,185.4024,185.4351
2024-01-15 10:53:01.563,185.494,55,185.4834,185.5045
2024-01-15 10:53:03.591,185.5148,248,185.5068,185.5229
2024-01-15 10:53:03.746,185.5063,818,185.5001,185.5126
2024-01-15 10:53:07.005,185.5367,105,185.5218,185.5515
2024-01-15 10:53:08.728,185.5292,17,185.5133,185.5451
2024-01-15 10:53:09.091,185.5496,255,185.5372,185.562
2024-01-15 10:53:09.638,185.5802,400,185.5611,185.5994
2024-01-15 10:53:10.027,185.5033,111,185.4883,185.5184
2024-01-15 10:53:10.771,185.5114,136,185.505,185.5179
2024-01-15 10:53:10.812,185.5019,27,185.4879,185.5159
2024-01-15 10:53:13.009,185.4474,460,185.4396,185.4552
2024-01-15 10:53:14.766,185.3655,110,185.3597,185.3713
2024-01-15 10:53:15.208,185.3799,64,185.3599,185.3999
2024-01-15 10:53:16.517,185.4183,7,185.4079,185.4287
2024-01-15 10:53:16.860,185.3691,107,185.3515,185.3867
2024-01-15 10:53:18.122,185.3887,237,185.3746,185.4028
2024-01-15 10:53:18.637,185.3304,46,185.3224,185.3384
2024-01-15 10:53:18.681,185.385,60,185.3714,185.3986
2024-01-15 10:53:22.180,185.4266,377,185.4211,185.4321
2024-01-15 10:53:22.363,185.3844,91,185.374,185.3948
2024-01-15 10:53:23.619,185.4115,267,185.4056,185.4175
2024-01-15 10:53:24.557,185.3368,192,185.3292,185.3444
2024-01-15 10:53:25.415,185.3609,9,185.3493,185.3725
2024-01-15 10:53:27.883,185.3308,341,185.3205,185.3412
2024-01-15 10:53:31.739,185.4102,20,185.3985,185.422
2024-01-15 10:53:35.161,185.4135,100,185.4084,185.4185
2024-01-15 10:53:35.480,185.3908,75,185.3816,185.4
2024-01-15 10:53:37.602,185.3556,78,185.3389,185.3723
2024-01-15 10:53:37.687,185.3116,296,185.3063,185.317
2024-01-15 10:53:38.307,185.2633,857,185.2569,185.2697
2024-01-15 10:53:39.826,185.3012,53,185.2891,185.3133
2024-01-15 10:53:41.147,185.3349,162,185.328,185.3418
2024-01-15 10:53:41.457,185.2272,379,185.2162,185.2382
2024-01-15 10:53:42.769,185.2092,76,185.1935,185.225
2024-01-15 10:53:44.348,185.2627,437,185.2437,185.2817
2024-01-15 10:53:44.814,185.1348,47,185.1195,185.1501
2024-01-15 10:53:45.666,185.0994,598,185.0802,185.1186
2024-01-15 10:53:45.947,185.1195,166,185.1011,185.138
2024-01-15 10:53:51.737,185.17,41,185.1504,185.1896
2024-01-15 10:53:52.832,185.2313,102,185.2168,185.2458
2024-01-15 10:53:55.676,185.2752,128,185.2605,185.29
2024-01-15 10:53:58.186,185.399,349,185.3833,185.4147
2024-01-15 10:53:59.532,185.3846,12,185.3777,185.3915
2024-01-15 10:53:59.993,185.3214,104,185.3086,185.3342
2024-01-15 10:54:02.392,185.304,396,185.2919,185.3161
2024-01-15 10:54:02.582,185.3855,354,185.3773,185.3938
2024-01-15 10:54:05.046,185.4137,149,185.3948,185.4326
2024-01-15 10:54:06.783,185.4196,194,185.4021,185.4371
2024-01-15 10:54:07.420,185.3472,1,185.3294,185.3649
2024-01-15 10:54:10.002,185.3819,134,185.3766,185.3872
2024-01-15 10:54:13.987,185.2867,101,185.2809,185.2925
2024-01-15 10:54:17.450,185.2231,39,185.2138,185.2324
2024-01-15 10:54:17.559,185.1927,99,185.1803,185.2052
2024-01-15 10:54:18.262,185.2554,309,185.2472,185.2637
2024-01-15 10:54:18.683,185.2971,271,185.2893,185.3049
2024-01-15 10:54:19.640,185.2558,2,185.2394,185.2721
2024-01-15 10:54:23.591,185.337,317,185.3301,185.3439
2024-01-15 10:54:24.106,185.3244,292,185.3193,185.3295
2024-01-15 10:54:25.505,185.2922,460,185.2855,185.2989
2024-01-15 10:54:25.759,185.2691,54,185.2551,185.2831
2024-01-15 10:54:26.400,185.2186,36,185.2117,185.2254
2024-01-15 10:54:26.483,185.2573,114,185.2384,185.2762
2024-01-15 10:54:26.678,185.2333,431,185.2162,185.2504
2024-01-15 10:54:28.305,185.2445,18,185.2381,185.2508
2024-01-15 10:54:30.139,185.1996,241,185.1803,185.2189
2024-01-15 10:54:30.357,185.2849,55,185.2763,185.2935
2024-01-15 10:54:30.885,185.2004,470,185.1859,185.2148
2024-01-15 10:54:31.857,185.2723,28,185.2626,185.2821
2024-01-15 10:54:34.021,185.2645,160,185.2499,185.2792
2024-01-15 10:54:34.234,185.257,21,185.2435,185.2705
2024-01-15 10:54:35.003,185.3671,261,185.3533,185.3808
2024-01-15 10:54:35.087,185.4884,119,185.4719,185.5049
2024-01-15 10:54:41.539,185.4391,825,185.4286,185.4495
2024-01-15 10:54:42.261,185.4714,321,185.4546,185.4883
2024-01-15 10:54:47.737,185.4538,250,185.4411,185.4664
2024-01-15 10:54:50.470,185.3381,231,185.319,185.3572
2024-01-15 10:54:56.628,185.1801,45,185.163,185.1973
2024-01-15 10:54:57.733,185.1154,14,185.1064,185.1243
2024-01-15 10:54:58.037,185.0633,77,185.0578,185.0687
2024-01-15 10:55:00.994,184.9984,40,184.9795,185.0173
2024-01-15 10:55:02.886,184.9801,336,184.9667,184.9936
2024-01-15 10:55:04.498,185.0393,22,185.03,185.0486
2024-01-15 10:55:05.788,185.0543,170,185.0432,185.0654
2024-01-15 10:55:06.518,185.0898,18,185.0761,185.1035
2024-01-15 10:55:07.192,185.0804,238,185.0653,185.0955
2024-01-15 10:55:08.465,185.0971,445,185.0851,185.1091
2024-01-15 10:55:08.557,185.1474,696,185.1337,185.1611
2024-01-15 10:55:10.458,185.1493,36,185.1328,185.1658
2024-01-15 10:55:13.003,185.0884,310,185.0707,185.106
2024-01-15 10:55:13.199,185.0148,395,185.0004,185.0293
2024-01-15 10:55:15.854,185.0832,132,185.0778,185.0885
2024-01-15 10:55:15.957,185.0878,1,185.0807,185.0948
2024-01-15 10:55:18.685,185.1403,18,185.1243,185.1564
2024-01-15 10:55:18.969,185.1178,364,185.104,185.1316
2024-01-15 10:55:21.136,185.1642,106,185.146,185.1823
2024-01-15 10:55:21.365,185.2129,328,185.1949,185.2308
2024-01-15 10:55:23.569,185.0923,247,185.0769,185.1078
2024-01-15 10:55:23.603,185.0617,162,185.0488,185.0746
2024-01-15 10:55:24.305,184.9147,406,184.9062,184.9232
2024-01-15 10:55:26.545,184.9636,268,184.9579,184.9692
2024-01-15 10:55:26.660,184.8901,375,184.8717,184.9084
2024-01-15 10:55:26.971,184.8236,130,184.814,184.8332
2024-01-15 10:55:28.468,184.8729,203,184.8624,184.8834
2024-01-15 10:55:28.565,184.9131,7,184.8964,184.9298
2024-01-15 10:55:31.719,184.9393,171,184.9247,184.954
2024-01-15 10:55:32.908,184.9793,37,184.9623,184.9963
2024-01-15 10:55:33.869,184.9513,284,184.9448,184.9578
2024-01-15 10:55:34.122,184.9595,381,184.9486,184.9704
2024-01-15 10:55:35.097,185.0291,104,185.013,185.0451
2024-01-15 10:55:38.031,185.0275,190,185.0191,185.0359
2024-01-15 10:55:39.831,185.0142,375,185.0057,185.0226
2024-01-15 10:55:40.623,185.0651,321,185.0529,185.0774
2024-01-15 10:55:40.645,185.0201,594,185.0134,185.0267
2024-01-15 10:55:40.853,185.0019,47,184.9853,185.0185
2024-01-15 10:55:40.959,184.9707,242,184.9549,184.9865
2024-01-15 10:55:41.036,184.9962,179,184.9871,185.0054
2024-01-15 10:55:44.004,185.133,627,185.123,185.143
2024-01-15 10:55:44.220,185.0971,8,185.0824,185.1117
2024-01-15 10:55:44.400,185.0816,278,185.0672,185.096
2024-01-15 10:55:44.532,185.112,204,185.1016,185.1224
2024-01-15 10:55:46.292,185.0808,49,185.0633,185.0983
2024-01-15 10:55:46.883,185.0229,116,185.0089,185.037
2024-01-15 10:55:50.054,184.9924,27,184.9806,185.0041
2024-01-15 10:55:52.074,184.9733,39,184.9592,184.9875
2024-01-15 10:55:53.119,184.9247,198,184.9087,184.9406
2024-01-15 10:55:53.361,184.9717,138,184.9641,184.9793
2024-01-15 10:55:54.242,185.0769,57,185.0674,185.0864
2024-01-15 10:55:54.421,185.0603,332,185.0518,185.0688
2024-01-15 10:55:56.224,184.9315,119,184.922,184.9411
2024-01-15 10:55:56.343,184.8616,345,184.8437,184.8794
2024-01-15 10:56:00.387,184.8496,355,184.8307,184.8685
2024-01-15 10:56:02.975,184.7869,135,184.7737,184.8001
2024-01-15 10:56:05.158,184.8128,12,184.799,184.8266
2024-01-15 10:56:11.032,184.9142,615,184.9018,184.9266
2024-01-15 10:56:13.354,185.0053,215,184.9864,185.0242
2024-01-15 10:56:13.397,184.9622,354,184.9487,184.9756
2024-01-15 10:56:14.278,184.9329,40,184.925,184.9407
2024-01-15 10:56:18.018,184.9198,167,184.9139,184.9257
2024-01-15 10:56:18.522,184.8763,433,184.8631,184.8896
2024-01-15 10:56:19.272,184.8708,256,184.8516,184.89
2024-01-15 10:56:22.392,184.8174,176,184.8064,184.8284
2024-01-15 10:56:22.418,184.7225,512,184.7166,184.7284
2024-01-15 10:56:24.318,184.7301,126,184.725,184.7352
2024-01-15 10:56:25.134,184.7095,178,184.702,184.7171
2024-01-15 10:56:25.338,184.7634,75,184.7534,184.7734
2024-01-15 10:56:28.125,184.775,335,184.757,184.793
2024-01-15 10:56:31.431,184.7912,559,184.7744,184.8081
2024-01-15 10:56:31.927,184.8291,764,184.8222,184.8361
2024-01-15 10:56:33.402,184.9532,92,184.9367,184.9697
2024-01-15 10:56:35.285,185.0434,407,185.0279,185.0589
2024-01-15 10:56:36.537,185.0826,184,185.063,185.1021
2024-01-15 10:56:37.495,185.0742,15,185.0577,185.0908
2024-01-15 10:56:38.293,185.0122,7,184.9924,185.032
2024-01-15 10:56:38.404,184.9945,1094,184.9849,185.0041
2024-01-15 10:56:40.139,184.9665,116,184.9614,184.9717
2024-01-15 10:56:40.316,185.0101,18,185.0009,185.0194
2024-01-15 10:56:41.470,185.0107,176,184.9923,185.0291
2024-01-15 10:56:41.844,185.0923,163,185.0767,185.108
2024-01-15 10:56:44.441,185.0643,280,185.0485,185.0801
2024-01-15 10:56:45.919,185.0747,285,185.061,185.0884
2024-01-15 10:56:46.434,185.0389,142,185.0322,185.0456
2024-01-15 10:56:46.533,185.1386,88,185.1252,185.152
2024-01-15 10:56:47.347,185.0683,64,185.0583,185.0783
2024-01-15 10:56:47.971,185.0699,30,185.0541,185.0858
2024-01-15 10:56:48.450,185.1299,217,185.1149,185.1449
2024-01-15 10:56:49.235,185.0404,227,185.0294,185.0513
2024-01-15 10:56:49.344,185.0227,30,185.0039,185.0414
2024-01-15 10:56:49.582,185.1024,317,185.0884,185.1164
2024-01-15 10:56:50.083,185.1087,774,185.0983,185.1191
2024-01-15 10:56:52.519,185.0528,421,185.0383,185.0672
2024-01-15 10:56:56.698,185.1228,72,185.1097,185.1358
2024-01-15 10:56:59.099,185.1587,111,185.1508,185.1666
2024-01-15 10:57:02.267,185.2211,476,185.2103,185.2319
2024-01-15 10:57:02.272,185.2012,148,185.1887,185.2137
2024-01-15 10:57:02.599,185.2224,37,185.2122,185.2327
2024-01-15 10:57:03.986,185.1328,831,185.1262,185.1395
2024-01-15 10:57:10.506,185.1226,1,185.1089,185.1363
2024-01-15 10:57:15.273,185.1288,210,185.1104,185.1473
2024-01-15 10:57:16.162,185.1291,3,185.1134,185.1448
2024-01-15 10:57:16.957,185.1567,300,185.1503,185.163
2024-01-15 10:57:16.970,185.2474,243,185.2359,185.2589
2024-01-15 10:57:22.873,185.2798,10,185.2606,185.2989
2024-01-15 10:57:24.069,185.2166,95,185.2111,185.2221
2024-01-15 10:57:25.003,185.2931,578,185.2854,185.3008
2024-01-15 10:57:26.326,185.3308,128,185.3254,185.3363
2024-01-15 10:57:26.339,185.4117,100,185.3987,185.4246
2024-01-15 10:57:28.820,185.4068,170,185.3943,185.4194
2024-01-15 10:57:30.171,185.3651,10,185.3547,185.3755
2024-01-15 10:57:31.013,185.3519,126,185.3439,185.36
2024-01-15 10:57:31.513,185.3745,167,185.3675,185.3815
2024-01-15 10:57:32.600,185.4087,163,185.3953,185.4221
2024-01-15 10:57:32.616,185.3888,387,185.3774,185.4003
2024-01-15 10:57:32.730,185.3178,167,185.3022,185.3334
2024-01-15 10:57:32.856,185.2606,252,185.2508,185.2705
2024-01-15 10:57:33.698,185.2301,696,185.2113,185.2489
2024-01-15 10:57:34.938,185.2868,328,185.2796,185.2941
2024-01-15 10:57:35.402,185.2707,275,185.2544,185.2871
2024-01-15 10:57:36.512,185.2006,577,185.1947,185.2064
2024-01-15 10:57:37.233,185.1752,1309,185.1625,185.1878
2024-01-15 10:57:37.318,185.278,209,185.2593,185.2967
2024-01-15 10:57:38.156,185.2514,18,185.2423,185.2606
2024-01-15 10:57:41.615,185.229,82,185.221,185.2369
2024-01-15 10:57:44.094,185.2827,144,185.2652,185.3002
2024-01-15 10:57:45.494,185.2301,163,185.2156,185.2446
2024-01-15 10:57:46.038,185.3077,31,185.2883,185.327
2024-01-15 10:57:48.415,185.3261,122,185.3142,185.338
2024-01-15 10:57:49.446,185.4473,385,185.4361,185.4585
2024-01-15 10:57:49.641,185.3689,303,185.3509,185.3869
2024-01-15 10:57:50.869,185.4123,114,185.4011,185.4236
2024-01-15 10:57:52.855,185.36,186,185.3421,185.378
2024-01-15 10:57:56.388,185.504,196,185.489,185.519
2024-01-15 10:57:57.153,185.5059,341,185.4892,185.5227
2024-01-15 10:57:58.125,185.5789,546,185.564,185.5939
2024-01-15 10:58:00.878,185.5153,30,185.4983,185.5322
2024-01-15 10:58:01.253,185.5403,64,185.5276,185.5529
2024-01-15 10:58:02.717,185.571,115,185.5553,185.5867
2024-01-15 10:58:03.302,185.5596,1106,185.5443,185.575
2024-01-15 10:58:07.153,185.4454,58,185.4299,185.4609
2024-01-15 10:58:08.248,185.5052,123,185.4982,185.5123
2024-01-15 10:58:09.279,185.4985,221,185.4823,185.5148
2024-01-15 10:58:09.320,185.5577,57,185.5396,185.5758
2024-01-15 10:58:11.345,185.4263,353,185.4064,185.4462
2024-01-15 10:58:11.440,185.4318,37,185.4163,185.4473
2024-01-15 10:58:13.826,185.4416,30,185.4239,185.4592
2024-01-15 10:58:15.906,185.3921,694,185.3754,185.4088
2024-01-15 10:58:16.514,185.419,15,185.4111,185.4269
2024-01-15 10:58:17.929,185.4932,138,185.4791,185.5074
2024-01-15 10:58:20.193,185.4467,17,185.4356,185.4579
2024-01-15 10:58:20.605,185.4127,218,185.3948,185.4305
2024-01-15 10:58:21.787,185.4381,327,185.432,185.4443
2024-01-15 10:58:21.887,185.5104,342,185.501,185.5197
2024-01-15 10:58:22.128,185.6126,1,185.5975,185.6277
2024-01-15 10:58:22.634,185.668,214,185.6541,185.682
2024-01-15 10:58:23.963,185.6176,815,185.6109,185.6243
2024-01-15 10:58:24.585,185.5109,272,185.5022,185.5196
2024-01-15 10:58:24.903,185.5525,454,185.5449,185.5602
2024-01-15 10:58:25.942,185.6002,25,185.5915,185.6089
2024-01-15 10:58:27.054,185.6697,7,185.6531,185.6862
2024-01-15 10:58:27.263,185.602,184,185.5826,185.6215
2024-01-15 10:58:30.026,185.5525,187,185.5431,185.5618
2024-01-15 10:58:30.091,185.6176,124,185.599,185.6363
2024-01-15 10:58:30.692,185.5838,65,185.5707,185.5969
2024-01-15 10:58:31.147,185.5794,278,185.5631,185.5956
2024-01-15 10:58:33.517,185.5294,21,185.5122,185.5465
2024-01-15 10:58:37.188,185.4922,57,185.4839,185.5005
2024-01-15 10:58:43.501,185.5429,429,185.5312,185.5545
2024-01-15 10:58:43.945,185.5987,554,185.5884,185.6091
2024-01-15 10:58:47.790,185.6118,32,185.5923,185.6314
2024-01-15 10:58:47.838,185.7462,83,185.7314,185.761
2024-01-15 10:58:50.691,185.6559,335,185.6369,185.675
2024-01-15 10:58:51.737,185.6273,730,185.6194,185.6352
2024-01-15 10:58:52.831,185.6801,148,185.662,185.6981
2024-01-15 10:58:53.490,185.6475,212,185.6419,185.6531
2024-01-15 10:58:53.997,185.7398,201,185.7229,185.7567
2024-01-15 10:58:56.940,185.6624,214,185.653,185.6718
2024-01-15 10:58:57.217,185.6085,110,185.5997,185.6174
2024-01-15 10:58:57.940,185.5042,630,185.4902,185.5181
2024-01-15 10:58:59.212,185.4894,51,185.4694,185.5093
2024-01-15 10:58:59.227,185.4591,616,185.4539,185.4642
2024-01-15 10:59:00.236,185.5038,1,185.4868,185.5207
2024-01-15 10:59:01.036,185.6636,219,185.6531,185.6742
2024-01-15 10:59:02.185,185.7089,119,185.6982,185.7195
2024-01-15 10:59:02.214,185.6153,647,185.6052,185.6254
2024-01-15 10:59:03.447,185.5846,262,185.5674,185.6018
2024-01-15 10:59:04.158,185.6029,83,185.5909,185.6148
2024-01-15 10:59:09.550,185.667,237,185.6578,185.6761
2024-01-15 10:59:11.738,185.6843,335,185.6724,185.6961
2024-01-15 10:59:12.122,185.7744,108,185.7588,185.7901
2024-01-15 10:59:13.168,185.7495,190,185.7432,185.7558
2024-01-15 10:59:13.696,185.7979,126,185.7861,185.8096
2024-01-15 10:59:14.609,185.7838,109,185.7651,185.8024
2024-01-15 10:59:15.245,185.7492,602,185.7407,185.7576
2024-01-15 10:59:15.328,185.8694,275,185.8597,185.879
2024-01-15 10:59:15.418,185.8614,171,185.8421,185.8806
2024-01-15 10:59:16.795,185.897,120,185.8771,185.917
2024-01-15 10:59:18.643,185.8653,96,185.8458,185.8848
2024-01-15 10:59:18.822,185.8564,249,185.8416,185.8712
2024-01-15 10:59:19.323,185.7882,284,185.7748,185.8016
2024-01-15 10:59:19.846,185.7158,105,185.6975,185.7341
2024-01-15 10:59:20.536,185.7043,201,185.6966,185.7121
2024-01-15 10:59:21.298,185.6838,7,185.6651,185.7025
2024-01-15 10:59:21.824,185.6059,87,185.5974,185.6143
2024-01-15 10:59:22.041,185.6416,23,185.6226,185.6606
2024-01-15 10:59:22.333,185.6994,1224,185.6812,185.7175
2024-01-15 10:59:23.003,185.7374,144,185.7246,185.7503
2024-01-15 10:59:28.401,185.7529,7,185.7336,185.7721
2024-01-15 10:59:28.738,185.7544,62,185.7443,185.7646
2024-01-15 10:59:32.800,185.7939,96,185.7768,185.811
2024-01-15 10:59:35.211,185.726,319,185.7185,185.7336
2024-01-15 10:59:38.991,185.6908,265,185.6726,185.709
2024-01-15 10:59:39.732,185.79,273,185.7705,185.8094
2024-01-15 10:59:41.444,185.8599,28,185.8438,185.8761
2024-01-15 10:59:41.895,185.8379,554,185.8267,185.8491
2024-01-15 10:59:41.979,185.8813,391,185.8623,185.9004
2024-01-15 10:59:42.897,185.8094,20,185.7974,185.8214
2024-01-15 10:59:43.943,185.9258,14,185.9082,185.9434
2024-01-15 10:59:44.842,185.9409,23,185.9306,185.9511
2024-01-15 10:59:45.660,186.055,276,186.0365,186.0734
2024-01-15 10:59:46.171,186.1936,61,186.1793,186.2079
2024-01-15 10:59:48.875,186.1144,335,186.1078,186.1211
2024-01-15 10:59:49.333,186.2499,399,186.2395,186.2602
2024-01-15 10:59:50.760,186.316,5,186.2984,186.3337
2024-01-15 10:59:51.064,186.1932,38,186.1748,186.2117
2024-01-15 10:59:51.069,186.0927,180,186.0868,186.0986
2024-01-15 10:59:52.136,186.1465,14,186.1283,186.1647
2024-01-15 10:59:54.746,186.1141,139,186.1035,186.1246
2024-01-15 10:59:54.941,186.0809,140,186.0668,186.095
2024-01-15 10:59:55.724,186.2071,453,186.1997,186.2144
2024-01-15 10:59:58.076,186.2448,6,186.2375,186.2521
2024-01-15 11:00:00.445,186.3687,655,186.3574,186.38
2024-01-15 11:00:00.587,186.4255,462,186.4056,186.4455
2024-01-15 11:00:00.678,186.5015,616,186.4933,186.5098
2024-01-15 11:00:02.837,186.4477,566,186.441,186.4544
2024-01-15 11:00:05.080,186.4847,193,186.4731,186.4963
2024-01-15 11:00:05.771,186.4464,52,186.4396,186.4533
2024-01-15 11:00:07.108,186.3283,120,186.3129,186.3437
2024-01-15 11:00:07.719,186.3068,557,186.297,186.3166
2024-01-15 11:00:09.142,186.3355,376,186.3241,186.3469
2024-01-15 11:00:09.612,186.2737,342,186.2598,186.2876
2024-01-15 11:00:10.783,186.349,421,186.3297,186.3683
2024-01-15 11:00:12.774,186.2503,180,186.2436,186.2569
2024-01-15 11:00:13.554,186.2684,73,186.2575,186.2794
2024-01-15 11:00:14.727,186.2939,245,186.2814,186.3063
2024-01-15 11:00:18.100,186.326,82,186.3077,186.3443
2024-01-15 11:00:24.939,186.4254,337,186.4076,186.4431
2024-01-15 11:00:27.012,186.3325,348,186.3152,186.3499
2024-01-15 11:00:28.049,186.409,133,186.3959,186.4221
2024-01-15 11:00:30.426,186.4714,160,186.4586,186.4843
2024-01-15 11:00:33.971,186.5209,92,186.5063,186.5356
2024-01-15 11:00:35.543,186.4877,217,186.478,186.4974
2024-01-15 11:00:36.081,186.4432,113,186.4315,186.4549
2024-01-15 11:00:39.415,186.4364,463,186.4279,186.4449
2024-01-15 11:00:40.409,186.3872,217,186.3695,186.4049
2024-01-15 11:00:40.551,186.3474,413,186.3391,186.3557
2024-01-15 11:00:41.538,186.2981,175,186.285,186.3112
2024-01-15 11:00:41.941,186.323,134,186.3047,186.3414
2024-01-15 11:00:43.546,186.3275,342,186.319,186.336
2024-01-15 11:00:45.209,186.3207,161,186.3055,186.3359
2024-01-15 11:00:47.339,186.2634,354,186.2559,186.2709
2024-01-15 11:00:47.948,186.3241,426,186.3138,186.3343
2024-01-15 11:00:49.886,186.3348,1113,186.3229,186.3468
2024-01-15 11:00:49.918,186.3347,15,186.317,186.3524
2024-01-15 11:00:50.447,186.3328,410,186.3129,186.3527
2024-01-15 11:00:52.080,186.1544,192,186.1423,186.1664
2024-01-15 11:00:59.266,186.2121,15,186.1995,186.2246
2024-01-15 11:01:03.370,186.2176,353,186.1983,186.237
2024-01-15 11:01:06.577,186.2633,6,186.2567,186.2698
2024-01-15 11:01:08.996,186.32,189,186.3073,186.3327
2024-01-15 11:01:11.367,186.3901,30,186.3844,186.3958
2024-01-15 11:01:13.042,186.3684,39,186.3612,186.3756
2024-01-15 11:01:14.608,186.3426,34,186.3261,186.3591
2024-01-15 11:01:16.922,186.2986,675,186.2829,186.3142
2024-01-15 11:01:20.513,186.3896,797,186.3841,186.395
2024-01-15 11:01:20.539,186.4055,6,186.3913,186.4197
2024-01-15 11:01:20.775,186.2789,17,186.2668,186.2911
2024-01-15 11:01:21.208,186.3113,516,186.3007,186.3218
2024-01-15 11:01:21.437,186.2299,482,186.2146,186.2451
2024-01-15 11:01:21.523,186.2683,22,186.2522,186.2845
2024-01-15 11:01:22.265,186.2835,26,186.2783,186.2886
2024-01-15 11:01:22.570,186.2178,116,186.2029,186.2327
2024-01-15 11:01:24.462,186.1722,117,186.1657,186.1788
2024-01-15 11:01:27.756,186.0406,270,186.0314,186.0499
2024-01-15 11:01:28.397,185.9341,62,185.9151,185.9531
2024-01-15 11:01:30.173,185.9456,73,185.9279,185.9632
2024-01-15 11:01:34.431,185.9159,69,185.8975,185.9343
2024-01-15 11:01:39.356,185.9245,32,185.906,185.9429
2024-01-15 11:01:39.970,185.9871,911,185.9747,185.9996
2024-01-15 11:01:40.425,185.8125,48,185.8005,185.8244
2024-01-15 11:01:43.177,185.7568,9,185.7473,185.7663
2024-01-15 11:01:43.211,185.6894,578,185.6746,185.7043
2024-01-15 11:01:45.456,185.7043,264,185.6863,185.7223
2024-01-15 11:01:46.887,185.6032,316,185.5925,185.6138
2024-01-15 11:01:47.248,185.6375,102,185.6284,185.6467
2024-01-15 11:01:49.193,185.6075,89,185.6012,185.6138
2024-01-15 11:01:49.578,185.6547,119,185.6375,185.6718
2024-01-15 11:01:51.103,185.6395,17,185.6282,185.6508
2024-01-15 11:01:52.159,185.6593,15,185.6533,185.6654
2024-01-15 11:01:52.275,185.5375,105,185.5301,185.5449
2024-01-15 11:01:56.367,185.5612,253,185.5506,185.5719
2024-01-15 11:01:56.661,185.5517,35,185.5421,185.5613
2024-01-15 11:01:57.597,185.5662,237,185.5602,185.5723
2024-01-15 11:01:58.134,185.5711,704,185.5542,185.5881
2024-01-15 11:02:00.535,185.5258,77,185.5101,185.5414
2024-01-15 11:02:02.280,185.4758,57,185.469,185.4826
2024-01-15 11:02:04.198,185.425,290,185.4086,185.4413
2024-01-15 11:02:04.940,185.3961,103,185.3782,185.414
2024-01-15 11:02:05.115,185.3887,824,185.3795,185.3978
2024-01-15 11:02:06.455,185.4048,263,185.392,185.4176
2024-01-15 11:02:06.456,185.4137,788,185.4065,185.4208
2024-01-15 11:02:07.296,185.3382,213,185.333,185.3435
2024-01-15 11:02:07.870,185.3797,76,185.3736,185.3859
2024-01-15 11:02:07.989,185.2882,21,185.2739,185.3026
2024-01-15 11:02:08.929,185.2665,103,185.2567,185.2763
2024-01-15 11:02:09.774,185.3888,508,185.3741,185.4036
2024-01-15 11:02:10.083,185.4083,241,185.4019,185.4146
2024-01-15 11:02:12.424,185.5081,118,185.4924,185.5237
2024-01-15 11:02:13.137,185.5818,80,185.5745,185.5891
2024-01-15 11:02:15.059,185.5167,9,185.4971,185.5362
2024-01-15 11:02:15.347,185.3533,496,185.3409,185.3658
2024-01-15 11:02:15.443,185.3234,292,185.3083,185.3384
2024-01-15 11:02:16.045,185.4013,310,185.3845,185.418
2024-01-15 11:02:16.324,185.4631,141,185.4474,185.4789
2024-01-15 11:02:17.283,185.3934,211,185.3775,185.4094
2024-01-15 11:02:18.215,185.3031,383,185.2912,185.315
2024-01-15 11:02:19.074,185.2889,355,185.2763,185.3015
2024-01-15 11:02:23.274,185.3059,397,185.2919,185.3199
2024-01-15 11:02:30.319,185.3582,66,185.353,185.3634
2024-01-15 11:02:30.597,185.4102,235,185.3921,185.4283
2024-01-15 11:02:31.231,185.4449,157,185.4318,185.4579
2024-01-15 11:02:31.232,185.4781,2,185.4715,185.4846
2024-01-15 11:02:31.835,185.5035,277,185.4873,185.5196
2024-01-15 11:02:32.309,185.4774,12,185.4586,185.4962
2024-01-15 11:02:32.818,185.494,25,185.4845,185.5035
2024-01-15 11:02:35.155,185.5257,2,185.5115,185.54
2024-01-15 11:02:35.986,185.5424,54,185.5363,185.5485
2024-01-15 11:02:39.580,185.6053,233,185.5963,185.6143
2024-01-15 11:02:39.652,185.5602,44,185.542,185.5785
2024-01-15 11:02:42.173,185.5696,168,185.5637,185.5756
2024-01-15 11:02:43.159,185.4752,137,185.4677,185.4828
2024-01-15 11:02:44.977,185.4011,144,185.3828,185.4193
2024-01-15 11:02:45.547,185.479,131,185.4676,185.4904
2024-01-15 11:02:47.201,185.4584,75,185.4395,185.4774
2024-01-15 11:02:48.289,185.3652,53,185.3488,185.3815
2024-01-15 11:02:49.315,185.3314,200,185.3258,185.337
2024-01-15 11:02:51.320,185.4128,399,185.3942,185.4313
2024-01-15 11:02:52.653,185.4306,261,185.4201,185.4411
2024-01-15 11:03:02.196,185.4436,287,185.4298,185.4574
2024-01-15 11:03:04.843,185.4025,10,185.3836,185.4214
2024-01-15 11:03:05.126,185.3033,6,185.2867,185.32
2024-01-15 11:03:07.603,185.3186,99,185.3102,185.3271
2024-01-15 11:03:10.170,185.3443,144,185.3373,185.3513
2024-01-15 11:03:10.615,185.2757,83,185.2604,185.2911
2024-01-15 11:03:10.804,185.3235,143,185.3175,185.3294
2024-01-15 11:03:12.561,185.2939,250,185.285,185.3029
2024-01-15 11:03:19.639,185.2357,254,185.2175,185.2539
2024-01-15 11:03:20.312,185.1744,919,185.1652,185.1837
2024-01-15 11:03:21.190,185.0596,10,185.0443,185.0749
2024-01-15 11:03:23.739,185.0925,719,185.0862,185.0988
2024-01-15 11:03:25.824,185.1065,161,185.087,185.126
2024-01-15 11:03:28.991,185.0732,6,185.0548,185.0916
2024-01-15 11:03:30.210,184.9978,42,184.9785,185.0171
2024-01-15 11:03:31.353,184.9972,11,184.9825,185.012
2024-01-15 11:03:31.395,185.0219,809,185.0142,185.0297
2024-01-15 11:03:32.964,185.0185,98,185.0075,185.0294
2024-01-15 11:03:35.628,184.9592,150,184.9466,184.9718
2024-01-15 11:03:37.428,184.9607,430,184.9464,184.975
2024-01-15 11:03:40.607,184.9314,206,184.9119,184.9508
2024-01-15 11:03:43.552,184.8018,134,184.7909,184.8127
2024-01-15 11:03:43.709,184.8253,186,184.8171,184.8334
2024-01-15 11:03:44.157,184.8412,140,184.8233,184.8591
2024-01-15 11:03:47.706,184.8444,301,184.8361,184.8527
2024-01-15 11:03:48.433,184.9696,601,184.9627,184.9765
2024-01-15 11:03:48.708,184.9539,376,184.9393,184.9685
2024-01-15 11:03:49.544,184.7832,428,184.7639,184.8025
2024-01-15 11:03:51.529,184.8321,185,184.8261,184.8381
2024-01-15 11:03:54.730,184.7739,157,184.7572,184.7905
2024-01-15 11:03:54.857,184.7605,64,184.7536,184.7673
2024-01-15 11:03:58.601,184.6967,15,184.6849,184.7086
2024-01-15 11:03:59.548,184.6733,220,184.6567,184.69
2024-01-15 11:04:00.911,184.782,76,184.7688,184.7953
2024-01-15 11:04:01.067,184.7548,156,184.744,184.7656
2024-01-15 11:04:01.838,184.7624,224,184.754,184.7709
2024-01-15 11:04:02.007,184.7439,152,184.7313,184.7565
2024-01-15 11:04:03.067,184.7242,19,184.718,184.7303
2024-01-15 11:04:05.120,184.6889,1415,184.6793,184.6985
2024-01-15 11:04:05.807,184.624,3,184.6058,184.6422
2024-01-15 11:04:08.397,184.6919,18,184.6837,184.7001
2024-01-15 11:04:16.766,184.6299,708,184.6152,184.6447
2024-01-15 11:04:21.459,184.6752,46,184.657,184.6934
2024-01-15 11:04:24.440,184.7152,114,184.6963,184.7341
2024-01-15 11:04:25.349,184.6424,251,184.6329,184.652
2024-01-15 11:04:25.745,184.6431,693,184.6279,184.6583
2024-01-15 11:04:27.635,184.584,94,184.578,184.59
2024-01-15 11:04:27.893,184.611,2,184.5982,184.6238
2024-01-15 11:04:29.315,184.5387,74,184.519,184.5584
2024-01-15 11:04:30.358,184.5482,195,184.5322,184.5642
2024-01-15 11:04:30.372,184.6011,39,184.5863,184.6158
2024-01-15 11:04:30.849,184.5347,14,184.5231,184.5462
2024-01-15 11:04:31.601,184.5422,10,184.5286,184.5559
2024-01-15 11:04:32.095,184.5793,159,184.5708,184.5877
2024-01-15 11:04:34.723,184.4884,7,184.4712,184.5055
2024-01-15 11:04:37.425,184.4152,137,184.4051,184.4252
2024-01-15 11:04:38.158,184.4555,56,184.4379,184.4731
2024-01-15 11:04:43.587,184.4847,27,184.4704,184.4989
2024-01-15 11:04:45.681,184.4509,83,184.4365,184.4653
2024-01-15 11:04:47.088,184.4442,49,184.4265,184.4619
2024-01-15 11:04:47.142,184.4092,608,184.3957,184.4226
2024-01-15 11:04:48.445,184.342,388,184.3335,184.3504
2024-01-15 11:04:56.814,184.428,71,184.421,184.4349
2024-01-15 11:04:57.160,184.4299,275,184.4122,184.4476
2024-01-15 11:04:57.690,184.482,17,184.469,184.4949
2024-01-15 11:04:58.046,184.4435,474,184.4331,184.4539
2024-01-15 11:04:58.321,184.5451,493,184.5265,184.5637
2024-01-15 11:04:59.769,184.4957,772,184.4774,184.5139
2024-01-15 11:04:59.838,184.6537,15,184.6477,184.6596
2024-01-15 11:05:02.225,184.7281,120,184.7136,184.7426
2024-01-15 11:05:02.833,184.7187,645,184.7043,184.7331
2024-01-15 11:05:03.949,184.6424,167,184.6315,184.6533
2024-01-15 11:05:05.808,184.6993,86,184.6811,184.7175
2024-01-15 11:05:06.332,184.7538,180,184.7461,184.7615
2024-01-15 11:05:07.580,184.6718,134,184.6656,184.678
2024-01-15 11:05:10.814,184.6911,87,184.6802,184.7019
2024-01-15 11:05:10.956,184.698,113,184.6925,184.7034
2024-01-15 11:05:14.034,184.7128,507,184.6967,184.7289
2024-01-15 11:05:15.495,184.7478,153,184.731,184.7647
2024-01-15 11:05:16.522,184.6955,959,184.6805,184.7105
2024-01-15 11:05:19.249,184.6112,278,184.5978,184.6247
2024-01-15 11:05:19.263,184.5321,268,184.5264,184.5378
2024-01-15 11:05:19.493,184.4179,44,184.3984,184.4373
2024-01-15 11:05:20.907,184.3754,27,184.3588,184.392
2024-01-15 11:05:28.330,184.4615,197,184.4475,184.4754
2024-01-15 11:05:33.253,184.4425,1,184.4237,184.4612
2024-01-15 11:05:34.261,184.4555,634,184.4363,184.4746
2024-01-15 11:05:36.244,184.3098,771,184.2951,184.3244
2024-01-15 11:05:37.540,184.2882,56,184.2702,184.3061
2024-01-15 11:05:37.936,184.338,90,184.3328,184.3432
2024-01-15 11:05:40.315,184.3152,101,184.2968,184.3336
2024-01-15 11:05:40.471,184.3456,596,184.3344,184.3567
2024-01-15 11:05:44.512,184.2102,68,184.1925,184.2279
2024-01-15 11:05:45.629,184.1281,99,184.117,184.1392
2024-01-15 11:05:46.825,183.9872,888,183.9714,184.0029
2024-01-15 11:05:48.635,184.0708,164,184.0614,184.0802
2024-01-15 11:05:49.036,184.0393,138,184.0228,184.0558
2024-01-15 11:05:51.490,184.0296,353,184.0112,184.0481
2024-01-15 11:05:54.034,183.9995,111,183.9852,184.0138
2024-01-15 11:05:56.658,184.0951,2,184.0815,184.1086
2024-01-15 11:05:57.169,184.1401,182,184.1245,184.1556
2024-01-15 11:05:57.482,184.1104,79,184.1017,184.1191
2024-01-15 11:05:58.274,184.0555,101,184.0435,184.0676
2024-01-15 11:06:04.892,184.0455,496,184.0378,184.0532
2024-01-15 11:06:05.840,183.9581,121,183.9418,183.9744
2024-01-15 11:06:07.644,183.9447,31,183.9256,183.9639
2024-01-15 11:06:08.867,184.0161,214,184.0025,184.0297
2024-01-15 11:06:09.109,184.1034,278,184.0944,184.1125
2024-01-15 11:06:09.320,184.0097,124,183.9933,184.026
2024-01-15 11:06:10.096,184.0638,135,184.0566,184.0709
2024-01-15 11:06:11.800,184.057,71,184.0432,184.0708
2024-01-15 11:06:14.340,184.0926,305,184.0839,184.1014
2024-01-15 11:06:15.264,184.1475,124,184.1356,184.1594
2024-01-15 11:06:15.270,184.0355,418,184.0155,184.0554
2024-01-15 11:06:18.388,184.0635,4,184.0558,184.0712
2024-01-15 11:06:19.440,184.1984,18,184.1858,184.2109
2024-01-15 11:06:19.508,184.2282,940,184.2113,184.2451
2024-01-15 11:06:22.856,184.2253,185,184.2126,184.238
2024-01-15 11:06:26.749,184.1984,160,184.1877,184.209
2024-01-15 11:06:27.388,184.2684,25,184.2626,184.2742
2024-01-15 11:06:27.703,184.3101,65,184.3026,184.3175
2024-01-15 11:06:28.969,184.2999,124,184.2906,184.3092
2024-01-15 11:06:34.070,184.2511,110,184.2434,184.2589
2024-01-15 11:06:34.957,184.2555,356,184.2466,184.2644
2024-01-15 11:06:35.155,184.2202,273,184.2086,184.2318
2024-01-15 11:06:35.277,184.3402,248,184.3265,184.3539
2024-01-15 11:06:35.491,184.4375,118,184.4235,184.4515
2024-01-15 11:06:37.330,184.4771,208,184.463,184.4913
2024-01-15 11:06:38.609,184.4819,55,184.4733,184.4904
2024-01-15 11:06:39.849,184.4882,46,184.4695,184.507
2024-01-15 11:06:40.659,184.57,70,184.5569,184.5831
2024-01-15 11:06:44.759,184.4937,167,184.4882,184.4991
2024-01-15 11:06:47.556,184.4656,67,184.4527,184.4784
2024-01-15 11:06:47.582,184.477,164,184.461,184.4929
2024-01-15 11:06:48.091,184.5168,200,184.5033,184.5304
2024-01-15 11:06:48.931,184.5118,115,184.5015,184.5222
2024-01-15 11:06:52.689,184.3949,490,184.3769,184.4128
2024-01-15 11:06:53.669,184.4737,156,184.4538,184.4936
2024-01-15 11:06:54.331,184.4275,184,184.4076,184.4473
2024-01-15 11:06:55.105,184.4549,179,184.4354,184.4745
2024-01-15 11:06:56.854,184.5517,42,184.5354,184.568
2024-01-15 11:06:58.180,184.457,16,184.4426,184.4715
2024-01-15 11:06:59.216,184.4097,16,184.3933,184.426
2024-01-15 11:06:59.233,184.3619,150,184.3552,184.3687
2024-01-15 11:06:59.885,184.3713,12,184.3548,184.3877
2024-01-15 11:07:00.213,184.3107,71,184.3022,184.3193
2024-01-15 11:07:00.644,184.4036,113,184.3958,184.4114
2024-01-15 11:07:03.653,184.4218,128,184.4057,184.4379
2024-01-15 11:07:04.237,184.419,232,184.4126,184.4254
2024-01-15 11:07:06.502,184.479,441,184.469,184.4891
2024-01-15 11:07:06.506,184.5037,185,184.4854,184.522
2024-01-15 11:07:07.249,184.5334,142,184.5265,184.5402
2024-01-15 11:07:07.334,184.5416,34,184.5326,184.5507
2024-01-15 11:07:08.593,184.4904,48,184.4711,184.5096
2024-01-15 11:07:08.906,184.4207,466,184.4114,184.43
2024-01-15 11:07:10.623,184.3522,99,184.3379,184.3664
2024-01-15 11:07:16.162,184.39,132,184.3702,184.4098
2024-01-15 11:07:16.883,184.4919,91,184.4767,184.5071
2024-01-15 11:07:17.093,184.4082,312,184.3978,184.4186
2024-01-15 11:07:19.083,184.4074,353,184.3909,184.4239
2024-01-15 11:07:20.067,184.2815,397,184.2697,184.2933
2024-01-15 11:07:20.338,184.3428,343,184.3358,184.3499
2024-01-15 11:07:23.054,184.4186,59,184.4019,184.4353
2024-01-15 11:07:24.399,184.4282,156,184.4192,184.4371
2024-01-15 11:07:30.662,184.4102,14,184.3923,184.4281
2024-01-15 11:07:31.162,184.3672,59,184.3545,184.38
2024-01-15 11:07:35.397,184.4405,1287,184.4256,184.4555
2024-01-15 11:07:36.372,184.3555,44,184.3386,184.3725
2024-01-15 11:07:38.501,184.415,47,184.3952,184.4348
2024-01-15 11:07:38.730,184.4117,63,184.4012,184.4222
2024-01-15 11:07:39.529,184.4031,76,184.3888,184.4174
2024-01-15 11:07:41.301,184.3342,50,184.3238,184.3446
2024-01-15 11:07:42.149,184.3116,471,184.292,184.3312
2024-01-15 11:07:44.902,184.2469,163,184.2356,184.2583
2024-01-15 11:07:45.470,184.2949,144,184.2862,184.3037
2024-01-15 11:07:46.263,184.247,51,184.2282,184.2658
2024-01-15 11:07:47.653,184.2365,119,184.2229,184.2502
2024-01-15 11:07:49.093,184.2246,3,184.2108,184.2384
2024-01-15 11:07:51.912,184.2211,184,184.2037,184.2384
2024-01-15 11:07:52.554,184.2984,39,184.2832,184.3136
2024-01-15 11:07:58.576,184.3678,113,184.362,184.3735
2024-01-15 11:07:59.260,184.4301,217,184.4225,184.4378
2024-01-15 11:08:02.035,184.4993,103,184.4921,184.5064
2024-01-15 11:08:02.355,184.43,113,184.4115,184.4485
2024-01-15 11:08:03.659,184.4985,202,184.4841,184.5128
2024-01-15 11:08:05.619,184.4746,144,184.4645,184.4847
2024-01-15 11:08:05.651,184.4564,268,184.4416,184.4711
2024-01-15 11:08:07.728,184.4985,456,184.4863,184.5106
2024-01-15 11:08:07.781,184.4505,236,184.4451,184.4559
2024-01-15 11:08:08.713,184.5378,2,184.5292,184.5465
2024-01-15 11:08:15.349,184.5976,18,184.5911,184.604
2024-01-15 11:08:15.772,184.5406,587,184.5261,184.5551
2024-01-15 11:08:21.105,184.5428,14,184.5336,184.552
2024-01-15 11:08:21.967,184.6024,68,184.5836,184.6212
2024-01-15 11:08:24.173,184.558,129,184.5502,184.5659
2024-01-15 11:08:24.710,184.5494,71,184.5391,184.5596
2024-01-15 11:08:30.660,184.563,40,184.5475,184.5785
2024-01-15 11:08:33.196,184.4568,199,184.44,184.4737
2024-01-15 11:08:34.984,184.4087,45,184.403,184.4143
2024-01-15 11:08:37.642,184.3909,145,184.3759,184.406
2024-01-15 11:08:38.149,184.4779,46,184.4687,184.4871
2024-01-15 11:08:38.918,184.5956,59,184.5786,184.6127
2024-01-15 11:08:40.665,184.5211,65,184.514,184.5282
2024-01-15 11:08:41.143,184.4698,123,184.4593,184.4804
2024-01-15 11:08:42.567,184.5245,163,184.5047,184.5443
2024-01-15 11:08:46.670,184.5428,157,184.5358,184.5498
2024-01-15 11:08:46.736,184.5708,280,184.5608,184.5809
2024-01-15 11:08:52.931,184.4911,482,184.4778,184.5044
2024-01-15 11:08:58.720,184.476,774,184.4626,184.4894
2024-01-15 11:08:59.795,184.5632,44,184.5568,184.5696
2024-01-15 11:09:01.253,184.5805,44,184.5633,184.5977
2024-01-15 11:09:01.355,184.4815,257,184.4686,184.4944
2024-01-15 11:09:01.919,184.43,235,184.4207,184.4392
2024-01-15 11:09:05.810,184.4169,95,184.4073,184.4266
2024-01-15 11:09:06.224,184.3735,87,184.3642,184.3828
2024-01-15 11:09:09.657,184.3889,4,184.3691,184.4088
2024-01-15 11:09:11.153,184.493,26,184.4792,184.5067
2024-01-15 11:09:11.267,184.4906,112,184.4759,184.5052
2024-01-15 11:09:16.278,184.4086,240,184.3961,184.4212
2024-01-15 11:09:21.720,184.326,34,184.3092,184.3427
2024-01-15 11:09:21.766,184.4269,104,184.4174,184.4364
2024-01-15 11:09:22.178,184.4265,133,184.413,184.4401
2024-01-15 11:09:25.400,184.4591,135,184.4484,184.4699
2024-01-15 11:09:25.519,184.2864,869,184.2688,184.304
2024-01-15 11:09:26.026,184.3271,70,184.3086,184.3456
2024-01-15 11:09:26.804,184.4975,365,184.4819,184.513
2024-01-15 11:09:28.286,184.5231,157,184.5166,184.5296
2024-01-15 11:09:28.638,184.6293,793,184.6175,184.641
2024-01-15 11:09:29.202,184.6689,43,184.6617,184.6761
2024-01-15 11:09:31.028,184.6682,84,184.6516,184.6847
2024-01-15 11:09:33.900,184.6578,16,184.6521,184.6636
2024-01-15 11:09:38.515,184.5972,74,184.5783,184.6161
2024-01-15 11:09:40.090,184.5435,64,184.5316,184.5553
2024-01-15 11:09:41.530,184.5701,117,184.5577,184.5826
2024-01-15 11:09:42.242,184.7459,688,184.7349,184.7569
2024-01-15 11:09:43.495,184.6693,225,184.6534,184.6852
2024-01-15 11:09:43.689,184.6143,182,184.6018,184.6268
2024-01-15 11:09:43.898,184.6381,247,184.6266,184.6496
2024-01-15 11:09:44.228,184.5259,290,184.5094,184.5425
2024-01-15 11:09:45.095,184.5291,5,184.5218,184.5364
2024-01-15 11:09:46.399,184.5979,345,184.5926,184.6032
2024-01-15 11:09:46.674,184.6103,26,184.5906,184.63
2024-01-15 11:09:47.416,184.6213,146,184.6054,184.6373
2024-01-15 11:09:50.130,184.6394,104,184.6324,184.6464
2024-01-15 11:09:51.872,184.6105,302,184.6038,184.6173
2024-01-15 11:09:53.650,184.5301,18,184.5111,184.5491
2024-01-15 11:09:54.758,184.6204,141,184.6068,184.634
2024-01-15 11:09:58.085,184.636,1,184.6305,184.6415
2024-01-15 11:09:58.719,184.6103,687,184.5971,184.6234
2024-01-15 11:10:01.169,184.6264,77,184.614,184.6387
2024-01-15 11:10:02.384,184.6208,64,184.6117,184.63
2024-01-15 11:10:04.148,184.673,422,184.6577,184.6884
2024-01-15 11:10:05.725,184.6283,69,184.6185,184.6382
2024-01-15 11:10:10.211,184.6886,219,184.6776,184.6997
2024-01-15 11:10:10.292,184.6645,3,184.6522,184.6767
2024-01-15 11:10:11.410,184.6275,57,184.6188,184.6362
2024-01-15 11:10:12.610,184.6678,6,184.6517,184.6838
2024-01-15 11:10:12.624,184.6325,171,184.6146,184.6504
2024-01-15 11:10:15.854,184.598,565,184.583,184.6129
2024-01-15 11:10:16.367,184.5801,236,184.5687,184.5915
2024-01-15 11:10:16.389,184.5131,38,184.4938,184.5324
2024-01-15 11:10:17.570,184.4461,11,184.4284,184.4638
2024-01-15 11:10:17.807,184.3223,47,184.3144,184.3302
2024-01-15 11:10:18.966,184.3783,69,184.3663,184.3903
2024-01-15 11:10:21.065,184.3052,378,184.2933,184.3171
2024-01-15 11:10:21.426,184.2489,1,184.2293,184.2685
2024-01-15 11:10:23.576,184.205,81,184.195,184.215
2024-01-15 11:10:27.276,184.2828,102,184.2772,184.2884
2024-01-15 11:10:28.218,184.3386,268,184.3212,184.3561
2024-01-15 11:10:28.278,184.4585,85,184.4509,184.4662
2024-01-15 11:10:28.809,184.3871,13,184.3784,184.3957
2024-01-15 11:10:30.559,184.3808,46,184.3705,184.3911
2024-01-15 11:10:31.403,184.5174,100,184.4992,184.5356
2024-01-15 11:10:32.398,184.5811,165,184.5744,184.5878
2024-01-15 11:10:33.729,184.7126,421,184.7065,184.7187
2024-01-15 11:10:36.693,184.7327,108,184.7166,184.7487
2024-01-15 11:10:39.495,184.6783,217,184.6645,184.6921
2024-01-15 11:10:41.779,184.5845,170,184.578,184.5911
2024-01-15 11:10:42.087,184.5097,145,184.4987,184.5207
2024-01-15 11:10:42.729,184.6944,126,184.6797,184.7091
2024-01-15 11:10:44.811,184.6625,203,184.6437,184.6813
2024-01-15 11:10:44.921,184.6826,306,184.6744,184.6908
2024-01-15 11:10:45.318,184.7456,380,184.7344,184.7569
2024-01-15 11:10:45.440,184.6255,60,184.6195,184.6315
2024-01-15 11:10:46.427,184.6117,870,184.595,184.6283
2024-01-15 11:10:49.927,184.5955,408,184.5791,184.6119
2024-01-15 11:10:54.698,184.7121,53,184.7061,184.718
2024-01-15 11:10:55.608,184.7165,182,184.7051,184.7279
2024-01-15 11:10:56.657,184.7266,149,184.7205,184.7326
2024-01-15 11:10:57.167,184.781,136,184.7617,184.8002
2024-01-15 11:10:59.436,184.8378,24,184.8271,184.8484
2024-01-15 11:11:00.258,184.8372,11,184.8297,184.8448
2024-01-15 11:11:01.020,184.8851,175,184.8756,184.8946
2024-01-15 11:11:01.460,184.8759,121,184.8561,184.8957
2024-01-15 11:11:01.483,184.7567,1,184.7462,184.7672
2024-01-15 11:11:02.782,184.7709,492,184.7526,184.7891
2024-01-15 11:11:02.903,184.7621,175,184.7439,184.7803
2024-01-15 11:11:04.974,184.7262,250,184.7127,184.7397
2024-01-15 11:11:06.192,184.7144,226,184.7005,184.7283
2024-01-15 11:11:07.598,184.8042,188,184.7884,184.82
2024-01-15 11:11:08.432,184.7768,40,184.7593,184.7942
2024-01-15 11:11:14.202,184.7797,370,184.7647,184.7948
2024-01-15 11:11:15.537,184.6391,12,184.6231,184.655
2024-01-15 11:11:15.770,184.6395,83,184.6277,184.6514
2024-01-15 11:11:15.878,184.6088,42,184.5992,184.6183
2024-01-15 11:11:17.318,184.6152,242,184.6038,184.6266
2024-01-15 11:11:18.075,184.6921,27,184.685,184.6991
2024-01-15 11:11:18.434,184.7243,121,184.717,184.7315
2024-01-15 11:11:20.583,184.9107,279,184.9047,184.9167
2024-01-15 11:11:22.868,184.8066,25,184.7874,184.8257
2024-01-15 11:11:27.628,184.8252,53,184.8196,184.8307
2024-01-15 11:11:28.052,184.8558,52,184.8384,184.8732
2024-01-15 11:11:28.102,184.839,2,184.8246,184.8535
2024-01-15 11:11:28.575,184.8409,592,184.8308,184.8509
2024-01-15 11:11:29.884,184.863,57,184.8462,184.8797
2024-01-15 11:11:30.644,184.8961,361,184.8806,184.9115
2024-01-15 11:11:31.546,184.8526,381,184.8437,184.8615
2024-01-15 11:11:32.289,184.852,338,184.8322,184.8718
2024-01-15 11:11:33.193,184.8584,103,184.85,184.8668
2024-01-15 11:11:33.306,184.8169,26,184.8087,184.8251
2024-01-15 11:11:34.178,184.8768,157,184.8571,184.8966
2024-01-15 11:11:34.412,184.9249,64,184.9132,184.9366
2024-01-15 11:11:37.166,185.0004,468,184.9825,185.0183
2024-01-15 11:11:38.203,184.9084,162,184.8911,184.9258
2024-01-15 11:11:39.532,184.9389,194,184.9313,184.9466
2024-01-15 11:11:40.961,185.042,246,185.0316,185.0524
2024-01-15 11:11:43.429,185.1343,506,185.118,185.1506
2024-01-15 11:11:44.130,185.1706,35,185.1574,185.1839
2024-01-15 11:11:44.395,185.2724,398,185.26,185.2849
2024-01-15 11:11:44.775,185.4058,42,185.3953,185.4163
2024-01-15 11:11:45.395,185.3912,285,185.3851,185.3973
2024-01-15 11:11:47.847,185.3224,153,185.3159,185.3288
2024-01-15 11:11:50.057,185.3026,158,185.2877,185.3174
2024-01-15 11:11:50.740,185.4377,14,185.4212,185.4542
2024-01-15 11:11:53.831,185.4614,138,185.4517,185.4711
2024-01-15 11:11:54.144,185.489,543,185.482,185.496
2024-01-15 11:11:54.592,185.4358,289,185.4242,185.4474
2024-01-15 11:11:56.362,185.3923,341,185.375,185.4095
2024-01-15 11:11:57.791,185.4306,785,185.4176,185.4436
2024-01-15 11:11:58.754,185.3639,135,185.351,185.3767
2024-01-15 11:11:59.680,185.3572,232,185.3473,185.367
2024-01-15 11:12:00.513,185.3984,64,185.3811,185.4156
2024-01-15 11:12:04.038,185.3894,125,185.3771,185.4017
2024-01-15 11:12:04.949,185.2702,194,185.2606,185.2798
2024-01-15 11:12:05.965,185.2145,141,185.1976,185.2314
2024-01-15 11:12:06.574,185.1235,146,185.1108,185.1363
2024-01-15 11:12:06.599,185.0073,69,184.9965,185.018
2024-01-15 11:12:07.710,185.0635,397,185.0538,185.0733
2024-01-15 11:12:07.793,185.0678,173,185.0548,185.0809
2024-01-15 11:12:09.458,184.9825,431,184.9718,184.9931
2024-01-15 11:12:09.995,185.0652,40,185.0548,185.0756
2024-01-15 11:12:10.097,185.1055,342,185.1,185.111
2024-01-15 11:12:10.706,185.1443,106,185.136,185.1526
2024-01-15 11:12:11.347,185.1967,236,185.1884,185.2051
2024-01-15 11:12:11.688,185.26,435,185.2442,185.2759
2024-01-15 11:12:11.717,185.1217,236,185.104,185.1395
2024-01-15 11:12:14.528,185.1353,11,185.1272,185.1434
2024-01-15 11:12:15.703,185.199,97,185.1848,185.2132
2024-01-15 11:12:18.527,185.2771,105,185.2682,185.286
2024-01-15 11:12:19.306,185.3057,563,185.2938,185.3175
2024-01-15 11:12:19.595,185.2419,95,185.2351,185.2487
2024-01-15 11:12:22.040,185.2348,25,185.222,185.2476
2024-01-15 11:12:22.628,185.1972,304,185.1849,185.2095
2024-01-15 11:12:22.915,185.2617,1,185.2492,185.2742
2024-01-15 11:12:23.570,185.1561,220,185.1362,185.1761
2024-01-15 11:12:24.268,185.1315,211,185.1165,185.1466
2024-01-15 11:12:25.074,185.1656,24,185.1566,185.1746
2024-01-15 11:12:26.258,185.1455,81,185.1395,185.1515
2024-01-15 11:12:26.773,185.1564,69,185.1402,185.1725
2024-01-15 11:12:27.898,185.2179,94,185.1991,185.2367
2024-01-15 11:12:28.162,185.28,292,185.2692,185.2908
2024-01-15 11:12:29.196,185.3085,138,185.2902,185.3268
2024-01-15 11:12:30.945,185.2866,492,185.2815,185.2917
2024-01-15 11:12:31.347,185.3635,104,185.3487,185.3782
2024-01-15 11:12:31.584,185.3829,472,185.3659,185.3999
2024-01-15 11:12:33.350,185.5409,387,185.5329,185.5488
2024-01-15 11:12:34.734,185.5012,156,185.4939,185.5084
2024-01-15 11:12:38.294,185.5438,10,185.5242,185.5634
2024-01-15 11:12:39.559,185.5734,566,185.5609,185.5859
2024-01-15 11:12:39.568,185.6201,103,185.6118,185.6284
2024-01-15 11:12:39.928,185.6053,511,185.5999,185.6107
2024-01-15 11:12:40.283,185.5585,233,185.5514,185.5656
2024-01-15 11:12:40.374,185.6452,45,185.6388,185.6516
2024-01-15 11:12:45.961,185.635,282,185.621,185.6489
2024-01-15 11:12:46.236,185.647,239,185.6283,185.6656
2024-01-15 11:12:46.414,185.654,26,185.6438,185.6641
2024-01-15 11:12:48.053,185.662,262,185.6465,185.6774
2024-01-15 11:12:48.968,185.5695,46,185.5543,185.5847
2024-01-15 11:12:50.489,185.5338,24,185.5263,185.5413
2024-01-15 11:12:50.859,185.5898,332,185.5743,185.6054
2024-01-15 11:12:51.044,185.7029,259,185.6896,185.7162
2024-01-15 11:12:52.866,185.8096,131,185.7958,185.8233
2024-01-15 11:12:54.510,185.8561,66,185.8411,185.8712
2024-01-15 11:12:56.068,185.7843,6,185.7736,185.7949
2024-01-15 11:12:56.821,185.8347,21,185.8274,185.842
2024-01-15 11:12:57.693,185.8204,1162,185.8075,185.8333
2024-01-15 11:12:57.993,185.8565,78,185.8452,185.8677
2024-01-15 11:13:00.867,185.9106,371,185.8967,185.9245
2024-01-15 11:13:02.107,185.8986,166,185.879,185.9183
2024-01-15 11:13:02.196,186.0376,174,186.0256,186.0497
2024-01-15 11:13:05.655,185.9735,257,185.9581,185.9889
2024-01-15 11:13:07.535,186.0085,88,186.001,186.016
2024-01-15 11:13:09.082,185.9241,14,185.9176,185.9307
2024-01-15 11:13:14.850,185.8853,171,185.8687,185.9019
2024-01-15 11:13:16.776,185.9157,60,185.9069,185.9244
2024-01-15 11:13:17.607,185.9928,13,185.9855,186.0
2024-01-15 11:13:19.651,185.932,103,185.9149,185.949
2024-01-15 11:13:20.463,185.8102,620,185.8039,185.8165
2024-01-15 11:13:20.995,185.759,406,185.7443,185.7737
2024-01-15 11:13:24.987,185.7921,245,185.7792,185.805
2024-01-15 11:13:26.877,185.813,113,185.8026,185.8235
2024-01-15 11:13:28.823,185.8367,84,185.8272,185.8461
2024-01-15 11:13:32.385,185.8091,349,185.7973,185.821
2024-01-15 11:13:36.597,185.8725,310,185.8574,185.8875
2024-01-15 11:13:36.993,185.924,8,185.9046,185.9434
2024-01-15 11:13:38.108,185.9864,43,185.9702,186.0025
2024-01-15 11:13:38.734,185.9274,228,185.9193,185.9355
2024-01-15 11:13:41.623,185.9538,1209,185.9418,185.9657
2024-01-15 11:13:42.010,185.9508,410,185.9413,185.9603
2024-01-15 11:13:42.465,185.992,374,185.9867,185.9974
2024-01-15 11:13:47.234,185.9449,230,185.9287,185.9612
2024-01-15 11:13:48.722,185.8619,39,185.8523,185.8715
2024-01-15 11:13:48.883,185.8656,37,185.8544,185.8769
2024-01-15 11:13:50.713,185.879,447,185.874,185.884
2024-01-15 11:13:52.936,185.773,208,185.7578,185.7881
2024-01-15 11:13:54.808,185.7999,34,185.7807,185.819
2024-01-15 11:13:54.838,185.8482,59,185.8339,185.8625
2024-01-15 11:13:55.633,185.9441,476,185.928,185.9602
2024-01-15 11:13:56.431,185.9559,114,185.9466,185.9653
2024-01-15 11:13:59.806,186.1445,49,186.1306,186.1585
2024-01-15 11:14:03.739,186.082,13,186.0768,186.0873
2024-01-15 11:14:04.869,186.133,248,186.1271,186.1388
2024-01-15 11:14:12.775,186.1625,29,186.1459,186.1792
2024-01-15 11:14:13.143,186.2071,348,186.201,186.2133
2024-01-15 11:14:13.510,186.2567,95,186.2444,186.2691
2024-01-15 11:14:14.796,186.3569,76,186.3517,186.362
2024-01-15 11:14:14.913,186.317,74,186.3115,186.3226
2024-01-15 11:14:15.091,186.2986,158,186.2825,186.3147
2024-01-15 11:14:15.859,186.288,269,186.2777,186.2983
2024-01-15 11:14:16.592,186.2565,52,186.2434,186.2697
2024-01-15 11:14:17.193,186.2935,285,186.2806,186.3063
2024-01-15 11:14:17.491,186.1028,48,186.0872,186.1185
2024-01-15 11:14:17.497,186.1071,27,186.097,186.1173
2024-01-15 11:14:17.973,186.0862,14,186.0731,186.0994
2024-01-15 11:14:19.987,186.0523,165,186.0384,186.0662
2024-01-15 11:14:21.002,186.1474,133,186.1356,186.1592
2024-01-15 11:14:21.577,186.148,23,186.1365,186.1596
2024-01-15 11:14:22.281,186.1491,146,186.1415,186.1568
2024-01-15 11:14:26.494,186.1816,65,186.1689,186.1942
2024-01-15 11:14:27.279,186.2096,329,186.2015,186.2177
2024-01-15 11:14:27.944,186.2465,106,186.2359,186.2572
2024-01-15 11:14:29.874,186.2787,31,186.273,186.2844
2024-01-15 11:14:30.159,186.2812,551,186.2727,186.2898
2024-01-15 11:14:33.608,186.4565,136,186.4459,186.4671
2024-01-15 11:14:36.976,186.4869,892,186.4747,186.4991
2024-01-15 11:14:38.345,186.5093,152,186.4984,186.5201
2024-01-15 11:14:38.403,186.4758,38,186.465,186.4865
2024-01-15 11:14:38.574,186.4449,334,186.4348,186.455
2024-01-15 11:14:40.027,186.4725,1018,186.4539,186.4911
2024-01-15 11:14:41.560,186.4316,69,186.4135,186.4497
2024-01-15 11:14:43.894,186.4629,42,186.4568,186.469
2024-01-15 11:14:45.814,186.4338,40,186.4155,186.4522
2024-01-15 11:14:46.344,186.4736,35,186.4579,186.4893
2024-01-15 11:14:46.578,186.5437,16,186.5362,186.5512
2024-01-15 11:14:47.760,186.5728,146,186.5656,186.5799
2024-01-15 11:14:50.223,186.5791,196,186.5606,186.5976
2024-01-15 11:14:51.740,186.6728,507,186.6587,186.6869
2024-01-15 11:14:52.108,186.6671,331,186.6586,186.6756
2024-01-15 11:14:53.793,186.6555,104,186.6472,186.6637
2024-01-15 11:14:54.601,186.6897,59,186.6837,186.6957
2024-01-15 11:14:54.808,186.718,208,186.6996,186.7364
2024-01-15 11:14:55.481,186.7188,119,186.7107,186.7269
2024-01-15 11:14:57.700,186.6544,144,186.6427,186.6661
2024-01-15 11:14:57.915,186.6026,232,186.5945,186.6108
2024-01-15 11:14:59.007,186.5134,16,186.5036,186.5232
2024-01-15 11:14:59.153,186.4526,171,186.4397,186.4654
2024-01-15 11:15:00.304,186.538,131,186.5298,186.5462
2024-01-15 11:15:02.156,186.56,88,186.5497,186.5704
2024-01-15 11:15:04.058,186.5373,115,186.5289,186.5458
2024-01-15 11:15:04.971,186.4241,332,186.4158,186.4323
2024-01-15 11:15:06.036,186.5526,122,186.5475,186.5577
2024-01-15 11:15:06.093,186.4732,502,186.4535,186.4929
2024-01-15 11:15:09.838,186.515,162,186.5027,186.5274
2024-01-15 11:15:12.603,186.5604,293,186.5531,186.5677
2024-01-15 11:15:14.334,186.5561,117,186.5377,186.5745
2024-01-15 11:15:15.206,186.5658,6,186.5505,186.5811
2024-01-15 11:15:17.755,186.6297,3,186.6223,186.6372
2024-01-15 11:15:18.370,186.7455,211,186.7302,186.7609
2024-01-15 11:15:18.484,186.7946,247,186.7792,186.8101
2024-01-15 11:15:20.616,186.7944,56,186.7805,186.8083
2024-01-15 11:15:21.315,186.8134,169,186.8018,186.8251
2024-01-15 11:15:21.578,186.8749,143,186.8583,186.8915
2024-01-15 11:15:21.882,186.8213,59,186.8148,186.8278
2024-01-15 11:15:22.801,186.6683,105,186.6513,186.6854
2024-01-15 11:15:23.791,186.6906,27,186.6752,186.706
2024-01-15 11:15:24.506,186.6884,219,186.6816,186.6952
2024-01-15 11:15:27.903,186.6707,219,186.6566,186.6848
2024-01-15 11:15:28.602,186.6888,366,186.6819,186.6956
2024-01-15 11:15:36.026,186.6827,112,186.6727,186.6927
2024-01-15 11:15:37.427,186.7602,216,186.7521,186.7682
2024-01-15 11:15:40.880,186.6584,3,186.641,186.6759
2024-01-15 11:15:43.290,186.7153,16,186.7064,186.7242
2024-01-15 11:15:46.189,186.6894,315,186.6754,186.7034
2024-01-15 11:15:46.494,186.7433,216,186.738,186.7487
2024-01-15 11:15:47.411,186.667,168,186.6513,186.6828
2024-01-15 11:15:48.017,186.7123,277,186.7042,186.7204
2024-01-15 11:15:48.417,186.7062,138,186.6899,186.7226
2024-01-15 11:15:50.436,186.7859,85,186.7662,186.8056
2024-01-15 11:15:50.505,186.6386,93,186.6222,186.655
2024-01-15 11:15:50.563,186.6659,919,186.657,186.6748
2024-01-15 11:15:55.580,186.6516,185,186.646,186.6572
2024-01-15 11:16:00.447,186.553,66,186.5412,186.5648
2024-01-15 11:16:01.154,186.55,225,186.5407,186.5592
2024-01-15 11:16:02.725,186.6879,78,186.6777,186.6981
2024-01-15 11:16:08.273,186.6878,68,186.6757,186.6999
2024-01-15 11:16:13.556,186.6421,239,186.6277,186.6565
2024-01-15 11:16:16.031,186.6566,131,186.6402,186.673
2024-01-15 11:16:18.356,186.7427,468,186.7364,186.7489
2024-01-15 11:16:19.605,186.7252,43,186.7177,186.7327
2024-01-15 11:16:20.198,186.7037,436,186.694,186.7135
2024-01-15 11:16:21.089,186.7007,350,186.6936,186.7078
2024-01-15 11:16:23.762,186.6803,254,186.6619,186.6987
2024-01-15 11:16:25.193,186.6264,37,186.6083,186.6446
2024-01-15 11:16:26.258,186.522,332,186.5125,186.5316
2024-01-15 11:16:26.865,186.5422,139,186.5303,186.554
2024-01-15 11:16:26.973,186.5465,833,186.5316,186.5615
2024-01-15 11:16:28.389,186.5743,3,186.5548,186.5937
2024-01-15 11:16:29.928,186.5595,49,186.5445,186.5745
2024-01-15 11:16:34.451,186.5975,89,186.5919,186.603
2024-01-15 11:16:36.074,186.5738,79,186.5687,186.5789
2024-01-15 11:16:39.794,186.5586,22,186.5391,186.578
2024-01-15 11:16:41.155,186.5862,52,186.5749,186.5975
2024-01-15 11:16:41.342,186.5824,743,186.5695,186.5953
2024-01-15 11:16:43.263,186.5424,223,186.537,186.5479
2024-01-15 11:16:44.232,186.4947,633,186.4765,186.513
2024-01-15 11:16:45.739,186.4817,200,186.4648,186.4986
2024-01-15 11:16:46.712,186.5503,239,186.5368,186.5638
2024-01-15 11:16:48.281,186.6574,262,186.6471,186.6678
2024-01-15 11:16:49.179,186.6433,261,186.6273,186.6593
2024-01-15 11:16:56.799,186.6786,129,186.6661,186.6912
2024-01-15 11:16:57.503,186.6541,261,186.6341,186.674
2024-01-15 11:16:57.605,186.7489,398,186.7357,186.7621
2024-01-15 11:16:58.614,186.7024,357,186.6847,186.7201
2024-01-15 11:17:03.970,186.7042,301,186.6898,186.7187
2024-01-15 11:17:04.480,186.7956,208,186.7895,186.8018
2024-01-15 11:17:04.929,186.8329,95,186.8141,186.8516
2024-01-15 11:17:05.452,186.7909,179,186.783,186.7988
2024-01-15 11:17:06.413,186.6799,96,186.6618,186.6979
2024-01-15 11:17:06.795,186.7152,379,186.7021,186.7282
2024-01-15 11:17:07.413,186.6528,428,186.6329,186.6728
2024-01-15 11:17:07.761,186.6529,579,186.64,186.6658
2024-01-15 11:17:09.102,186.8514,26,186.8329,186.8698
2024-01-15 11:17:12.955,186.8015,194,186.7927,186.8102
2024-01-15 11:17:15.540,186.6989,640,186.6917,186.7062
2024-01-15 11:17:16.406,186.5819,455,186.5656,186.5982
2024-01-15 11:17:18.480,186.6647,119,186.6526,186.6769
2024-01-15 11:17:22.382,186.6935,4,186.6753,186.7117
2024-01-15 11:17:24.289,186.5944,161,186.5874,186.6014
2024-01-15 11:17:26.096,186.5328,138,186.5252,186.5403
2024-01-15 11:17:26.669,186.5098,57,186.5009,186.5186
2024-01-15 11:17:27.296,186.3778,143,186.3702,186.3855
2024-01-15 11:17:27.927,186.3916,617,186.3781,186.4051
2024-01-15 11:17:29.390,186.4858,44,186.4682,186.5034
2024-01-15 11:17:30.669,186.6097,81,186.5947,186.6247
2024-01-15 11:17:31.129,186.5905,117,186.5801,186.6009
2024-01-15 11:17:31.933,186.6083,221,186.5957,186.6209
2024-01-15 11:17:33.857,186.6623,111,186.6537,186.671
2024-01-15 11:17:33.891,186.6824,644,186.6657,186.6991
2024-01-15 11:17:35.988,186.5974,1235,186.5859,186.6088
2024-01-15 11:17:37.912,186.4882,72,186.482,186.4943
2024-01-15 11:17:38.766,186.4237,97,186.4095,186.4379
2024-01-15 11:17:39.818,186.4249,92,186.4105,186.4393
2024-01-15 11:17:41.958,186.4492,104,186.4319,186.4665
2024-01-15 11:17:42.693,186.396,79,186.3845,186.4075
2024-01-15 11:17:45.068,186.4623,57,186.449,186.4755
2024-01-15 11:17:48.678,186.5955,191,186.5874,186.6037
2024-01-15 11:17:55.440,186.5841,191,186.5751,186.5931
2024-01-15 11:17:56.172,186.6066,380,186.5966,186.6167
2024-01-15 11:17:57.815,186.5533,166,186.5475,186.559
2024-01-15 11:17:58.409,186.6187,51,186.6043,186.6332
2024-01-15 11:17:58.550,186.7018,341,186.6925,186.7111
2024-01-15 11:17:58.725,186.7553,353,186.7499,186.7608
2024-01-15 11:17:59.954,186.8457,31,186.8362,186.8551
2024-01-15 11:18:00.374,186.8665,18,186.8531,186.8798
2024-01-15 11:18:01.276,186.8655,690,186.8519,186.8791
2024-01-15 11:18:01.483,186.9549,462,186.9447,186.9652
2024-01-15 11:18:02.097,186.8377,79,186.8284,186.8471
2024-01-15 11:18:02.295,186.7741,262,186.7663,186.7819
2024-01-15 11:18:03.334,186.8128,481,186.8028,186.8228
2024-01-15 11:18:03.636,186.8858,244,186.8746,186.897
2024-01-15 11:18:04.024,186.8832,430,186.8638,186.9026
2024-01-15 11:18:04.602,186.8883,121,186.8802,186.8964
2024-01-15 11:18:06.609,186.8524,550,186.837,186.8677
2024-01-15 11:18:12.267,186.8948,101,186.8793,186.9104
2024-01-15 11:18:13.577,187.0094,158,187.0024,187.0165
2024-01-15 11:18:16.775,187.0087,78,187.0002,187.0171
2024-01-15 11:18:18.276,187.0876,21,187.0702,187.105
2024-01-15 11:18:19.978,187.1654,79,187.1587,187.1721
2024-01-15 11:18:23.004,187.1552,77,187.1366,187.1738
2024-01-15 11:18:23.087,187.1424,57,187.1274,187.1574
2024-01-15 11:18:23.369,187.0302,444,187.0124,187.0481
2024-01-15 11:18:25.216,187.1128,836,187.0977,187.128
2024-01-15 11:18:25.721,187.0536,471,187.0424,187.0649
2024-01-15 11:18:26.163,187.1304,284,187.122,187.1387
2024-01-15 11:18:26.847,187.1906,106,187.1779,187.2033
2024-01-15 11:18:32.462,187.1748,431,187.1601,187.1896
2024-01-15 11:18:33.401,187.1704,41,187.165,187.1758
2024-01-15 11:18:33.409,187.2892,4,187.2837,187.2948
2024-01-15 11:18:33.741,187.3826,21,187.3635,187.4017
2024-01-15 11:18:33.919,187.3733,101,187.3542,187.3924
2024-01-15 11:18:36.806,187.5078,186,187.5009,187.5146
2024-01-15 11:18:39.706,187.5691,109,187.5584,187.5799
2024-01-15 11:18:40.208,187.4509,296,187.4443,187.4576
2024-01-15 11:18:40.777,187.5594,376,187.5492,187.5696
2024-01-15 11:18:42.994,187.613,465,187.6066,187.6193
2024-01-15 11:18:43.910,187.592,70,187.5729,187.611
2024-01-15 11:18:44.796,187.4598,666,187.4546,187.465
2024-01-15 11:18:46.153,187.4422,23,187.4257,187.4588
2024-01-15 11:18:50.202,187.5725,849,187.5529,187.5921
2024-01-15 11:18:52.480,187.5351,51,187.5196,187.5506
2024-01-15 11:18:54.051,187.5842,39,187.5659,187.6024
2024-01-15 11:18:54.287,187.5841,193,187.5786,187.5896
2024-01-15 11:18:54.404,187.5693,8,187.5597,187.5788
2024-01-15 11:18:54.654,187.4878,106,187.4781,187.4974
2024-01-15 11:18:56.722,187.5558,857,187.5477,187.564
2024-01-15 11:18:56.985,187.6,130,187.585,187.6151
2024-01-15 11:18:57.118,187.6218,294,187.6132,187.6303
2024-01-15 11:18:57.238,187.638,53,187.6207,187.6552
2024-01-15 11:18:59.307,187.6248,264,187.6169,187.6326
2024-01-15 11:19:00.476,187.6962,40,187.6768,187.7156
2024-01-15 11:19:02.084,187.7028,404,187.6883,187.7172
2024-01-15 11:19:04.306,187.7057,469,187.6899,187.7215
2024-01-15 11:19:05.282,187.7729,138,187.7578,187.788
2024-01-15 11:19:05.523,187.7168,94,187.7013,187.7323
2024-01-15 11:19:05.602,187.8191,29,187.8054,187.8327
2024-01-15 11:19:05.746,187.7928,1671,187.7797,187.8059
2024-01-15 11:19:07.586,187.8318,57,187.8267,187.8368
2024-01-15 11:19:09.430,187.8424,83,187.8252,187.8596
2024-01-15 11:19:12.155,187.8319,164,187.8124,187.8514
2024-01-15 11:19:12.609,187.7708,799,187.7531,187.7886
2024-01-15 11:19:12.909,187.8298,365,187.8113,187.8484
2024-01-15 11:19:13.915,187.8414,276,187.8333,187.8495
2024-01-15 11:19:14.388,187.6558,76,187.6378,187.6738
2024-01-15 11:19:15.261,187.6714,50,187.6637,187.6791
2024-01-15 11:19:16.092,187.6109,184,187.6016,187.6202
2024-01-15 11:19:18.506,187.6297,221,187.6235,187.6359
2024-01-15 11:19:18.812,187.5791,166,187.5737,187.5845
2024-01-15 11:19:20.666,187.5038,511,187.4848,187.5229
2024-01-15 11:19:21.670,187.5211,228,187.5055,187.5368
2024-01-15 11:19:22.194,187.4878,277,187.4742,187.5014
2024-01-15 11:19:22.417,187.4596,864,187.4503,187.469
2024-01-15 11:19:22.436,187.5025,190,187.4877,187.5172
2024-01-15 11:19:22.570,187.5411,344,187.5306,187.5517
2024-01-15 11:19:22.725,187.4541,139,187.4379,187.4702
2024-01-15 11:19:23.824,187.4619,882,187.4421,187.4818
2024-01-15 11:19:26.177,187.3842,238,187.3766,187.3919
2024-01-15 11:19:28.535,187.3953,46,187.3887,187.4019
2024-01-15 11:19:28.611,187.4123,90,187.4071,187.4175
2024-01-15 11:19:31.851,187.4121,1,187.4051,187.4191
2024-01-15 11:19:33.942,187.465,183,187.4561,187.4738
2024-01-15 11:19:35.662,187.3563,388,187.3422,187.3704
2024-01-15 11:19:39.006,187.2829,265,187.2673,187.2984
2024-01-15 11:19:41.817,187.2819,106,187.262,187.3019
2024-01-15 11:19:41.835,187.3352,199,187.3162,187.3542
2024-01-15 11:19:43.517,187.2891,278,187.2753,187.3028
2024-01-15 11:19:47.416,187.3693,185,187.3579,187.3806
2024-01-15 11:19:49.529,187.3579,612,187.3429,187.3729
2024-01-15 11:19:49.896,187.3991,58,187.3803,187.4178
2024-01-15 11:19:52.052,187.4056,71,187.3916,187.4196
2024-01-15 11:19:54.490,187.4136,359,187.4067,187.4204
2024-01-15 11:19:55.057,187.4258,211,187.4106,187.4409
2024-01-15 11:19:55.885,187.3536,124,187.3475,187.3596
2024-01-15 11:19:58.438,187.4753,300,187.457,187.4937
2024-01-15 11:19:59.399,187.3522,233,187.3385,187.3658
2024-01-15 11:19:59.452,187.409,165,187.3954,187.4225
2024-01-15 11:19:59.769,187.3559,343,187.3468,187.3651
2024-01-15 11:20:01.775,187.3863,140,187.3728,187.3998
2024-01-15 11:20:03.507,187.3491,35,187.3335,187.3646
2024-01-15 11:20:03.932,187.3946,129,187.3762,187.4129
2024-01-15 11:20:04.988,187.2998,184,187.2868,187.3128
2024-01-15 11:20:05.364,187.4349,185,187.4238,187.446
2024-01-15 11:20:06.057,187.4875,27,187.4822,187.4928
2024-01-15 11:20:08.921,187.3609,197,187.3437,187.3782
2024-01-15 11:20:08.925,187.3486,635,187.333,187.3643
2024-01-15 11:20:10.390,187.3375,33,187.329,187.346
2024-01-15 11:20:12.030,187.4012,378,187.3943,187.408
2024-01-15 11:20:12.060,187.3909,570,187.3734,187.4083
2024-01-15 11:20:12.261,187.364,69,187.3473,187.3807
2024-01-15 11:20:12.646,187.3554,414,187.3415,187.3693
2024-01-15 11:20:13.308,187.249,178,187.2407,187.2572
2024-01-15 11:20:13.617,187.1365,286,187.1298,187.1433
2024-01-15 11:20:14.902,187.1113,87,187.106,187.1166
2024-01-15 11:20:15.676,187.054,194,187.0486,187.0594
2024-01-15 11:20:17.040,187.0943,187,187.0796,187.1089
2024-01-15 11:20:18.025,186.973,370,186.9679,186.9781
2024-01-15 11:20:18.255,186.9335,65,186.921,186.946
2024-01-15 11:20:20.671,186.8695,450,186.8526,186.8864
2024-01-15 11:20:21.484,186.8125,92,186.7991,186.8259
2024-01-15 11:20:22.263,186.873,346,186.8616,186.8844
2024-01-15 11:20:22.835,186.9262,152,186.9095,186.9428
2024-01-15 11:20:23.417,186.8661,92,186.8605,186.8717
2024-01-15 11:20:25.005,186.8573,91,186.8392,186.8754
2024-01-15 11:20:28.804,186.8084,1051,186.8021,186.8146
2024-01-15 11:20:29.254,186.8122,457,186.7984,186.826
2024-01-15 11:20:30.136,186.8135,131,186.799,186.8279
2024-01-15 11:20:30.266,186.8499,10,186.8406,186.8591
2024-01-15 11:20:30.809,186.8514,349,186.8349,186.8679
2024-01-15 11:20:31.385,186.7922,406,186.779,186.8055
2024-01-15 11:20:37.161,186.8767,700,186.8634,186.8901
2024-01-15 11:20:40.222,186.9241,390,186.9059,186.9422
2024-01-15 11:20:42.012,186.8155,546,186.7977,186.8333
2024-01-15 11:20:42.276,186.738,82,186.7225,186.7534
2024-01-15 11:20:45.740,186.6729,96,186.6661,186.6796
2024-01-15 11:20:46.243,186.6083,160,186.6016,186.615
2024-01-15 11:20:46.321,186.5723,124,186.5533,186.5914
2024-01-15 11:20:48.277,186.6076,107,186.5977,186.6175
2024-01-15 11:20:48.463,186.5634,152,186.5555,186.5714
2024-01-15 11:20:48.739,186.5224,124,186.5103,186.5345
2024-01-15 11:20:50.716,186.5675,95,186.5485,186.5864
2024-01-15 11:20:50.897,186.653,560,186.643,186.6631
2024-01-15 11:20:51.134,186.6813,448,186.6742,186.6885
2024-01-15 11:20:52.599,186.5477,78,186.533,186.5623
2024-01-15 11:20:56.759,186.577,229,186.5717,186.5823
2024-01-15 11:20:56.938,186.5964,345,186.5779,186.6149
2024-01-15 11:20:57.572,186.6807,631,186.667,186.6944
2024-01-15 11:20:59.611,186.6988,206,186.6925,186.7051
2024-01-15 11:21:03.031,186.5715,145,186.5636,186.5794
2024-01-15 11:21:03.435,186.5659,10,186.5542,186.5776
2024-01-15 11:21:03.769,186.5627,28,186.5443,186.5811
2024-01-15 11:21:08.859,186.5776,189,186.5589,186.5964
2024-01-15 11:21:09.483,186.6755,16,186.6703,186.6807
2024-01-15 11:21:13.823,186.7051,45,186.6988,186.7114
2024-01-15 11:21:15.527,186.5493,332,186.5358,186.5628
2024-01-15 11:21:20.071,186.4832,52,186.474,186.4924
2024-01-15 11:21:22.263,186.4721,492,186.4667,186.4775
2024-01-15 11:21:24.688,186.4547,238,186.4471,186.4623
2024-01-15 11:21:25.602,186.406,11,186.3983,186.4137
2024-01-15 11:21:26.006,186.2715,5,186.2572,186.2858
2024-01-15 11:21:27.159,186.2762,361,186.2636,186.2887
2024-01-15 11:21:32.518,186.274,773,186.2607,186.2872
2024-01-15 11:21:37.142,186.3357,3,186.3177,186.3538
2024-01-15 11:21:39.779,186.3263,361,186.3121,186.3405
2024-01-15 11:21:40.147,186.2978,854,186.2886,186.307
2024-01-15 11:21:40.430,186.2195,492,186.2098,186.2292
2024-01-15 11:21:42.447,186.2802,218,186.2614,186.299
2024-01-15 11:21:43.223,186.2266,225,186.2188,186.2345
2024-01-15 11:21:45.125,186.1545,159,186.1372,186.1717
2024-01-15 11:21:45.793,186.0459,78,186.0363,186.0554
2024-01-15 11:21:46.009,186.154,193,186.1446,186.1635
2024-01-15 11:21:46.044,186.0206,35,186.0146,186.0265
2024-01-15 11:21:46.540,186.1155,57,186.0989,186.1321
2024-01-15 11:21:47.307,186.0608,145,186.0426,186.079
2024-01-15 11:21:47.318,186.0781,198,186.0662,186.09
2024-01-15 11:21:47.740,185.9298,164,185.9163,185.9434
2024-01-15 11:21:48.076,185.9726,240,185.9631,185.9822
2024-01-15 11:21:48.208,185.9523,228,185.9346,185.97
2024-01-15 11:21:50.277,186.0064,145,185.9935,186.0194
2024-01-15 11:21:51.066,185.9657,208,185.9556,185.9757
2024-01-15 11:21:52.668,186.0582,185,186.0484,186.0679
2024-01-15 11:21:54.050,186.109,123,186.103,186.115
2024-01-15 11:21:54.718,186.1102,77,186.0911,186.1293
2024-01-15 11:21:54.743,186.0481,119,186.0284,186.0678
2024-01-15 11:21:55.375,186.0176,8,186.0066,186.0286
2024-01-15 11:21:56.676,186.112,285,186.1027,186.1213
2024-01-15 11:21:57.576,186.1776,176,186.1584,186.1969
2024-01-15 11:22:02.628,186.1303,831,186.1245,186.1362
2024-01-15 11:22:02.756,186.134,427,186.1251,186.1429
2024-01-15 11:22:06.476,186.1185,228,186.1053,186.1317
2024-01-15 11:22:08.523,186.1541,108,186.1418,186.1665
2024-01-15 11:22:09.347,186.1675,376,186.1538,186.1813
2024-01-15 11:22:10.475,186.1984,151,186.1869,186.21
2024-01-15 11:22:11.320,186.1925,210,186.1849,186.2001
2024-01-15 11:22:15.206,186.0771,553,186.0607,186.0936
2024-01-15 11:22:15.932,186.0615,248,186.042,186.0811
2024-01-15 11:22:15.979,186.0257,15,186.0061,186.0452
2024-01-15 11:22:16.381,186.0783,33,186.0663,186.0902
2024-01-15 11:22:25.832,186.0104,1,186.0022,186.0186
2024-01-15 11:22:26.321,185.9571,70,185.9445,185.9698
2024-01-15 11:22:28.965,185.9233,162,185.9178,185.9288
2024-01-15 11:22:30.057,185.9648,48,185.9474,185.9822
2024-01-15 11:22:35.086,185.9528,2,185.9357,185.9699
2024-01-15 11:22:35.513,186.0058,535,185.989,186.0226
2024-01-15 11:22:36.182,186.056,276,186.0367,186.0754
2024-01-15 11:22:37.319,185.9732,140,185.9658,185.9806
2024-01-15 11:22:39.449,185.9676,325,185.9606,185.9747
2024-01-15 11:22:39.692,185.8819,110,185.8747,185.8891
2024-01-15 11:22:41.697,185.8028,415,185.7938,185.8118
2024-01-15 11:22:42.863,185.8547,304,185.8426,185.8667
2024-01-15 11:22:44.090,185.8267,21,185.8198,185.8336
2024-01-15 11:22:45.639,185.816,127,185.8054,185.8266
2024-01-15 11:22:49.189,185.876,364,185.8674,185.8846
2024-01-15 11:22:51.270,185.9022,253,185.8937,185.9106
2024-01-15 11:22:52.888,185.8229,52,185.8072,185.8386
2024-01-15 11:22:53.008,185.8265,921,185.8167,185.8362
2024-01-15 11:22:53.815,185.8274,102,185.8091,185.8456
2024-01-15 11:22:55.213,185.9363,134,185.9229,185.9498
2024-01-15 11:22:58.522,185.9517,119,185.9373,185.9662
2024-01-15 11:22:59.034,185.95,257,185.9386,185.9613
2024-01-15 11:23:01.119,186.0295,320,186.0146,186.0444
2024-01-15 11:23:02.127,185.928,179,185.9173,185.9388
2024-01-15 11:23:02.865,185.956,25,185.9414,185.9705
2024-01-15 11:23:03.762,185.8466,81,185.8291,185.8642
2024-01-15 11:23:07.277,185.7666,159,185.7594,185.7739
2024-01-15 11:23:07.843,185.8061,2,185.789,185.8232
2024-01-15 11:23:08.467,185.8964,532,185.8816,185.9113
2024-01-15 11:23:10.428,185.9286,3,185.9094,185.9478
2024-01-15 11:23:11.367,186.0192,86,186.0061,186.0323
2024-01-15 11:23:11.831,185.9722,11,185.9575,185.987
2024-01-15 11:23:14.752,185.9712,231,185.9652,185.9771
2024-01-15 11:23:16.169,185.9633,86,185.9511,185.9755
2024-01-15 11:23:16.177,186.0326,521,186.0271,186.0381
2024-01-15 11:23:18.743,185.981,88,185.9629,185.9992
2024-01-15 11:23:20.702,185.9816,191,185.968,185.9953
2024-01-15 11:23:21.042,185.874,465,185.8689,185.879
2024-01-15 11:23:21.807,185.9989,634,185.9869,186.0108
2024-01-15 11:23:22.809,185.9666,164,185.9553,185.978
2024-01-15 11:23:23.556,185.9216,575,185.9021,185.941
2024-01-15 11:23:27.851,185.9911,426,185.9747,186.0075
2024-01-15 11:23:28.806,185.9298,188,185.9237,185.9358
2024-01-15 11:23:31.106,185.9238,734,185.9117,185.936
2024-01-15 11:23:32.939,185.9381,89,185.9279,185.9484
2024-01-15 11:23:33.248,185.9964,707,185.9808,186.012
2024-01-15 11:23:40.678,185.9549,248,185.9353,185.9746
2024-01-15 11:23:41.786,185.9456,347,185.9311,185.9602
2024-01-15 11:23:42.330,185.9339,111,185.9227,185.9452
2024-01-15 11:23:43.810,185.9621,72,185.9533,185.9709
2024-01-15 11:23:44.445,185.9623,618,185.9503,185.9744
2024-01-15 11:23:50.175,185.9897,77,185.9714,186.0081
2024-01-15 11:23:50.546,185.9572,182,185.9457,185.9686
2024-01-15 11:23:51.465,185.9713,31,185.9659,185.9767
2024-01-15 11:23:52.022,185.9768,400,185.958,185.9957
2024-01-15 11:24:05.998,186.0738,90,186.0605,186.0871
2024-01-15 11:24:06.506,186.0016,50,185.982,186.0212
2024-01-15 11:24:08.318,186.0501,61,186.0346,186.0656
2024-01-15 11:24:08.434,186.1296,129,186.1163,186.1429
2024-01-15 11:24:09.240,186.1367,11,186.1305,186.1429
2024-01-15 11:24:09.454,186.1618,55,186.1474,186.1762
2024-01-15 11:24:09.668,186.0376,209,186.0293,186.0459
2024-01-15 11:24:10.772,185.9121,126,185.898,185.9262
2024-01-15 11:24:12.522,186.0188,279,186.005,186.0327
2024-01-15 11:24:12.788,185.9431,32,185.936,185.9502
2024-01-15 11:24:13.566,185.889,482,185.8819,185.8961
2024-01-15 11:24:16.001,185.8924,18,185.8761,185.9088
2024-01-15 11:24:18.825,185.9082,52,185.9014,185.9149
2024-01-15 11:24:22.041,185.9393,312,185.9304,185.9481
2024-01-15 11:24:22.554,185.9243,25,185.9078,185.9408
2024-01-15 11:24:22.649,185.9615,15,185.9482,185.9748
2024-01-15 11:24:23.215,185.9517,7,185.9465,185.9568
2024-01-15 11:24:23.782,185.8079,215,185.8015,185.8143
2024-01-15 11:24:24.156,185.71,87,185.6968,185.7233
2024-01-15 11:24:25.717,185.6609,190,185.6501,185.6717
2024-01-15 11:24:25.872,185.6821,204,185.6682,185.6959
2024-01-15 11:24:26.992,185.7033,39,185.6933,185.7132
2024-01-15 11:24:27.027,185.6993,161,185.6881,185.7106
2024-01-15 11:24:27.485,185.6691,24,185.6532,185.6851
2024-01-15 11:24:28.439,185.7477,135,185.7392,185.7562
2024-01-15 11:24:28.525,185.7971,380,185.7872,185.807
2024-01-15 11:24:31.534,185.7762,168,185.7615,185.791
2024-01-15 11:24:32.455,185.6331,180,185.623,185.6432
2024-01-15 11:24:34.248,185.7233,302,185.7083,185.7383
2024-01-15 11:24:35.338,185.6533,218,185.6471,185.6594
2024-01-15 11:24:37.506,185.647,999,185.6348,185.6592
2024-01-15 11:24:40.021,185.7419,174,185.7345,185.7492
2024-01-15 11:24:43.638,185.6677,98,185.6543,185.6811
2024-01-15 11:24:44.447,185.5656,185,185.5481,185.5831
2024-01-15 11:24:46.503,185.5859,103,185.5663,185.6055
2024-01-15 11:24:50.677,185.6062,97,185.5934,185.619
2024-01-15 11:24:50.926,185.6177,139,185.6103,185.625
2024-01-15 11:24:52.028,185.6389,213,185.6231,185.6546
2024-01-15 11:24:54.250,185.6724,42,185.653,185.6918
2024-01-15 11:24:55.897,185.6845,23,185.6773,185.6917
2024-01-15 11:24:56.486,185.7136,9,185.6999,185.7273
2024-01-15 11:24:56.578,185.8032,31,185.7837,185.8227
2024-01-15 11:25:00.255,185.8604,363,185.8447,185.8761
2024-01-15 11:25:02.915,186.0375,164,186.03,186.045
2024-01-15 11:25:03.439,186.1567,71,186.1487,186.1646
2024-01-15 11:25:04.058,186.1832,130,186.1671,186.1992
2024-01-15 11:25:05.312,186.044,81,186.0339,186.0541
2024-01-15 11:25:06.595,186.0494,76,186.0368,186.0621
2024-01-15 11:25:08.668,186.0448,286,186.0313,186.0583
2024-01-15 11:25:08.950,186.0353,155,186.0186,186.052
2024-01-15 11:25:08.967,186.0238,442,186.008,186.0396
2024-01-15 11:25:09.962,186.0632,295,186.0449,186.0815
2024-01-15 11:25:10.156,186.0421,123,186.0245,186.0597
2024-01-15 11:25:11.759,186.0234,216,186.0154,186.0313
2024-01-15 11:25:16.690,186.0532,21,186.044,186.0625
2024-01-15 11:25:18.162,186.042,676,186.0271,186.0568
2024-01-15 11:25:20.454,186.0292,118,186.0205,186.0379
2024-01-15 11:25:21.928,186.1251,49,186.1195,186.1307
2024-01-15 11:25:23.161,186.1577,28,186.1456,186.1697
2024-01-15 11:25:24.754,186.2235,83,186.2081,186.239
2024-01-15 11:25:24.898,186.2673,233,186.2616,186.273
2024-01-15 11:25:27.731,186.2327,286,186.2207,186.2448
2024-01-15 11:25:27.820,186.2888,3,186.2837,186.294
2024-01-15 11:25:32.798,186.1946,731,186.1795,186.2098
2024-01-15 11:25:32.945,186.0132,173,185.9974,186.0291
2024-01-15 11:25:34.674,186.2053,236,186.194,186.2167
2024-01-15 11:25:36.076,186.1934,34,186.187,186.1999
2024-01-15 11:25:38.430,186.1894,78,186.1721,186.2068
2024-01-15 11:25:45.761,186.3041,55,186.2874,186.3207
2024-01-15 11:25:45.964,186.2457,175,186.235,186.2564
2024-01-15 11:25:47.789,186.195,117,186.1772,186.2127
2024-01-15 11:25:48.280,186.268,798,186.2592,186.2767
2024-01-15 11:25:49.074,186.1768,116,186.1601,186.1935
2024-01-15 11:25:51.813,186.1994,552,186.1915,186.2074
2024-01-15 11:25:52.468,186.2365,204,186.2193,186.2538
2024-01-15 11:25:52.860,186.1505,292,186.1388,186.1622
2024-01-15 11:25:53.117,186.1453,48,186.1312,186.1594
2024-01-15 11:26:01.181,186.1959,138,186.1861,186.2056
2024-01-15 11:26:02.465,186.0818,143,186.0694,186.0942
2024-01-15 11:26:03.587,186.1399,66,186.1247,186.155
2024-01-15 11:26:06.964,186.1879,57,186.1825,186.1933
2024-01-15 11:26:07.767,186.2109,52,186.2043,186.2176
2024-01-15 11:26:11.084,186.237,401,186.2208,186.2532
2024-01-15 11:26:13.739,186.2188,114,186.2105,186.227
2024-01-15 11:26:14.821,186.234,147,186.2173,186.2506
2024-01-15 11:26:15.055,186.2683,47,186.2612,186.2753
2024-01-15 11:26:15.158,186.2235,805,186.2106,186.2364
2024-01-15 11:26:15.822,186.2621,70,186.2489,186.2752
2024-01-15 11:26:16.256,186.3027,345,186.2865,186.3189
2024-01-15 11:26:18.556,186.2798,131,186.2642,186.2953
2024-01-15 11:26:20.565,186.2911,216,186.2814,186.3008
2024-01-15 11:26:20.853,186.2786,133,186.2678,186.2893
2024-01-15 11:26:22.026,186.3119,227,186.2931,186.3306
2024-01-15 11:26:23.343,186.2132,24,186.2013,186.2251
2024-01-15 11:26:23.383,186.188,259,186.1777,186.1983
2024-01-15 11:26:23.729,186.255,67,186.2446,186.2654
2024-01-15 11:26:24.184,186.2603,103,186.2483,186.2723
2024-01-15 11:26:26.111,186.2581,387,186.2429,186.2733
2024-01-15 11:26:27.394,186.3511,179,186.3328,186.3694
2024-01-15 11:26:27.522,186.351,245,186.3346,186.3674
2024-01-15 11:26:28.910,186.3166,197,186.3031,186.3301
2024-01-15 11:26:29.262,186.2666,86,186.2533,186.2798
2024-01-15 11:26:29.971,186.2547,76,186.2365,186.2729
2024-01-15 11:26:33.077,186.2408,304,186.224,186.2576
2024-01-15 11:26:35.036,186.1584,28,186.1386,186.1783
2024-01-15 11:26:36.203,186.1609,19,186.1487,186.173
2024-01-15 11:26:39.298,186.1091,197,186.0998,186.1184
2024-01-15 11:26:40.504,186.073,29,186.0643,186.0818
2024-01-15 11:26:42.152,186.1271,561,186.1193,186.1349
2024-01-15 11:26:43.456,186.017,344,186.0093,186.0247
2024-01-15 11:26:43.532,186.0817,357,186.0646,186.0988
2024-01-15 11:26:47.911,186.105,53,186.0909,186.119
2024-01-15 11:26:50.646,186.0571,200,186.0454,186.0688
2024-01-15 11:26:55.754,186.0395,303,186.0216,186.0574
2024-01-15 11:26:58.324,186.0289,363,186.0179,186.04
2024-01-15 11:26:58.503,185.8941,292,185.8861,185.9021
2024-01-15 11:26:59.432,185.8417,203,185.8256,185.8578
2024-01-15 11:27:01.218,185.8451,512,185.8338,185.8563
2024-01-15 11:27:02.683,185.8427,13,185.8257,185.8598
2024-01-15 11:27:04.988,185.8678,767,185.8598,185.8758
2024-01-15 11:27:06.595,185.9338,13,185.9246,185.9429
2024-01-15 11:27:10.332,186.0168,672,186.0014,186.0322
2024-01-15 11:27:11.190,186.058,38,186.0527,186.0633
2024-01-15 11:27:12.804,186.0634,13,186.0469,186.0798
2024-01-15 11:27:15.054,186.0865,299,186.073,186.0999
2024-01-15 11:27:17.173,186.0826,195,186.0753,186.0899
2024-01-15 11:27:21.483,186.1668,31,186.1528,186.1809
2024-01-15 11:27:22.574,186.0758,23,186.0591,186.0925
2024-01-15 11:27:25.447,186.185,289,186.1728,186.1972
2024-01-15 11:27:25.712,186.1343,77,186.1222,186.1463
2024-01-15 11:27:31.252,186.1643,615,186.1592,186.1695
2024-01-15 11:27:33.109,186.1738,195,186.1626,186.185
2024-01-15 11:27:33.128,186.1957,149,186.183,186.2085
2024-01-15 11:27:37.394,186.1841,40,186.175,186.1931
2024-01-15 11:27:38.996,186.1248,232,186.1189,186.1308
2024-01-15 11:27:39.173,186.2486,422,186.2287,186.2685
2024-01-15 11:27:40.170,186.2105,39,186.1952,186.2258
2024-01-15 11:27:41.702,186.2747,10,186.2619,186.2876
2024-01-15 11:27:43.267,186.292,417,186.2788,186.3053
2024-01-15 11:27:44.597,186.27,784,186.2539,186.286
2024-01-15 11:27:48.579,186.2726,67,186.2537,186.2914
2024-01-15 11:27:49.230,186.2495,616,186.2302,186.2687
2024-01-15 11:27:50.206,186.1981,2,186.1824,186.2138
2024-01-15 11:27:53.561,186.3395,123,186.3209,186.3581
2024-01-15 11:27:54.632,186.3506,162,186.3359,186.3652
2024-01-15 11:27:55.481,186.3288,101,186.317,186.3406
2024-01-15 11:27:57.295,186.3178,328,186.303,186.3327
2024-01-15 11:27:59.980,186.2628,28,186.249,186.2765
2024-01-15 11:28:00.930,186.3197,389,186.3066,186.3329
2024-01-15 11:28:05.430,186.1869,388,186.1803,186.1934
2024-01-15 11:28:05.979,186.2414,58,186.2287,186.254
2024-01-15 11:28:08.486,186.2362,596,186.2182,186.2543
2024-01-15 11:28:10.787,186.2658,48,186.2497,186.282
2024-01-15 11:28:15.205,186.1926,16,186.1772,186.208
2024-01-15 11:28:18.002,186.2217,126,186.2087,186.2346
2024-01-15 11:28:21.497,186.138,49,186.1254,186.1506
2024-01-15 11:28:21.892,186.1398,383,186.1218,186.1578
2024-01-15 11:28:23.261,186.0629,85,186.0553,186.0705
2024-01-15 11:28:25.285,185.995,653,185.9793,186.0107
2024-01-15 11:28:25.355,185.9158,539,185.9048,185.9267
2024-01-15 11:28:26.300,185.9751,208,185.9695,185.9807
2024-01-15 11:28:27.580,186.0084,145,186.0007,186.0161
2024-01-15 11:28:28.436,186.0118,179,186.0008,186.0227
2024-01-15 11:28:28.906,185.9767,262,185.9585,185.9948
2024-01-15 11:28:30.057,185.985,355,185.9796,185.9904
2024-01-15 11:28:31.393,186.0722,205,186.0587,186.0857
2024-01-15 11:28:32.284,186.12,163,186.1018,186.1382
2024-01-15 11:28:32.942,186.164,64,186.1587,186.1693
2024-01-15 11:28:36.244,186.1513,197,186.1363,186.1663
2024-01-15 11:28:36.469,186.1901,367,186.1783,186.2019
2024-01-15 11:28:37.623,186.1833,98,186.1717,186.1949
2024-01-15 11:28:37.778,186.2459,7,186.2354,186.2564
2024-01-15 11:28:38.467,186.3084,1097,186.2892,186.3275
2024-01-15 11:28:39.104,186.4104,68,186.399,186.4217
2024-01-15 11:28:39.311,186.4103,67,186.3979,186.4227
2024-01-15 11:28:40.859,186.3484,94,186.333,186.3638
2024-01-15 11:28:46.242,186.3504,30,186.3357,186.365
2024-01-15 11:28:46.312,186.3679,184,186.3609,186.3749
2024-01-15 11:28:47.122,186.352,349,186.343,186.3611
2024-01-15 11:28:47.269,186.349,135,186.3408,186.3571
2024-01-15 11:28:52.097,186.4097,341,186.3931,186.4264
2024-01-15 11:28:57.478,186.4168,887,186.3975,186.436
2024-01-15 11:29:03.967,186.4523,442,186.4364,186.4682
2024-01-15 11:29:06.294,186.3471,150,186.3308,186.3635
2024-01-15 11:29:08.386,186.305,83,186.2863,186.3237
2024-01-15 11:29:19.215,186.3637,67,186.3565,186.3709
2024-01-15 11:29:20.608,186.3366,120,186.3182,186.355
2024-01-15 11:29:21.061,186.4675,191,186.452,186.483
2024-01-15 11:29:21.811,186.4623,177,186.4465,186.4781
2024-01-15 11:29:22.344,186.4389,29,186.4286,186.4493
2024-01-15 11:29:24.608,186.4089,178,186.397,186.4207
2024-01-15 11:29:24.986,186.3441,2,186.3305,186.3576
2024-01-15 11:29:26.375,186.2689,59,186.2501,186.2877
2024-01-15 11:29:26.605,186.2651,288,186.2564,186.2738
2024-01-15 11:29:27.264,186.1943,8,186.1809,186.2078
2024-01-15 11:29:29.016,186.2476,392,186.2349,186.2604
2024-01-15 11:29:29.818,186.2379,243,186.2302,186.2456
2024-01-15 11:29:29.819,186.2887,11,186.2749,186.3025
2024-01-15 11:29:31.383,186.2476,256,186.2383,186.2569
2024-01-15 11:29:32.647,186.1863,162,186.1807,186.192
2024-01-15 11:29:32.870,186.2532,47,186.234,186.2725
2024-01-15 11:29:33.562,186.3032,106,186.2848,186.3216
2024-01-15 11:29:33.871,186.3051,257,186.2904,186.3197
2024-01-15 11:29:36.832,186.2142,149,186.1945,186.2339
2024-01-15 11:29:37.584,186.2007,33,186.1951,186.2063
2024-01-15 11:29:38.231,186.1599,117,186.1469,186.1729
2024-01-15 11:29:38.577,186.2313,16,186.2256,186.2371
2024-01-15 11:29:38.819,186.1532,294,186.1354,186.171
2024-01-15 11:29:39.310,186.1172,93,186.1063,186.1281
2024-01-15 11:29:40.197,186.2275,194,186.2154,186.2395
2024-01-15 11:29:40.780,186.2851,278,186.2683,186.302
2024-01-15 11:29:41.465,186.3744,174,186.3655,186.3832
2024-01-15 11:29:41.979,186.3286,297,186.3098,186.3474
2024-01-15 11:29:44.959,186.3113,85,186.3029,186.3197
2024-01-15 11:29:45.247,186.3132,257,186.3012,186.3252
2024-01-15 11:29:45.272,186.3165,76,186.297,186.336
2024-01-15 11:29:48.305,186.3544,197,186.3444,186.3644
2024-01-15 11:29:49.961,186.4103,239,186.4002,186.4205
2024-01-15 11:29:51.953,186.4716,17,186.4537,186.4895
2024-01-15 11:29:53.256,186.5311,47,186.5144,186.5478
2024-01-15 11:29:54.672,186.606,165,186.5945,186.6175
2024-01-15 11:29:55.484,186.568,308,186.5611,186.5748
2024-01-15 11:29:55.680,186.5684,144,186.559,186.5778
2024-01-15 11:29:56.379,186.568,77,186.5527,186.5832
2024-01-15 11:29:57.327,186.5218,549,186.5137,186.53
2024-01-15 11:29:58.411,186.5847,487,186.5668,186.6026
2024-01-15 11:29:59.043,186.6378,478,186.6325,186.643
2024-01-15 11:30:01.546,186.5958,81,186.5898,186.6019
2024-01-15 11:30:02.496,186.614,121,186.5953,186.6328
2024-01-15 11:30:03.816,186.6139,43,186.6068,186.6211
2024-01-15 11:30:03.878,186.5891,143,186.5764,186.6018
2024-01-15 11:30:04.363,186.5489,165,186.5433,186.5546
2024-01-15 11:30:05.321,186.4755,37,186.4702,186.4808
2024-01-15 11:30:05.532,186.4449,68,186.4323,186.4575
2024-01-15 11:30:06.722,186.4544,92,186.4408,186.468
2024-01-15 11:30:06.847,186.5459,1,186.5292,186.5626
2024-01-15 11:30:08.093,186.5944,11,186.5771,186.6117
2024-01-15 11:30:08.642,186.4659,83,186.4498,186.482
2024-01-15 11:30:08.927,186.3731,176,186.3645,186.3817
2024-01-15 11:30:11.340,186.4587,105,186.4456,186.4718
2024-01-15 11:30:17.311,186.4743,9,186.4615,186.4872
2024-01-15 11:30:18.368,186.5718,60,186.5614,186.5822
2024-01-15 11:30:18.382,186.582,253,186.5668,186.5971
2024-01-15 11:30:18.733,186.4362,158,186.4223,186.4501
2024-01-15 11:30:20.563,186.4948,259,186.4812,186.5085
2024-01-15 11:30:20.705,186.509,257,186.5034,186.5145
2024-01-15 11:30:21.597,186.4842,844,186.4727,186.4958
2024-01-15 11:30:27.492,186.4128,195,186.3999,186.4257
2024-01-15 11:30:29.921,186.4926,141,186.4771,186.5081
2024-01-15 11:30:33.483,186.5022,112,186.4842,186.5202
2024-01-15 11:30:33.667,186.4141,196,186.4011,186.427
2024-01-15 11:30:40.292,186.3367,20,186.3195,186.3538
2024-01-15 11:30:40.959,186.2299,464,186.2149,186.245
2024-01-15 11:30:42.777,186.2159,105,186.2051,186.2266
2024-01-15 11:30:44.105,186.2448,120,186.2347,186.255
2024-01-15 11:30:45.621,186.3587,41,186.3512,186.3662
2024-01-15 11:30:47.199,186.3,210,186.2855,186.3144
2024-01-15 11:30:49.285,186.1986,259,186.186,186.2111
2024-01-15 11:30:50.119,186.1617,98,186.1562,186.1672
2024-01-15 11:30:54.015,186.1386,270,186.1323,186.1449
2024-01-15 11:30:54.370,186.0626,397,186.0473,186.0778
2024-01-15 11:30:54.575,186.0405,181,186.033,186.0481
2024-01-15 11:30:54.598,185.9494,417,185.9429,185.956
2024-01-15 11:30:55.206,186.0289,225,186.0113,186.0465
2024-01-15 11:30:55.518,185.9968,108,185.9851,186.0086
2024-01-15 11:30:55.818,186.0292,100,186.0123,186.0462
2024-01-15 11:30:55.872,185.9863,570,185.9743,185.9983
2024-01-15 11:30:56.780,186.1645,179,186.1528,186.1762
2024-01-15 11:30:59.184,186.1851,181,186.1683,186.202
2024-01-15 11:31:00.725,186.1276,585,186.1094,186.1458
2024-01-15 11:31:00.819,186.2032,200,186.1844,186.2219
2024-01-15 11:31:00.861,186.3295,129,186.314,186.345
2024-01-15 11:31:01.643,186.2992,218,186.2899,186.3085
2024-01-15 11:31:04.662,186.2502,61,186.2356,186.2648
2024-01-15 11:31:08.865,186.2447,109,186.2307,186.2588
2024-01-15 11:31:09.407,186.1429,505,186.1319,186.1539
2024-01-15 11:31:10.697,185.9909,27,185.975,186.0069
2024-01-15 11:31:13.321,186.1304,318,186.1182,186.1426
2024-01-15 11:31:14.386,186.1599,270,186.1448,186.1751
2024-01-15 11:31:14.509,186.1806,1,186.1606,186.2005
2024-01-15 11:31:14.667,186.2241,191,186.2052,186.243
2024-01-15 11:31:16.511,186.1236,38,186.1182,186.1289
2024-01-15 11:31:19.644,186.1812,292,186.1624,186.2
2024-01-15 11:31:20.458,186.1556,254,186.148,186.1632
2024-01-15 11:31:20.597,186.2023,768,186.1932,186.2115
2024-01-15 11:31:22.256,186.1608,414,186.1459,186.1757
2024-01-15 11:31:25.125,186.1261,36,186.1164,186.1358
2024-01-15 11:31:26.696,185.9369,55,185.9255,185.9483
2024-01-15 11:31:26.773,185.9217,642,185.9074,185.9359
2024-01-15 11:31:28.532,185.8836,249,185.8657,185.9016
2024-01-15 11:31:31.940,185.8949,157,185.8833,185.9066
2024-01-15 11:31:32.669,185.963,245,185.9519,185.974
2024-01-15 11:31:34.515,185.9031,206,185.8962,185.9101
2024-01-15 11:31:35.783,185.8422,276,185.8227,185.8617
2024-01-15 11:31:37.098,185.9065,331,185.8948,185.9183
2024-01-15 11:31:37.771,185.9032,137,185.8846,185.9218
2024-01-15 11:31:39.098,185.9953,193,185.9881,186.0026
2024-01-15 11:31:39.744,186.0571,249,186.0429,186.0713
2024-01-15 11:31:39.856,186.0858,83,186.0665,186.1052
2024-01-15 11:31:42.076,186.0815,4,186.0648,186.0983
2024-01-15 11:31:43.667,186.1938,453,186.1767,186.2109
2024-01-15 11:31:43.820,186.09,5,186.0722,186.1079
2024-01-15 11:31:48.372,186.2203,157,186.2066,186.234
2024-01-15 11:31:48.944,186.1889,314,186.1834,186.1944
2024-01-15 11:31:49.233,186.1901,456,186.1794,186.2008
2024-01-15 11:31:52.101,186.1324,20,186.1141,186.1507
2024-01-15 11:31:53.775,186.0775,108,186.0661,186.0888
2024-01-15 11:31:54.193,186.1544,25,186.1439,186.165
2024-01-15 11:31:55.133,186.1899,269,186.1787,186.2011
2024-01-15 11:31:55.632,186.0778,544,186.0715,186.0842
2024-01-15 11:31:57.987,186.0034,1,185.9923,186.0146
2024-01-15 11:32:04.868,185.9754,262,185.9566,185.9943
2024-01-15 11:32:07.164,185.9371,667,185.9229,185.9513
2024-01-15 11:32:08.770,185.8682,78,185.8599,185.8764
2024-01-15 11:32:09.101,185.7611,495,185.7435,185.7787
2024-01-15 11:32:09.308,185.7771,7,185.7593,185.7948
2024-01-15 11:32:11.160,185.7833,117,185.7763,185.7903
2024-01-15 11:32:11.179,185.7459,71,185.7352,185.7567
2024-01-15 11:32:11.763,185.6786,91,185.6598,185.6974
2024-01-15 11:32:13.056,185.7029,384,185.6832,185.7226
2024-01-15 11:32:13.183,185.6152,82,185.6033,185.627
2024-01-15 11:32:13.834,185.6894,410,185.6765,185.7023
2024-01-15 11:32:13.955,185.7233,36,185.7146,185.732
2024-01-15 11:32:15.602,185.7522,145,185.7342,185.7702
2024-01-15 11:32:17.194,185.8142,11,185.8069,185.8215
2024-01-15 11:32:17.946,185.7707,198,185.7643,185.7771
2024-01-15 11:32:18.061,185.7183,708,185.7019,185.7346
2024-01-15 11:32:18.809,185.7784,121,185.7684,185.7883
2024-01-15 11:32:20.975,185.8821,74,185.8657,185.8986
2024-01-15 11:32:22.062,185.8391,130,185.8193,185.8589
2024-01-15 11:32:23.031,185.8063,751,185.7989,185.8136
2024-01-15 11:32:24.374,185.728,79,185.7178,185.7382
2024-01-15 11:32:25.297,185.7971,128,185.7827,185.8115
2024-01-15 11:32:25.595,185.8087,226,185.7989,185.8184
2024-01-15 11:32:26.611,185.9345,87,185.9149,185.9541
2024-01-15 11:32:27.224,185.974,261,185.9585,185.9895
2024-01-15 11:32:28.310,186.007,5,185.9973,186.0168
2024-01-15 11:32:30.810,185.9392,244,185.9285,185.9499
2024-01-15 11:32:31.162,186.0094,284,185.9992,186.0196
2024-01-15 11:32:31.290,185.9403,107,185.9245,185.9562
2024-01-15 11:32:31.629,185.9512,99,185.9376,185.9649
2024-01-15 11:32:32.720,185.8519,103,185.8435,185.8603
2024-01-15 11:32:33.186,185.7769,87,185.7673,185.7865
2024-01-15 11:32:33.372,185.7226,40,185.7159,185.7293
2024-01-15 11:32:33.966,185.6832,68,185.6643,185.7021
2024-01-15 11:32:34.077,185.754,245,185.7439,185.7642
2024-01-15 11:32:39.100,185.6944,8,185.6748,185.714
2024-01-15 11:32:40.065,185.6732,352,185.6645,185.6819
2024-01-15 11:32:41.585,185.632,432,185.6193,185.6448
2024-01-15 11:32:41.754,185.754,223,185.7426,185.7655
2024-01-15 11:32:44.156,185.6808,48,185.6648,185.6967
2024-01-15 11:32:45.575,185.755,1,185.7381,185.7719
2024-01-15 11:32:48.815,185.8008,222,185.7908,185.8108
2024-01-15 11:32:49.610,185.8122,48,185.8068,185.8176
2024-01-15 11:32:50.473,185.8572,147,185.8473,185.867
2024-01-15 11:32:51.788,185.9249,226,185.9134,185.9365
2024-01-15 11:32:51.805,186.0267,440,186.011,186.0425
2024-01-15 11:32:54.684,185.9601,124,185.9438,185.9763
2024-01-15 11:32:56.575,185.9517,13,185.9365,185.9669
2024-01-15 11:32:56.711,185.875,39,185.8684,185.8817
2024-01-15 11:32:56.938,185.8809,97,185.8661,185.8957
2024-01-15 11:32:57.088,185.8294,9,185.8191,185.8397
2024-01-15 11:32:57.238,185.7658,516,185.7493,185.7823
2024-01-15 11:33:01.464,185.6763,676,185.667,185.6855
2024-01-15 11:33:02.542,185.6341,236,185.6204,185.6478
2024-01-15 11:33:02.782,185.6144,71,185.6026,185.6263
2024-01-15 11:33:09.740,185.6999,553,185.6818,185.718
2024-01-15 11:33:10.011,185.7085,27,185.6918,185.7253
2024-01-15 11:33:12.324,185.777,60,185.7689,185.7851
2024-01-15 11:33:15.141,185.7668,61,185.753,185.7805
2024-01-15 11:33:15.978,185.8888,653,185.8695,185.908
2024-01-15 11:33:16.387,185.8375,439,185.8214,185.8536
2024-01-15 11:33:16.457,185.9001,33,185.8841,185.916
2024-01-15 11:33:19.857,185.8989,251,185.8841,185.9137
2024-01-15 11:33:20.602,185.7178,272,185.6991,185.7365
2024-01-15 11:33:23.613,185.678,37,185.6587,185.6973
2024-01-15 11:33:23.737,185.6243,82,185.6179,185.6306
2024-01-15 11:33:28.495,185.5429,115,185.53,185.5558
2024-01-15 11:33:28.850,185.5265,17,185.5213,185.5318
2024-01-15 11:33:29.021,185.5757,176,185.5618,185.5895
2024-01-15 11:33:30.320,185.5755,201,185.5555,185.5954
2024-01-15 11:33:32.639,185.5316,140,185.5117,185.5514
2024-01-15 11:33:34.138,185.5568,768,185.543,185.5705
2024-01-15 11:33:34.630,185.6576,199,185.647,185.6682
2024-01-15 11:33:38.423,185.5162,20,185.4966,185.5358
2024-01-15 11:33:40.870,185.4644,123,185.4538,185.475
2024-01-15 11:33:43.295,185.5975,209,185.5839,185.6111
2024-01-15 11:33:44.663,185.6543,236,185.648,185.6605
2024-01-15 11:33:45.157,185.714,543,185.7007,185.7273
2024-01-15 11:33:46.283,185.7214,454,185.7062,185.7366
2024-01-15 11:33:53.867,185.6813,478,185.6646,185.698
2024-01-15 11:33:55.967,185.7508,21,185.7436,185.758
2024-01-15 11:33:55.997,185.6507,210,185.6418,185.6596
2024-01-15 11:33:57.259,185.6461,83,185.6306,185.6616
2024-01-15 11:33:58.275,185.6778,44,185.6633,185.6924
2024-01-15 11:33:59.044,185.8149,58,185.8048,185.8249
2024-01-15 11:34:00.959,185.8757,45,185.8638,185.8876
2024-01-15 11:34:01.801,186.0233,6,186.005,186.0415
2024-01-15 11:34:02.362,185.9805,154,185.9616,185.9994
2024-01-15 11:34:04.959,185.9651,227,185.951,185.9792
2024-01-15 11:34:05.955,185.9448,152,185.9331,185.9564
2024-01-15 11:34:06.095,185.8416,378,185.8226,185.8606
2024-01-15 11:34:06.447,185.8086,21,185.7966,185.8206
2024-01-15 11:34:07.716,185.6768,14,185.6687,185.6848
2024-01-15 11:34:09.819,185.7133,110,185.7005,185.7261
2024-01-15 11:34:11.341,185.6658,44,185.6599,185.6717
2024-01-15 11:34:13.292,185.5504,31,185.5438,185.5571
2024-01-15 11:34:13.354,185.6252,41,185.6082,185.6421
2024-01-15 11:34:14.115,185.7204,293,185.7085,185.7322
2024-01-15 11:34:14.173,185.6742,53,185.6668,185.6816
2024-01-15 11:34:14.284,185.6732,418,185.6666,185.6798
2024-01-15 11:34:14.968,185.5622,117,185.5491,185.5754
2024-01-15 11:34:15.249,185.5565,91,185.5458,185.5671
2024-01-15 11:34:20.071,185.5391,201,185.5296,185.5486
2024-01-15 11:34:22.130,185.6618,21,185.6498,185.6738
2024-01-15 11:34:22.731,185.7347,60,185.7233,185.746
2024-01-15 11:34:26.271,185.8673,18,185.8514,185.8832
2024-01-15 11:34:28.311,185.7514,72,185.7386,185.7643
2024-01-15 11:34:28.357,185.8293,62,185.8192,185.8393
2024-01-15 11:34:30.708,185.8478,31,185.8397,185.8559
2024-01-15 11:34:31.121,185.7674,66,185.7526,185.7822
2024-01-15 11:34:31.668,185.6614,69,185.6489,185.6739
2024-01-15 11:34:34.127,185.7103,69,185.6996,185.721
2024-01-15 11:34:34.140,185.735,27,185.7253,185.7448
2024-01-15 11:34:36.299,185.698,185,185.6798,185.7163
2024-01-15 11:34:39.155,185.6402,495,185.6217,185.6586
2024-01-15 11:34:39.766,185.5767,220,185.5691,185.5843
2024-01-15 11:34:41.028,185.6249,79,185.6055,185.6443
2024-01-15 11:34:42.730,185.5795,108,185.56,185.5991
2024-01-15 11:34:43.793,185.5994,41,185.5819,185.6168
2024-01-15 11:34:44.037,185.5203,762,185.5055,185.5351
2024-01-15 11:34:44.665,185.5492,372,185.5438,185.5546
2024-01-15 11:34:45.752,185.562,10,185.5552,185.5689
2024-01-15 11:34:47.513,185.623,44,185.6145,185.6316
2024-01-15 11:34:49.321,185.5621,164,185.5554,185.5689
2024-01-15 11:34:49.999,185.5975,149,185.583,185.612
2024-01-15 11:34:50.150,185.5537,43,185.5371,185.5703
2024-01-15 11:34:50.337,185.5917,178,185.5811,185.6024
2024-01-15 11:34:50.443,185.6314,123,185.6137,185.6491
2024-01-15 11:34:51.178,185.6876,265,185.6826,185.6927
2024-01-15 11:34:51.851,185.818,223,185.7998,185.8361
2024-01-15 11:34:55.162,185.8566,195,185.8436,185.8695
2024-01-15 11:34:56.983,185.7296,154,185.7154,185.7438
2024-01-15 11:34:59.861,185.7238,146,185.715,185.7326
2024-01-15 11:35:00.182,185.7645,318,185.7587,185.7703
2024-01-15 11:35:01.060,185.7779,84,185.7723,185.7835
2024-01-15 11:35:03.118,185.7439,414,185.7376,185.7503
2024-01-15 11:35:06.674,185.7187,44,185.7021,185.7352
2024-01-15 11:35:10.329,185.7309,470,185.7135,185.7482
2024-01-15 11:35:10.367,185.7521,290,185.7355,185.7687
2024-01-15 11:35:12.680,185.8447,393,185.83,185.8593
2024-01-15 11:35:13.203,185.8543,162,185.8398,185.8687
2024-01-15 11:35:14.769,185.9096,172,185.9024,185.9168
2024-01-15 11:35:16.002,185.8845,379,185.8747,185.8943
2024-01-15 11:35:19.807,185.8584,9,185.8463,185.8704
2024-01-15 11:35:19.921,185.8265,34,185.8163,185.8367
2024-01-15 11:35:21.711,185.8836,230,185.8729,185.8943
2024-01-15 11:35:22.783,185.9856,69,185.9681,186.0031
2024-01-15 11:35:23.428,185.923,246,185.9037,185.9423
2024-01-15 11:35:23.603,185.8401,12,185.8219,185.8583
2024-01-15 11:35:26.978,185.8218,19,185.8041,185.8395
2024-01-15 11:35:28.184,185.8635,28,185.8439,185.8831
2024-01-15 11:35:28.834,186.0656,215,186.0457,186.0855
2024-01-15 11:35:30.929,185.9614,81,185.95,185.9727
2024-01-15 11:35:31.795,186.0038,40,185.9843,186.0233
2024-01-15 11:35:36.904,185.9744,285,185.9692,185.9796
2024-01-15 11:35:37.596,185.9606,15,185.9551,185.9661
2024-01-15 11:35:38.730,185.92,164,185.9096,185.9304
2024-01-15 11:35:41.500,186.0606,156,186.0525,186.0688
2024-01-15 11:35:45.494,186.1161,119,186.105,186.1272
2024-01-15 11:35:45.829,186.0661,3,186.0516,186.0805
2024-01-15 11:35:47.395,185.9375,72,185.9195,185.9555
2024-01-15 11:35:48.185,185.8614,505,185.8431,185.8796
2024-01-15 11:35:49.104,185.9017,128,185.882,185.9214
2024-01-15 11:35:50.704,185.8117,49,185.7932,185.8302
2024-01-15 11:35:51.137,185.7659,11,185.7571,185.7747
2024-01-15 11:35:53.094,185.7539,74,185.7377,185.7701
2024-01-15 11:35:53.445,185.8018,160,185.7953,185.8083
2024-01-15 11:35:54.160,185.7734,206,185.768,185.7787
2024-01-15 11:35:54.573,185.7172,96,185.7084,185.7259
2024-01-15 11:35:57.731,185.7199,102,185.7111,185.7287
2024-01-15 11:35:59.131,185.6592,276,185.6471,185.6712
2024-01-15 11:35:59.887,185.6319,415,185.6184,185.6455
2024-01-15 11:35:59.990,185.6597,373,185.6423,185.677
2024-01-15 11:36:03.769,185.6653,132,185.6573,185.6733
2024-01-15 11:36:04.145,185.6429,481,185.6229,185.6629
2024-01-15 11:36:08.881,185.7413,528,185.7291,185.7535
2024-01-15 11:36:12.197,185.7923,144,185.7746,185.8101
2024-01-15 11:36:12.759,185.7549,639,185.7381,185.7717
2024-01-15 11:36:13.793,185.7185,90,185.7058,185.7313
2024-01-15 11:36:13.814,185.6084,59,185.5927,185.624
2024-01-15 11:36:14.357,185.6699,341,185.6638,185.676
2024-01-15 11:36:15.052,185.7623,473,185.7443,185.7803
2024-01-15 11:36:18.330,185.8631,27,185.8483,185.878
2024-01-15 11:36:18.696,185.932,111,185.923,185.9409
2024-01-15 11:36:18.816,186.0795,373,186.0708,186.0882
2024-01-15 11:36:19.003,186.1037,180,186.0956,186.1118
2024-01-15 11:36:20.744,186.0731,483,186.0588,186.0874
2024-01-15 11:36:21.435,186.0968,42,186.0889,186.1046
2024-01-15 11:36:22.018,186.0316,55,186.0149,186.0484
2024-01-15 11:36:23.629,186.0784,138,186.0663,186.0906
2024-01-15 11:36:25.355,186.009,291,186.0005,186.0175
2024-01-15 11:36:25.459,186.0314,554,186.0232,186.0397
2024-01-15 11:36:30.052,186.0302,164,186.011,186.0494
2024-01-15 11:36:30.235,185.9249,163,185.9162,185.9336
2024-01-15 11:36:43.381,185.8746,28,185.86,185.8891
2024-01-15 11:36:45.765,185.9252,35,185.916,185.9343
2024-01-15 11:36:47.767,185.9253,2,185.9089,185.9418
2024-01-15 11:36:47.824,186.0703,35,186.0567,186.0839
2024-01-15 11:36:49.578,186.1197,33,186.1045,186.1349
2024-01-15 11:36:51.731,186.1029,344,186.0939,186.1119
2024-01-15 11:36:51.902,186.2002,747,186.1927,186.2077
2024-01-15 11:36:55.395,186.1193,3,186.1099,186.1288
2024-01-15 11:36:56.990,186.2304,248,186.218,186.2429
2024-01-15 11:36:57.171,186.0829,49,186.0707,186.095
2024-01-15 11:36:57.624,186.111,1203,186.1044,186.1177
2024-01-15 11:36:58.620,186.0488,12,186.0395,186.058
2024-01-15 11:37:02.078,185.9421,93,185.9369,185.9473
2024-01-15 11:37:02.117,185.9111,186,185.9034,185.9187
2024-01-15 11:37:03.921,185.9787,57,185.9609,185.9965
2024-01-15 11:37:04.247,185.9621,67,185.9433,185.981
2024-01-15 11:37:05.022,185.887,371,185.8716,185.9024
2024-01-15 11:37:05.332,185.8567,140,185.8494,185.864
2024-01-15 11:37:05.469,185.7405,14,185.7341,185.747
2024-01-15 11:37:05.796,185.6092,84,185.5908,185.6276
2024-01-15 11:37:07.221,185.6567,920,185.64,185.6733
2024-01-15 11:37:07.737,185.6553,120,185.6357,185.675
2024-01-15 11:37:07.768,185.4573,224,185.4511,185.4635
2024-01-15 11:37:08.820,185.412,58,185.407,185.4171
2024-01-15 11:37:09.434,185.487,186,185.4716,185.5025
2024-01-15 11:37:09.897,185.4937,355,185.4815,185.506
2024-01-15 11:37:10.226,185.5136,39,185.5002,185.527
2024-01-15 11:37:11.179,185.4829,67,185.4736,185.4921
2024-01-15 11:37:11.432,185.5784,439,185.5672,185.5896
2024-01-15 11:37:14.231,185.5337,192,185.5264,185.5411
2024-01-15 11:37:14.581,185.4757,269,185.464,185.4874
2024-01-15 11:37:14.759,185.4754,408,185.4643,185.4864
2024-01-15 11:37:15.218,185.3875,351,185.3723,185.4027
2024-01-15 11:37:17.417,185.4175,581,185.3979,185.4371
2024-01-15 11:37:17.809,185.3698,225,185.3623,185.3774
2024-01-15 11:37:18.328,185.3133,492,185.3063,185.3203
2024-01-15 11:37:20.155,185.336,84,185.3291,185.3429
2024-01-15 11:37:21.196,185.3405,175,185.3207,185.3603
2024-01-15 11:37:22.143,185.3158,899,185.2978,185.3337
2024-01-15 11:37:22.416,185.3291,257,185.3108,185.3474
2024-01-15 11:37:23.002,185.2426,883,185.2346,185.2506
2024-01-15 11:37:23.426,185.2634,363,185.2464,185.2803
2024-01-15 11:37:25.982,185.2373,118,185.2321,185.2425
2024-01-15 11:37:26.421,185.1902,81,185.1736,185.2069
2024-01-15 11:37:26.869,185.2385,255,185.2286,185.2484
2024-01-15 11:37:27.621,185.1034,254,185.0966,185.1101
2024-01-15 11:37:27.912,185.0996,164,185.0833,185.116
2024-01-15 11:37:30.547,185.0233,54,185.0054,185.0413
2024-01-15 11:37:30.770,185.007,383,184.9984,185.0156
2024-01-15 11:37:31.548,185.0083,122,184.9905,185.0261
2024-01-15 11:37:32.805,184.9935,178,184.9877,184.9993
2024-01-15 11:37:33.515,184.9436,129,184.9301,184.9572
2024-01-15 11:37:35.035,184.8827,299,184.8714,184.8941
2024-01-15 11:37:37.195,184.8009,359,184.7886,184.8133
2024-01-15 11:37:39.761,184.957,365,184.9412,184.9729
2024-01-15 11:37:39.900,184.9873,253,184.974,185.0007
2024-01-15 11:37:42.150,185.0273,4,185.02,185.0346
2024-01-15 11:37:42.365,185.0764,206,185.0679,185.0849
2024-01-15 11:37:42.713,185.0402,24,185.0281,185.0524
2024-01-15 11:37:44.791,185.0391,152,185.026,185.0522
2024-01-15 11:37:44.829,185.0889,131,185.0706,185.1071
2024-01-15 11:37:45.298,185.2306,46,185.2174,185.2439
2024-01-15 11:37:47.656,185.2272,32,185.2205,185.2338
2024-01-15 11:37:49.734,185.1943,453,185.1771,185.2115
2024-01-15 11:37:50.253,185.2084,59,185.1934,185.2235
2024-01-15 11:37:50.436,185.3461,138,185.3362,185.356
2024-01-15 11:37:53.017,185.3094,443,185.3031,185.3156
2024-01-15 11:37:55.093,185.336,34,185.3205,185.3514
2024-01-15 11:37:55.355,185.2537,52,185.2447,185.2628
2024-01-15 11:37:56.336,185.2133,145,185.1964,185.2302
2024-01-15 11:37:58.832,185.2266,363,185.2143,185.2388
2024-01-15 11:37:59.625,185.2824,147,185.2749,185.29
2024-01-15 11:37:59.636,185.2536,147,185.2482,185.259
2024-01-15 11:38:00.319,185.1575,71,185.1473,185.1678
2024-01-15 11:38:03.846,185.1323,101,185.1153,185.1493
2024-01-15 11:38:04.895,185.0386,336,185.0191,185.0581
2024-01-15 11:38:05.057,185.0328,421,185.026,185.0395
2024-01-15 11:38:05.692,185.0276,516,185.0123,185.0428
2024-01-15 11:38:06.167,184.9979,360,184.9796,185.0162
2024-01-15 11:38:06.714,185.0374,95,185.0224,185.0524
2024-01-15 11:38:06.808,184.9926,205,184.9834,185.0019
2024-01-15 11:38:09.573,184.9884,108,184.9705,185.0063
2024-01-15 11:38:10.075,184.9859,190,184.9755,184.9964
2024-01-15 11:38:10.643,185.0242,336,185.0075,185.041
2024-01-15 11:38:11.872,184.9547,82,184.9361,184.9734
2024-01-15 11:38:12.759,184.9447,119,184.9371,184.9523
2024-01-15 11:38:13.018,184.9123,282,184.8928,184.9319
2024-01-15 11:38:20.509,184.8974,9,184.8917,184.903
2024-01-15 11:38:21.928,184.8755,160,184.8568,184.8941
2024-01-15 11:38:24.883,184.9099,85,184.8955,184.9244
2024-01-15 11:38:28.110,184.8593,295,184.8454,184.8732
2024-01-15 11:38:31.475,184.9052,222,184.8901,184.9202
2024-01-15 11:38:33.607,184.838,430,184.8269,184.849
2024-01-15 11:38:36.172,184.7935,492,184.7883,184.7987
2024-01-15 11:38:38.480,184.78,36,184.771,184.789
2024-01-15 11:38:41.578,184.742,407,184.7325,184.7514
2024-01-15 11:38:42.325,184.8162,153,184.7972,184.8352
2024-01-15 11:38:43.152,184.8343,4,184.8213,184.8473
2024-01-15 11:38:43.294,184.8266,249,184.8086,184.8446
2024-01-15 11:38:44.553,184.8387,339,184.8297,184.8476
2024-01-15 11:38:45.343,184.8695,188,184.8575,184.8815
2024-01-15 11:38:45.779,184.8357,30,184.83,184.8413
2024-01-15 11:38:46.243,184.7729,277,184.7595,184.7862
2024-01-15 11:38:46.953,184.8178,5,184.809,184.8266
2024-01-15 11:38:47.696,184.7991,26,184.7939,184.8042
2024-01-15 11:38:49.202,184.7111,133,184.7023,184.7199
2024-01-15 11:38:49.512,184.749,227,184.7395,184.7586
2024-01-15 11:38:51.419,184.7835,545,184.7645,184.8025
2024-01-15 11:38:52.639,184.6672,185,184.6532,184.6812
2024-01-15 11:38:53.499,184.6797,85,184.6691,184.6904
2024-01-15 11:38:54.027,184.6369,133,184.628,184.6458
2024-01-15 11:38:54.352,184.6555,137,184.6429,184.668
2024-01-15 11:38:54.646,184.6082,297,184.5963,184.62
2024-01-15 11:38:55.301,184.7051,67,184.6876,184.7225
2024-01-15 11:38:55.799,184.6756,198,184.6592,184.6921
2024-01-15 11:38:56.876,184.8244,265,184.8078,184.8411
2024-01-15 11:38:57.360,184.8656,183,184.8465,184.8846
2024-01-15 11:39:00.424,184.8253,47,184.8064,184.8442
2024-01-15 11:39:00.756,184.8403,347,184.8304,184.8503
2024-01-15 11:39:00.816,184.8557,12,184.8378,184.8737
2024-01-15 11:39:03.132,184.7863,42,184.768,184.8047
2024-01-15 11:39:04.727,184.8157,17,184.8048,184.8267
2024-01-15 11:39:06.178,184.7526,187,184.7426,184.7626
2024-01-15 11:39:09.298,184.8968,563,184.883,184.9105
2024-01-15 11:39:09.908,184.8631,84,184.8515,184.8746
2024-01-15 11:39:10.608,184.8394,187,184.8278,184.8509
2024-01-15 11:39:10.884,184.838,242,184.8199,184.8562
2024-01-15 11:39:11.826,184.879,60,184.8622,184.8958
2024-01-15 11:39:12.012,184.7934,334,184.7741,184.8127
2024-01-15 11:39:13.988,184.846,190,184.8408,184.8511
2024-01-15 11:39:14.716,184.9208,245,184.9097,184.9319
2024-01-15 11:39:15.990,184.9346,297,184.9184,184.9507
2024-01-15 11:39:16.344,184.9487,155,184.9296,184.9679
2024-01-15 11:39:17.272,185.0016,209,184.9898,185.0133
2024-01-15 11:39:17.765,185.0384,21,185.0328,185.044
2024-01-15 11:39:17.868,185.0678,1237,185.0623,185.0732
2024-01-15 11:39:18.142,185.0698,483,185.0564,185.0833
2024-01-15 11:39:18.451,185.1114,400,185.1007,185.1221
2024-01-15 11:39:18.608,185.1378,339,185.1213,185.1544
2024-01-15 11:39:20.364,185.1314,306,185.1226,185.1402
2024-01-15 11:39:20.669,185.176,369,185.1579,185.194
2024-01-15 11:39:20.960,185.1921,144,185.1845,185.1998
2024-01-15 11:39:21.472,185.1756,22,185.1681,185.1832
2024-01-15 11:39:22.559,185.1547,714,185.1409,185.1685
2024-01-15 11:39:24.837,185.2831,195,185.2718,185.2943
2024-01-15 11:39:28.151,185.2375,47,185.2179,185.2571
2024-01-15 11:39:29.222,185.2111,692,185.2007,185.2215
2024-01-15 11:39:29.749,185.2352,351,185.2271,185.2432
2024-01-15 11:39:31.507,185.3348,115,185.3277,185.3419
2024-01-15 11:39:33.007,185.2602,183,185.2442,185.2761
2024-01-15 11:39:36.056,185.3222,108,185.3033,185.3412
2024-01-15 11:39:36.168,185.2996,225,185.2871,185.3121
2024-01-15 11:39:38.951,185.1759,246,185.1597,185.192
2024-01-15 11:39:39.169,185.1107,397,185.0908,185.1306
2024-01-15 11:39:42.450,185.1653,7,185.1467,185.1839
2024-01-15 11:39:43.182,185.1673,244,185.154,185.1807
2024-01-15 11:39:43.365,185.2011,78,185.1812,185.221
2024-01-15 11:39:48.692,185.0873,74,185.0698,185.1047
2024-01-15 11:39:54.788,185.1356,150,185.125,185.1461
2024-01-15 11:39:57.695,185.1708,321,185.1582,185.1834
2024-01-15 11:39:58.126,185.092,227,185.0761,185.1078
2024-01-15 11:39:58.603,184.9699,241,184.9539,184.986
2024-01-15 11:40:04.040,185.0519,50,185.0464,185.0573
2024-01-15 11:40:06.068,185.0306,463,185.0155,185.0457
2024-01-15 11:40:07.084,185.0353,308,185.0153,185.0552
2024-01-15 11:40:10.489,184.9813,6,184.9701,184.9924
2024-01-15 11:40:12.994,184.9769,14,184.966,184.9878
2024-01-15 11:40:14.969,184.8244,77,184.8084,184.8403
2024-01-15 11:40:17.307,184.7282,171,184.7187,184.7376
2024-01-15 11:40:19.525,184.7388,89,184.7207,184.757
2024-01-15 11:40:20.212,184.6703,149,184.6515,184.6892
2024-01-15 11:40:21.257,184.7599,236,184.7448,184.7749
2024-01-15 11:40:21.666,184.7345,123,184.7221,184.7469
2024-01-15 11:40:22.883,184.7674,79,184.7622,184.7726
2024-01-15 11:40:23.315,184.6983,166,184.6848,184.7119
2024-01-15 11:40:26.061,184.7371,284,184.7195,184.7548
2024-01-15 11:40:26.806,184.6906,28,184.6834,184.6978
2024-01-15 11:40:27.699,184.6934,135,184.6787,184.7081
2024-01-15 11:40:28.952,184.5576,684,184.5426,184.5726
2024-01-15 11:40:29.407,184.5742,372,184.5615,184.587
2024-01-15 11:40:30.200,184.6596,449,184.6506,184.6687
2024-01-15 11:40:30.314,184.5872,89,184.5814,184.5931
2024-01-15 11:40:31.109,184.5499,204,184.5441,184.5557
2024-01-15 11:40:32.706,184.6248,7,184.6056,184.6441
2024-01-15 11:40:35.181,184.6335,346,184.6271,184.6398
2024-01-15 11:40:37.371,184.6968,84,184.6776,184.7159
2024-01-15 11:40:39.897,184.666,242,184.6526,184.6795
2024-01-15 11:40:41.563,184.6334,60,184.6222,184.6447
2024-01-15 11:40:41.647,184.6504,121,184.6439,184.657
2024-01-15 11:40:47.468,184.6863,140,184.6803,184.6922
2024-01-15 11:40:47.726,184.6693,313,184.6548,184.6838
2024-01-15 11:40:48.576,184.4416,310,184.4245,184.4588
2024-01-15 11:40:48.808,184.4679,301,184.4551,184.4807
2024-01-15 11:40:50.711,184.5583,13,184.5443,184.5724
2024-01-15 11:40:50.848,184.5324,224,184.5232,184.5416
2024-01-15 11:40:51.448,184.4952,54,184.4828,184.5075
2024-01-15 11:40:52.646,184.5653,185,184.5509,184.5797
2024-01-15 11:40:54.525,184.6641,147,184.6481,184.6802
2024-01-15 11:40:54.783,184.6479,73,184.6315,184.6643
2024-01-15 11:40:58.233,184.6471,64,184.6346,184.6596
2024-01-15 11:40:58.385,184.4791,308,184.4652,184.4929
2024-01-15 11:40:59.499,184.4173,25,184.3986,184.436
2024-01-15 11:41:00.202,184.455,114,184.4496,184.4603
2024-01-15 11:41:00.941,184.3822,92,184.3713,184.3931
2024-01-15 11:41:01.075,184.4702,13,184.459,184.4813
2024-01-15 11:41:01.792,184.5105,789,184.4984,184.5227
2024-01-15 11:41:03.856,184.5452,150,184.5337,184.5567
2024-01-15 11:41:05.403,184.5124,7,184.4926,184.5322
2024-01-15 11:41:05.769,184.4762,134,184.4692,184.4832
2024-01-15 11:41:07.834,184.5396,47,184.5202,184.559
2024-01-15 11:41:08.220,184.4832,233,184.4736,184.4929
2024-01-15 11:41:08.327,184.5027,78,184.49,184.5153
2024-01-15 11:41:08.940,184.542,98,184.5302,184.5538
2024-01-15 11:41:09.556,184.5281,1079,184.5125,184.5437
2024-01-15 11:41:14.474,184.5469,351,184.5388,184.5551
2024-01-15 11:41:16.480,184.6971,68,184.6824,184.7118
2024-01-15 11:41:20.048,184.6592,194,184.6409,184.6776
2024-01-15 11:41:20.808,184.7132,519,184.6952,184.7311
2024-01-15 11:41:24.361,184.8087,734,184.795,184.8225
2024-01-15 11:41:24.408,184.8178,9,184.8105,184.825
2024-01-15 11:41:26.602,184.8336,282,184.8218,184.8454
2024-01-15 11:41:27.423,184.7799,28,184.7641,184.7957
2024-01-15 11:41:27.724,184.8193,624,184.8067,184.8318
2024-01-15 11:41:30.195,184.8138,53,184.8,184.8276
2024-01-15 11:41:30.736,184.7944,75,184.789,184.7998
2024-01-15 11:41:35.586,184.905,492,184.8918,184.9181
2024-01-15 11:41:37.225,184.9279,46,184.9147,184.9411
2024-01-15 11:41:38.603,184.8946,408,184.8835,184.9056
2024-01-15 11:41:45.274,184.8189,749,184.8031,184.8347
2024-01-15 11:41:45.518,184.8503,168,184.8403,184.8603
2024-01-15 11:41:47.657,184.8413,449,184.836,184.8466
2024-01-15 11:41:49.399,184.7368,138,184.7285,184.7451
2024-01-15 11:41:50.075,184.7,148,184.6919,184.7082
2024-01-15 11:41:53.740,184.6664,127,184.6595,184.6732
2024-01-15 11:41:54.285,184.7197,32,184.7083,184.7312
2024-01-15 11:41:54.707,184.6847,24,184.668,184.7013
2024-01-15 11:41:56.594,184.6555,54,184.6389,184.6722
2024-01-15 11:41:57.203,184.5008,276,184.4883,184.5133
2024-01-15 11:41:58.688,184.5125,94,184.4994,184.5255
2024-01-15 11:41:58.699,184.4904,245,184.4742,184.5066
2024-01-15 11:41:59.195,184.5297,106,184.5178,184.5415
2024-01-15 11:42:01.964,184.4731,45,184.4572,184.489
2024-01-15 11:42:02.581,184.3833,372,184.3676,184.399
2024-01-15 11:42:02.886,184.3574,247,184.3501,184.3647
2024-01-15 11:42:07.062,184.2843,28,184.2765,184.292
2024-01-15 11:42:09.332,184.3324,169,184.3221,184.3427
2024-01-15 11:42:09.785,184.3361,354,184.3191,184.3532
2024-01-15 11:42:10.715,184.1802,81,184.169,184.1914
2024-01-15 11:42:10.778,184.1923,193,184.1733,184.2114
2024-01-15 11:42:13.909,184.2486,149,184.2311,184.2661
2024-01-15 11:42:14.290,184.2884,34,184.2803,184.2965
2024-01-15 11:42:18.180,184.1905,343,184.1764,184.2046
2024-01-15 11:42:18.375,184.1426,173,184.1356,184.1495
2024-01-15 11:42:18.582,184.1121,9,184.1056,184.1185
2024-01-15 11:42:21.318,184.0992,142,184.0845,184.1138
2024-01-15 11:42:22.218,183.9905,108,183.9726,184.0084
2024-01-15 11:42:22.906,184.0517,234,184.0413,184.062
2024-01-15 11:42:27.277,184.0484,179,184.0385,184.0584
2024-01-15 11:42:27.733,184.0232,138,184.0087,184.0376
2024-01-15 11:42:29.478,183.8293,19,183.8192,183.8393
2024-01-15 11:42:35.137,183.9136,419,183.8952,183.932
2024-01-15 11:42:37.902,183.8451,151,183.8263,183.864
2024-01-15 11:42:37.971,183.9187,53,183.9097,183.9277
2024-01-15 11:42:38.680,183.9128,838,183.9073,183.9183
2024-01-15 11:42:39.170,183.8773,73,183.872,183.8826
2024-01-15 11:42:43.996,183.9245,25,183.9178,183.9312
2024-01-15 11:42:46.752,184.0281,1,184.0185,184.0378
2024-01-15 11:42:50.814,183.9682,90,183.9505,183.986
2024-01-15 11:42:52.559,184.0346,351,184.0217,184.0475
2024-01-15 11:42:53.649,184.0946,134,184.0793,184.11
2024-01-15 11:42:54.363,184.0131,221,184.005,184.0211
2024-01-15 11:42:55.152,183.9983,49,183.9905,184.0061
2024-01-15 11:42:55.639,183.9257,134,183.9105,183.9409
2024-01-15 11:42:57.946,183.9478,160,183.9327,183.9628
2024-01-15 11:42:59.112,183.9856,206,183.9729,183.9983
2024-01-15 11:43:02.807,183.9897,9,183.9714,184.0081
2024-01-15 11:43:08.795,184.0707,41,184.0638,184.0776
2024-01-15 11:43:09.544,184.0428,145,184.0334,184.0521
2024-01-15 11:43:10.214,184.0738,125,184.06,184.0877
2024-01-15 11:43:14.828,184.0688,33,184.0554,184.0822
2024-01-15 11:43:14.880,184.0817,538,184.0726,184.0908
2024-01-15 11:43:16.363,184.0687,151,184.057,184.0804
2024-01-15 11:43:17.370,184.0976,230,184.0897,184.1054
2024-01-15 11:43:17.419,184.143,337,184.1324,184.1535
2024-01-15 11:43:19.376,184.206,157,184.1901,184.2219
2024-01-15 11:43:21.771,184.303,161,184.2888,184.3172
2024-01-15 11:43:23.705,184.3037,343,184.2895,184.3179
2024-01-15 11:43:26.774,184.4714,24,184.462,184.4808
2024-01-15 11:43:32.102,184.4547,344,184.4462,184.4633
2024-01-15 11:43:32.268,184.4774,150,184.465,184.4898
2024-01-15 11:43:32.892,184.5219,29,184.5075,184.5363
2024-01-15 11:43:33.486,184.5108,184,184.4952,184.5264
2024-01-15 11:43:33.496,184.627,411,184.6162,184.6378
2024-01-15 11:43:34.763,184.5801,191,184.5728,184.5873
2024-01-15 11:43:36.802,184.5664,304,184.5483,184.5845
2024-01-15 11:43:37.045,184.6152,90,184.6036,184.6268
2024-01-15 11:43:37.173,184.7406,342,184.7333,184.7479
2024-01-15 11:43:37.537,184.8306,27,184.814,184.8471
2024-01-15 11:43:39.688,184.8696,4,184.8574,184.8818
2024-01-15 11:43:39.720,184.9873,92,184.9744,185.0002
2024-01-15 11:43:40.229,184.997,314,184.9856,185.0084
2024-01-15 11:43:41.950,184.9745,90,184.9652,184.9838
2024-01-15 11:43:43.349,185.0889,245,185.0692,185.1085
2024-01-15 11:43:44.749,185.0597,169,185.0439,185.0755
2024-01-15 11:43:45.474,185.0739,240,185.0658,185.082
2024-01-15 11:43:45.501,184.9804,65,184.9699,184.9908
2024-01-15 11:43:46.044,184.9657,189,184.9533,184.9781
2024-01-15 11:43:46.625,184.9904,122,184.9851,184.9957
2024-01-15 11:43:47.792,185.0122,209,184.9991,185.0253
2024-01-15 11:43:47.794,184.9771,133,184.966,184.9882
2024-01-15 11:43:54.075,185.0041,225,184.9955,185.0126
2024-01-15 11:43:56.218,185.0603,289,185.0408,185.0797
2024-01-15 11:43:58.482,184.9825,35,184.9729,184.992
2024-01-15 11:43:59.109,184.8927,610,184.8812,184.9041
2024-01-15 11:44:00.728,184.879,15,184.8714,184.8867
2024-01-15 11:44:01.842,184.8696,132,184.8528,184.8865
2024-01-15 11:44:04.306,184.7763,265,184.7709,184.7818
2024-01-15 11:44:05.564,184.7384,29,184.7203,184.7564
2024-01-15 11:44:09.496,184.6904,475,184.6747,184.7062
2024-01-15 11:44:10.412,184.6535,259,184.6435,184.6636
2024-01-15 11:44:12.660,184.52,325,184.5092,184.5308
2024-01-15 11:44:14.106,184.4798,56,184.4662,184.4933
2024-01-15 11:44:17.650,184.3972,170,184.3902,184.4042
2024-01-15 11:44:18.067,184.3144,49,184.2966,184.3323
2024-01-15 11:44:19.598,184.297,61,184.284,184.3099
2024-01-15 11:44:20.183,184.4221,85,184.4157,184.4284
2024-01-15 11:44:22.030,184.4561,75,184.4388,184.4734
2024-01-15 11:44:23.319,184.5868,134,184.5789,184.5946
2024-01-15 11:44:24.536,184.4949,554,184.4772,184.5126
2024-01-15 11:44:26.925,184.3194,146,184.3094,184.3293
2024-01-15 11:44:27.343,184.3623,292,184.353,184.3715
2024-01-15 11:44:27.634,184.34,73,184.3275,184.3525
2024-01-15 11:44:28.574,184.273,37,184.2671,184.279
2024-01-15 11:44:32.063,184.2327,34,184.2248,184.2407
2024-01-15 11:44:36.069,184.1919,75,184.1862,184.1976
2024-01-15 11:44:36.261,184.1362,257,184.1239,184.1485
2024-01-15 11:44:39.358,184.2368,1284,184.2252,184.2484
2024-01-15 11:44:39.530,184.162,20,184.1501,184.1739
2024-01-15 11:44:39.787,183.9674,239,183.9527,183.982
2024-01-15 11:44:40.946,183.9902,47,183.9792,184.0012
2024-01-15 11:44:40.966,184.0396,46,184.0316,184.0475
2024-01-15 11:44:43.005,184.1263,42,184.1185,184.1342
2024-01-15 11:44:48.296,184.192,338,184.1768,184.2072
2024-01-15 11:44:51.285,184.1445,8,184.1263,184.1628
2024-01-15 11:44:52.421,184.0544,487,184.037,184.0717
2024-01-15 11:44:56.591,184.0863,276,184.0671,184.1055
2024-01-15 11:44:57.976,184.0549,550,184.0414,184.0684
2024-01-15 11:44:59.538,184.0718,166,184.0551,184.0886
2024-01-15 11:44:59.855,184.0462,167,184.0321,184.0602
2024-01-15 11:45:01.998,184.0491,216,184.0407,184.0575
2024-01-15 11:45:02.146,184.1453,456,184.1288,184.1618
2024-01-15 11:45:02.407,184.1424,201,184.1277,184.1572
2024-01-15 11:45:02.510,184.0285,219,184.0202,184.0368
2024-01-15 11:45:06.423,184.0176,57,184.0024,184.0329
2024-01-15 11:45:07.110,183.9367,1588,183.9194,183.954
2024-01-15 11:45:10.090,183.9231,296,183.9161,183.93
2024-01-15 11:45:13.970,183.9348,138,183.9154,183.9542
2024-01-15 11:45:14.065,183.9508,70,183.9442,183.9574
2024-01-15 11:45:14.273,183.8856,92,183.8756,183.8955
2024-01-15 11:45:16.792,183.8835,36,183.8771,183.8899
2024-01-15 11:45:16.858,183.866,356,183.8597,183.8724
2024-01-15 11:45:17.165,183.8183,235,183.8058,183.8307
2024-01-15 11:45:17.248,183.745,51,183.7337,183.7562
2024-01-15 11:45:17.384,183.6555,159,183.6485,183.6625
2024-01-15 11:45:17.985,183.5564,67,183.5501,183.5627
2024-01-15 11:45:20.021,183.4469,126,183.4314,183.4624
2024-01-15 11:45:20.572,183.5038,102,183.4968,183.5108
2024-01-15 11:45:21.021,183.5013,32,183.4944,183.5082
2024-01-15 11:45:21.413,183.6214,217,183.6014,183.6413
2024-01-15 11:45:23.433,183.63,375,183.6171,183.6429
2024-01-15 11:45:24.910,183.6751,187,183.6665,183.6837
2024-01-15 11:45:26.023,183.6836,191,183.6756,183.6916
2024-01-15 11:45:33.623,183.6184,149,183.6009,183.6358
2024-01-15 11:45:34.295,183.5215,259,183.5089,183.5341
2024-01-15 11:45:35.325,183.4527,125,183.4376,183.4678
2024-01-15 11:45:35.607,183.3876,386,183.3808,183.3944
2024-01-15 11:45:39.642,183.3813,168,183.3733,183.3894
2024-01-15 11:45:40.022,183.3508,313,183.331,183.3706
2024-01-15 11:45:40.725,183.411,113,183.396,183.426
2024-01-15 11:45:42.117,183.4798,222,183.4638,183.4958
2024-01-15 11:45:42.440,183.5216,82,183.5096,183.5337
2024-01-15 11:45:46.740,183.5273,512,183.508,183.5466
2024-01-15 11:45:51.403,183.5237,577,183.5099,183.5376
2024-01-15 11:45:52.776,183.4946,525,183.4834,183.5057
2024-01-15 11:45:56.627,183.5598,21,183.5447,183.5749
2024-01-15 11:45:57.522,183.5948,32,183.5787,183.6108
2024-01-15 11:45:57.918,183.6398,1,183.633,183.6466
2024-01-15 11:45:59.670,183.5355,186,183.5217,183.5493
2024-01-15 11:45:59.828,183.538,204,183.5239,183.552
2024-01-15 11:46:02.794,183.5588,110,183.5451,183.5725
2024-01-15 11:46:03.798,183.4591,139,183.4536,183.4645
2024-01-15 11:46:08.613,183.5617,98,183.5444,183.579
2024-01-15 11:46:10.661,183.5543,704,183.5376,183.571
2024-01-15 11:46:12.960,183.5953,83,183.5878,183.6027
2024-01-15 11:46:14.328,183.6517,156,183.6352,183.6682
2024-01-15 11:46:15.066,183.5479,112,183.5417,183.5541
2024-01-15 11:46:20.021,183.5436,673,183.5262,183.561
2024-01-15 11:46:20.857,183.5154,808,183.4955,183.5353
2024-01-15 11:46:21.471,183.4999,117,183.4841,183.5158
2024-01-15 11:46:22.182,183.5331,11,183.5202,183.546
2024-01-15 11:46:24.805,183.5398,247,183.5251,183.5545
2024-01-15 11:46:26.245,183.4865,93,183.4762,183.4967
2024-01-15 11:46:26.612,183.4263,71,183.4098,183.4427
2024-01-15 11:46:29.266,183.3655,222,183.3566,183.3743
2024-01-15 11:46:33.350,183.4366,153,183.4259,183.4473
2024-01-15 11:46:33.379,183.4208,9,183.401,183.4405
2024-01-15 11:46:34.969,183.4705,29,183.4529,183.4882
2024-01-15 11:46:38.129,183.521,699,183.5107,183.5313
2024-01-15 11:46:40.555,183.5449,206,183.5263,183.5634
2024-01-15 11:46:41.497,183.4329,267,183.4192,183.4465
2024-01-15 11:46:42.941,183.476,232,183.468,183.4841
2024-01-15 11:46:44.127,183.4387,58,183.4287,183.4487
2024-01-15 11:46:44.710,183.4577,25,183.4415,183.4739
2024-01-15 11:46:45.248,183.4137,27,183.4066,183.4208
2024-01-15 11:46:48.298,183.3971,999,183.3785,183.4158
2024-01-15 11:46:48.635,183.4356,231,183.4225,183.4488
2024-01-15 11:46:49.419,183.3767,51,183.3621,183.3913
2024-01-15 11:46:49.607,183.276,148,183.263,183.289
2024-01-15 11:46:50.211,183.3468,125,183.3293,183.3643
2024-01-15 11:46:51.618,183.3295,249,183.3172,183.3418
2024-01-15 11:46:52.049,183.331,486,183.3135,183.3485
2024-01-15 11:46:53.439,183.4867,393,183.4673,183.506
2024-01-15 11:46:55.898,183.5889,333,183.573,183.6049
2024-01-15 11:46:57.142,183.6581,181,183.6407,183.6755
2024-01-15 11:47:00.745,183.694,188,183.6743,183.7138
2024-01-15 11:47:04.016,183.5976,35,183.5779,183.6174
2024-01-15 11:47:05.254,183.5771,740,183.5676,183.5866
2024-01-15 11:47:05.769,183.5681,190,183.5613,183.575
2024-01-15 11:47:16.502,183.5749,116,183.5634,183.5863
2024-01-15 11:47:18.219,183.548,343,183.5281,183.5678
2024-01-15 11:47:18.662,183.6062,40,183.5898,183.6225
2024-01-15 11:47:20.290,183.5512,209,183.5319,183.5705
2024-01-15 11:47:20.394,183.5994,228,183.5846,183.6141
2024-01-15 11:47:22.069,183.4657,94,183.4484,183.483
2024-01-15 11:47:28.069,183.5134,295,183.5034,183.5235
2024-01-15 11:47:34.794,183.4766,136,183.4612,183.4919
2024-01-15 11:47:40.537,183.4528,217,183.4453,183.4602
2024-01-15 11:47:41.261,183.4393,30,183.431,183.4477
2024-01-15 11:47:43.803,183.4449,490,183.4367,183.4531
2024-01-15 11:47:44.017,189.0414,137,183.5195,183.5512
2024-01-15 11:47:48.311,183.5797,93,183.5624,183.597
2024-01-15 11:47:48.857,183.5248,253,183.5132,183.5364
2024-01-15 11:47:49.081,183.4867,15,183.4721,183.5013
2024-01-15 11:47:49.320,183.4931,61,183.484,183.5022
2024-01-15 11:47:52.701,183.5087,471,183.4944,183.5231
2024-01-15 11:47:54.524,183.5354,248,183.5245,183.5464
2024-01-15 11:47:56.393,183.515,609,183.4955,183.5344
2024-01-15 11:47:58.464,183.4389,97,183.422,183.4559
2024-01-15 11:47:59.550,183.538,466,183.5326,183.5434
2024-01-15 11:48:02.730,183.5716,123,183.5638,183.5795
2024-01-15 11:48:03.045,183.5355,260,183.5179,183.5532
2024-01-15 11:48:05.384,183.5838,273,183.5681,183.5996
2024-01-15 11:48:05.844,183.6103,308,183.5954,183.6252
2024-01-15 11:48:06.768,183.5774,113,183.5613,183.5935
2024-01-15 11:48:10.733,183.6393,182,183.6302,183.6484
2024-01-15 11:48:10.992,183.7127,438,183.7013,183.724
2024-01-15 11:48:11.501,183.6695,585,183.6527,183.6863
2024-01-15 11:48:12.098,183.599,374,183.592,183.6059
2024-01-15 11:48:13.239,183.5681,664,183.5616,183.5747
2024-01-15 11:48:16.201,183.5051,120,183.4979,183.5124
2024-01-15 11:48:19.678,183.5343,226,183.5145,183.5542
2024-01-15 11:48:23.778,183.4995,447,183.4936,183.5054
2024-01-15 11:48:26.755,183.507,112,183.502,183.512
2024-01-15 11:48:29.330,183.4806,258,183.4708,183.4904
2024-01-15 11:48:34.274,183.4334,2,183.4217,183.4451
2024-01-15 11:48:34.376,183.399,205,183.3815,183.4165
2024-01-15 11:48:34.582,183.4015,103,183.3957,183.4073
2024-01-15 11:48:35.572,183.4469,1,183.4314,183.4625
2024-01-15 11:48:42.497,183.4947,264,183.4869,183.5025
2024-01-15 11:48:45.013,183.462,34,183.4471,183.477
2024-01-15 11:48:46.433,183.3664,128,183.3523,183.3805
2024-01-15 11:48:48.299,183.3039,464,183.2924,183.3153
2024-01-15 11:48:51.723,183.3251,5,183.3172,183.333
2024-01-15 11:48:52.848,183.3782,289,183.3717,183.3847
2024-01-15 11:48:53.174,183.2531,237,183.2435,183.2627
2024-01-15 11:48:53.436,183.3822,153,183.3758,183.3886
2024-01-15 11:48:55.076,183.3209,129,183.3092,183.3327
2024-01-15 11:48:55.159,183.2413,553,183.2335,183.2492
2024-01-15 11:48:58.044,183.2507,26,183.2308,183.2705
2024-01-15 11:49:02.264,183.2203,161,183.2124,183.2281
2024-01-15 11:49:04.085,183.2888,42,183.2785,183.2992
2024-01-15 11:49:04.385,183.1698,129,183.1596,183.18
2024-01-15 11:49:06.905,183.1567,18,183.149,183.1644
2024-01-15 11:49:10.492,183.1866,3,183.1763,183.197
2024-01-15 11:49:11.579,183.1191,23,183.1023,183.1359
2024-01-15 11:49:13.843,183.1539,267,183.1385,183.1694
2024-01-15 11:49:15.196,183.1457,144,183.1292,183.1621
2024-01-15 11:49:15.855,183.1563,1,183.137,183.1755
2024-01-15 11:49:17.270,183.1025,331,183.0858,183.1192
2024-01-15 11:49:17.965,183.1075,139,183.0925,183.1224
2024-01-15 11:49:19.595,183.0696,47,183.0605,183.0788
2024-01-15 11:49:20.947,182.9925,200,182.9829,183.002
2024-01-15 11:49:21.572,182.9931,280,182.9822,183.004
2024-01-15 11:49:26.166,183.0511,73,183.0395,183.0626
2024-01-15 11:49:28.273,183.0871,55,183.0715,183.1026
2024-01-15 11:49:28.291,183.0918,40,183.0804,183.1032
2024-01-15 11:49:29.046,183.1879,72,183.1757,183.2
2024-01-15 11:49:34.842,183.232,18,183.2121,183.2518
2024-01-15 11:49:34.846,183.1304,432,183.1146,183.1462
2024-01-15 11:49:35.523,183.1037,254,183.09,183.1173
2024-01-15 11:49:35.987,183.0517,186,183.0406,183.0629
2024-01-15 11:49:39.552,182.9729,201,182.9672,182.9786
2024-01-15 11:49:42.899,182.9515,146,182.9415,182.9615
2024-01-15 11:49:45.474,183.0153,550,183.007,183.0236
2024-01-15 11:49:45.907,183.043,397,183.0265,183.0595
2024-01-15 11:49:48.097,183.0606,54,183.0506,183.0706
2024-01-15 11:49:49.788,183.1653,538,183.1469,183.1837
2024-01-15 11:49:51.839,183.166,35,183.152,183.18
2024-01-15 11:49:51.998,183.1315,67,183.1177,183.1454
2024-01-15 11:49:53.839,183.1787,98,183.161,183.1964
2024-01-15 11:49:54.194,183.2318,155,183.2241,183.2395
2024-01-15 11:49:56.029,183.2655,577,183.2596,183.2713
2024-01-15 11:49:57.612,183.2473,186,183.2366,183.258
2024-01-15 11:49:58.017,183.1406,655,183.1344,183.1467
2024-01-15 11:49:59.361,183.0926,63,183.0798,183.1055
2024-01-15 11:50:00.425,183.0558,77,183.0374,183.0743
2024-01-15 11:50:02.277,182.9908,277,182.9758,183.0058
2024-01-15 11:50:03.024,182.871,370,182.8561,182.8859
2024-01-15 11:50:03.110,183.0143,130,182.9996,183.029
2024-01-15 11:50:10.326,182.9401,71,182.9233,182.9569
2024-01-15 11:50:10.391,182.9608,28,182.9545,182.967
2024-01-15 11:50:10.958,182.9597,223,182.9426,182.9767
2024-01-15 11:50:11.757,182.8902,559,182.8727,182.9078
2024-01-15 11:50:12.587,182.845,288,182.8379,182.852
2024-01-15 11:50:12.704,182.8879,200,182.8789,182.897
2024-01-15 11:50:16.316,182.8697,67,182.852,182.8873
2024-01-15 11:50:18.965,182.8476,84,182.8368,182.8585
2024-01-15 11:50:20.001,182.8571,856,182.8476,182.8667
2024-01-15 11:50:21.515,182.9014,2,182.8875,182.9154
2024-01-15 11:50:22.954,182.9914,183,182.9754,183.0074
2024-01-15 11:50:30.075,182.9583,487,182.9506,182.9661
2024-01-15 11:50:30.644,182.9206,20,182.9013,182.9398
2024-01-15 11:50:31.889,182.928,345,182.9203,182.9358
2024-01-15 11:50:31.939,182.85,52,182.8436,182.8564
2024-01-15 11:50:33.320,182.8737,47,182.8547,182.8926
2024-01-15 11:50:33.767,182.8666,389,182.8503,182.883
2024-01-15 11:50:35.083,182.8204,72,182.8103,182.8305
2024-01-15 11:50:35.186,182.7967,247,182.7852,182.8083
2024-01-15 11:50:37.339,182.796,59,182.7806,182.8113
2024-01-15 11:50:39.313,182.832,1,182.8239,182.8401
2024-01-15 11:50:43.139,182.844,153,182.831,182.8571
2024-01-15 11:50:43.452,182.8836,360,182.8739,182.8933
2024-01-15 11:50:45.160,182.8924,22,182.875,182.9098
2024-01-15 11:50:46.230,182.9514,13,182.943,182.9598
2024-01-15 11:50:47.626,182.9617,278,182.9488,182.9747
2024-01-15 11:50:49.245,182.9256,207,182.9161,182.9351
2024-01-15 11:50:49.566,182.857,51,182.8478,182.8662
2024-01-15 11:50:49.749,182.7799,27,182.7704,182.7894
2024-01-15 11:50:50.122,182.7765,94,182.7597,182.7932
2024-01-15 11:50:50.714,182.7751,1120,182.7662,182.784
2024-01-15 11:50:52.322,182.7678,13,182.7555,182.7801
2024-01-15 11:50:53.702,182.7847,173,182.7723,182.7971
2024-01-15 11:50:54.535,182.8933,120,182.8773,182.9093
2024-01-15 11:50:54.954,183.0453,86,183.0399,183.0506
2024-01-15 11:50:58.265,183.092,297,183.079,183.1049
2024-01-15 11:50:59.985,183.1048,724,183.0991,183.1105
2024-01-15 11:51:01.070,183.0658,38,183.0543,183.0773
2024-01-15 11:51:03.214,182.9259,137,182.9206,182.9312
2024-01-15 11:51:04.792,182.8294,11,182.8207,182.8382
2024-01-15 11:51:04.854,182.8599,852,182.8522,182.8676
2024-01-15 11:51:05.972,182.8664,351,182.8596,182.8731
2024-01-15 11:51:08.891,182.7474,1247,182.7334,182.7613
2024-01-15 11:51:12.004,182.646,719,182.6294,182.6626
2024-01-15 11:51:12.339,182.5984,185,182.5903,182.6065
2024-01-15 11:51:12.868,182.6326,148,182.6217,182.6435
2024-01-15 11:51:16.020,182.5514,126,182.5325,182.5704
2024-01-15 11:51:17.035,182.5365,485,182.5239,182.5491
2024-01-15 11:51:19.809,182.5973,286,182.5893,182.6054
2024-01-15 11:51:20.992,182.5728,292,182.5583,182.5873
2024-01-15 11:51:21.747,182.5323,120,182.5138,182.5509
2024-01-15 11:51:22.057,182.4754,244,182.4641,182.4867
2024-01-15 11:51:22.595,182.5328,44,182.5226,182.543
2024-01-15 11:51:24.078,182.5253,308,182.5105,182.54
2024-01-15 11:51:26.713,182.5677,581,182.55,182.5854
2024-01-15 11:51:27.801,182.5243,94,182.5129,182.5356
2024-01-15 11:51:29.889,182.55,143,182.5337,182.5663
2024-01-15 11:51:32.593,182.58,169,182.5611,182.5988
2024-01-15 11:51:33.450,182.5563,99,182.5401,182.5725
2024-01-15 11:51:34.384,182.5169,169,182.5057,182.5281
2024-01-15 11:51:38.306,182.4869,244,182.4749,182.4989
2024-01-15 11:51:40.797,182.4486,173,182.4376,182.4597
2024-01-15 11:51:44.542,182.5308,3,182.5239,182.5377
2024-01-15 11:51:45.312,182.5048,34,182.4917,182.5179
2024-01-15 11:51:46.097,182.6158,231,182.6035,182.6281
2024-01-15 11:51:48.113,182.641,1,182.6282,182.6537
2024-01-15 11:51:48.672,182.5699,198,182.5504,182.5895
2024-01-15 11:51:49.371,182.6003,292,182.5927,182.6079
2024-01-15 11:51:49.550,182.6138,375,182.5996,182.628
2024-01-15 11:51:49.683,182.5863,446,182.5747,182.5979
2024-01-15 11:51:49.812,182.5809,51,182.5619,182.6
2024-01-15 11:51:50.465,182.6197,242,182.6073,182.6322
2024-01-15 11:51:54.735,182.7021,39,182.6906,182.7136
2024-01-15 11:51:56.932,182.6947,149,182.6748,182.7146
2024-01-15 11:51:57.835,182.615,121,182.5958,182.6342
2024-01-15 11:52:00.954,182.5587,665,182.5489,182.5686
2024-01-15 11:52:01.460,182.5603,39,182.5459,182.5748
2024-01-15 11:52:01.664,182.5103,400,182.493,182.5276
2024-01-15 11:52:02.508,182.5283,374,182.5233,182.5333
2024-01-15 11:52:02.633,182.5504,178,182.5416,182.5592
2024-01-15 11:52:03.706,182.4761,666,182.4669,182.4853
2024-01-15 11:52:05.054,182.5353,15,182.5259,182.5447
2024-01-15 11:52:05.206,182.4915,331,182.4802,182.5028
2024-01-15 11:52:06.216,182.4375,12,182.4206,182.4544
2024-01-15 11:52:08.633,182.4073,98,182.3957,182.4188
2024-01-15 11:52:09.816,182.3901,1146,182.3711,182.4091
2024-01-15 11:52:12.723,182.373,31,182.3553,182.3908
2024-01-15 11:52:14.024,182.3652,117,182.3484,182.382
2024-01-15 11:52:14.806,182.2786,386,182.2659,182.2913
2024-01-15 11:52:16.054,182.1884,173,182.1717,182.2051
2024-01-15 11:52:16.237,182.2272,10,182.2114,182.2431
2024-01-15 11:52:19.476,182.0951,51,182.0847,182.1055
2024-01-15 11:52:20.229,182.0877,285,182.0746,182.1009
2024-01-15 11:52:21.877,182.1414,68,182.1262,182.1567
2024-01-15 11:52:27.223,182.0421,255,182.0348,182.0495
2024-01-15 11:52:29.532,181.9937,180,181.9808,182.0067
2024-01-15 11:52:30.546,181.9947,138,181.9786,182.0108
2024-01-15 11:52:31.084,181.9785,175,181.9604,181.9965
2024-01-15 11:52:31.970,182.0198,68,182.0105,182.0292
2024-01-15 11:52:38.383,182.0372,87,182.0189,182.0554
2024-01-15 11:52:40.518,181.9721,142,181.9651,181.9791
2024-01-15 11:52:41.794,181.9706,289,181.9521,181.9892
2024-01-15 11:52:43.755,182.0599,2,182.0423,182.0774
2024-01-15 11:52:43.859,182.1229,79,182.1044,182.1414
2024-01-15 11:52:51.123,182.1666,691,182.1582,182.1751
2024-01-15 11:52:52.910,182.2384,7,182.2246,182.2521
2024-01-15 11:52:54.807,182.1996,103,182.1905,182.2087
2024-01-15 11:52:55.001,182.15,557,182.131,182.1691
2024-01-15 11:52:55.297,182.2078,76,182.1996,182.2159
2024-01-15 11:52:59.922,182.2624,104,182.2493,182.2755
2024-01-15 11:53:00.715,182.2523,292,182.2426,182.2619
2024-01-15 11:53:01.653,182.2756,333,182.2688,182.2824
2024-01-15 11:53:02.125,182.3419,206,182.3275,182.3563
2024-01-15 11:53:06.956,182.23,433,182.2231,182.2369
2024-01-15 11:53:08.875,182.2415,179,182.2353,182.2477
2024-01-15 11:53:10.557,182.294,39,182.2853,182.3028
2024-01-15 11:53:10.568,182.1109,42,182.0986,182.1232
2024-01-15 11:53:12.117,182.1045,58,182.0851,182.1238
2024-01-15 11:53:12.314,182.0861,205,182.0662,182.106
2024-01-15 11:53:12.687,182.135,303,182.1162,182.1538
2024-01-15 11:53:13.400,182.0496,619,182.0306,182.0685
2024-01-15 11:53:13.627,182.1308,229,182.1118,182.1498
2024-01-15 11:53:16.755,182.0823,161,182.0712,182.0934
2024-01-15 11:53:20.088,182.0871,135,182.0699,182.1044
2024-01-15 11:53:23.146,182.1911,5,182.1743,182.208
2024-01-15 11:53:23.997,182.169,128,182.1553,182.1826
2024-01-15 11:53:26.542,182.0602,260,182.0529,182.0674
2024-01-15 11:53:28.028,182.0558,178,182.0459,182.0657
2024-01-15 11:53:31.827,182.1311,159,182.1125,182.1498
2024-01-15 11:53:34.659,182.154,369,182.1466,182.1614
2024-01-15 11:53:39.568,182.157,45,182.1398,182.1742
2024-01-15 11:53:40.373,182.15,62,182.1352,182.1649
2024-01-15 11:53:41.458,182.1403,411,182.1223,182.1583
2024-01-15 11:53:42.874,182.0897,657,182.0737,182.1058
2024-01-15 11:53:43.452,182.0218,427,182.011,182.0326
2024-01-15 11:53:45.675,182.0097,277,181.9983,182.0211
2024-01-15 11:53:45.963,182.0061,275,181.9961,182.016
2024-01-15 11:53:49.615,181.8951,198,181.8889,181.9013
2024-01-15 11:53:50.469,181.8933,7,181.8814,181.9053
2024-01-15 11:53:51.673,181.995,310,181.9829,182.0071
2024-01-15 11:53:52.483,182.0688,7,182.0634,182.0743
2024-01-15 11:53:53.221,182.0839,9,182.0659,182.102
2024-01-15 11:53:54.024,182.0862,632,182.0755,182.0969
2024-01-15 11:53:58.608,182.1783,379,182.1722,182.1844
2024-01-15 11:53:58.812,182.2487,115,182.2382,182.2592
2024-01-15 11:54:00.360,182.1818,164,182.1699,182.1937
2024-01-15 11:54:01.820,182.1458,694,182.1349,182.1568
2024-01-15 11:54:02.147,182.2439,159,182.2251,182.2628
2024-01-15 11:54:02.398,182.2798,79,182.2704,182.2891
2024-01-15 11:54:03.336,182.2755,247,182.2597,182.2913
2024-01-15 11:54:04.818,182.306,30,182.2938,182.3182
2024-01-15 11:54:04.905,182.177,51,182.1686,182.1854
2024-01-15 11:54:06.089,182.047,244,182.0307,182.0634
2024-01-15 11:54:08.209,182.011,657,181.9944,182.0275
2024-01-15 11:54:08.713,181.962,140,181.9552,181.9689
2024-01-15 11:54:10.249,181.9193,80,181.9032,181.9354
2024-01-15 11:54:12.314,181.9191,210,181.905,181.9333
2024-01-15 11:54:13.480,182.1018,404,182.0837,182.1199
2024-01-15 11:54:14.110,182.1817,248,182.1647,182.1987
2024-01-15 11:54:14.478,182.1173,426,182.1019,182.1327
2024-01-15 11:54:14.579,182.1585,51,182.1414,182.1757
2024-01-15 11:54:14.679,182.2099,777,182.1927,182.2272
2024-01-15 11:54:14.715,182.1911,491,182.1748,182.2074
2024-01-15 11:54:15.139,182.1949,258,182.1879,182.2019
2024-01-15 11:54:16.916,182.1607,164,182.147,182.1745
2024-01-15 11:54:17.230,182.1627,204,182.1512,182.1743
2024-01-15 11:54:17.428,182.1432,454,182.1335,182.1529
2024-01-15 11:54:18.260,182.122,24,182.1139,182.1301
2024-01-15 11:54:22.046,182.1529,333,182.1336,182.1721
2024-01-15 11:54:22.877,182.2246,33,182.2101,182.2391
2024-01-15 11:54:23.413,182.1373,21,182.1199,182.1547
2024-01-15 11:54:23.642,182.1978,152,182.1907,182.2049
2024-01-15 11:54:24.569,182.2545,78,182.24,182.269
2024-01-15 11:54:24.609,182.3109,201,182.2964,182.3254
2024-01-15 11:54:26.723,182.2482,297,182.241,182.2554
2024-01-15 11:54:29.004,182.284,964,182.272,182.296
2024-01-15 11:54:30.033,182.2954,63,182.2885,182.3023
2024-01-15 11:54:31.507,182.2861,58,182.268,182.3042
2024-01-15 11:54:31.859,182.3262,80,182.31,182.3424
2024-01-15 11:54:34.458,182.3212,348,182.3136,182.3289
2024-01-15 11:54:34.502,182.3033,334,182.2976,182.3089
2024-01-15 11:54:34.620,182.3051,10,182.2929,182.3173
2024-01-15 11:54:36.657,182.3688,118,182.3555,182.382
2024-01-15 11:54:37.778,182.2987,17,182.2894,182.3081
2024-01-15 11:54:39.248,182.3729,275,182.3563,182.3895
2024-01-15 11:54:39.687,182.2673,347,182.2516,182.283
2024-01-15 11:54:42.872,182.2147,33,182.2037,182.2258
2024-01-15 11:54:45.263,182.3228,65,182.3139,182.3316
2024-01-15 11:54:48.767,182.2746,102,182.2578,182.2914
2024-01-15 11:54:49.897,182.2762,194,182.269,182.2834
2024-01-15 11:54:50.365,182.0903,54,182.0728,182.1078
2024-01-15 11:54:50.991,182.0309,84,182.0184,182.0434
2024-01-15 11:54:52.375,182.1053,185,182.0947,182.1159
2024-01-15 11:54:55.591,182.0805,5,182.0616,182.0994
2024-01-15 11:54:57.255,182.1681,52,182.1497,182.1866
2024-01-15 11:54:58.904,182.1376,369,182.1176,182.1575
2024-01-15 11:54:58.983,182.2237,52,182.2151,182.2323
2024-01-15 11:54:59.892,182.4435,998,182.4247,182.4623
2024-01-15 11:55:00.123,182.5373,190,182.5182,182.5564
2024-01-15 11:55:00.303,182.6009,151,182.5844,182.6174
2024-01-15 11:55:02.878,182.6278,232,182.6169,182.6387
2024-01-15 11:55:03.131,182.6065,350,182.5922,182.6208
2024-01-15 11:55:03.137,182.6598,395,182.652,182.6675
2024-01-15 11:55:04.678,182.6098,242,182.5904,182.6292
2024-01-15 11:55:05.912,182.6511,334,182.6368,182.6654
2024-01-15 11:55:05.966,182.52,213,182.5117,182.5283
2024-01-15 11:55:08.320,182.5174,15,182.4995,182.5353
2024-01-15 11:55:15.440,182.4379,538,182.4305,182.4453
2024-01-15 11:55:16.702,182.4724,478,182.4645,182.4803
2024-01-15 11:55:20.439,182.4672,229,182.452,182.4823
2024-01-15 11:55:22.592,182.4852,559,182.4681,182.5023
2024-01-15 11:55:24.715,182.4539,33,182.4353,182.4725
2024-01-15 11:55:27.262,182.2921,720,182.2742,182.31
2024-01-15 11:55:27.292,182.233,96,182.2167,182.2493
2024-01-15 11:55:28.059,182.2012,200,182.1936,182.2089
2024-01-15 11:55:28.226,182.2117,72,182.196,182.2275
2024-01-15 11:55:31.986,182.3168,171,182.2979,182.3357
2024-01-15 11:55:32.747,182.2546,84,182.2439,182.2652
2024-01-15 11:55:39.203,182.359,120,182.34,182.378
2024-01-15 11:55:40.637,182.2895,303,182.283,182.2959
2024-01-15 11:55:44.914,182.3262,68,182.3095,182.3429
2024-01-15 11:55:47.672,182.3327,504,182.3157,182.3497
2024-01-15 11:55:51.024,182.2627,546,182.2465,182.2789
2024-01-15 11:55:51.790,182.2287,148,182.2106,182.2469
2024-01-15 11:55:53.792,182.2968,18,182.2875,182.306
2024-01-15 11:55:57.386,182.236,706,182.2214,182.2506
2024-01-15 11:55:59.690,182.2863,194,182.2718,182.3007
2024-01-15 11:55:59.726,182.2198,325,182.2017,182.238
2024-01-15 11:56:01.321,182.173,125,182.1573,182.1887
2024-01-15 11:56:05.375,182.1459,118,182.1283,182.1636
2024-01-15 11:56:05.717,182.1998,45,182.1836,182.2159
2024-01-15 11:56:06.224,182.1813,15,182.1627,182.1999
2024-01-15 11:56:06.767,182.1851,236,182.1719,182.1983
2024-01-15 11:56:08.189,182.1405,71,182.1245,182.1564
2024-01-15 11:56:09.690,182.0947,23,182.0765,182.1128
2024-01-15 11:56:10.093,182.0157,265,181.9981,182.0334
2024-01-15 11:56:11.661,181.9109,730,181.9033,181.9185
2024-01-15 11:56:14.501,181.9068,140,181.8946,181.919
2024-01-15 11:56:17.373,181.9485,16,181.9434,181.9536
2024-01-15 11:56:18.031,181.9759,107,181.9641,181.9878
2024-01-15 11:56:18.202,181.9816,395,181.9633,181.9999
2024-01-15 11:56:18.297,181.9695,265,181.9633,181.9757
2024-01-15 11:56:21.621,181.9869,64,181.9719,182.002
2024-01-15 11:56:24.966,182.0216,643,182.0038,182.0395
2024-01-15 11:56:25.159,182.095,445,182.0809,182.1091
2024-01-15 11:56:30.170,182.025,190,182.0184,182.0315
2024-01-15 11:56:31.840,181.9412,71,181.931,181.9513
2024-01-15 11:56:32.494,181.9417,26,181.9292,181.9542
2024-01-15 11:56:34.383,181.9246,110,181.913,181.9361
2024-01-15 11:56:37.118,181.8587,192,181.8466,181.8709
2024-01-15 11:56:38.034,181.891,48,181.8785,181.9036
2024-01-15 11:56:38.346,181.8949,127,181.8893,181.9005
2024-01-15 11:56:40.330,181.8761,43,181.8592,181.8931
2024-01-15 11:56:46.731,181.859,36,181.8436,181.8744
2024-01-15 11:56:46.836,181.9564,195,181.9378,181.975
2024-01-15 11:56:47.232,181.9693,102,181.9641,181.9745
2024-01-15 11:56:47.427,181.901,28,181.8951,181.9069
2024-01-15 11:56:49.934,181.9496,97,181.9417,181.9575
2024-01-15 11:56:49.972,182.0566,36,182.0418,182.0714
2024-01-15 11:56:50.841,181.9976,176,181.9889,182.0063
2024-01-15 11:56:53.483,181.9589,2,181.9444,181.9733
2024-01-15 11:56:54.610,182.0676,672,182.0591,182.0762
2024-01-15 11:56:54.841,182.0843,215,182.0676,182.1009
2024-01-15 11:56:54.998,182.1462,209,182.1301,182.1623
2024-01-15 11:56:55.778,182.1577,701,182.1465,182.1688
2024-01-15 11:56:58.830,182.0806,44,182.0698,182.0915
2024-01-15 11:57:00.492,182.0157,536,182.0003,182.031
2024-01-15 11:57:02.601,182.0405,1029,182.0231,182.0579
2024-01-15 11:57:08.470,181.955,16,181.9494,181.9606
2024-01-15 11:57:09.849,181.9296,44,181.9126,181.9466
2024-01-15 11:57:09.999,181.9578,86,181.9446,181.9709
2024-01-15 11:57:10.187,181.8914,26,181.8743,181.9084
2024-01-15 11:57:12.595,182.0221,199,182.0068,182.0373
2024-01-15 11:57:16.544,181.9669,28,181.9614,181.9724
2024-01-15 11:57:17.394,182.0334,907,182.0193,182.0475
2024-01-15 11:57:20.290,182.0376,48,182.0299,182.0452
2024-01-15 11:57:20.636,181.9778,38,181.9721,181.9835
2024-01-15 11:57:22.939,181.946,156,181.9261,181.9658
2024-01-15 11:57:26.236,181.9205,988,181.9088,181.9322
2024-01-15 11:57:26.360,182.0361,8,182.0267,182.0456
2024-01-15 11:57:27.959,181.9996,504,181.9807,182.0185
2024-01-15 11:57:30.925,182.0638,277,182.0565,182.071
2024-01-15 11:57:33.466,182.035,450,182.0161,182.0539
2024-01-15 11:57:34.167,181.997,495,181.9843,182.0096
2024-01-15 11:57:36.617,181.9345,710,181.9229,181.9462
2024-01-15 11:57:39.659,181.9312,134,181.9142,181.9481
2024-01-15 11:57:42.777,181.9737,77,181.9578,181.9896
2024-01-15 11:57:45.911,182.0962,82,182.0772,182.1152
2024-01-15 11:57:49.982,182.0079,40,181.9956,182.0202
2024-01-15 11:57:50.709,181.9191,276,181.9075,181.9306
2024-01-15 11:57:57.326,182.0054,65,181.9868,182.024
2024-01-15 11:58:00.734,182.0644,227,182.0478,182.0809
2024-01-15 11:58:04.222,182.0851,975,182.0797,182.0905
2024-01-15 11:58:05.983,182.0885,104,182.0828,182.0943
2024-01-15 11:58:06.825,182.1584,278,182.1427,182.174
2024-01-15 11:58:12.997,182.1697,98,182.1541,182.1854
2024-01-15 11:58:13.869,182.1931,82,182.1789,182.2073
2024-01-15 11:58:15.757,182.1936,26,182.1815,182.2057
2024-01-15 11:58:15.883,182.1651,123,182.15,182.1803
2024-01-15 11:58:18.737,182.2408,306,182.2255,182.2561
2024-01-15 11:58:22.248,182.1718,766,182.1528,182.1909
2024-01-15 11:58:23.647,182.1707,37,182.1556,182.1858
2024-01-15 11:58:24.924,182.1396,49,182.1335,182.1458
2024-01-15 11:58:24.992,182.1486,257,182.131,182.1662
2024-01-15 11:58:25.158,182.1708,187,182.152,182.1896
2024-01-15 11:58:30.556,182.1245,317,182.117,182.132
2024-01-15 11:58:32.255,182.253,133,182.2429,182.2632
2024-01-15 11:58:33.183,182.1929,103,182.1761,182.2097
2024-01-15 11:58:33.781,182.2343,578,182.2164,182.2522
2024-01-15 11:58:34.660,182.2863,38,182.2672,182.3053
2024-01-15 11:58:40.136,182.3053,235,182.2887,182.3219
2024-01-15 11:58:40.162,182.3368,270,182.3179,182.3557
2024-01-15 11:58:41.336,182.2137,239,182.2073,182.2202
2024-01-15 11:58:47.028,182.2963,609,182.2836,182.309
2024-01-15 11:58:48.401,182.3174,154,182.2982,182.3365
2024-01-15 11:58:48.579,182.3745,30,182.3678,182.3812
2024-01-15 11:58:50.333,182.3518,254,182.3459,182.3578
2024-01-15 11:58:52.906,182.3432,270,182.3305,182.3559
2024-01-15 11:58:55.127,182.2969,359,182.2871,182.3067
2024-01-15 11:58:57.506,182.3075,798,182.302,182.3129
2024-01-15 11:58:59.887,182.3767,6,182.3682,182.3851
2024-01-15 11:59:05.894,182.4294,45,182.4165,182.4423
2024-01-15 11:59:06.354,182.5372,224,182.5238,182.5507
2024-01-15 11:59:09.858,182.5337,238,182.5152,182.5523
2024-01-15 11:59:13.721,182.5891,170,182.5788,182.5995
2024-01-15 11:59:13.931,182.5233,163,182.51,182.5365
2024-01-15 11:59:15.378,182.5132,277,182.4954,182.5311
2024-01-15 11:59:16.461,182.4745,133,182.4633,182.4856
2024-01-15 11:59:17.456,182.4722,227,182.4533,182.4911
2024-01-15 11:59:18.217,182.4563,469,182.4387,182.4738
2024-01-15 11:59:18.270,182.4699,233,182.4578,182.4821
2024-01-15 11:59:23.109,182.4766,233,182.4593,182.4939
2024-01-15 11:59:24.526,182.379,137,182.3642,182.3937
2024-01-15 11:59:26.663,182.2764,83,182.2663,182.2866
2024-01-15 11:59:26.729,182.2487,39,182.2349,182.2625
2024-01-15 11:59:27.146,182.2528,4,182.2457,182.2599
2024-01-15 11:59:27.397,182.2207,74,182.2112,182.2303
2024-01-15 11:59:27.681,182.3712,184,182.3616,182.3809
2024-01-15 11:59:28.701,182.4197,328,182.412,182.4273
2024-01-15 11:59:30.459,182.3994,17,182.3853,182.4134
2024-01-15 11:59:30.595,182.4697,2,182.45,182.4894
2024-01-15 11:59:30.911,182.5687,53,182.5522,182.5853
2024-01-15 11:59:31.967,182.5521,115,182.5323,182.5718
2024-01-15 11:59:34.912,182.5414,183,182.5259,182.5569
2024-01-15 11:59:35.747,182.5383,938,182.53,182.5466
2024-01-15 11:59:37.140,182.5068,36,182.4997,182.5138
2024-01-15 11:59:37.380,182.4296,53,182.4225,182.4367
2024-01-15 11:59:38.009,182.4812,34,182.4663,182.4961
2024-01-15 11:59:38.241,182.3751,85,182.3665,182.3838
2024-01-15 11:59:38.779,182.2885,185,182.2749,182.302
2024-01-15 11:59:41.907,182.4062,563,182.3948,182.4177
2024-01-15 11:59:42.206,182.3753,233,182.3665,182.3841
2024-01-15 11:59:48.016,182.37,930,182.3588,182.3811
2024-01-15 11:59:48.267,182.268,634,182.2499,182.2861
2024-01-15 11:59:48.564,182.2339,103,182.221,182.2468
2024-01-15 11:59:50.307,182.2466,305,182.2397,182.2536
2024-01-15 11:59:51.861,182.1263,299,182.1174,182.1353
2024-01-15 11:59:52.560,182.2001,22,182.1824,182.2179
2024-01-15 11:59:53.260,182.0948,103,182.081,182.1087
2024-01-15 11:59:53.670,182.089,62,182.074,182.104
2024-01-15 11:59:53.784,182.097,428,182.0812,182.1128
2024-01-15 11:59:58.122,182.0501,129,182.0337,182.0665
2024-01-15 11:59:59.322,181.955,3,181.9391,181.9709
2024-01-15 12:00:00.562,181.9385,294,181.9268,181.9503
2024-01-15 12:00:02.500,181.9873,395,181.9678,182.0068
2024-01-15 12:00:04.657,182.0028,105,181.9865,182.019
2024-01-15 12:00:05.599,182.0371,101,182.0206,182.0536
2024-01-15 12:00:08.641,182.0645,310,182.0547,182.0743
2024-01-15 12:00:08.781,182.1527,133,182.1474,182.1579
2024-01-15 12:00:10.172,182.0703,197,182.0511,182.0895
2024-01-15 12:00:10.692,182.0736,326,182.0557,182.0915
2024-01-15 12:00:10.953,182.0462,32,182.0411,182.0513
2024-01-15 12:00:13.148,182.0095,138,182.0007,182.0182
2024-01-15 12:00:15.126,181.9713,34,181.9627,181.9799
2024-01-15 12:00:15.323,181.8999,117,181.8921,181.9078
2024-01-15 12:00:18.430,181.8939,6,181.8763,181.9114
2024-01-15 12:00:19.644,181.926,61,181.9082,181.9438
2024-01-15 12:00:20.125,181.9186,43,181.9078,181.9293
2024-01-15 12:00:20.869,181.8524,96,181.8423,181.8624
2024-01-15 12:00:21.055,181.8786,289,181.8595,181.8977
2024-01-15 12:00:21.812,181.8827,41,181.8706,181.8947
2024-01-15 12:00:23.080,181.7124,244,181.6967,181.7282
2024-01-15 12:00:24.291,181.7322,246,181.7129,181.7516
2024-01-15 12:00:26.898,181.6809,662,181.6695,181.6922
2024-01-15 12:00:28.308,181.6936,178,181.6744,181.7128
2024-01-15 12:00:28.511,181.6876,54,181.6807,181.6945
2024-01-15 12:00:29.397,181.6812,95,181.6677,181.6948
2024-01-15 12:00:30.643,181.7419,120,181.7279,181.7559
2024-01-15 12:00:31.269,181.7257,86,181.7181,181.7332
2024-01-15 12:00:33.401,181.6909,646,181.6804,181.7014
2024-01-15 12:00:34.148,181.817,31,181.8089,181.825
2024-01-15 12:00:34.589,181.7971,389,181.7888,181.8053
2024-01-15 12:00:40.571,181.8216,218,181.8052,181.8379
2024-01-15 12:00:40.903,181.8281,44,181.8082,181.8481
2024-01-15 12:00:41.276,181.8567,534,181.8374,181.8761
2024-01-15 12:00:41.706,181.846,189,181.8409,181.8512
2024-01-15 12:00:42.316,181.8804,294,181.8633,181.8975
2024-01-15 12:00:43.651,181.9096,47,181.8927,181.9265
2024-01-15 12:00:44.676,181.8574,217,181.8393,181.8756
2024-01-15 12:00:47.123,181.9012,144,181.8823,181.9201
2024-01-15 12:00:48.152,181.9437,518,181.9258,181.9617
2024-01-15 12:00:48.502,181.9674,32,181.955,181.9797
2024-01-15 12:00:49.033,181.9235,42,181.9135,181.9335
2024-01-15 12:00:49.096,181.9269,360,181.9077,181.9461
2024-01-15 12:00:49.127,181.9741,342,181.9576,181.9905
2024-01-15 12:00:51.231,182.003,85,181.9877,182.0184
2024-01-15 12:00:55.262,182.0701,69,182.0616,182.0785
2024-01-15 12:01:00.799,182.1725,37,182.1528,182.1922
2024-01-15 12:01:01.065,182.1742,104,182.1665,182.1818
2024-01-15 12:01:01.443,182.2473,184,182.2358,182.2588
2024-01-15 12:01:05.885,182.329,460,182.3161,182.3418
2024-01-15 12:01:06.506,182.3374,25,182.321,182.3538
2024-01-15 12:01:18.449,182.3654,511,182.3493,182.3816
2024-01-15 12:01:19.053,182.2922,36,182.2752,182.3092
2024-01-15 12:01:20.511,182.3706,2,182.3547,182.3865
2024-01-15 12:01:24.268,182.4129,83,182.4022,182.4235
2024-01-15 12:01:25.366,182.4296,223,182.4216,182.4376
2024-01-15 12:01:27.654,182.4218,120,182.403,182.4406
2024-01-15 12:01:27.899,182.4091,234,182.3991,182.4191
2024-01-15 12:01:29.215,182.3275,7,182.3115,182.3436
2024-01-15 12:01:29.457,182.3336,187,182.3143,182.3528
2024-01-15 12:01:31.542,182.3931,70,182.374,182.4122
2024-01-15 12:01:32.419,182.3806,777,182.3654,182.3958
2024-01-15 12:01:34.750,182.4508,7,182.4349,182.4667
2024-01-15 12:01:35.046,182.512,265,182.4996,182.5244
2024-01-15 12:01:35.192,182.618,114,182.6008,182.6352
2024-01-15 12:01:35.639,182.5974,413,182.5824,182.6124
2024-01-15 12:01:36.448,182.5534,98,182.5453,182.5615
2024-01-15 12:01:37.205,182.5322,167,182.5179,182.5466
2024-01-15 12:01:43.118,182.4846,18,182.4685,182.5008
2024-01-15 12:01:45.393,182.4837,213,182.4734,182.4939
2024-01-15 12:01:45.504,182.499,166,182.4871,182.5108
2024-01-15 12:01:47.304,182.3736,391,182.3609,182.3864
2024-01-15 12:01:48.326,182.4035,143,182.394,182.413
2024-01-15 12:01:48.900,182.3762,121,182.3583,182.394
2024-01-15 12:01:49.636,182.4157,1,182.3962,182.4353
2024-01-15 12:01:49.808,182.4135,32,182.4042,182.4228
2024-01-15 12:01:51.035,182.4096,410,182.393,182.4263
2024-01-15 12:01:51.634,182.4598,258,182.4546,182.465
2024-01-15 12:01:52.781,182.471,594,182.4615,182.4805
2024-01-15 12:01:54.281,182.5969,66,182.5837,182.6102
2024-01-15 12:01:56.153,182.5096,16,182.4984,182.5208
2024-01-15 12:01:56.576,182.4996,117,182.487,182.5123
2024-01-15 12:01:58.821,182.5459,109,182.5309,182.5608
2024-01-15 12:01:59.064,182.5081,382,182.502,182.5141
2024-01-15 12:02:01.787,182.6272,213,182.6095,182.6448
2024-01-15 12:02:04.080,182.5688,217,182.553,182.5846
2024-01-15 12:02:11.580,182.5814,125,182.5745,182.5884
2024-01-15 12:02:12.328,182.5363,340,182.5237,182.549
2024-01-15 12:02:13.697,182.5751,366,182.5557,182.5946
2024-01-15 12:02:13.873,182.6928,244,182.6857,182.7
2024-01-15 12:02:14.543,182.7469,82,182.7375,182.7563
2024-01-15 12:02:16.714,182.6659,90,182.6476,182.6843
2024-01-15 12:02:17.565,182.4899,1,182.4839,182.4959
2024-01-15 12:02:20.615,182.5692,84,182.5556,182.5828
2024-01-15 12:02:25.479,182.5041,183,182.4871,182.5211
2024-01-15 12:02:26.423,182.5273,504,182.5181,182.5365
2024-01-15 12:02:27.541,182.5333,306,182.5178,182.5488
2024-01-15 12:02:28.060,182.5827,11,182.5725,182.5928
2024-01-15 12:02:28.765,182.6456,158,182.6388,182.6524
2024-01-15 12:02:30.696,182.6305,933,182.6107,182.6503
2024-01-15 12:02:31.031,182.6309,175,182.6195,182.6424
2024-01-15 12:02:32.877,182.6638,141,182.6465,182.6812
2024-01-15 12:02:32.896,182.5326,107,182.5179,182.5473
2024-01-15 12:02:34.063,182.4535,22,182.4432,182.4638
2024-01-15 12:02:34.318,182.4954,14,182.4791,182.5118
2024-01-15 12:02:34.444,182.5167,86,182.5006,182.5328
2024-01-15 12:02:35.163,182.5713,165,182.5528,182.5899
2024-01-15 12:02:37.882,182.6405,695,182.6354,182.6456
2024-01-15 12:02:42.260,182.6875,153,182.6733,182.7017
2024-01-15 12:02:44.720,182.8386,1424,182.8202,182.857
2024-01-15 12:02:45.639,182.7684,470,182.7574,182.7794
2024-01-15 12:02:46.340,182.7195,130,182.7065,182.7326
2024-01-15 12:02:49.240,182.8785,188,182.8683,182.8886
2024-01-15 12:02:49.503,182.9471,106,182.9405,182.9536
2024-01-15 12:02:50.589,183.0407,129,183.0247,183.0566
2024-01-15 12:02:50.864,183.0399,168,183.031,183.0488
2024-01-15 12:02:50.982,183.0512,58,183.0364,183.066
2024-01-15 12:02:52.584,183.0918,425,183.0757,183.1079
2024-01-15 12:02:55.291,183.1167,198,183.0986,183.1348
2024-01-15 12:02:56.182,183.0756,151,183.0667,183.0844
2024-01-15 12:02:59.228,182.9898,13,182.983,182.9966
2024-01-15 12:02:59.423,182.9731,177,182.9558,182.9904
2024-01-15 12:03:01.329,183.0763,92,183.0613,183.0914
2024-01-15 12:03:01.820,183.0705,375,183.0558,183.0853
2024-01-15 12:03:06.752,183.1086,216,183.0966,183.1207
2024-01-15 12:03:06.950,183.1149,50,183.1097,183.1201
2024-01-15 12:03:08.086,183.1311,23,183.1191,183.1432
2024-01-15 12:03:08.222,183.0671,9,183.0583,183.0759
2024-01-15 12:03:09.047,183.0064,27,182.9987,183.0141
2024-01-15 12:03:09.521,183.0805,432,183.0674,183.0936
2024-01-15 12:03:10.026,183.0546,174,183.0466,183.0627
2024-01-15 12:03:10.409,182.9733,162,182.9599,182.9867
2024-01-15 12:03:12.637,182.932,373,182.9154,182.9486
2024-01-15 12:03:17.938,182.9252,4,182.9064,182.9439
2024-01-15 12:03:21.991,182.8587,109,182.8395,182.878
2024-01-15 12:03:22.349,182.8358,102,182.8208,182.8508
2024-01-15 12:03:23.224,182.8196,30,182.8007,182.8384
2024-01-15 12:03:24.162,182.8385,290,182.8279,182.849
2024-01-15 12:03:24.323,182.8184,93,182.8085,182.8283
2024-01-15 12:03:25.042,182.7693,755,182.7516,182.7871
2024-01-15 12:03:27.566,182.7029,70,182.685,182.7208
2024-01-15 12:03:29.065,182.6031,16,182.5914,182.6149
2024-01-15 12:03:34.775,182.6111,202,182.5933,182.629
2024-01-15 12:03:35.352,182.5718,95,182.5663,182.5773
2024-01-15 12:03:36.272,182.5594,1126,182.5461,182.5727
2024-01-15 12:03:36.777,182.5268,255,182.5211,182.5325
2024-01-15 12:03:36.871,182.4763,176,182.4709,182.4817
2024-01-15 12:03:38.053,182.4524,316,182.4335,182.4714
2024-01-15 12:03:38.461,182.4405,129,182.4252,182.4558
2024-01-15 12:03:39.094,182.5463,281,182.527,182.5656
2024-01-15 12:03:39.749,182.5196,533,182.5088,182.5304
2024-01-15 12:03:40.698,182.6394,18,182.6245,182.6544
2024-01-15 12:03:41.785,182.6076,909,182.5979,182.6173
2024-01-15 12:03:42.116,182.5694,14,182.5534,182.5853
2024-01-15 12:03:47.703,182.4396,119,182.423,182.4562
2024-01-15 12:03:48.354,182.4594,114,182.4437,182.4751
2024-01-15 12:03:50.583,182.4047,30,182.3851,182.4244
2024-01-15 12:03:51.305,182.3912,334,182.377,182.4054
2024-01-15 12:03:56.960,182.4819,70,182.4734,182.4905
2024-01-15 12:03:57.051,182.3447,665,182.338,182.3514
2024-01-15 12:03:57.147,182.4415,217,182.4222,182.4609
2024-01-15 12:03:59.530,182.3206,227,182.3081,182.3331
2024-01-15 12:04:00.354,182.3364,433,182.3195,182.3534
2024-01-15 12:04:00.940,182.2979,538,182.2789,182.3168
2024-01-15 12:04:03.760,182.2704,342,182.2608,182.2799
2024-01-15 12:04:05.485,182.3111,945,182.3025,182.3196
2024-01-15 12:04:06.385,182.2451,357,182.2393,182.2509
2024-01-15 12:04:11.420,182.3213,57,182.3066,182.3359
2024-01-15 12:04:13.399,182.3723,88,182.3594,182.3852
2024-01-15 12:04:14.811,182.3909,357,182.3755,182.4063
2024-01-15 12:04:17.632,182.5167,31,182.5073,182.5262
2024-01-15 12:04:19.815,182.5034,103,182.4977,182.509
2024-01-15 12:04:23.352,182.4071,335,182.3977,182.4166
2024-01-15 12:04:24.191,182.4373,12,182.4286,182.446
2024-01-15 12:04:24.659,182.5365,69,182.5214,182.5516
2024-01-15 12:04:27.583,182.6553,190,182.6369,182.6738
2024-01-15 12:04:28.708,182.6086,196,182.5924,182.6248
2024-01-15 12:04:29.800,182.539,372,182.5245,182.5535
2024-01-15 12:04:31.361,182.6339,591,182.6234,182.6443
2024-01-15 12:04:33.291,182.7656,300,182.7596,182.7716
2024-01-15 12:04:35.208,182.8246,309,182.817,182.8322
2024-01-15 12:04:35.416,182.8923,13,182.8828,182.9018
2024-01-15 12:04:36.063,182.851,919,182.8342,182.8678
2024-01-15 12:04:36.878,182.9774,60,182.9588,182.996
2024-01-15 12:04:37.058,183.092,45,183.0839,183.1001
2024-01-15 12:04:38.044,183.0444,14,183.0374,183.0514
2024-01-15 12:04:40.737,183.0016,22,182.9909,183.0123
2024-01-15 12:04:41.045,183.0503,257,183.0353,183.0653
2024-01-15 12:04:45.813,183.1202,291,183.1148,183.1256
2024-01-15 12:04:49.419,183.0729,107,183.0577,183.0881
2024-01-15 12:04:52.656,182.9535,460,182.9462,182.9608
2024-01-15 12:04:56.695,182.9532,162,182.9427,182.9636
2024-01-15 12:04:56.803,182.9877,79,182.9769,182.9985
2024-01-15 12:04:58.900,182.9464,244,182.9359,182.9569
2024-01-15 12:04:59.161,183.0611,32,183.0437,183.0785
2024-01-15 12:04:59.581,183.0173,1109,182.9985,183.036
2024-01-15 12:05:00.154,183.0032,493,182.9974,183.0091
2024-01-15 12:05:01.529,182.8947,161,182.8796,182.9098
2024-01-15 12:05:01.854,182.8803,4,182.8659,182.8947
2024-01-15 12:05:02.066,182.7409,895,182.7277,182.7541
2024-01-15 12:05:02.785,182.7614,308,182.7478,182.775
2024-01-15 12:05:04.870,182.7881,159,182.7784,182.7977
2024-01-15 12:05:04.924,182.7493,86,182.7403,182.7584
2024-01-15 12:05:07.491,182.762,603,182.7467,182.7772
2024-01-15 12:05:09.013,182.7652,148,182.7594,182.7711
2024-01-15 12:05:10.278,182.8326,57,182.8127,182.8524
2024-01-15 12:05:10.433,182.75,53,182.7443,182.7558
2024-01-15 12:05:10.738,182.7905,31,182.7705,182.8105
2024-01-15 12:05:11.594,182.9037,26,182.8857,182.9217
2024-01-15 12:05:12.787,182.8259,301,182.8194,182.8325
2024-01-15 12:05:13.733,182.7848,19,182.7718,182.7977
2024-01-15 12:05:16.939,182.6939,272,182.6862,182.7017
2024-01-15 12:05:17.705,182.71,48,182.7029,182.7172
2024-01-15 12:05:18.445,182.7206,372,182.7112,182.73
2024-01-15 12:05:20.302,182.7483,120,182.7328,182.7637
2024-01-15 12:05:22.457,182.7594,169,182.741,182.7779
2024-01-15 12:05:25.384,182.7703,140,182.7515,182.7891
2024-01-15 12:05:27.265,182.6958,469,182.6839,182.7077
2024-01-15 12:05:27.519,182.7321,31,182.7153,182.7489
2024-01-15 12:05:28.482,182.6664,234,182.6477,182.6851
2024-01-15 12:05:29.491,182.8259,308,182.8137,182.8381
2024-01-15 12:05:30.116,182.7717,169,182.7554,182.788
2024-01-15 12:05:34.870,182.8463,223,182.8373,182.8554
2024-01-15 12:05:35.248,182.8328,76,182.8223,182.8433
2024-01-15 12:05:37.292,182.8316,675,182.8178,182.8454
2024-01-15 12:05:38.671,182.8346,495,182.8197,182.8495
2024-01-15 12:05:38.942,182.7761,205,182.7583,182.7938
2024-01-15 12:05:39.468,182.7514,332,182.7435,182.7592
2024-01-15 12:05:41.179,182.7734,43,182.7554,182.7914
2024-01-15 12:05:42.984,182.7597,334,182.75,182.7694
2024-01-15 12:05:44.854,182.6534,89,182.6337,182.6732
2024-01-15 12:05:45.006,182.6836,113,182.6708,182.6963
2024-01-15 12:05:45.109,182.6446,5,182.6329,182.6563
2024-01-15 12:05:51.306,182.6149,363,182.604,182.6257
2024-01-15 12:05:52.089,182.7042,27,182.6908,182.7176
2024-01-15 12:05:52.859,182.6511,179,182.6354,182.6667
2024-01-15 12:05:53.091,182.6587,24,182.6389,182.6786
2024-01-15 12:05:53.607,182.5938,1,182.5795,182.6082
2024-01-15 12:05:55.115,182.5669,48,182.5478,182.586
2024-01-15 12:05:56.780,182.6154,82,182.605,182.6259
2024-01-15 12:05:57.054,182.5987,237,182.5855,182.6119
2024-01-15 12:05:57.381,182.5451,442,182.532,182.5581
2024-01-15 12:06:01.176,182.4864,170,182.4793,182.4936
2024-01-15 12:06:02.092,182.5265,68,182.5103,182.5426
2024-01-15 12:06:03.324,182.5976,323,182.5783,182.6169
2024-01-15 12:06:03.615,182.5823,270,182.571,182.5936
2024-01-15 12:06:03.877,182.6208,36,182.6124,182.6291
2024-01-15 12:06:04.133,182.6145,24,182.5961,182.633
2024-01-15 12:06:10.763,182.6989,149,182.68,182.7179
2024-01-15 12:06:11.467,182.6845,372,182.6754,182.6935
2024-01-15 12:06:12.219,182.5966,67,182.5807,182.6126
2024-01-15 12:06:13.042,182.4889,89,182.4752,182.5026
2024-01-15 12:06:14.650,182.4965,150,182.4831,182.51
2024-01-15 12:06:14.812,182.3418,181,182.3295,182.354
2024-01-15 12:06:15.306,182.3511,842,182.3327,182.3695
2024-01-15 12:06:16.255,182.3807,123,182.3734,182.388
2024-01-15 12:06:17.261,182.2406,494,182.2342,182.2471
2024-01-15 12:06:19.200,182.1965,255,182.187,182.206
2024-01-15 12:06:19.542,182.2088,110,182.1996,182.2181
2024-01-15 12:06:19.748,182.2821,58,182.2631,182.3012
2024-01-15 12:06:19.939,182.1907,132,182.1835,182.198
2024-01-15 12:06:21.511,182.247,273,182.2386,182.2554
2024-01-15 12:06:21.896,182.2943,337,182.2796,182.309
2024-01-15 12:06:22.377,182.3287,149,182.3203,182.3372
2024-01-15 12:06:23.926,182.3772,68,182.3684,182.3859
2024-01-15 12:06:24.031,182.3915,69,182.3747,182.4083
2024-01-15 12:06:26.776,182.3223,40,182.3161,182.3284
2024-01-15 12:06:27.438,182.3991,230,182.3833,182.4149
2024-01-15 12:06:29.032,182.478,170,182.4624,182.4936
2024-01-15 12:06:31.735,182.447,386,182.4409,182.453
2024-01-15 12:06:33.790,182.4997,151,182.4866,182.5127
2024-01-15 12:06:36.580,182.4496,245,182.4421,182.4572
2024-01-15 12:06:36.642,182.4896,368,182.4772,182.5019
2024-01-15 12:06:41.528,182.5005,182,182.4827,182.5182
2024-01-15 12:06:42.380,182.491,902,182.4818,182.5002
2024-01-15 12:06:48.720,182.4728,647,182.4546,182.491
2024-01-15 12:06:49.003,182.5101,100,182.4992,182.5209
2024-01-15 12:06:52.290,182.4418,58,182.4351,182.4485
2024-01-15 12:06:57.757,182.4143,294,182.4082,182.4203
2024-01-15 12:06:57.888,182.3869,233,182.3718,182.4021
2024-01-15 12:06:59.057,182.4485,742,182.4423,182.4548
2024-01-15 12:06:59.819,182.5258,205,182.506,182.5456
2024-01-15 12:07:02.917,182.4954,371,182.4819,182.5089
2024-01-15 12:07:03.026,182.4771,296,182.4629,182.4912
2024-01-15 12:07:04.722,182.4745,400,182.4615,182.4875
2024-01-15 12:07:05.501,182.32,132,182.3075,182.3326
2024-01-15 12:07:05.851,182.3886,254,182.377,182.4002
2024-01-15 12:07:11.581,182.3526,103,182.3344,182.3709
2024-01-15 12:07:14.233,182.4351,215,182.4243,182.4459
2024-01-15 12:07:15.155,182.5351,153,182.5217,182.5485
2024-01-15 12:07:16.360,182.5306,218,182.5221,182.5392
2024-01-15 12:07:17.380,182.5198,466,182.5079,182.5316
2024-01-15 12:07:17.816,182.58,205,182.5691,182.5908
2024-01-15 12:07:20.086,182.6375,211,182.6255,182.6496
2024-01-15 12:07:22.396,182.667,157,182.6508,182.6831
2024-01-15 12:07:22.793,182.7012,109,182.6884,182.7139
2024-01-15 12:07:27.167,182.7266,156,182.7193,182.7338
2024-01-15 12:07:30.070,182.653,169,182.6397,182.6663
2024-01-15 12:07:30.212,182.6851,212,182.672,182.6981
2024-01-15 12:07:31.826,182.6267,211,182.614,182.6394
2024-01-15 12:07:32.459,182.5591,116,182.5494,182.5688
2024-01-15 12:07:32.876,182.5594,16,182.5433,182.5756
2024-01-15 12:07:33.580,182.6206,922,182.6006,182.6406
2024-01-15 12:07:35.423,182.5562,195,182.5369,182.5754
2024-01-15 12:07:35.722,182.4958,4,182.4889,182.5027
2024-01-15 12:07:36.462,182.5176,428,182.5026,182.5326
2024-01-15 12:07:37.303,182.488,250,182.4751,182.5009
2024-01-15 12:07:37.629,182.6639,348,182.6493,182.6786
2024-01-15 12:07:37.689,182.6186,51,182.6042,182.6329
2024-01-15 12:07:38.661,182.6443,139,182.6363,182.6523
2024-01-15 12:07:39.457,182.5531,108,182.534,182.5722
2024-01-15 12:07:39.920,182.5623,14,182.5481,182.5764
2024-01-15 12:07:39.925,182.5944,507,182.5878,182.6009
2024-01-15 12:07:40.507,182.5958,213,182.5875,182.604
2024-01-15 12:07:41.215,182.6163,139,182.6087,182.6238
2024-01-15 12:07:43.311,182.5805,227,182.5678,182.5933
2024-01-15 12:07:48.254,182.5511,380,182.5312,182.5709
2024-01-15 12:07:51.124,182.4461,457,182.4289,182.4632
2024-01-15 12:07:52.824,182.3857,9,182.3716,182.3999
2024-01-15 12:07:53.488,182.334,746,182.3235,182.3445
2024-01-15 12:07:53.863,182.319,354,182.3083,182.3298
2024-01-15 12:07:54.584,182.2885,106,182.28,182.297
2024-01-15 12:07:58.569,182.2536,66,182.2353,182.2719
2024-01-15 12:07:59.696,182.2429,175,182.2252,182.2606
2024-01-15 12:08:00.100,182.2478,90,182.24,182.2556
2024-01-15 12:08:05.116,182.3087,197,182.3024,182.3151
2024-01-15 12:08:06.035,182.3926,169,182.3787,182.4065
2024-01-15 12:08:06.623,182.4484,27,182.4293,182.4675
2024-01-15 12:08:08.603,182.3431,83,182.3372,182.349
2024-01-15 12:08:09.631,182.3445,620,182.3371,182.3519
2024-01-15 12:08:11.729,182.2327,69,182.2223,182.2431
2024-01-15 12:08:13.337,182.1511,22,182.1366,182.1656
2024-01-15 12:08:14.490,182.1544,134,182.1381,182.1706
2024-01-15 12:08:19.364,182.1221,27,182.1034,182.1408
2024-01-15 12:08:20.878,182.1806,521,182.1663,182.195
2024-01-15 12:08:21.947,182.129,166,182.1163,182.1416
2024-01-15 12:08:22.049,182.3214,155,182.3145,182.3283
2024-01-15 12:08:24.027,182.3038,238,182.2964,182.3112
2024-01-15 12:08:24.607,182.3108,767,182.305,182.3165
2024-01-15 12:08:24.933,182.2816,201,182.2696,182.2935
2024-01-15 12:08:26.027,182.1802,210,182.1659,182.1944
2024-01-15 12:08:30.331,182.2213,45,182.2119,182.2308
2024-01-15 12:08:34.969,182.1168,525,182.1096,182.124
2024-01-15 12:08:36.952,182.0723,44,182.0574,182.0871
2024-01-15 12:08:42.631,182.0356,31,182.022,182.0491
2024-01-15 12:08:43.677,181.9185,629,181.8987,181.9383
2024-01-15 12:08:45.274,181.9307,293,181.9186,181.9428
2024-01-15 12:08:45.524,182.0395,445,182.0197,182.0593
2024-01-15 12:08:47.493,182.1957,65,182.1792,182.2123
2024-01-15 12:08:48.184,182.1832,135,182.1684,182.198
2024-01-15 12:08:50.800,182.1198,99,182.1098,182.1298
2024-01-15 12:08:51.093,182.0879,198,182.082,182.0939
2024-01-15 12:08:56.512,182.1046,439,182.0899,182.1194
2024-01-15 12:08:56.622,182.0842,141,182.0664,182.102
2024-01-15 12:08:56.879,182.0674,46,182.0572,182.0777
2024-01-15 12:08:59.871,182.0561,55,182.043,182.0692
2024-01-15 12:09:00.696,182.1392,57,182.1195,182.1589
2024-01-15 12:09:01.295,182.0439,1,182.0356,182.0522
2024-01-15 12:09:01.584,181.937,458,181.9288,181.9451
2024-01-15 12:09:03.944,181.9947,427,181.98,182.0094
2024-01-15 12:09:04.201,181.9641,158,181.9529,181.9754
2024-01-15 12:09:05.269,181.9892,85,181.9748,182.0037
2024-01-15 12:09:07.300,181.8993,147,181.8838,181.9149
2024-01-15 12:09:08.232,181.9099,257,181.8973,181.9224
2024-01-15 12:09:09.674,181.9597,177,181.9457,181.9737
2024-01-15 12:09:12.084,181.894,128,181.8808,181.9072
2024-01-15 12:09:15.692,181.939,261,181.9326,181.9454
2024-01-15 12:09:15.808,181.9512,305,181.9425,181.96
2024-01-15 12:09:16.533,181.9543,196,181.9369,181.9717
2024-01-15 12:09:16.880,182.0017,183,181.9843,182.0192
2024-01-15 12:09:16.968,182.0325,186,182.0181,182.047
2024-01-15 12:09:21.927,182.0935,194,182.0748,182.1123
2024-01-15 12:09:23.344,182.1027,67,182.0848,182.1206
2024-01-15 12:09:24.360,182.0723,122,182.0594,182.0851
2024-01-15 12:09:24.963,182.057,2,182.048,182.066
2024-01-15 12:09:25.171,182.0491,10,182.0336,182.0647
2024-01-15 12:09:26.102,181.8721,564,181.8576,181.8865
2024-01-15 12:09:28.208,181.9348,240,181.9198,181.9497
2024-01-15 12:09:28.622,181.9657,31,181.955,181.9764
2024-01-15 12:09:29.870,182.0917,254,182.0839,182.0995
2024-01-15 12:09:31.666,182.0302,77,182.0175,182.0429
2024-01-15 12:09:32.411,182.1554,314,182.1408,182.1701
2024-01-15 12:09:34.474,182.2294,26,182.2178,182.2411
2024-01-15 12:09:34.863,182.2781,384,182.2662,182.29
2024-01-15 12:09:36.477,182.2279,42,182.219,182.2368
2024-01-15 12:09:37.220,182.3193,101,182.304,182.3346
2024-01-15 12:09:38.792,182.294,72,182.2786,182.3094
2024-01-15 12:09:39.441,182.1844,362,182.1647,182.2041
2024-01-15 12:09:42.237,182.2653,211,182.2474,182.2832
2024-01-15 12:09:42.871,182.2374,670,182.2296,182.2452
2024-01-15 12:09:42.984,182.3253,147,182.3139,182.3367
2024-01-15 12:09:43.226,182.2939,293,182.2875,182.3003
2024-01-15 12:09:43.868,182.2911,72,182.2713,182.3109
2024-01-15 12:09:43.942,182.3684,13,182.3577,182.3791
2024-01-15 12:09:44.331,182.2954,99,182.285,182.3058
2024-01-15 12:09:44.773,182.4076,132,182.3969,182.4183
2024-01-15 12:09:45.558,182.5188,256,182.5074,182.5303
2024-01-15 12:09:45.850,182.4722,24,182.4609,182.4835
2024-01-15 12:09:47.479,182.3722,161,182.3537,182.3908
2024-01-15 12:09:48.639,182.382,551,182.3665,182.3974
2024-01-15 12:09:51.062,182.378,95,182.3716,182.3844
2024-01-15 12:09:51.637,182.3465,136,182.3273,182.3657
2024-01-15 12:09:51.741,182.4306,54,182.4244,182.4368
2024-01-15 12:09:53.600,182.3388,206,182.3217,182.3559
2024-01-15 12:09:58.814,182.4064,96,182.3875,182.4252
2024-01-15 12:09:59.353,182.3749,620,182.3601,182.3898
2024-01-15 12:10:01.186,182.4088,53,182.4017,182.4158
2024-01-15 12:10:03.731,182.4482,135,182.4302,182.4662
2024-01-15 12:10:05.103,182.4973,526,182.4773,182.5172
2024-01-15 12:10:09.555,182.4173,252,182.4021,182.4324
2024-01-15 12:10:09.962,182.5168,327,182.5057,182.528
2024-01-15 12:10:10.675,182.5442,244,182.5272,182.5612
2024-01-15 12:10:11.221,182.5609,224,182.5417,182.5801
2024-01-15 12:10:13.271,182.6429,326,182.6358,182.6499
2024-01-15 12:10:13.298,182.6437,170,182.6335,182.6539
2024-01-15 12:10:14.767,182.6548,205,182.647,182.6626
2024-01-15 12:10:15.321,182.7582,657,182.7391,182.7774
2024-01-15 12:10:15.475,182.8075,93,182.7995,182.8154
2024-01-15 12:10:15.656,182.723,5,182.7137,182.7323
2024-01-15 12:10:19.561,182.7677,296,182.7587,182.7766
2024-01-15 12:10:24.210,182.7514,339,182.7433,182.7594
2024-01-15 12:10:24.571,182.7187,39,182.7068,182.7307
2024-01-15 12:10:25.485,182.7554,671,182.7489,182.7618
2024-01-15 12:10:26.841,182.7208,429,182.7069,182.7347
2024-01-15 12:10:27.675,182.7744,22,182.7686,182.7801
2024-01-15 12:10:32.354,182.853,173,182.8479,182.858
2024-01-15 12:10:32.524,182.8748,305,182.8608,182.8888
2024-01-15 12:10:36.813,182.8649,89,182.8491,182.8806
2024-01-15 12:10:37.972,182.9404,725,182.931,182.9497
2024-01-15 12:10:38.053,183.0239,100,183.0107,183.037
2024-01-15 12:10:38.649,183.0313,92,183.0244,183.0381
2024-01-15 12:10:39.158,183.0245,138,183.0051,183.0438
2024-01-15 12:10:44.161,182.9849,222,182.9681,183.0018
2024-01-15 12:10:47.373,183.084,320,183.0751,183.0928
2024-01-15 12:10:47.695,183.0307,856,183.0167,183.0447
2024-01-15 12:10:50.849,183.0036,13,182.9947,183.0125
2024-01-15 12:10:51.136,182.9112,94,182.8982,182.9241
2024-01-15 12:10:51.669,182.9315,31,182.9142,182.9488
2024-01-15 12:10:51.671,182.9305,53,182.9241,182.9369
2024-01-15 12:10:56.211,183.0744,169,183.065,183.0837
2024-01-15 12:10:56.710,183.0297,40,183.0231,183.0362
2024-01-15 12:10:59.351,183.0725,1,183.0655,183.0796
2024-01-15 12:10:59.396,182.9697,201,182.9608,182.9786
2024-01-15 12:10:59.636,183.0883,107,183.0813,183.0953
2024-01-15 12:11:00.149,183.1497,639,183.144,183.1554
2024-01-15 12:11:03.919,183.2531,23,183.2354,183.2708
2024-01-15 12:11:05.162,183.2936,834,183.2885,183.2987
2024-01-15 12:11:05.884,183.2162,18,183.2039,183.2284
2024-01-15 12:11:10.891,183.1966,1088,183.1836,183.2096
2024-01-15 12:11:11.175,183.1995,264,183.1862,183.2128
2024-01-15 12:11:12.142,183.1513,55,183.1351,183.1675
2024-01-15 12:11:12.793,183.1216,38,183.1095,183.1338
2024-01-15 12:11:13.735,183.1699,172,183.1525,183.1872
2024-01-15 12:11:15.816,183.1472,42,183.1314,183.163
2024-01-15 12:11:17.727,183.1255,11,183.1076,183.1435
2024-01-15 12:11:21.937,183.1164,744,183.1064,183.1264
2024-01-15 12:11:23.160,183.0851,139,183.0768,183.0934
2024-01-15 12:11:26.262,183.1433,146,183.1243,183.1622
2024-01-15 12:11:26.706,183.1414,120,183.1326,183.1503
2024-01-15 12:11:28.999,183.1355,136,183.1245,183.1465
2024-01-15 12:11:32.266,183.1616,130,183.1475,183.1758
2024-01-15 12:11:34.539,183.2176,79,183.1994,183.2358
2024-01-15 12:11:36.124,183.1343,288,183.1212,183.1475
2024-01-15 12:11:38.746,183.2256,138,183.2195,183.2318
2024-01-15 12:11:40.338,183.2711,123,183.2619,183.2802
2024-01-15 12:11:41.854,183.2973,15,183.2773,183.3173
2024-01-15 12:11:43.553,183.3313,21,183.3131,183.3495
2024-01-15 12:11:43.745,183.4217,830,183.4131,183.4303
2024-01-15 12:11:44.496,183.3531,155,183.3397,183.3666
2024-01-15 12:11:44.979,183.257,321,183.2382,183.2758
2024-01-15 12:11:47.395,183.2548,391,183.2351,183.2746
2024-01-15 12:11:47.691,183.1967,642,183.18,183.2134
2024-01-15 12:11:48.875,183.2588,22,183.2421,183.2755
2024-01-15 12:11:50.225,183.2416,27,183.2269,183.2563
2024-01-15 12:11:51.889,183.2414,39,183.2345,183.2484
2024-01-15 12:11:52.798,183.1557,44,183.1428,183.1686
2024-01-15 12:11:53.397,183.165,58,183.1502,183.1798
2024-01-15 12:11:55.716,183.0912,104,183.0792,183.1031
2024-01-15 12:11:58.274,183.1404,596,183.1331,183.1478
2024-01-15 12:12:00.555,183.2537,161,183.2387,183.2686
2024-01-15 12:12:01.055,183.2267,203,183.2096,183.2438
2024-01-15 12:12:03.547,183.3061,487,183.2892,183.3231
2024-01-15 12:12:05.548,183.2634,402,183.2477,183.279
2024-01-15 12:12:07.049,183.1362,217,183.1189,183.1536
2024-01-15 12:12:07.102,183.1782,37,183.1596,183.1967
2024-01-15 12:12:07.711,183.3112,51,183.2951,183.3272
2024-01-15 12:12:10.434,183.4038,198,183.3889,183.4187
2024-01-15 12:12:11.310,183.5159,79,183.5102,183.5217
2024-01-15 12:12:14.352,183.4893,195,183.476,183.5026
2024-01-15 12:12:16.936,183.5004,114,183.4816,183.5193
2024-01-15 12:12:17.581,183.466,240,183.45,183.482
2024-01-15 12:12:18.568,183.4652,43,183.4475,183.4828
2024-01-15 12:12:20.130,183.3786,128,183.3709,183.3863
2024-01-15 12:12:20.338,183.3393,49,183.3225,183.3561
2024-01-15 12:12:20.811,183.3036,470,183.2894,183.3177
2024-01-15 12:12:21.228,183.2818,10,183.2736,183.29
2024-01-15 12:12:23.754,183.3095,188,183.2931,183.326
2024-01-15 12:12:26.166,183.332,65,183.3228,183.3413
2024-01-15 12:12:26.192,183.4099,122,183.3933,183.4266
2024-01-15 12:12:26.877,183.3838,93,183.3645,183.403
2024-01-15 12:12:32.973,183.4554,77,183.44,183.4707
2024-01-15 12:12:37.669,183.3709,224,183.3616,183.3802
2024-01-15 12:12:40.047,183.3697,544,183.3608,183.3787
2024-01-15 12:12:40.397,183.3314,389,183.3263,183.3366
2024-01-15 12:12:46.287,183.2884,28,183.2758,183.301
2024-01-15 12:12:48.724,183.2286,159,183.213,183.2442
2024-01-15 12:12:50.011,183.2669,563,183.2551,183.2787
2024-01-15 12:12:51.189,183.1686,47,183.1551,183.1821
2024-01-15 12:12:51.204,183.1449,396,183.1257,183.1642
2024-01-15 12:12:55.146,183.169,165,183.1537,183.1843
2024-01-15 12:12:56.108,183.3735,26,183.3629,183.3841
2024-01-15 12:12:56.885,183.2396,216,183.2206,183.2586
2024-01-15 12:12:57.288,183.1917,447,183.1846,183.1989
2024-01-15 12:12:57.300,183.2105,167,183.191,183.2301
2024-01-15 12:13:03.208,183.2293,21,183.2142,183.2443
2024-01-15 12:13:04.785,183.1898,168,183.1771,183.2026
2024-01-15 12:13:05.296,183.2569,34,183.2459,183.2678
2024-01-15 12:13:07.457,183.2102,56,183.1983,183.2221
2024-01-15 12:13:08.835,183.2238,42,183.2145,183.2331
2024-01-15 12:13:10.038,183.3837,167,183.3773,183.3902
2024-01-15 12:13:11.313,183.4494,90,183.4303,183.4685
2024-01-15 12:13:14.921,183.325,93,183.3058,183.3442
2024-01-15 12:13:17.427,183.2896,803,183.2832,183.296
2024-01-15 12:13:24.527,183.3573,50,183.3454,183.3692
2024-01-15 12:13:25.753,183.3008,76,183.2903,183.3114
2024-01-15 12:13:26.183,183.2305,296,183.2132,183.2478
2024-01-15 12:13:27.875,183.3472,508,183.3398,183.3545
2024-01-15 12:13:29.229,183.3903,46,183.3761,183.4045
2024-01-15 12:13:29.602,183.3705,209,183.3563,183.3848
2024-01-15 12:13:32.338,183.347,556,183.3295,183.3645
2024-01-15 12:13:33.339,183.3898,332,183.3712,183.4085
2024-01-15 12:13:34.735,183.4212,865,183.4101,183.4324
2024-01-15 12:13:36.728,183.3242,51,183.3149,183.3335
2024-01-15 12:13:39.000,183.368,98,183.3536,183.3824
2024-01-15 12:13:40.699,183.4204,200,183.4112,183.4295
2024-01-15 12:13:41.267,183.4824,41,183.4725,183.4923
2024-01-15 12:13:41.341,183.5108,175,183.4953,183.5263
2024-01-15 12:13:41.430,183.5455,123,183.5381,183.553
2024-01-15 12:13:41.749,183.6542,16,183.6401,183.6683
2024-01-15 12:13:42.439,183.7599,41,183.7471,183.7727
2024-01-15 12:13:43.635,183.6815,225,183.6619,183.7012
2024-01-15 12:13:43.708,183.6982,103,183.6834,183.7131
2024-01-15 12:13:44.426,183.6963,261,183.6813,183.7112
2024-01-15 12:13:45.302,183.6329,51,183.616,183.6499
2024-01-15 12:13:45.905,183.536,53,183.517,183.555
2024-01-15 12:13:46.284,183.5673,302,183.5539,183.5806
2024-01-15 12:13:50.176,183.6045,255,183.5845,183.6245
2024-01-15 12:13:50.469,183.6391,68,183.6313,183.6469
2024-01-15 12:13:55.443,183.5979,35,183.5827,183.613
2024-01-15 12:13:55.819,183.6083,270,183.5933,183.6232
2024-01-15 12:13:57.797,183.604,242,183.5965,183.6115
2024-01-15 12:13:59.513,183.6273,3,183.6082,183.6464
2024-01-15 12:14:00.153,183.5212,117,183.5081,183.5343
2024-01-15 12:14:02.823,183.5689,284,183.5622,183.5757
2024-01-15 12:14:05.112,183.5577,68,183.539,183.5764
2024-01-15 12:14:07.113,183.7158,137,183.6993,183.7324
2024-01-15 12:14:07.206,183.6874,176,183.6725,183.7023
2024-01-15 12:14:07.274,183.6656,10,183.6498,183.6814
2024-01-15 12:14:11.081,183.6914,176,183.683,183.6998
2024-01-15 12:14:11.339,183.7069,414,183.6965,183.7172
2024-01-15 12:14:14.276,183.7448,1104,183.7332,183.7563
2024-01-15 12:14:15.795,183.811,251,183.802,183.82
2024-01-15 12:14:16.392,183.858,522,183.8382,183.8779
2024-01-15 12:14:17.499,183.952,60,183.9347,183.9692
2024-01-15 12:14:21.867,183.9527,100,183.9348,183.9706
2024-01-15 12:14:22.003,183.8734,616,183.8599,183.8869
2024-01-15 12:14:23.976,183.8896,65,183.8704,183.9087
2024-01-15 12:14:27.599,183.8765,281,183.8646,183.8883
2024-01-15 12:14:28.766,183.922,23,183.916,183.928
2024-01-15 12:14:29.019,183.9766,7,183.9597,183.9935
2024-01-15 12:14:29.762,184.039,344,184.0337,184.0444
2024-01-15 12:14:30.282,184.0602,82,184.0429,184.0775
2024-01-15 12:14:31.027,184.1078,267,184.1016,184.1139
2024-01-15 12:14:32.308,184.0785,324,184.0611,184.0959
2024-01-15 12:14:32.511,183.9675,159,183.953,183.982
2024-01-15 12:14:34.212,183.9371,125,183.9173,183.9569
2024-01-15 12:14:35.459,184.0178,151,184.0021,184.0334
2024-01-15 12:14:36.344,184.0904,313,184.0812,184.0996
2024-01-15 12:14:37.148,184.1057,97,184.0945,184.1168
2024-01-15 12:14:37.479,184.0881,210,184.0767,184.0996
2024-01-15 12:14:38.872,184.0885,262,184.0735,184.1036
2024-01-15 12:14:43.773,184.0953,74,184.0801,184.1106
2024-01-15 12:14:45.321,184.2414,135,184.2243,184.2586
2024-01-15 12:14:46.398,184.1351,111,184.123,184.1473
2024-01-15 12:14:53.048,184.1124,123,184.1064,184.1184
2024-01-15 12:14:55.118,184.0825,293,184.0724,184.0926
2024-01-15 12:14:56.248,184.1206,19,184.114,184.1271
2024-01-15 12:15:01.355,184.0481,176,184.0384,184.0578
2024-01-15 12:15:03.556,184.1029,810,184.0893,184.1164
2024-01-15 12:15:05.168,184.1107,134,184.0972,184.1241
2024-01-15 12:15:10.399,184.1977,348,184.1919,184.2036
2024-01-15 12:15:11.722,184.2938,255,184.2799,184.3077
2024-01-15 12:15:13.095,184.3167,84,184.3031,184.3304
2024-01-15 12:15:13.521,184.3133,173,184.3034,184.3233
2024-01-15 12:15:14.753,184.2424,112,184.2301,184.2547
2024-01-15 12:15:16.901,184.4686,77,184.4575,184.4797
2024-01-15 12:15:17.925,184.4534,254,184.4393,184.4675
2024-01-15 12:15:19.426,184.526,232,184.5161,184.5359
2024-01-15 12:15:20.981,184.5539,114,184.5425,184.5654
2024-01-15 12:15:22.309,184.6062,24,184.5902,184.6221
2024-01-15 12:15:23.889,184.6045,24,184.5939,184.6151
2024-01-15 12:15:26.617,184.6694,485,184.6548,184.684
2024-01-15 12:15:26.741,184.5893,27,184.5835,184.5951
2024-01-15 12:15:31.835,184.6321,95,184.6139,184.6503
2024-01-15 12:15:33.119,184.5901,43,184.5833,184.597
2024-01-15 12:15:36.763,184.532,498,184.5141,184.5499
2024-01-15 12:15:37.137,184.4508,1087,184.4319,184.4696
2024-01-15 12:15:37.610,184.4068,130,184.3888,184.4247
2024-01-15 12:15:38.773,184.4639,604,184.4561,184.4718
2024-01-15 12:15:39.599,184.4695,358,184.462,184.4771
2024-01-15 12:15:39.669,184.5177,17,184.504,184.5314
2024-01-15 12:15:40.493,184.4651,14,184.4497,184.4805
2024-01-15 12:15:43.610,184.3472,522,184.3283,184.3661
2024-01-15 12:15:44.063,184.357,139,184.339,184.375
2024-01-15 12:15:45.719,184.3602,476,184.3443,184.3761
2024-01-15 12:15:46.303,184.3544,467,184.3472,184.3617
2024-01-15 12:15:46.688,184.3047,160,184.2982,184.3112
2024-01-15 12:15:47.358,184.3617,234,184.3529,184.3705
2024-01-15 12:15:47.946,184.2971,59,184.2883,184.3059
2024-01-15 12:15:48.021,184.3351,868,184.3251,184.3451
2024-01-15 12:15:54.169,184.3218,197,184.3042,184.3394
2024-01-15 12:15:57.083,184.2602,123,184.2462,184.2742
2024-01-15 12:15:57.869,184.2409,90,184.2344,184.2474
2024-01-15 12:16:00.756,184.2576,31,184.2489,184.2662
2024-01-15 12:16:00.945,184.2366,235,184.2294,184.2438
2024-01-15 12:16:01.458,184.2573,133,184.2462,184.2684
2024-01-15 12:16:05.925,184.2782,56,184.2614,184.295
2024-01-15 12:16:07.691,184.2154,425,184.2097,184.2211
2024-01-15 12:16:08.658,184.2796,209,184.2626,184.2967
2024-01-15 12:16:10.395,184.3685,439,184.358,184.379
2024-01-15 12:16:11.009,184.4093,1413,184.4023,184.4164
2024-01-15 12:16:12.185,184.4259,450,184.4134,184.4383
2024-01-15 12:16:12.374,184.4848,14,184.479,184.4907
2024-01-15 12:16:14.045,184.3906,174,184.3835,184.3977
2024-01-15 12:16:17.748,184.3862,280,184.3783,184.3941
2024-01-15 12:16:21.128,184.4794,222,184.4665,184.4924
2024-01-15 12:16:23.700,184.5101,456,184.4902,184.5301
2024-01-15 12:16:24.562,184.4225,298,184.4075,184.4375
2024-01-15 12:16:27.709,184.4352,171,184.4186,184.4518
2024-01-15 12:16:28.907,184.4986,170,184.4811,184.516
2024-01-15 12:16:31.362,184.514,127,184.4976,184.5303
2024-01-15 12:16:33.720,184.4711,127,184.4637,184.4785
2024-01-15 12:16:34.362,184.3736,74,184.3544,184.3929
2024-01-15 12:16:34.702,184.3122,163,184.2935,184.3309
2024-01-15 12:16:35.665,184.2386,232,184.2318,184.2454
2024-01-15 12:16:37.389,184.2517,166,184.2397,184.2637
2024-01-15 12:16:38.227,184.3555,164,184.3408,184.3702
2024-01-15 12:16:40.539,184.3336,39,184.3188,184.3483
2024-01-15 12:16:41.203,184.2943,43,184.2881,184.3006
2024-01-15 12:16:41.869,184.2615,322,184.2507,184.2723
2024-01-15 12:16:42.514,184.3299,134,184.3129,184.3468
2024-01-15 12:16:44.832,184.4411,28,184.4325,184.4496
2024-01-15 12:16:48.886,184.2921,640,184.2777,184.3065
2024-01-15 12:16:53.798,184.2172,8,184.2118,184.2226
2024-01-15 12:16:54.823,184.3227,172,184.3085,184.3368
2024-01-15 12:16:55.551,184.2376,561,184.2293,184.2459
2024-01-15 12:16:55.973,184.2353,58,184.226,184.2446
2024-01-15 12:16:56.394,184.206,24,184.1884,184.2237
2024-01-15 12:16:57.511,184.3015,243,184.293,184.31
2024-01-15 12:16:58.087,184.2508,228,184.2345,184.2671
2024-01-15 12:16:59.079,184.2635,236,184.2533,184.2737
2024-01-15 12:16:59.107,184.3919,324,184.3769,184.4068
2024-01-15 12:17:00.354,184.3384,263,184.3266,184.3501
2024-01-15 12:17:00.894,184.3333,7,184.323,184.3437
2024-01-15 12:17:01.858,184.2746,45,184.2619,184.2873
2024-01-15 12:17:02.268,184.1944,260,184.1894,184.1995
2024-01-15 12:17:02.289,184.3313,156,184.317,184.3457
2024-01-15 12:17:03.148,184.4126,262,184.3975,184.4278
2024-01-15 12:17:04.766,184.4564,338,184.4433,184.4694
2024-01-15 12:17:05.394,184.4164,200,184.3967,184.4362
2024-01-15 12:17:05.641,184.5313,114,184.5157,184.5469
2024-01-15 12:17:05.823,184.4603,16,184.4454,184.4752
2024-01-15 12:17:08.555,184.3068,249,184.293,184.3207
2024-01-15 12:17:09.265,184.1588,281,184.1393,184.1782
2024-01-15 12:17:09.483,184.1518,558,184.1413,184.1623
2024-01-15 12:17:10.795,184.0539,95,184.0414,184.0664
2024-01-15 12:17:12.940,183.9772,596,183.9681,183.9862
2024-01-15 12:17:14.254,183.9973,108,183.9837,184.0109
2024-01-15 12:17:17.572,184.1847,64,184.1712,184.1983
2024-01-15 12:17:18.391,184.0948,97,184.0758,184.1138
2024-01-15 12:17:18.727,184.164,96,184.1471,184.1809
2024-01-15 12:17:20.004,184.1842,91,184.1713,184.1971
2024-01-15 12:17:22.124,184.2027,202,184.1958,184.2096
2024-01-15 12:17:25.453,184.0892,42,184.0776,184.1007
2024-01-15 12:17:26.855,184.0956,53,184.0806,184.1107
2024-01-15 12:17:27.188,184.0853,162,184.0789,184.0916
2024-01-15 12:17:29.489,184.0893,910,184.071,184.1077
2024-01-15 12:17:30.413,184.1306,17,184.1153,184.1459
2024-01-15 12:17:30.656,184.1542,328,184.141,184.1674
2024-01-15 12:17:31.189,184.1097,9,184.1019,184.1175
2024-01-15 12:17:34.558,184.1,147,184.0861,184.1139
2024-01-15 12:17:34.617,184.0636,593,184.0541,184.0732
2024-01-15 12:17:34.810,184.0972,233,184.0866,184.1079
2024-01-15 12:17:34.861,184.0675,154,184.0523,184.0827
2024-01-15 12:17:35.578,184.0586,435,184.0393,184.078
2024-01-15 12:17:35.616,184.0976,2,184.0897,184.1054
2024-01-15 12:17:38.387,184.116,235,184.1109,184.1212
2024-01-15 12:17:39.288,184.1292,183,184.1169,184.1415
2024-01-15 12:17:43.884,184.2157,33,184.198,184.2334
2024-01-15 12:17:45.371,184.1594,84,184.1472,184.1716
2024-01-15 12:17:46.837,184.0872,283,184.0752,184.0992
2024-01-15 12:17:47.219,184.145,130,184.1289,184.1611
2024-01-15 12:17:50.750,184.1204,144,184.1071,184.1336
2024-01-15 12:17:53.752,184.117,15,184.0976,184.1363
2024-01-15 12:17:54.487,184.0761,190,184.0584,184.0939
2024-01-15 12:17:54.618,184.0041,42,183.9976,184.0106
2024-01-15 12:17:54.822,183.9975,26,183.983,184.0121
2024-01-15 12:17:54.869,183.9519,183,183.9402,183.9635
2024-01-15 12:17:56.619,183.9014,215,183.8954,183.9073
2024-01-15 12:17:57.375,183.9721,513,183.9663,183.9779
2024-01-15 12:17:58.057,184.1331,181,184.1255,184.1408
2024-01-15 12:17:58.600,184.1531,548,184.1342,184.1719
2024-01-15 12:18:00.640,184.1566,59,184.1509,184.1623
2024-01-15 12:18:00.812,184.1571,17,184.1472,184.167
2024-01-15 12:18:01.708,184.0981,207,184.089,184.1073
2024-01-15 12:18:03.534,184.0334,118,184.0263,184.0404
2024-01-15 12:18:06.196,184.045,187,184.0326,184.0573
2024-01-15 12:18:10.740,184.0815,47,184.0625,184.1005
2024-01-15 12:18:12.380,184.0952,110,184.0807,184.1097
2024-01-15 12:18:15.381,184.085,213,184.0765,184.0935
2024-01-15 12:18:17.712,184.0566,238,184.0502,184.0629
2024-01-15 12:18:18.289,184.2083,42,184.189,184.2275
2024-01-15 12:18:21.884,184.2135,715,184.2001,184.2269
2024-01-15 12:18:24.459,184.2,101,184.1862,184.2138
2024-01-15 12:18:25.031,184.2475,463,184.2398,184.2553
2024-01-15 12:18:25.625,184.1715,37,184.1558,184.1872
2024-01-15 12:18:26.919,184.2268,60,184.2093,184.2443
2024-01-15 12:18:26.941,184.2186,70,184.2092,184.2281
2024-01-15 12:18:27.844,184.1846,58,184.1691,184.2001
2024-01-15 12:18:28.894,184.0709,215,184.0642,184.0776
2024-01-15 12:18:33.697,184.0183,477,184.0097,184.0268
2024-01-15 12:18:37.988,184.0346,189,184.0228,184.0465
2024-01-15 12:18:46.201,184.0359,86,184.0303,184.0415
2024-01-15 12:18:46.293,184.0128,563,184.0003,184.0252
2024-01-15 12:18:46.580,184.0586,139,184.0485,184.0687
2024-01-15 12:18:47.102,184.0865,73,184.0722,184.1008
2024-01-15 12:18:48.098,184.1858,31,184.1806,184.1909
2024-01-15 12:18:49.964,184.1496,85,184.1338,184.1654
2024-01-15 12:18:50.593,183.9877,22,183.9801,183.9954
2024-01-15 12:18:51.952,183.9488,291,183.9417,183.9558
2024-01-15 12:18:52.207,183.9527,149,183.9404,183.9649
2024-01-15 12:18:53.344,183.9685,155,183.9606,183.9764
2024-01-15 12:18:53.620,183.8416,580,183.8302,183.853
2024-01-15 12:18:55.657,183.8625,60,183.844,183.8809
2024-01-15 12:18:56.363,183.8797,173,183.8701,183.8892
2024-01-15 12:18:57.119,183.8091,58,183.7969,183.8212
2024-01-15 12:18:57.570,183.9254,239,183.9203,183.9306
2024-01-15 12:18:57.970,183.8451,207,183.8303,183.8598
2024-01-15 12:18:59.085,183.8969,549,183.89,183.9037
2024-01-15 12:18:59.743,183.7862,342,183.7772,183.7952
2024-01-15 12:19:00.403,183.6253,15,183.6162,183.6343
2024-01-15 12:19:01.709,183.5921,338,183.5765,183.6078
2024-01-15 12:19:04.197,183.6685,83,183.6493,183.6878
2024-01-15 12:19:04.379,183.6258,57,183.6105,183.6411
2024-01-15 12:19:06.169,183.6116,146,183.6051,183.6182
2024-01-15 12:19:06.210,183.7344,135,183.7192,183.7497
2024-01-15 12:19:08.080,183.7613,172,183.7538,183.7688
2024-01-15 12:19:09.018,183.672,163,183.6547,183.6894
2024-01-15 12:19:09.725,183.5608,84,183.5526,183.569
2024-01-15 12:19:11.673,183.528,15,183.5199,183.536
2024-01-15 12:19:12.065,183.4506,68,183.4319,183.4692
2024-01-15 12:19:20.189,183.5066,751,183.4955,183.5178
2024-01-15 12:19:21.987,183.5625,187,183.5561,183.5689
2024-01-15 12:19:23.856,183.6269,54,183.6081,183.6457
2024-01-15 12:19:26.040,183.6188,138,183.6104,183.6273
2024-01-15 12:19:30.452,183.6465,400,183.6288,183.6641
2024-01-15 12:19:31.218,183.6939,109,183.6793,183.7084
2024-01-15 12:19:31.304,183.6233,277,183.613,183.6336
2024-01-15 12:19:32.203,183.6898,436,183.6845,183.695
2024-01-15 12:19:34.331,183.6698,73,183.6596,183.6801
2024-01-15 12:19:34.351,183.5763,153,183.5652,183.5875
2024-01-15 12:19:34.400,183.583,7,183.5753,183.5907
2024-01-15 12:19:36.287,183.5002,317,183.4908,183.5097
2024-01-15 12:19:38.518,183.4176,351,183.4068,183.4283
2024-01-15 12:19:38.639,183.3913,308,183.3787,183.404
2024-01-15 12:19:38.650,183.445,471,183.4273,183.4627
2024-01-15 12:19:44.565,183.458,593,183.4436,183.4724
2024-01-15 12:19:44.872,183.4379,151,183.4265,183.4493
2024-01-15 12:19:45.873,183.495,331,183.4887,183.5013
2024-01-15 12:19:47.467,183.4754,112,183.4635,183.4873
2024-01-15 12:19:52.118,183.5821,188,183.5755,183.5886
2024-01-15 12:19:57.598,183.5885,57,183.573,183.6041
2024-01-15 12:19:59.108,183.5817,375,183.5714,183.5919
2024-01-15 12:20:01.286,183.5239,609,183.5064,183.5413
2024-01-15 12:20:02.910,183.4626,122,183.454,183.4713
2024-01-15 12:20:05.711,183.3831,103,183.3692,183.397
2024-01-15 12:20:06.139,183.2547,159,183.2463,183.2631
2024-01-15 12:20:06.379,183.2738,443,183.2676,183.2799
2024-01-15 12:20:07.497,183.2801,121,183.2643,183.296
2024-01-15 12:20:09.025,183.3064,36,183.2937,183.3192
2024-01-15 12:20:12.686,183.2539,6,183.2424,183.2653
2024-01-15 12:20:13.058,183.3119,476,183.3069,183.3169
2024-01-15 12:20:14.253,183.2583,463,183.2402,183.2764
2024-01-15 12:20:15.712,183.2274,86,183.213,183.2417
2024-01-15 12:20:16.148,183.287,247,183.2768,183.2973
2024-01-15 12:20:16.154,183.383,840,183.3713,183.3946
2024-01-15 12:20:16.520,183.2848,98,183.268,183.3016
2024-01-15 12:20:16.738,183.2768,109,183.2605,183.2932
2024-01-15 12:20:16.928,183.2749,214,183.2637,183.2862
2024-01-15 12:20:17.442,183.2884,63,183.2697,183.307
2024-01-15 12:20:17.671,183.3038,316,183.2964,183.3113
2024-01-15 12:20:20.282,183.3572,103,183.3411,183.3733
2024-01-15 12:20:20.612,183.377,92,183.3667,183.3873
2024-01-15 12:20:21.420,183.3545,238,183.3422,183.3668
2024-01-15 12:20:24.699,183.4222,141,183.4036,183.4408
2024-01-15 12:20:25.544,183.4011,430,183.3952,183.4071
2024-01-15 12:20:26.173,183.4401,369,183.4242,183.456
2024-01-15 12:20:26.731,183.4585,98,183.4398,183.4773
2024-01-15 12:20:27.322,183.4649,153,183.4553,183.4746
2024-01-15 12:20:27.480,183.5714,303,183.5529,183.59
2024-01-15 12:20:29.609,183.5583,655,183.5526,183.5641
2024-01-15 12:20:30.912,183.6776,150,183.6685,183.6867
2024-01-15 12:20:32.575,183.6425,30,183.6267,183.6582
2024-01-15 12:20:34.310,183.7056,176,183.6889,183.7223
2024-01-15 12:20:34.350,183.6366,132,183.6248,183.6484
2024-01-15 12:20:34.659,183.6332,457,183.6222,183.6442
2024-01-15 12:20:35.404,183.6301,257,183.6168,183.6435
2024-01-15 12:20:39.120,183.8321,191,183.82,183.8441
2024-01-15 12:20:42.680,183.8403,87,183.8291,183.8515
2024-01-15 12:20:42.785,183.8141,138,183.8071,183.8212
2024-01-15 12:20:44.162,183.7799,210,183.7749,183.785
2024-01-15 12:20:46.719,183.6968,235,183.6871,183.7066
2024-01-15 12:20:49.182,183.7256,114,183.7128,183.7385
2024-01-15 12:20:54.679,183.701,20,183.6846,183.7175
2024-01-15 12:20:54.986,183.744,473,183.7263,183.7617
2024-01-15 12:20:55.435,183.7702,435,183.7581,183.7822
2024-01-15 12:20:56.896,183.801,505,183.7823,183.8198
2024-01-15 12:20:57.401,183.8049,107,183.7855,183.8244
2024-01-15 12:20:57.684,183.7894,91,183.7801,183.7986
2024-01-15 12:20:58.834,183.7496,94,183.7401,183.759
2024-01-15 12:21:00.550,183.8171,247,183.7983,183.8359
2024-01-15 12:21:03.366,183.8775,80,183.8588,183.8963
2024-01-15 12:21:04.664,183.8621,217,183.8486,183.8757
2024-01-15 12:21:05.639,183.7693,121,183.7636,183.775
2024-01-15 12:21:07.131,183.7882,129,183.7827,183.7938
2024-01-15 12:21:07.750,183.8105,553,183.794,183.8269
2024-01-15 12:21:14.157,183.8716,90,183.8552,183.8881
2024-01-15 12:21:15.503,183.7486,138,183.7373,183.7598
2024-01-15 12:21:17.494,183.6559,304,183.6429,183.6689
2024-01-15 12:21:25.300,183.621,205,183.6112,183.6307
2024-01-15 12:21:26.414,183.589,138,183.5778,183.6001
2024-01-15 12:21:30.878,183.6264,149,183.6078,183.6451
2024-01-15 12:21:35.027,183.5072,67,183.489,183.5254
2024-01-15 12:21:35.346,183.4488,156,183.4331,183.4645
2024-01-15 12:21:37.271,183.3837,1,183.3711,183.3963
2024-01-15 12:21:38.259,183.3935,121,183.3815,183.4055
2024-01-15 12:21:38.609,183.4646,215,183.4518,183.4775
2024-01-15 12:21:40.211,183.4653,255,183.4494,183.4813
2024-01-15 12:21:41.387,183.5336,189,183.522,183.5451
2024-01-15 12:21:42.937,183.4884,19,183.4733,183.5035
2024-01-15 12:21:42.984,183.4759,1524,183.4623,183.4894
2024-01-15 12:21:43.862,183.5161,431,183.5097,183.5225
2024-01-15 12:21:46.591,183.5385,77,183.5333,183.5437
2024-01-15 12:21:49.336,183.5132,1,183.5076,183.5189
2024-01-15 12:21:50.283,183.4596,349,183.4467,183.4726
2024-01-15 12:21:51.429,183.4867,401,183.4719,183.5015
2024-01-15 12:21:52.322,183.6394,75,183.6214,183.6573
2024-01-15 12:21:53.204,183.6279,433,183.6195,183.6362
2024-01-15 12:21:55.737,183.5384,360,183.5234,183.5533
2024-01-15 12:22:01.717,183.5192,75,183.5029,183.5355
2024-01-15 12:22:02.093,183.4689,7,183.4529,183.4849
2024-01-15 12:22:06.741,183.5192,83,183.5107,183.5278
2024-01-15 12:22:07.747,183.4501,238,183.4384,183.4619
2024-01-15 12:22:10.141,183.483,317,183.47,183.4961
2024-01-15 12:22:14.663,183.2413,214,183.2331,183.2495
2024-01-15 12:22:18.321,183.3117,224,183.2968,183.3266
2024-01-15 12:22:18.883,183.3067,4,183.2924,183.321
2024-01-15 12:22:20.186,183.2758,82,183.2676,183.284
2024-01-15 12:22:20.693,183.3052,68,183.2972,183.3132
2024-01-15 12:22:23.318,183.255,42,183.2372,183.2728
2024-01-15 12:22:23.647,183.2629,286,183.2515,183.2744
2024-01-15 12:22:24.097,183.2612,5,183.2426,183.2797
2024-01-15 12:22:26.514,183.203,181,183.1887,183.2174
2024-01-15 12:22:28.555,183.156,95,183.1483,183.1637
2024-01-15 12:22:29.544,183.1617,199,183.1493,183.1741
2024-01-15 12:22:29.709,183.1497,139,183.143,183.1564
2024-01-15 12:22:29.759,183.1483,17,183.1417,183.155
2024-01-15 12:22:30.429,183.1903,51,183.1752,183.2054
2024-01-15 12:22:30.675,183.2377,290,183.2267,183.2486
2024-01-15 12:22:30.993,183.2513,142,183.232,183.2705
2024-01-15 12:22:33.388,183.2057,212,183.1926,183.2188
2024-01-15 12:22:33.988,183.2455,395,183.2268,183.2642
2024-01-15 12:22:34.210,183.2635,20,183.2584,183.2686
2024-01-15 12:22:35.140,183.2314,193,183.2165,183.2464
2024-01-15 12:22:38.380,183.2474,351,183.229,183.2657
2024-01-15 12:22:38.883,183.3599,262,183.3532,183.3666
2024-01-15 12:22:39.068,183.3167,30,183.3062,183.3272
2024-01-15 12:22:39.214,183.2414,196,183.2334,183.2494
2024-01-15 12:22:41.444,183.102,15,183.0958,183.1081
2024-01-15 12:22:42.920,183.0632,418,183.0449,183.0815
2024-01-15 12:22:50.097,183.0828,35,183.067,183.0987
2024-01-15 12:22:50.232,183.047,179,183.0418,183.0521
2024-01-15 12:22:52.073,183.0489,102,183.0306,183.0673
2024-01-15 12:22:52.684,183.1579,129,183.1507,183.165
2024-01-15 12:22:53.554,183.2472,1,183.228,183.2664
2024-01-15 12:22:56.375,183.1827,35,183.1731,183.1923
2024-01-15 12:22:57.029,183.2385,11,183.226,183.2509
2024-01-15 12:22:57.473,183.2297,453,183.2169,183.2426
2024-01-15 12:22:57.966,183.3194,73,183.3105,183.3282
2024-01-15 12:23:05.895,183.3258,533,183.3202,183.3313
2024-01-15 12:23:07.407,183.3661,864,183.3562,183.3759
2024-01-15 12:23:11.201,183.3261,238,183.3098,183.3424
2024-01-15 12:23:14.200,183.3168,310,183.3016,183.332
2024-01-15 12:23:15.343,183.3708,9,183.3651,183.3764
2024-01-15 12:23:15.978,183.2524,402,183.2468,183.258
2024-01-15 12:23:18.716,183.3774,247,183.362,183.3927
2024-01-15 12:23:20.069,183.3514,7,183.3316,183.3712
2024-01-15 12:23:20.601,183.3826,120,183.3704,183.3949
2024-01-15 12:23:21.754,183.3848,373,183.3659,183.4038
2024-01-15 12:23:21.838,183.4579,108,183.4387,183.4771
2024-01-15 12:23:21.943,183.5196,258,183.5003,183.5388
2024-01-15 12:23:25.009,183.4198,6,183.413,183.4267
2024-01-15 12:23:27.856,183.5327,44,183.522,183.5435
2024-01-15 12:23:30.294,183.4858,76,183.4691,183.5026
2024-01-15 12:23:32.470,183.3825,239,183.3645,183.4005
2024-01-15 12:23:33.585,183.335,61,183.3257,183.3443
2024-01-15 12:23:34.535,183.3095,146,183.2973,183.3217
2024-01-15 12:23:35.200,183.3407,318,183.3236,183.3578
2024-01-15 12:23:37.480,183.4929,59,183.4808,183.505
2024-01-15 12:23:41.752,183.5369,163,183.5299,183.5439
2024-01-15 12:23:43.576,183.5206,402,183.5155,183.5257
2024-01-15 12:23:43.755,183.4794,151,183.4649,183.4939
2024-01-15 12:23:51.477,183.4122,313,183.4002,183.4242
2024-01-15 12:23:51.486,183.4113,755,183.4034,183.4192
2024-01-15 12:23:52.390,183.4264,232,183.4146,183.4382
2024-01-15 12:23:52.643,183.4704,135,183.4563,183.4844
2024-01-15 12:23:53.871,183.4293,329,183.4104,183.4482
2024-01-15 12:23:54.864,183.5121,364,183.5041,183.5201
2024-01-15 12:23:57.540,183.4626,455,183.4469,183.4784
2024-01-15 12:23:57.851,183.5556,172,183.5418,183.5694
2024-01-15 12:24:00.502,183.4805,125,183.4622,183.4989
2024-01-15 12:24:01.801,183.4698,86,183.4585,183.4812
2024-01-15 12:24:03.607,183.3911,261,183.3856,183.3967
2024-01-15 12:24:03.679,183.3829,90,183.3722,183.3935
2024-01-15 12:24:04.167,183.4612,793,183.4511,183.4713
2024-01-15 12:24:06.235,183.4021,3,183.3917,183.4125
2024-01-15 12:24:06.301,183.4085,12,183.3954,183.4216
2024-01-15 12:24:09.857,183.3371,161,183.3298,183.3444
2024-01-15 12:24:10.959,183.2849,494,183.2753,183.2946
2024-01-15 12:24:10.974,183.217,137,183.197,183.237
2024-01-15 12:24:11.590,183.2026,154,183.1836,183.2216
2024-01-15 12:24:13.520,183.2143,285,183.2067,183.2219
2024-01-15 12:24:18.071,183.3023,391,183.2872,183.3174
2024-01-15 12:24:18.123,183.2839,336,183.2663,183.3015
2024-01-15 12:24:18.608,183.3003,87,183.2925,183.3082
2024-01-15 12:24:23.648,183.2416,16,183.2357,183.2476
2024-01-15 12:24:23.666,183.203,150,183.1931,183.2129
2024-01-15 12:24:26.940,183.055,43,183.0425,183.0676
2024-01-15 12:24:28.210,183.2393,188,183.2265,183.2521
2024-01-15 12:24:28.391,183.2787,70,183.2623,183.2951
2024-01-15 12:24:30.965,183.304,22,183.2957,183.3123
2024-01-15 12:24:35.858,183.3053,415,183.2896,183.3211
2024-01-15 12:24:36.018,183.2286,33,183.2171,183.2401
2024-01-15 12:24:37.311,183.1783,288,183.1667,183.1899
2024-01-15 12:24:39.165,183.1506,53,183.1427,183.1585
2024-01-15 12:24:40.516,183.1407,13,183.1265,183.1549
2024-01-15 12:24:41.066,183.1024,47,183.0845,183.1203
2024-01-15 12:24:41.426,183.0651,33,183.057,183.0731
2024-01-15 12:24:43.772,183.054,1021,183.048,183.06
2024-01-15 12:24:44.678,183.0951,24,183.081,183.1092
2024-01-15 12:24:45.075,183.2089,323,183.1945,183.2232
2024-01-15 12:24:45.487,183.2475,377,183.2328,183.2622
2024-01-15 12:24:45.487,183.3849,133,183.3781,183.3917
2024-01-15 12:24:53.465,183.3516,355,183.3346,183.3685
2024-01-15 12:24:54.616,183.233,469,183.2255,183.2405
2024-01-15 12:25:04.550,183.1587,97,183.1451,183.1724
2024-01-15 12:25:07.117,183.2344,42,183.2194,183.2494
2024-01-15 12:25:08.434,183.2371,644,183.222,183.2523
2024-01-15 12:25:13.940,183.2502,1,183.2403,183.2601
2024-01-15 12:25:14.924,183.2667,308,183.2536,183.2799
2024-01-15 12:25:15.691,183.2275,114,183.2152,183.2398
2024-01-15 12:25:20.861,183.1472,331,183.1375,183.1569
2024-01-15 12:25:21.697,183.042,552,183.0326,183.0515
2024-01-15 12:25:23.044,183.0019,224,182.9927,183.0111
2024-01-15 12:25:23.823,183.0069,10,183.0014,183.0124
2024-01-15 12:25:25.126,182.8668,179,182.8542,182.8794
2024-01-15 12:25:26.303,182.8221,564,182.8055,182.8388
2024-01-15 12:25:29.372,182.9154,69,182.9023,182.9285
2024-01-15 12:25:31.242,182.8247,52,182.8155,182.834
2024-01-15 12:25:31.690,182.8348,120,182.8257,182.8439
2024-01-15 12:25:33.495,182.6894,113,182.6803,182.6985
2024-01-15 12:25:35.959,182.673,286,182.6669,182.6791
2024-01-15 12:25:37.318,182.6674,72,182.6553,182.6794
2024-01-15 12:25:38.338,182.7035,15,182.6873,182.7198
2024-01-15 12:25:38.834,182.7065,5,182.6996,182.7133
2024-01-15 12:25:39.711,182.6035,6,182.5864,182.6207
2024-01-15 12:25:42.110,182.5823,467,182.563,182.6016
2024-01-15 12:25:42.260,182.5561,447,182.5487,182.5634
2024-01-15 12:25:44.988,182.6031,233,182.5957,182.6105
2024-01-15 12:25:45.604,182.6001,495,182.583,182.6171
2024-01-15 12:25:45.814,182.5821,13,182.5759,182.5883
2024-01-15 12:25:51.309,182.6205,4,182.6103,182.6307
2024-01-15 12:25:51.738,182.743,8,182.7314,182.7547
2024-01-15 12:25:52.674,182.786,464,182.7721,182.7998
2024-01-15 12:26:02.010,182.8496,70,182.8387,182.8606
2024-01-15 12:26:04.624,182.8692,5,182.8591,182.8792
2024-01-15 12:26:04.847,182.9398,95,182.923,182.9567
2024-01-15 12:26:05.442,182.9763,134,182.967,182.9857
2024-01-15 12:26:07.220,182.9782,1,182.9713,182.9851
2024-01-15 12:26:07.443,182.9842,9,182.9664,183.002
2024-01-15 12:26:09.944,182.8667,132,182.8489,182.8845
2024-01-15 12:26:10.362,182.9613,123,182.9442,182.9785
2024-01-15 12:26:15.046,183.0027,387,182.9911,183.0143
2024-01-15 12:26:18.971,183.0748,546,183.0662,183.0834
2024-01-15 12:26:19.416,183.1232,69,183.1066,183.1399
2024-01-15 12:26:20.613,183.0909,724,183.0723,183.1095
2024-01-15 12:26:21.223,183.0983,97,183.0892,183.1075
2024-01-15 12:26:21.948,183.183,167,183.1744,183.1916
2024-01-15 12:26:23.068,183.1672,228,183.1529,183.1814
2024-01-15 12:26:24.812,183.2016,648,183.1947,183.2085
2024-01-15 12:26:27.096,183.3143,377,183.3063,183.3223
2024-01-15 12:26:29.857,183.2758,69,183.2695,183.2822
2024-01-15 12:26:30.559,183.2141,285,183.208,183.2201
2024-01-15 12:26:33.493,183.2894,135,183.2722,183.3066
2024-01-15 12:26:34.080,183.4193,2,183.4142,183.4245
2024-01-15 12:26:36.719,183.3346,269,183.319,183.3502
2024-01-15 12:26:36.931,183.383,239,183.3771,183.3889
2024-01-15 12:26:38.127,183.3141,72,183.3014,183.3268
2024-01-15 12:26:38.671,183.3117,69,183.3053,183.3182
2024-01-15 12:26:39.548,183.3488,134,183.3419,183.3556
2024-01-15 12:26:41.705,183.3372,63,183.3212,183.3533
2024-01-15 12:26:41.768,183.1975,107,183.1924,183.2026
2024-01-15 12:26:44.110,183.135,260,183.1237,183.1463
2024-01-15 12:26:44.121,183.1165,1120,183.0973,183.1357
2024-01-15 12:26:44.358,183.0964,913,183.0795,183.1132
2024-01-15 12:26:45.711,182.9917,97,182.9836,182.9997
2024-01-15 12:26:48.009,183.1218,170,183.1153,183.1283
2024-01-15 12:26:48.501,183.1429,350,183.1321,183.1537
2024-01-15 12:26:49.749,183.1397,88,183.1243,183.1552
2024-01-15 12:26:49.943,183.3037,98,183.2844,183.3229
2024-01-15 12:26:52.151,183.2244,167,183.2047,183.244
2024-01-15 12:26:52.468,183.2267,46,183.2132,183.2401
2024-01-15 12:26:57.342,183.2512,11,183.2409,183.2614
2024-01-15 12:26:58.129,183.2211,19,183.2094,183.2327
2024-01-15 12:27:00.489,183.2411,114,183.2244,183.2579
2024-01-15 12:27:01.446,183.3285,519,183.3162,183.3408
2024-01-15 12:27:07.620,183.2941,63,183.2787,183.3096
2024-01-15 12:27:08.337,183.3911,466,183.3856,183.3966
2024-01-15 12:27:08.480,183.4367,25,183.4249,183.4484
2024-01-15 12:27:11.219,183.4813,56,183.4747,183.488
2024-01-15 12:27:13.337,183.3637,23,183.3568,183.3706
2024-01-15 12:27:14.985,183.387,43,183.371,183.403
2024-01-15 12:27:15.198,183.4121,100,183.4032,183.421
2024-01-15 12:27:18.041,183.4179,103,183.4027,183.4331
2024-01-15 12:27:18.999,183.3821,191,183.3714,183.3927
2024-01-15 12:27:19.207,183.2781,383,183.2608,183.2955
2024-01-15 12:27:19.286,183.3523,432,183.3328,183.3719
2024-01-15 12:27:22.852,183.3216,9,183.3037,183.3395
2024-01-15 12:27:23.468,183.3811,125,183.3626,183.3996
2024-01-15 12:27:26.042,183.405,67,183.387,183.423
2024-01-15 12:27:31.325,183.3795,8,183.3671,183.392
2024-01-15 12:27:32.260,183.3258,215,183.3142,183.3374
2024-01-15 12:27:34.546,183.2203,246,183.2036,183.2371
2024-01-15 12:27:38.138,183.1393,13,183.1278,183.1508
2024-01-15 12:27:38.744,183.1153,390,183.1008,183.1299
2024-01-15 12:27:38.863,183.2025,96,183.1914,183.2136
2024-01-15 12:27:41.041,183.1907,124,183.1748,183.2065
2024-01-15 12:27:42.313,183.1682,124,183.1534,183.183
2024-01-15 12:27:44.957,183.2657,109,183.2525,183.2789
2024-01-15 12:27:48.008,183.206,138,183.1958,183.2162
2024-01-15 12:27:48.283,183.2243,345,183.2071,183.2414
2024-01-15 12:27:49.535,183.3177,85,183.3051,183.3303
2024-01-15 12:27:49.811,183.3021,187,183.2853,183.3189
2024-01-15 12:27:51.628,183.3518,104,183.3345,183.369
2024-01-15 12:27:52.264,183.4282,24,183.4164,183.4401
2024-01-15 12:27:53.884,183.3297,605,183.3114,183.3481
2024-01-15 12:27:54.524,183.3723,747,183.3607,183.3838
2024-01-15 12:27:54.906,183.3473,49,183.3392,183.3554
2024-01-15 12:27:55.083,183.3011,113,183.294,183.3082
2024-01-15 12:27:55.991,183.1473,237,183.1422,183.1523
2024-01-15 12:27:56.634,183.0986,227,183.0904,183.1068
2024-01-15 12:27:56.865,183.1354,208,183.1179,183.1528
2024-01-15 12:27:57.366,183.2333,541,183.2222,183.2444
2024-01-15 12:27:59.924,183.2578,663,183.2435,183.2722
2024-01-15 12:28:00.535,183.2522,89,183.2364,183.2679
2024-01-15 12:28:00.811,183.3317,193,183.3241,183.3393
2024-01-15 12:28:02.790,183.264,164,183.2451,183.2829
2024-01-15 12:28:03.065,183.2855,242,183.2704,183.3007
2024-01-15 12:28:04.323,183.3193,608,183.309,183.3296
2024-01-15 12:28:05.599,183.3742,130,183.3663,183.382
2024-01-15 12:28:05.973,183.3936,424,183.3742,183.4129
2024-01-15 12:28:06.307,183.307,144,183.2873,183.3266
2024-01-15 12:28:06.654,183.2598,26,183.2425,183.2771
2024-01-15 12:28:07.550,183.3163,30,183.2977,183.3349
2024-01-15 12:28:08.907,183.3594,258,183.3508,183.3679
2024-01-15 12:28:09.942,183.2678,354,183.2593,183.2763
2024-01-15 12:28:10.560,183.3363,247,183.3216,183.351
2024-01-15 12:28:10.726,183.3845,106,183.3714,183.3977
2024-01-15 12:28:11.875,183.4169,81,183.4049,183.4289
2024-01-15 12:28:13.857,183.2905,154,183.2774,183.3035
2024-01-15 12:28:17.989,183.2222,75,183.214,183.2304
2024-01-15 12:28:18.016,183.1911,129,183.1784,183.2038
2024-01-15 12:28:19.036,183.1068,38,183.0989,183.1147
2024-01-15 12:28:22.559,183.1292,98,183.1209,183.1374
2024-01-15 12:28:23.295,183.2166,321,183.1972,183.2361
2024-01-15 12:28:23.358,183.2846,97,183.2688,183.3004
2024-01-15 12:28:24.098,183.2983,188,183.2861,183.3105
2024-01-15 12:28:25.856,183.1867,434,183.1817,183.1918
2024-01-15 12:28:26.704,183.1745,137,183.1614,183.1876
2024-01-15 12:28:26.843,183.1097,5,183.0921,183.1273
2024-01-15 12:28:30.795,183.2238,182,183.2066,183.2409
2024-01-15 12:28:32.480,183.1226,162,183.1128,183.1324
2024-01-15 12:28:32.927,183.1146,132,183.1057,183.1236
2024-01-15 12:28:36.708,183.1626,82,183.1496,183.1756
2024-01-15 12:28:37.218,183.1191,278,183.1106,183.1276
2024-01-15 12:28:37.436,183.1697,261,183.1501,183.1893
2024-01-15 12:28:38.183,183.3236,109,183.3139,183.3333
2024-01-15 12:28:38.606,183.2751,275,183.2576,183.2925
2024-01-15 12:28:39.262,183.2506,152,183.2414,183.2598
2024-01-15 12:28:39.938,183.2864,425,183.278,183.2949
2024-01-15 12:28:41.026,183.2707,24,183.2541,183.2873
2024-01-15 12:28:42.572,183.2069,74,183.1931,183.2208
2024-01-15 12:28:42.986,183.2356,77,183.2159,183.2553
2024-01-15 12:28:44.630,183.1471,183,183.131,183.1633
2024-01-15 12:28:45.357,183.2321,314,183.2133,183.2509
2024-01-15 12:28:45.616,183.2379,54,183.2224,183.2535
2024-01-15 12:28:50.518,183.1539,234,183.1464,183.1613
2024-01-15 12:28:51.547,183.0856,304,183.079,183.0922
2024-01-15 12:28:51.888,183.1099,129,183.0905,183.1292
2024-01-15 12:28:52.280,183.0412,102,183.0279,183.0545
2024-01-15 12:28:54.083,183.1302,385,183.1195,183.141
2024-01-15 12:28:54.648,183.1557,38,183.1407,183.1707
2024-01-15 12:28:56.274,183.1946,598,183.1886,183.2006
2024-01-15 12:29:00.261,183.1325,413,183.1252,183.1398
2024-01-15 12:29:04.489,183.0945,22,183.0791,183.1098
2024-01-15 12:29:05.251,183.1412,92,183.1332,183.1493
2024-01-15 12:29:07.297,183.0107,2,183.0048,183.0165
2024-01-15 12:29:07.777,183.1658,39,183.1587,183.1728
2024-01-15 12:29:11.159,183.085,208,183.0779,183.092
2024-01-15 12:29:15.702,183.0176,229,183.0034,183.0319
2024-01-15 12:29:18.693,182.9479,58,182.9337,182.9621
2024-01-15 12:29:21.598,182.8788,332,182.8699,182.8878
2024-01-15 12:29:22.892,182.7224,49,182.7053,182.7396
2024-01-15 12:29:26.857,182.6414,284,182.6348,182.6481
2024-01-15 12:29:28.640,182.6064,86,182.5895,182.6233
2024-01-15 12:29:29.130,182.5867,49,182.5801,182.5933
2024-01-15 12:29:29.871,182.5378,1010,182.5286,182.547
2024-01-15 12:29:30.981,182.5657,327,182.5488,182.5827
2024-01-15 12:29:33.279,182.5908,21,182.5821,182.5995
2024-01-15 12:29:34.389,182.6508,141,182.636,182.6656
2024-01-15 12:29:34.966,182.6301,196,182.6145,182.6457
2024-01-15 12:29:36.446,182.6749,381,182.6607,182.6892
2024-01-15 12:29:38.102,182.5231,5,182.5075,182.5387
2024-01-15 12:29:38.477,182.5269,197,182.5086,182.5452
2024-01-15 12:29:39.560,182.4519,17,182.4402,182.4636
2024-01-15 12:29:43.098,182.5766,378,182.5646,182.5885
2024-01-15 12:29:44.491,182.5488,88,182.53,182.5677
2024-01-15 12:29:45.715,182.5377,9,182.5225,182.5528
2024-01-15 12:29:49.263,182.5159,53,182.5043,182.5274
2024-01-15 12:29:52.218,182.4837,38,182.4664,182.5009
2024-01-15 12:29:53.446,182.619,140,182.6017,182.6363
2024-01-15 12:29:53.485,182.6566,2,182.6453,182.6679
2024-01-15 12:29:55.918,182.6876,157,182.6687,182.7065
2024-01-15 12:29:56.825,182.5058,379,182.4922,182.5194
2024-01-15 12:30:00.275,182.5384,121,182.5211,182.5557
2024-01-15 12:30:00.885,182.5121,212,182.4974,182.5269
2024-01-15 12:30:05.595,182.5119,25,182.5042,182.5195
2024-01-15 12:30:08.454,182.4583,525,182.4484,182.4682
2024-01-15 12:30:08.476,182.558,269,182.546,182.57
2024-01-15 12:30:08.747,182.5127,164,182.5073,182.5181
2024-01-15 12:30:09.018,182.4731,35,182.4616,182.4846
2024-01-15 12:30:11.957,182.4815,32,182.4646,182.4985
2024-01-15 12:30:14.052,182.5784,144,182.5708,182.586
2024-01-15 12:30:16.144,182.6579,84,182.6391,182.6767
2024-01-15 12:30:16.789,182.595,44,182.5778,182.6122
2024-01-15 12:30:20.949,182.6685,92,182.6623,182.6748
2024-01-15 12:30:21.219,182.6739,413,182.6579,182.69
2024-01-15 12:30:21.992,182.5869,151,182.5771,182.5968
2024-01-15 12:30:22.944,182.4088,420,182.3936,182.4239
2024-01-15 12:30:25.699,182.4316,217,182.4123,182.4509
2024-01-15 12:30:28.026,182.4013,194,182.3862,182.4164
2024-01-15 12:30:28.352,182.3846,43,182.3687,182.4004
2024-01-15 12:30:30.187,182.3857,355,182.3697,182.4017
2024-01-15 12:30:30.723,182.4515,161,182.4448,182.4581
2024-01-15 12:30:32.916,182.4837,172,182.4733,182.4942
2024-01-15 12:30:34.420,182.5299,52,182.5169,182.543
2024-01-15 12:30:34.420,182.5157,196,182.4981,182.5334
2024-01-15 12:30:32.916,182.518,180,182.5123,182.5237
2024-01-15 12:30:30.723,182.4153,137,182.4101,182.4204
2024-01-15 12:30:30.187,182.3744,56,182.363,182.3859
2024-01-15 12:30:28.352,182.4275,113,182.4139,182.441
2024-01-15 12:30:28.026,182.4839,234,182.4713,182.4965
2024-01-15 12:30:25.699,182.3572,21,182.3448,182.3696
2024-01-15 12:30:22.944,182.4502,583,182.4446,182.4558
2024-01-15 12:30:21.992,182.4806,53,182.4727,182.4885
2024-01-15 12:30:21.219,182.4798,7,182.4669,182.4927
2024-01-15 12:30:52.665,182.5165,79,182.5031,182.5299
2024-01-15 12:30:56.908,182.477,129,182.4599,182.4942
2024-01-15 12:30:59.088,182.4195,185,182.4125,182.4265
2024-01-15 12:31:00.051,182.5347,33,182.5197,182.5496
2024-01-15 12:31:00.562,182.5108,387,182.4928,182.5288
2024-01-15 12:31:02.931,182.4603,157,182.4532,182.4673
2024-01-15 12:31:08.139,182.3316,44,182.3223,182.3408
2024-01-15 12:31:12.641,182.3331,236,182.3192,182.347
2024-01-15 12:31:18.715,182.4218,210,182.4125,182.4311
2024-01-15 12:31:20.925,182.491,389,182.4827,182.4993
2024-01-15 12:31:21.592,182.5578,727,182.55,182.5657
2024-01-15 12:31:21.799,182.5562,63,182.5491,182.5633
2024-01-15 12:31:21.988,182.6467,34,182.6268,182.6666
2024-01-15 12:31:22.700,182.6699,36,182.663,182.6768
2024-01-15 12:31:24.335,182.6239,385,182.6094,182.6384
2024-01-15 12:31:24.874,182.6185,104,182.6046,182.6324
2024-01-15 12:31:25.501,182.701,33,182.6954,182.7067
2024-01-15 12:31:27.286,182.7589,772,182.7416,182.7762
2024-01-15 12:31:27.778,182.7996,43,182.7799,182.8193
2024-01-15 12:31:28.439,182.9361,39,182.931,182.9412
2024-01-15 12:31:29.269,182.9012,28,182.8851,182.9174
2024-01-15 12:31:30.390,183.0279,588,183.0202,183.0356
2024-01-15 12:31:31.323,183.099,55,183.0908,183.1073
2024-01-15 12:31:32.105,183.152,188,183.14,183.164
2024-01-15 12:31:39.573,183.1953,45,183.1855,183.2051
2024-01-15 12:31:39.948,183.103,151,183.0934,183.1125
2024-01-15 12:31:45.405,183.1378,35,183.1213,183.1544
2024-01-15 12:31:47.789,183.1063,330,183.0995,183.1131
2024-01-15 12:31:53.251,183.1695,47,183.1505,183.1884
2024-01-15 12:31:54.119,183.2449,3,183.2369,183.2528
2024-01-15 12:31:54.695,183.172,207,183.1535,183.1904
2024-01-15 12:31:55.016,183.236,32,183.2203,183.2517
2024-01-15 12:31:55.045,183.2637,280,183.2475,183.2799
2024-01-15 12:31:57.658,183.167,120,183.1544,183.1796
2024-01-15 12:31:58.038,183.2263,26,183.2154,183.2372
2024-01-15 12:31:58.916,183.2806,200,183.2629,183.2982
2024-01-15 12:31:59.806,183.2998,672,183.2842,183.3154
2024-01-15 12:32:02.738,183.173,253,183.1611,183.1849
2024-01-15 12:32:07.091,183.1635,35,183.1517,183.1754
2024-01-15 12:32:07.122,183.0776,73,183.0625,183.0928
2024-01-15 12:32:08.025,183.0985,402,183.0929,183.104
2024-01-15 12:32:08.217,183.0522,239,183.0374,183.067
2024-01-15 12:32:12.322,183.0793,590,183.0672,183.0915
2024-01-15 12:32:14.312,183.1463,241,183.1318,183.1609
2024-01-15 12:32:14.737,183.1539,336,183.1364,183.1713
2024-01-15 12:32:14.877,183.0439,313,183.0339,183.0539
2024-01-15 12:32:15.470,183.067,140,183.0607,183.0734
2024-01-15 12:32:15.631,182.9106,180,182.9038,182.9174
2024-01-15 12:32:15.902,182.9451,50,182.9378,182.9524
2024-01-15 12:32:18.961,182.9983,314,182.9927,183.004
2024-01-15 12:32:20.904,183.095,296,183.0863,183.1038
2024-01-15 12:32:24.590,182.9804,269,182.9681,182.9927
2024-01-15 12:32:25.735,183.0266,164,183.0104,183.0429
2024-01-15 12:32:25.888,183.0535,183,183.0463,183.0606
2024-01-15 12:32:26.807,183.0235,166,183.0117,183.0353
2024-01-15 12:32:28.496,182.9733,209,182.966,182.9805
2024-01-15 12:32:28.643,182.8866,90,182.8749,182.8983
2024-01-15 12:32:28.917,182.9264,159,182.9193,182.9335
2024-01-15 12:32:29.072,182.952,313,182.9408,182.9632
2024-01-15 12:32:29.133,183.0073,305,182.9885,183.0262
2024-01-15 12:32:29.294,182.9961,121,182.9846,183.0077
2024-01-15 12:32:29.953,183.0788,34,183.0679,183.0897
2024-01-15 12:32:33.420,183.1349,319,183.127,183.1429
2024-01-15 12:32:34.124,183.1076,23,183.0937,183.1215
2024-01-15 12:32:36.214,182.9794,250,182.9693,182.9895
2024-01-15 12:32:37.079,182.979,282,182.9676,182.9903
2024-01-15 12:32:37.541,182.987,1,182.9683,183.0056
2024-01-15 12:32:40.373,182.8471,1145,182.8353,182.8588
2024-01-15 12:32:41.802,182.7708,159,182.7643,182.7774
2024-01-15 12:32:42.822,182.69,30,182.6736,182.7064
2024-01-15 12:32:44.252,182.7626,923,182.7563,182.7689
2024-01-15 12:32:45.713,182.7653,193,182.7563,182.7743
2024-01-15 12:32:46.087,182.7429,326,182.7342,182.7516
2024-01-15 12:32:46.268,182.6304,517,182.6172,182.6437
2024-01-15 12:32:47.657,182.5619,62,182.5503,182.5734
2024-01-15 12:32:50.009,182.578,697,182.5636,182.5924
2024-01-15 12:32:51.871,182.6675,22,182.6514,182.6837
2024-01-15 12:32:52.160,182.656,33,182.6416,182.6704
2024-01-15 12:32:54.747,182.656,44,182.6398,182.6722
2024-01-15 12:32:56.720,182.7154,79,182.7013,182.7295
2024-01-15 12:32:56.961,182.6696,20,182.6615,182.6777
2024-01-15 12:32:57.137,182.7915,7,182.7757,182.8072
2024-01-15 12:32:57.491,182.8819,457,182.8721,182.8918
2024-01-15 12:32:58.117,182.9551,68,182.9401,182.9702
2024-01-15 12:33:00.467,182.9416,925,182.927,182.9561
2024-01-15 12:33:03.578,182.9825,3,182.9706,182.9944
2024-01-15 12:33:04.636,182.8858,137,182.8706,182.901
2024-01-15 12:33:06.245,182.9123,245,182.9023,182.9223
2024-01-15 12:33:09.075,182.7942,588,182.7797,182.8086
2024-01-15 12:33:09.565,182.8192,114,182.8002,182.8382
2024-01-15 12:33:11.402,182.7034,203,182.6866,182.7203
2024-01-15 12:33:12.093,182.7325,165,182.7202,182.7448
2024-01-15 12:33:15.460,182.6333,25,182.627,182.6397
2024-01-15 12:33:18.491,182.6182,185,182.6089,182.6274
2024-01-15 12:33:20.678,182.5539,30,182.5378,182.5699
2024-01-15 12:33:20.785,182.5531,175,182.5346,182.5717
2024-01-15 12:33:20.988,182.6217,121,182.6112,182.6321
2024-01-15 12:33:21.137,182.5825,382,182.5728,182.5922
2024-01-15 12:33:21.417,182.5275,31,182.5141,182.5409
2024-01-15 12:33:23.030,182.5805,182,182.575,182.5859
2024-01-15 12:33:24.457,182.6488,192,182.629,182.6686
2024-01-15 12:33:25.883,182.7444,227,182.7282,182.7606
2024-01-15 12:33:25.901,182.7074,405,182.701,182.7138
2024-01-15 12:33:28.749,182.6357,5,182.6242,182.6472
2024-01-15 12:33:29.617,182.6551,176,182.6448,182.6653
2024-01-15 12:33:30.133,182.637,39,182.6286,182.6455
2024-01-15 12:33:30.981,182.6294,73,182.6224,182.6364
2024-01-15 12:33:32.193,182.6002,123,182.5879,182.6125
2024-01-15 12:33:34.734,182.5109,582,182.4968,182.525
2024-01-15 12:33:34.860,182.4985,53,182.4827,182.5144
2024-01-15 12:33:35.742,182.4485,475,182.4393,182.4578
2024-01-15 12:33:35.865,182.4125,7,182.4029,182.4221
2024-01-15 12:33:35.962,182.4352,431,182.4192,182.4513
2024-01-15 12:33:36.177,182.5047,21,182.4966,182.5128
2024-01-15 12:33:36.288,182.5333,76,182.5241,182.5425
2024-01-15 12:33:36.714,182.5676,11,182.5605,182.5748
2024-01-15 12:33:38.745,182.6233,186,182.6067,182.64
2024-01-15 12:33:40.589,182.6444,493,182.6364,182.6523
2024-01-15 12:33:40.798,182.6191,65,182.6054,182.6328
2024-01-15 12:33:42.838,182.5209,327,182.5067,182.535
2024-01-15 12:33:43.951,182.5294,76,182.5176,182.5412
2024-01-15 12:33:44.662,182.5,17,182.4813,182.5187
2024-01-15 12:33:45.168,182.5437,163,182.5319,182.5556
2024-01-15 12:33:45.914,182.5053,34,182.4906,182.52
2024-01-15 12:33:47.191,182.4755,95,182.4564,182.4946
2024-01-15 12:33:47.959,182.5809,262,182.5635,182.5984
2024-01-15 12:33:50.121,182.5519,57,182.5335,182.5704
2024-01-15 12:33:50.571,182.5655,60,182.5555,182.5754
2024-01-15 12:33:51.692,182.5389,70,182.5277,182.5501
2024-01-15 12:33:52.150,182.5646,980,182.5539,182.5753
2024-01-15 12:33:52.373,182.4668,36,182.4479,182.4857
2024-01-15 12:33:53.848,182.5699,306,182.5597,182.5802
2024-01-15 12:33:54.022,182.5581,46,182.5473,182.5689
2024-01-15 12:33:54.872,182.5365,76,182.5315,182.5415
2024-01-15 12:33:55.996,182.6636,237,182.6531,182.674
2024-01-15 12:33:56.607,182.8097,247,182.7965,182.8229
2024-01-15 12:33:56.894,182.8398,43,182.8225,182.8571
2024-01-15 12:33:57.111,182.7547,259,182.7433,182.7661
2024-01-15 12:34:00.460,182.65,155,182.6446,182.6555
2024-01-15 12:34:00.848,182.678,1042,182.6632,182.6927
2024-01-15 12:34:01.540,182.6543,171,182.6458,182.6629
2024-01-15 12:34:03.104,182.6147,139,182.5952,182.6343
2024-01-15 12:34:03.720,182.6074,415,182.5949,182.6199
2024-01-15 12:34:04.192,182.5775,321,182.5711,182.5838
2024-01-15 12:34:04.730,182.6788,437,182.6735,182.6841
2024-01-15 12:34:05.623,182.7454,35,182.7378,182.7529
2024-01-15 12:34:07.675,182.7777,21,182.7661,182.7893
2024-01-15 12:34:10.629,182.7591,177,182.7424,182.7757
2024-01-15 12:34:11.731,182.777,7,182.763,182.7909
2024-01-15 12:34:13.319,182.8036,46,182.7899,182.8174
2024-01-15 12:34:13.607,182.801,290,182.7911,182.8109
2024-01-15 12:34:14.223,182.8365,371,182.8258,182.8472
2024-01-15 12:34:14.476,182.7824,606,182.7762,182.7885
2024-01-15 12:34:14.903,182.7873,21,182.7795,182.7952
2024-01-15 12:34:17.056,182.871,1,182.8622,182.8798
2024-01-15 12:34:17.556,182.9613,570,182.9429,182.9796
2024-01-15 12:34:20.349,182.8961,68,182.8812,182.9109
2024-01-15 12:34:21.658,182.8855,72,182.8788,182.8922
2024-01-15 12:34:25.474,182.8736,361,182.8548,182.8924
2024-01-15 12:34:26.966,182.7699,259,182.7558,182.7839
2024-01-15 12:34:27.946,182.8168,204,182.8106,182.823
2024-01-15 12:34:31.619,182.7865,126,182.7733,182.7997
2024-01-15 12:34:31.758,182.7259,80,182.7153,182.7365
2024-01-15 12:34:32.324,182.783,237,182.7756,182.7905
2024-01-15 12:34:32.918,182.8657,387,182.8601,182.8714
2024-01-15 12:34:33.034,182.7923,530,182.7736,182.811
2024-01-15 12:34:34.129,182.7835,196,182.7772,182.7897
2024-01-15 12:34:35.612,182.8693,77,182.8583,182.8804
2024-01-15 12:34:36.716,182.8132,8,182.8042,182.8222
2024-01-15 12:34:39.343,182.8532,182,182.8441,182.8623
2024-01-15 12:34:40.409,182.8196,150,182.8106,182.8286
2024-01-15 12:34:43.191,182.8123,20,182.797,182.8275
2024-01-15 12:34:43.941,182.8042,352,182.7919,182.8164
2024-01-15 12:34:45.790,182.8527,1036,182.8378,182.8675
2024-01-15 12:34:46.877,182.7823,147,182.7694,182.7952
2024-01-15 12:34:49.419,182.8845,60,182.8765,182.8925
2024-01-15 12:34:51.225,182.8723,134,182.8619,182.8826
2024-01-15 12:34:53.141,182.8576,232,182.8411,182.8741
2024-01-15 12:34:53.232,182.8936,78,182.8752,182.912
2024-01-15 12:34:53.590,182.8533,12,182.839,182.8677
2024-01-15 12:34:54.734,182.7838,2,182.7749,182.7928
2024-01-15 12:34:54.774,182.771,30,182.7626,182.7795
2024-01-15 12:34:55.578,182.7129,491,182.6957,182.7301
2024-01-15 12:34:57.027,182.6357,244,182.6273,182.644
2024-01-15 12:35:00.114,182.5805,195,182.5649,182.5962
2024-01-15 12:35:02.485,182.6684,249,182.6512,182.6855
2024-01-15 12:35:03.254,182.6666,336,182.6511,182.6822
2024-01-15 12:35:05.146,182.8407,344,182.8218,182.8597
2024-01-15 12:35:06.874,182.9749,126,182.9658,182.984
2024-01-15 12:35:07.490,183.0446,13,183.0288,183.0604
2024-01-15 12:35:07.612,183.1024,211,183.0842,183.1207
2024-01-15 12:35:08.910,183.1078,128,183.098,183.1177
2024-01-15 12:35:09.339,183.1761,81,183.1583,183.194
2024-01-15 12:35:09.637,183.2308,249,183.2165,183.2452
2024-01-15 12:35:10.506,183.2032,21,183.1932,183.2132
2024-01-15 12:35:11.177,183.1546,793,183.1356,183.1736
2024-01-15 12:35:12.557,183.2135,33,183.1981,183.2289
2024-01-15 12:35:13.268,183.1926,72,183.1776,183.2076
2024-01-15 12:35:13.882,183.2606,45,183.2434,183.2779
2024-01-15 12:35:13.922,183.2707,381,183.2541,183.2874
2024-01-15 12:35:16.057,183.3703,144,183.3598,183.3808
2024-01-15 12:35:16.802,183.3181,34,183.304,183.3322
2024-01-15 12:35:17.091,183.2732,62,183.2667,183.2798
2024-01-15 12:35:18.308,183.2027,517,183.1918,183.2136
2024-01-15 12:35:19.974,183.3676,175,183.3622,183.373
2024-01-15 12:35:20.176,183.3377,515,183.3269,183.3485
2024-01-15 12:35:21.368,183.3072,29,183.2942,183.3201
2024-01-15 12:35:25.155,183.3256,458,183.3158,183.3355
2024-01-15 12:35:28.118,183.3938,37,183.3851,183.4025
2024-01-15 12:35:29.211,183.4952,52,183.4876,183.5029
2024-01-15 12:35:29.909,183.3818,334,183.3633,183.4003
2024-01-15 12:35:32.243,183.3213,662,183.3119,183.3308
2024-01-15 12:35:32.821,183.3457,7,183.3365,183.3549
2024-01-15 12:35:34.350,183.3649,145,183.3463,183.3835
2024-01-15 12:35:36.121,183.3307,1,183.3129,183.3484
2024-01-15 12:35:46.185,183.297,268,183.2779,183.3161
2024-01-15 12:35:46.432,183.3284,164,183.323,183.3339
2024-01-15 12:35:47.505,183.2695,125,183.2591,183.2799
2024-01-15 12:35:47.720,183.2841,295,183.2648,183.3034
2024-01-15 12:35:48.652,183.268,76,183.2598,183.2762
2024-01-15 12:35:50.174,183.2856,111,183.2703,183.301
2024-01-15 12:35:50.681,183.3384,926,183.3235,183.3533
2024-01-15 12:35:52.859,183.3569,11,183.342,183.3718
2024-01-15 12:35:53.419,183.3781,509,183.371,183.3852
2024-01-15 12:35:54.029,183.4081,147,183.3984,183.4178
2024-01-15 12:35:55.011,183.3779,393,183.362,183.3938
2024-01-15 12:35:55.107,183.3615,32,183.3551,183.3678
2024-01-15 12:35:58.952,183.4077,696,183.4002,183.4151
2024-01-15 12:36:10.247,183.2692,181,183.2619,183.2764
2024-01-15 12:36:11.033,183.1979,306,183.1856,183.2102
2024-01-15 12:36:18.001,183.2394,100,183.2304,183.2484
2024-01-15 12:36:23.004,183.1292,18,183.1207,183.1378
2024-01-15 12:36:27.558,183.1297,43,183.118,183.1414
2024-01-15 12:36:29.036,183.1602,82,183.1459,183.1745
2024-01-15 12:36:31.742,183.2363,189,183.2246,183.248
2024-01-15 12:36:32.450,183.2565,389,183.2508,183.2623
2024-01-15 12:36:36.794,183.3,230,183.2814,183.3187
2024-01-15 12:36:38.963,183.2388,167,183.225,183.2526
2024-01-15 12:36:45.492,183.1766,477,183.1613,183.1918
2024-01-15 12:36:46.220,183.1921,180,183.1773,183.2069
2024-01-15 12:36:47.085,183.1482,698,183.1325,183.1639
2024-01-15 12:36:50.228,183.075,23,183.0552,183.0948
2024-01-15 12:36:51.369,183.0618,92,183.0458,183.0779
2024-01-15 12:36:53.497,183.1384,309,183.129,183.1478
2024-01-15 12:36:54.523,183.1788,61,183.164,183.1935
2024-01-15 12:36:55.729,183.2188,357,183.2066,183.231
2024-01-15 12:36:58.603,183.2386,4,183.2268,183.2503
2024-01-15 12:36:59.139,183.1689,51,183.1545,183.1832
2024-01-15 12:37:00.045,183.1531,879,183.1417,183.1645
2024-01-15 12:37:01.192,183.1953,151,183.1762,183.2145
2024-01-15 12:37:05.492,183.1585,35,183.1501,183.167
2024-01-15 12:37:05.717,183.0937,70,183.0859,183.1016
2024-01-15 12:37:10.555,183.0827,174,183.0733,183.092
2024-01-15 12:37:11.763,183.0514,95,183.0353,183.0675
2024-01-15 12:37:12.428,182.9459,24,182.9392,182.9526
2024-01-15 12:37:13.100,182.9961,231,182.9858,183.0063
2024-01-15 12:37:14.504,182.8982,406,182.8873,182.909
2024-01-15 12:37:15.139,182.8598,15,182.8527,182.8669
2024-01-15 12:37:16.773,182.949,12,182.9308,182.9673
2024-01-15 12:37:18.013,182.9177,110,182.9098,182.9257
2024-01-15 12:37:20.176,182.8304,323,182.8188,182.8421
2024-01-15 12:37:24.161,182.7418,236,182.7316,182.752
2024-01-15 12:37:27.205,182.7841,10,182.7783,182.7898
2024-01-15 12:37:27.221,182.8009,66,182.7901,182.8117
2024-01-15 12:37:27.408,182.9087,70,182.8929,182.9245
2024-01-15 12:37:27.549,182.9445,22,182.9307,182.9584
2024-01-15 12:37:27.806,182.9427,333,182.9349,182.9504
2024-01-15 12:37:27.858,182.8404,666,182.8209,182.8598
2024-01-15 12:37:28.525,182.7913,29,182.7814,182.8012
2024-01-15 12:37:28.889,182.8656,209,182.8551,182.876
2024-01-15 12:37:30.337,182.83,446,182.8245,182.8354
2024-01-15 12:37:31.565,182.9206,7,182.9083,182.9329
2024-01-15 12:37:33.238,182.8951,34,182.8821,182.9081
2024-01-15 12:37:33.452,182.8304,79,182.8176,182.8432
2024-01-15 12:37:33.679,182.8593,28,182.8404,182.8781
2024-01-15 12:37:35.693,182.8326,75,182.8223,182.8429
2024-01-15 12:37:37.284,182.821,58,182.8155,182.8266
2024-01-15 12:37:37.348,182.7534,681,182.737,182.7699
2024-01-15 12:37:39.100,182.7744,497,182.7551,182.7936
2024-01-15 12:37:40.439,182.8503,184,182.8425,182.8582
2024-01-15 12:37:41.671,182.8445,610,182.8349,182.8541
2024-01-15 12:37:44.899,182.839,128,182.8328,182.8452
2024-01-15 12:37:45.215,182.9362,430,182.928,182.9443
2024-01-15 12:37:45.912,182.9509,498,182.9371,182.9647
2024-01-15 12:37:48.335,183.0404,150,183.0354,183.0455
2024-01-15 12:37:48.413,183.0425,57,183.0353,183.0497
2024-01-15 12:37:50.545,183.1088,132,183.1033,183.1144
2024-01-15 12:37:52.091,183.1017,296,183.0886,183.1148
2024-01-15 12:37:52.364,183.131,101,183.1172,183.1448
2024-01-15 12:37:52.948,183.1823,59,183.1637,183.2008
2024-01-15 12:37:54.481,183.2586,192,183.2447,183.2725
2024-01-15 12:37:54.910,183.2753,215,183.2661,183.2844
2024-01-15 12:37:58.290,183.2575,71,183.2466,183.2684
2024-01-15 12:37:58.993,183.2666,125,183.2479,183.2853
2024-01-15 12:38:00.892,183.3965,487,183.3866,183.4063
2024-01-15 12:38:03.504,183.384,130,183.3735,183.3944
2024-01-15 12:38:04.591,183.2801,155,183.2622,183.298
2024-01-15 12:38:05.011,183.4093,70,183.3924,183.4262
2024-01-15 12:38:06.139,183.3275,337,183.3125,183.3425
2024-01-15 12:38:07.366,183.3668,119,183.3486,183.3849
2024-01-15 12:38:09.043,183.2971,265,183.278,183.3161
2024-01-15 12:38:09.536,183.262,178,183.2459,183.278
2024-01-15 12:38:10.647,183.3364,264,183.3194,183.3533
2024-01-15 12:38:12.029,183.3375,171,183.3239,183.3511
2024-01-15 12:38:18.685,183.1981,845,183.1813,183.2149
2024-01-15 12:38:19.749,183.1569,87,183.1378,183.1761
2024-01-15 12:38:25.060,183.2662,26,183.2596,183.2727
2024-01-15 12:38:25.191,183.1581,242,183.1437,183.1726
2024-01-15 12:38:25.661,183.1848,385,183.1771,183.1924
2024-01-15 12:38:26.629,183.2153,101,183.2025,183.2281
2024-01-15 12:38:27.736,183.2584,616,183.2531,183.2637
2024-01-15 12:38:30.408,183.2177,275,183.2091,183.2262
2024-01-15 12:38:32.106,183.2811,196,183.2725,183.2898
2024-01-15 12:38:32.120,183.2567,138,183.2409,183.2726
2024-01-15 12:38:33.279,183.2703,192,183.2619,183.2787
2024-01-15 12:38:34.509,183.2553,187,183.2428,183.2677
2024-01-15 12:38:35.360,183.2951,1,183.289,183.3013
2024-01-15 12:38:36.406,183.2621,397,183.2426,183.2817
2024-01-15 12:38:37.357,183.203,627,183.1839,183.2221
2024-01-15 12:38:39.915,183.2101,293,183.1988,183.2215
2024-01-15 12:38:40.586,183.1677,122,183.1627,183.1727
2024-01-15 12:38:40.650,183.0972,272,183.0887,183.1057
2024-01-15 12:38:40.700,183.0967,1219,183.0802,183.1132
2024-01-15 12:38:41.280,183.0288,137,183.0227,183.035
2024-01-15 12:38:43.924,183.0597,111,183.0476,183.0717
2024-01-15 12:38:44.388,183.0146,514,182.9948,183.0345
2024-01-15 12:38:44.801,182.9729,46,182.967,182.9788
2024-01-15 12:38:47.493,182.9425,558,182.9349,182.9501
2024-01-15 12:38:47.930,182.9504,64,182.9333,182.9674
2024-01-15 12:38:53.525,183.0293,251,183.0194,183.0392
2024-01-15 12:38:55.014,183.1158,68,183.099,183.1325
2024-01-15 12:38:56.631,183.1296,74,183.1179,183.1414
2024-01-15 12:38:57.514,183.0333,6,183.0182,183.0484
2024-01-15 12:38:59.064,183.0359,361,183.0198,183.0519
2024-01-15 12:39:00.394,183.039,115,183.0335,183.0445
2024-01-15 12:39:03.815,183.0427,409,183.0306,183.0549
2024-01-15 12:39:04.391,183.1189,32,183.1131,183.1248
2024-01-15 12:39:08.196,183.1234,133,183.1153,183.1314
2024-01-15 12:39:08.388,183.3227,97,183.3073,183.3381
2024-01-15 12:39:09.526,183.3686,23,183.3632,183.3739
2024-01-15 12:39:11.300,183.2575,277,183.2423,183.2727
2024-01-15 12:39:11.622,183.1348,19,183.1158,183.1538
2024-01-15 12:39:12.608,183.1814,98,183.1678,183.195
2024-01-15 12:39:14.318,183.1159,474,183.1078,183.1241
2024-01-15 12:39:14.749,183.1226,520,183.1104,183.1349
2024-01-15 12:39:14.966,183.2062,133,183.1876,183.2249
2024-01-15 12:39:15.521,183.1553,31,183.1388,183.1718
2024-01-15 12:39:16.467,183.0838,390,183.0693,183.0983
2024-01-15 12:39:19.932,183.0421,382,183.0254,183.0587
2024-01-15 12:39:21.333,183.0713,162,183.0549,183.0877
2024-01-15 12:39:21.835,183.0562,8,183.037,183.0755
2024-01-15 12:39:22.094,183.1363,257,183.128,183.1445
2024-01-15 12:39:23.273,183.113,36,183.0958,183.1301
2024-01-15 12:39:23.930,183.0442,192,183.0271,183.0613
2024-01-15 12:39:26.585,183.0463,155,183.0394,183.0532
2024-01-15 12:39:27.830,183.0281,367,183.0222,183.0339
2024-01-15 12:39:29.847,183.0572,85,183.0412,183.0732
2024-01-15 12:39:34.523,183.0328,512,183.0251,183.0406
2024-01-15 12:39:36.629,182.9647,100,182.9455,182.9839
2024-01-15 12:39:36.808,183.0766,176,183.0572,183.0959
2024-01-15 12:39:38.623,183.1469,29,183.1323,183.1616
2024-01-15 12:39:39.339,183.0699,129,183.0646,183.0752
2024-01-15 12:39:42.351,183.1814,190,183.1662,183.1967
2024-01-15 12:39:44.164,183.1654,110,183.1567,183.1742
2024-01-15 12:39:45.267,183.1474,238,183.1344,183.1604
2024-01-15 12:39:45.295,183.2297,148,183.2161,183.2434
2024-01-15 12:39:46.481,183.3172,71,183.3034,183.3311
2024-01-15 12:39:46.936,183.3041,84,183.2965,183.3117
2024-01-15 12:39:47.534,183.3053,233,183.2908,183.3198
2024-01-15 12:39:49.848,183.3765,218,183.357,183.3961
2024-01-15 12:39:52.843,183.3293,461,183.3204,183.3382
2024-01-15 12:39:53.993,183.3339,159,183.321,183.3468
2024-01-15 12:39:56.390,183.2662,462,183.2476,183.2848
2024-01-15 12:39:57.646,183.3246,203,183.3174,183.3319
2024-01-15 12:39:58.375,183.2921,144,183.2841,183.3001
2024-01-15 12:39:59.938,183.3691,526,183.3597,183.3785
2024-01-15 12:40:00.384,183.3619,99,183.3524,183.3713
2024-01-15 12:40:01.405,183.4419,290,183.4274,183.4565
2024-01-15 12:40:02.203,183.4824,524,183.4752,183.4895
2024-01-15 12:40:05.028,183.493,115,183.4845,183.5016
2024-01-15 12:40:06.058,183.5079,693,183.4906,183.5251
2024-01-15 12:40:07.657,183.5323,243,183.5126,183.5521
2024-01-15 12:40:09.830,183.5495,113,183.5397,183.5592
2024-01-15 12:40:10.651,183.5455,581,183.537,183.554
2024-01-15 12:40:18.667,183.5279,268,183.5125,183.5434
2024-01-15 12:40:19.060,183.5456,83,183.5383,183.553
2024-01-15 12:40:23.304,183.5369,185,183.5212,183.5526
2024-01-15 12:40:24.187,183.5542,25,183.5476,183.5608
2024-01-15 12:40:27.295,183.517,115,183.5074,183.5267
2024-01-15 12:40:32.957,183.5186,87,183.5102,183.5271
2024-01-15 12:40:34.480,183.3096,159,183.2956,183.3237
2024-01-15 12:40:34.929,183.289,53,183.2788,183.2991
2024-01-15 12:40:37.016,183.245,366,183.237,183.2531
2024-01-15 12:40:37.254,183.3112,429,183.3058,183.3166
2024-01-15 12:40:38.155,183.3229,381,183.3121,183.3337
2024-01-15 12:40:41.598,183.2973,14,183.2814,183.3132
2024-01-15 12:40:42.162,183.2376,73,183.2326,183.2427
2024-01-15 12:40:45.134,183.2203,817,183.2011,183.2395
2024-01-15 12:40:47.278,183.1318,229,183.1239,183.1398
2024-01-15 12:40:47.468,183.1653,603,183.1476,183.183
2024-01-15 12:40:49.237,183.1124,194,183.0971,183.1277
2024-01-15 12:40:50.071,183.2845,452,183.2706,183.2984
2024-01-15 12:40:51.070,183.285,335,183.2711,183.2988
2024-01-15 12:40:52.683,183.3541,433,183.3357,183.3726
2024-01-15 12:40:55.153,183.3438,15,183.3297,183.3579
2024-01-15 12:40:55.484,183.3205,223,183.3101,183.3309
2024-01-15 12:40:56.171,183.3656,201,183.3578,183.3733
2024-01-15 12:41:00.159,183.4549,188,183.444,183.4658
2024-01-15 12:41:02.019,183.5534,116,183.5458,183.561
2024-01-15 12:41:04.209,183.562,133,183.5556,183.5684
2024-01-15 12:41:07.090,183.5536,209,183.5422,183.5651
2024-01-15 12:41:12.033,183.5156,24,183.4957,183.5354
2024-01-15 12:41:13.467,183.4881,137,183.4794,183.4968
2024-01-15 12:41:13.999,183.4608,59,183.4496,183.4719
2024-01-15 12:41:18.993,183.4505,128,183.4307,183.4703
2024-01-15 12:41:20.916,183.4426,240,183.4315,183.4537
2024-01-15 12:41:21.239,183.4839,61,183.4684,183.4994
2024-01-15 12:41:22.559,183.6277,56,183.6079,183.6475
2024-01-15 12:41:22.897,183.6626,226,183.6462,183.6791
2024-01-15 12:41:23.725,183.746,27,183.7346,183.7575
2024-01-15 12:41:25.261,183.8271,582,183.8188,183.8354
2024-01-15 12:41:25.304,183.8501,36,183.8439,183.8563
2024-01-15 12:41:26.452,183.9215,52,183.9111,183.9319
2024-01-15 12:41:28.180,183.8931,13,183.8843,183.902
2024-01-15 12:41:28.516,183.8985,566,183.8817,183.9154
2024-01-15 12:41:30.997,183.8577,536,183.8399,183.8754
2024-01-15 12:41:31.199,183.9185,694,183.9027,183.9342
2024-01-15 12:41:34.119,183.9735,137,183.9669,183.9802
2024-01-15 12:41:34.864,183.9888,250,183.9776,184.0
2024-01-15 12:41:38.998,184.0622,41,184.0526,184.0717
2024-01-15 12:41:40.639,183.9822,187,183.9743,183.9902
2024-01-15 12:41:41.671,183.9291,752,183.9239,183.9343
2024-01-15 12:41:45.446,183.7457,10,183.7404,183.7511
2024-01-15 12:41:51.494,183.7185,62,183.7118,183.7252
2024-01-15 12:41:52.381,183.6944,49,183.6788,183.7101
2024-01-15 12:41:53.278,183.7396,103,183.7251,183.7541
2024-01-15 12:41:56.167,183.8281,99,183.8112,183.845
2024-01-15 12:41:57.833,183.8229,48,183.81,183.8358
2024-01-15 12:42:01.826,183.8298,94,183.8184,183.8413
2024-01-15 12:42:04.170,183.8081,156,183.7947,183.8214
2024-01-15 12:42:06.308,183.7751,176,183.7568,183.7935
2024-01-15 12:42:07.158,183.8305,93,183.8231,183.8378
2024-01-15 12:42:07.230,183.8655,1006,183.8558,183.8753
2024-01-15 12:42:07.852,183.9056,1342,183.889,183.9222
2024-01-15 12:42:08.343,183.9517,8,183.9433,183.9602
2024-01-15 12:42:11.710,183.9113,494,183.9029,183.9197
2024-01-15 12:42:12.518,183.9231,164,183.9116,183.9345
2024-01-15 12:42:13.381,183.8577,175,183.8408,183.8745
2024-01-15 12:42:13.651,183.8902,47,183.8808,183.8997
2024-01-15 12:42:13.856,183.909,100,183.9019,183.9161
2024-01-15 12:42:15.320,183.9965,98,183.9829,184.0101
2024-01-15 12:42:18.546,184.0152,242,184.008,184.0224
2024-01-15 12:42:20.028,184.1193,66,184.111,184.1275
2024-01-15 12:42:21.172,184.1473,280,184.1305,184.1641
2024-01-15 12:42:23.815,184.1786,814,184.1603,184.1969
2024-01-15 12:42:24.524,184.1272,28,184.1176,184.1369
2024-01-15 12:42:25.375,184.0146,39,184.0086,184.0206
2024-01-15 12:42:27.986,184.0233,440,184.0097,184.0368
2024-01-15 12:42:28.649,184.0874,240,184.08,184.0947
2024-01-15 12:42:32.616,184.107,101,184.088,184.126
2024-01-15 12:42:33.878,184.0863,29,184.0759,184.0967
2024-01-15 12:42:36.522,184.0366,152,184.017,184.0562
2024-01-15 12:42:36.554,184.0636,524,184.052,184.0751
2024-01-15 12:42:36.606,184.0829,61,184.0761,184.0897
2024-01-15 12:42:41.268,183.9254,458,183.9073,183.9436
2024-01-15 12:42:42.716,184.0064,291,184.0007,184.012
2024-01-15 12:42:43.050,183.8975,102,183.8856,183.9094
2024-01-15 12:42:43.118,183.8346,486,183.8292,183.84
2024-01-15 12:42:48.688,183.7956,312,183.7812,183.81
2024-01-15 12:42:48.991,183.8257,103,183.8089,183.8425
2024-01-15 12:42:50.934,183.8428,140,183.8278,183.8579
2024-01-15 12:42:52.511,183.9578,99,183.9474,183.9682
2024-01-15 12:42:55.372,183.8651,69,183.8581,183.8722
2024-01-15 12:42:56.355,183.844,35,183.8265,183.8615
2024-01-15 12:42:59.548,183.8147,176,183.8055,183.8239
2024-01-15 12:42:59.941,183.8146,121,183.8015,183.8276
2024-01-15 12:43:04.180,183.8057,131,183.7861,183.8253
2024-01-15 12:43:05.162,183.7654,195,183.7517,183.7791
2024-01-15 12:43:05.830,183.7733,1158,183.7565,183.79
2024-01-15 12:43:06.839,183.7414,383,183.736,183.7469
2024-01-15 12:43:09.612,183.6747,365,183.6669,183.6825
2024-01-15 12:43:09.760,183.6441,156,183.627,183.6612
2024-01-15 12:43:13.283,183.6148,6,183.5963,183.6333
2024-01-15 12:43:15.230,183.5894,72,183.5742,183.6045
2024-01-15 12:43:20.204,183.5594,320,183.5468,183.5721
2024-01-15 12:43:21.288,183.5482,153,183.5424,183.554
2024-01-15 12:43:21.550,183.5773,10,183.5597,183.5949
2024-01-15 12:43:22.151,183.5854,4,183.571,183.5997
2024-01-15 12:43:22.650,183.5006,108,183.4836,183.5177
2024-01-15 12:43:27.140,183.4899,65,183.4713,183.5085
2024-01-15 12:43:30.973,183.4699,399,183.4521,183.4876
2024-01-15 12:43:31.327,183.4369,218,183.4185,183.4553
2024-01-15 12:43:36.390,183.4852,8,183.4792,183.4911
2024-01-15 12:43:37.567,183.5789,163,183.5619,183.5958
2024-01-15 12:43:38.001,183.6605,73,183.6424,183.6785
2024-01-15 12:43:38.565,183.7004,413,183.6909,183.7099
2024-01-15 12:43:41.084,183.6994,293,183.6847,183.7141
2024-01-15 12:43:41.563,183.6753,98,183.6579,183.6927
2024-01-15 12:43:42.177,183.4575,56,183.4474,183.4675
2024-01-15 12:43:43.892,183.3647,376,183.3565,183.373
2024-01-15 12:43:46.085,183.4611,465,183.4445,183.4777
2024-01-15 12:43:46.952,183.4789,50,183.463,183.4947
2024-01-15 12:43:48.173,183.5359,26,183.527,183.5448
2024-01-15 12:43:52.946,183.5503,284,183.5369,183.5638
2024-01-15 12:43:54.016,183.5728,116,183.5579,183.5876
2024-01-15 12:43:59.850,183.6589,231,183.6472,183.6707
2024-01-15 12:44:00.229,183.6501,178,183.639,183.6612
2024-01-15 12:44:00.779,183.6974,242,183.6915,183.7033
2024-01-15 12:44:03.680,183.8407,517,183.8234,183.858
2024-01-15 12:44:07.045,183.752,21,183.7365,183.7676
2024-01-15 12:44:07.527,183.8417,16,183.8322,183.8512
2024-01-15 12:44:08.348,183.7314,164,183.7194,183.7433
2024-01-15 12:44:10.698,183.6283,67,183.6214,183.6352
2024-01-15 12:44:11.428,183.6613,209,183.647,183.6755
2024-01-15 12:44:11.992,183.7052,114,183.6895,183.7209
2024-01-15 12:44:12.558,183.7768,259,183.7695,183.784
2024-01-15 12:44:12.864,183.8384,233,183.8311,183.8456
2024-01-15 12:44:13.913,183.8197,113,183.8099,183.8294
2024-01-15 12:44:14.279,183.8408,44,183.8346,183.8469
2024-01-15 12:44:15.900,183.829,451,183.8108,183.8471
2024-01-15 12:44:16.237,183.8482,286,183.8327,183.8637
2024-01-15 12:44:17.006,183.9266,230,183.9104,183.9427
2024-01-15 12:44:17.798,183.9551,180,183.9397,183.9704
2024-01-15 12:44:18.418,183.9394,181,183.9296,183.9493
2024-01-15 12:44:22.339,183.9948,90,183.9815,184.0081
2024-01-15 12:44:26.292,183.9279,262,183.9169,183.9389
2024-01-15 12:44:26.565,183.9398,6,183.9274,183.9522
2024-01-15 12:44:26.769,183.9123,360,183.9049,183.9198
2024-01-15 12:44:29.334,183.8157,31,183.8033,183.8282
2024-01-15 12:44:29.717,183.8512,64,183.8451,183.8573
2024-01-15 12:44:31.549,183.8147,12,183.8054,183.824
2024-01-15 12:44:32.384,183.7093,292,183.6908,183.7278
2024-01-15 12:44:32.859,183.6619,50,183.6441,183.6796
2024-01-15 12:44:33.154,183.6537,49,183.645,183.6623
2024-01-15 12:44:41.036,183.7127,344,183.7007,183.7248
2024-01-15 12:44:43.451,183.5376,17,183.528,183.5472
2024-01-15 12:44:44.324,183.452,84,183.4326,183.4714
2024-01-15 12:44:47.526,183.4424,79,183.4228,183.4619
2024-01-15 12:44:48.176,183.3934,144,183.3876,183.3992
2024-01-15 12:44:49.572,183.5115,471,183.4979,183.5251
2024-01-15 12:44:52.131,183.5604,599,183.5485,183.5722
2024-01-15 12:44:52.549,183.5795,559,183.5672,183.5917
2024-01-15 12:44:53.048,183.6228,132,183.6117,183.6339
2024-01-15 12:44:55.465,183.566,59,183.5551,183.5769
2024-01-15 12:44:57.103,183.4937,336,183.4764,183.5111
2024-01-15 12:44:57.150,183.4807,260,183.4653,183.4961
2024-01-15 12:44:57.470,183.498,1,183.491,183.505
2024-01-15 12:44:58.282,183.4948,254,183.4839,183.5057
2024-01-15 12:44:59.372,183.5272,615,183.5216,183.5329
2024-01-15 12:44:59.628,183.4731,286,183.4553,183.4909
2024-01-15 12:45:01.890,183.6104,298,183.6041,183.6166
2024-01-15 12:45:02.636,183.6376,71,183.6276,183.6475
2024-01-15 12:45:02.652,183.6931,112,183.682,183.7041
2024-01-15 12:45:06.650,183.7271,12,183.7206,183.7335
2024-01-15 12:45:10.100,183.7675,5,183.7539,183.7812
2024-01-15 12:45:11.025,183.6738,53,183.6615,183.6862
2024-01-15 12:45:11.540,183.6581,211,183.6516,183.6645
2024-01-15 12:45:12.664,183.6411,576,183.6242,183.658
2024-01-15 12:45:14.397,183.6389,4,183.6191,183.6586
2024-01-15 12:45:15.852,183.5647,11,183.5484,183.581
2024-01-15 12:45:22.795,183.5429,145,183.5288,183.5569
2024-01-15 12:45:26.115,183.513,120,183.5032,183.5227
2024-01-15 12:45:27.206,183.3444,100,183.3356,183.3532
2024-01-15 12:45:29.279,183.2668,208,183.2525,183.2812
2024-01-15 12:45:32.550,183.184,806,183.1678,183.2003
2024-01-15 12:45:32.906,183.2215,70,183.2115,183.2314
2024-01-15 12:45:40.667,183.1491,368,183.1324,183.1659
2024-01-15 12:45:40.755,183.1785,145,183.1727,183.1843
2024-01-15 12:45:41.578,183.1801,687,183.1654,183.1948
2024-01-15 12:45:41.972,183.1526,53,183.1361,183.1691
2024-01-15 12:45:42.160,183.095,16,183.0879,183.1021
2024-01-15 12:45:44.031,183.1986,80,183.1901,183.2072
2024-01-15 12:45:44.160,183.2309,149,183.216,183.2458
2024-01-15 12:45:44.392,183.1531,150,183.1355,183.1708
2024-01-15 12:45:48.145,183.1317,268,183.1237,183.1397
2024-01-15 12:45:49.200,183.1037,5,183.0862,183.1212
2024-01-15 12:45:50.441,183.0743,112,183.063,183.0855
2024-01-15 12:45:50.650,183.1155,227,183.0998,183.1313
2024-01-15 12:45:51.572,183.1988,190,183.1838,183.2137
2024-01-15 12:45:51.813,183.175,221,183.1556,183.1944
2024-01-15 12:45:51.962,183.1221,650,183.1046,183.1396
2024-01-15 12:45:53.332,183.1837,283,183.1685,183.199
2024-01-15 12:45:53.376,183.2291,103,183.2127,183.2456
2024-01-15 12:45:58.305,183.1786,15,183.1649,183.1923
2024-01-15 12:45:58.389,183.1204,193,183.1088,183.132
2024-01-15 12:45:58.427,183.1105,502,183.0988,183.1221
2024-01-15 12:45:59.408,183.1007,323,183.0926,183.1089
2024-01-15 12:45:59.688,183.028,56,183.0102,183.0457
2024-01-15 12:46:00.802,183.0664,132,183.0548,183.0781
2024-01-15 12:46:04.326,182.9253,109,182.9118,182.9388
2024-01-15 12:46:06.684,182.907,371,182.8989,182.915
2024-01-15 12:46:09.606,182.9345,166,182.9255,182.9436
2024-01-15 12:46:13.586,182.9244,70,182.9172,182.9315
2024-01-15 12:46:13.590,183.0627,1,183.051,183.0744
2024-01-15 12:46:13.758,183.0517,260,183.0342,183.0692
2024-01-15 12:46:15.739,183.0383,107,183.0251,183.0515
2024-01-15 12:46:18.114,183.0972,899,183.0801,183.1143
2024-01-15 12:46:19.205,183.1001,3,183.093,183.1072
2024-01-15 12:46:20.903,183.1585,218,183.1473,183.1697
2024-01-15 12:46:24.347,183.1685,138,183.1578,183.1791
2024-01-15 12:46:27.629,183.1631,281,183.1492,183.1771
2024-01-15 12:46:27.930,183.3174,105,183.3094,183.3255
2024-01-15 12:46:28.220,183.3356,158,183.3288,183.3424
2024-01-15 12:46:28.522,183.2344,10,183.2232,183.2456
2024-01-15 12:46:29.266,183.2432,862,183.2371,183.2493
2024-01-15 12:46:34.533,183.3095,122,183.2986,183.3205
2024-01-15 12:46:41.365,183.3934,47,183.3799,183.4069
2024-01-15 12:46:41.393,183.34,46,183.3295,183.3505
2024-01-15 12:46:47.231,183.2777,334,183.2715,183.2838
2024-01-15 12:46:47.979,183.2612,712,183.2425,183.2799
2024-01-15 12:46:48.875,183.1957,48,183.185,183.2064
2024-01-15 12:46:49.880,183.2788,29,183.2718,183.2858
2024-01-15 12:46:49.903,183.348,58,183.3308,183.3653
2024-01-15 12:46:50.766,183.3502,64,183.3326,183.3678
2024-01-15 12:46:52.327,183.3447,118,183.3329,183.3564
2024-01-15 12:46:54.917,183.4658,275,183.4478,183.4839
2024-01-15 12:46:56.135,183.5027,333,183.4889,183.5164
2024-01-15 12:46:57.960,183.5085,11,183.5011,183.5158
2024-01-15 12:46:58.872,183.5103,619,183.5046,183.5159
2024-01-15 12:46:59.964,183.4333,29,183.4223,183.4442
2024-01-15 12:47:03.714,183.5816,205,183.5684,183.5947
2024-01-15 12:47:06.084,183.534,378,183.5159,183.552
2024-01-15 12:47:07.097,183.4892,66,183.4711,183.5072
2024-01-15 12:47:07.180,183.438,307,183.4277,183.4483
2024-01-15 12:47:09.291,183.46,39,183.4548,183.4653
2024-01-15 12:47:16.760,183.4928,37,183.4817,183.504
2024-01-15 12:47:18.661,183.3639,121,183.3464,183.3813
2024-01-15 12:47:18.879,183.3309,359,183.3115,183.3503
2024-01-15 12:47:20.344,183.3632,270,183.3432,183.3831
2024-01-15 12:47:21.778,183.3001,137,183.2886,183.3117
2024-01-15 12:47:23.366,183.3683,29,183.3537,183.3829
2024-01-15 12:47:23.957,183.3357,319,183.3176,183.3537
2024-01-15 12:47:28.727,183.3696,4,183.3511,183.388
2024-01-15 12:47:34.840,183.3791,375,183.364,183.3943
2024-01-15 12:47:40.815,183.4066,293,183.3904,183.4228
2024-01-15 12:47:41.839,183.2792,5,183.2635,183.295
2024-01-15 12:47:43.676,183.2541,39,183.248,183.2602
2024-01-15 12:47:45.078,183.2268,298,183.213,183.2406
2024-01-15 12:47:46.357,183.2304,277,183.2229,183.238
2024-01-15 12:47:47.053,183.2954,170,183.2837,183.3071
2024-01-15 12:47:50.658,183.357,88,183.3509,183.363
2024-01-15 12:47:53.202,183.2437,1,183.2313,183.2561
2024-01-15 12:47:55.078,183.2638,122,183.258,183.2696
2024-01-15 12:47:58.054,183.3434,1051,183.3337,183.3532
2024-01-15 12:47:58.238,183.1988,39,183.1836,183.214
2024-01-15 12:47:58.278,183.1442,391,183.1297,183.1586
2024-01-15 12:47:58.425,183.1159,80,183.1101,183.1217
2024-01-15 12:47:59.952,183.1252,76,183.1107,183.1396
2024-01-15 12:48:01.870,183.0876,29,183.0696,183.1055
2024-01-15 12:48:05.584,183.1174,94,183.1104,183.1244
2024-01-15 12:48:08.100,183.2264,86,183.209,183.2437
2024-01-15 12:48:09.523,183.15,174,183.1306,183.1695
2024-01-15 12:48:13.915,183.1182,236,183.1029,183.1336
2024-01-15 12:48:14.244,183.0643,169,183.0559,183.0727
2024-01-15 12:48:14.323,183.103,107,183.0912,183.1148
2024-01-15 12:48:14.384,183.074,271,183.0659,183.0821
2024-01-15 12:48:14.596,182.9906,110,182.9768,183.0043
2024-01-15 12:48:15.124,182.9799,544,182.9699,182.9899
2024-01-15 12:48:15.935,182.9673,92,182.9493,182.9852
2024-01-15 12:48:19.184,183.034,204,183.017,183.051
2024-01-15 12:48:21.071,183.0267,216,183.0198,183.0336
2024-01-15 12:48:22.249,182.9712,212,182.9615,182.9809
2024-01-15 12:48:22.287,182.9784,16,182.9593,182.9975
2024-01-15 12:48:23.484,183.0135,62,182.9942,183.0329
2024-01-15 12:48:27.040,183.0204,54,183.0124,183.0284
2024-01-15 12:48:29.220,183.056,404,183.0495,183.0624
2024-01-15 12:48:30.695,183.0361,378,183.018,183.0543
2024-01-15 12:48:34.204,183.038,460,183.0267,183.0494
2024-01-15 12:48:35.455,183.0239,376,183.0116,183.0362
2024-01-15 12:48:39.481,183.0377,58,183.0277,183.0477
2024-01-15 12:48:39.946,183.0999,724,183.0831,183.1167
2024-01-15 12:48:44.376,183.0399,360,183.0327,183.047
2024-01-15 12:48:45.699,183.0478,175,183.0318,183.0637
2024-01-15 12:48:46.830,183.0726,598,183.0546,183.0905
2024-01-15 12:48:49.023,183.1605,105,183.1453,183.1757
2024-01-15 12:48:49.490,183.224,20,183.2085,183.2394
2024-01-15 12:48:49.509,183.2024,92,183.1898,183.2149
2024-01-15 12:48:51.689,183.2085,179,183.1956,183.2214
2024-01-15 12:48:53.359,183.1662,340,183.1593,183.1732
2024-01-15 12:48:53.893,183.0942,60,183.0781,183.1102
2024-01-15 12:48:55.350,183.0221,124,183.0026,183.0416
2024-01-15 12:48:56.021,183.006,316,182.9917,183.0203
2024-01-15 12:48:58.514,183.0014,252,182.9881,183.0147
2024-01-15 12:49:03.632,182.9457,799,182.9299,182.9616
2024-01-15 12:49:03.874,182.9382,459,182.9191,182.9574
2024-01-15 12:49:05.244,182.8191,504,182.8023,182.8359
2024-01-15 12:49:05.377,182.8046,294,182.7916,182.8177
2024-01-15 12:49:06.682,182.831,42,182.8215,182.8406
2024-01-15 12:49:07.759,182.7637,274,182.7465,182.7808
2024-01-15 12:49:09.063,182.7255,609,182.716,182.7349
2024-01-15 12:49:09.934,182.8066,298,182.7993,182.814
2024-01-15 12:49:10.553,182.7929,545,182.7843,182.8014
2024-01-15 12:49:15.209,182.8274,270,182.8166,182.8381
2024-01-15 12:49:16.175,182.8155,454,182.8019,182.8291
2024-01-15 12:49:18.191,182.8482,223,182.8337,182.8628
2024-01-15 12:49:19.553,182.7853,90,182.7768,182.7938
2024-01-15 12:49:20.890,182.7746,71,182.7646,182.7847
2024-01-15 12:49:22.144,182.7369,2,182.725,182.7487
2024-01-15 12:49:23.483,182.7171,269,182.7101,182.7242
2024-01-15 12:49:25.646,182.8101,818,182.7929,182.8274
2024-01-15 12:49:26.635,182.7389,9,182.7252,182.7527
2024-01-15 12:49:27.315,182.7313,46,182.7244,182.7383
2024-01-15 12:49:27.478,182.7543,38,182.7348,182.7738
2024-01-15 12:49:29.230,182.7885,263,182.7832,182.7938
2024-01-15 12:49:30.620,182.8041,533,182.7912,182.8171
2024-01-15 12:49:31.487,182.7787,31,182.7675,182.7899
2024-01-15 12:49:34.970,182.8868,482,182.8804,182.8932
2024-01-15 12:49:35.786,182.8192,24,182.8038,182.8346
2024-01-15 12:49:37.232,182.871,115,182.8515,182.8905
2024-01-15 12:49:38.481,182.8565,150,182.8482,182.8648
2024-01-15 12:49:39.388,182.8059,399,182.7947,182.8171
2024-01-15 12:49:40.417,182.8834,12,182.8776,182.8892
2024-01-15 12:49:43.830,182.9682,181,182.9584,182.9779
2024-01-15 12:49:44.133,182.9219,138,182.913,182.9308
2024-01-15 12:49:48.394,182.9988,80,182.9805,183.0171
2024-01-15 12:49:48.916,183.0207,70,183.0037,183.0376
2024-01-15 12:49:49.317,183.0331,264,183.0278,183.0384
2024-01-15 12:49:51.628,182.9411,168,182.9231,182.9592
2024-01-15 12:49:54.627,182.9667,681,182.9601,182.9734
2024-01-15 12:49:59.902,182.8677,504,182.8497,182.8856
2024-01-15 12:50:00.198,182.8402,250,182.822,182.8583
2024-01-15 12:50:00.269,183.0347,191,183.0295,183.0399
2024-01-15 12:50:02.235,182.97,998,182.9597,182.9804
2024-01-15 12:50:06.126,182.9768,192,182.9689,182.9847
2024-01-15 12:50:06.817,183.0025,355,182.9967,183.0083
2024-01-15 12:50:07.874,182.9423,2,182.9276,182.957
2024-01-15 12:50:08.353,182.9459,21,182.937,182.9548
2024-01-15 12:50:09.020,182.9809,425,182.9643,182.9976
2024-01-15 12:50:14.716,183.0863,126,183.0789,183.0937
2024-01-15 12:50:15.326,183.0163,669,183.0088,183.0238
2024-01-15 12:50:18.722,183.1346,490,183.1219,183.1472
2024-01-15 12:50:22.862,183.14,183,183.1256,183.1545
2024-01-15 12:50:22.929,183.1441,41,183.1256,183.1626
2024-01-15 12:50:24.050,183.1997,834,183.1839,183.2155
2024-01-15 12:50:24.592,183.1627,222,183.1471,183.1783
2024-01-15 12:50:31.180,183.1549,46,183.1392,183.1706
2024-01-15 12:50:31.340,183.1269,297,183.1134,183.1403
2024-01-15 12:50:33.407,183.1179,155,183.1,183.1359
2024-01-15 12:50:37.328,183.0637,64,183.0555,183.0719
2024-01-15 12:50:37.998,183.0053,29,182.9858,183.0249
2024-01-15 12:50:38.616,182.9153,947,182.9025,182.9281
2024-01-15 12:50:39.567,182.9024,150,182.8895,182.9153
2024-01-15 12:50:39.821,182.9529,375,182.9467,182.9592
2024-01-15 12:50:39.896,183.0429,194,183.027,183.0587
2024-01-15 12:50:39.912,182.9952,316,182.9759,183.0145
2024-01-15 12:50:40.921,183.0283,95,183.0171,183.0394
2024-01-15 12:50:44.032,182.9926,40,182.9735,183.0117
2024-01-15 12:50:47.835,182.9255,14,182.9124,182.9385
2024-01-15 12:50:48.904,182.8741,524,182.8614,182.8869
2024-01-15 12:50:50.578,182.864,62,182.8506,182.8775
2024-01-15 12:50:51.658,182.8028,298,182.7915,182.814
2024-01-15 12:50:53.172,182.7895,113,182.7738,182.8051
2024-01-15 12:50:54.665,182.8048,234,182.7943,182.8152
2024-01-15 12:50:54.819,182.8284,293,182.818,182.8387
2024-01-15 12:50:56.272,182.7763,516,182.7602,182.7924
2024-01-15 12:50:56.814,182.7414,94,182.7265,182.7563
2024-01-15 12:50:57.163,182.7033,228,182.6917,182.7148
2024-01-15 12:50:59.550,182.7074,19,182.6973,182.7174
2024-01-15 12:51:03.418,182.602,84,182.5891,182.6149
2024-01-15 12:51:03.794,182.6398,640,182.6281,182.6515
2024-01-15 12:51:04.554,182.6284,427,182.6194,182.6375
2024-01-15 12:51:04.847,182.7654,93,182.7489,182.7819
2024-01-15 12:51:06.412,182.6628,115,182.6464,182.6792
2024-01-15 12:51:07.060,182.6162,39,182.604,182.6284
2024-01-15 12:51:08.023,182.6131,64,182.5956,182.6305
2024-01-15 12:51:08.028,182.6078,22,182.595,182.6206
2024-01-15 12:51:08.539,182.6076,222,182.5983,182.617
2024-01-15 12:51:12.679,182.6097,73,182.5944,182.6249
2024-01-15 12:51:18.415,182.6123,48,182.5992,182.6255
2024-01-15 12:51:19.323,182.5626,117,182.5443,182.5809
2024-01-15 12:51:19.595,182.5656,327,182.5605,182.5707
2024-01-15 12:51:20.794,182.4327,125,182.4222,182.4431
2024-01-15 12:51:23.552,182.5281,566,182.5201,182.5362
2024-01-15 12:51:23.818,182.5048,105,182.4909,182.5187
2024-01-15 12:51:24.537,182.3967,346,182.382,182.4114
2024-01-15 12:51:25.921,182.4558,457,182.446,182.4657
2024-01-15 12:51:26.868,182.4308,105,182.4151,182.4466
2024-01-15 12:51:30.214,182.409,51,182.3942,182.4237
2024-01-15 12:51:32.403,182.2855,106,182.2803,182.2908
2024-01-15 12:51:33.858,182.2074,205,182.1967,182.2181
2024-01-15 12:51:34.161,182.2326,23,182.2143,182.2508
2024-01-15 12:51:34.794,182.2386,3,182.2221,182.2551
2024-01-15 12:51:36.958,182.0998,318,182.0894,182.1103
2024-01-15 12:51:36.985,182.0941,38,182.078,182.1102
2024-01-15 12:51:37.086,181.9962,223,181.9827,182.0096
2024-01-15 12:51:38.675,181.8369,120,181.8232,181.8505
2024-01-15 12:51:39.101,181.8657,128,181.8522,181.8792
2024-01-15 12:51:40.301,181.9137,13,181.8997,181.9277
2024-01-15 12:51:41.080,181.9422,155,181.9259,181.9585
2024-01-15 12:51:41.873,181.9297,57,181.9191,181.9403
2024-01-15 12:51:42.075,182.0866,210,182.0785,182.0948
2024-01-15 12:51:43.627,182.2937,203,182.2836,182.3038
2024-01-15 12:51:45.557,182.2142,74,182.1975,182.2309
2024-01-15 12:51:46.888,182.1824,376,182.1635,182.2014
2024-01-15 12:51:47.655,182.2432,210,182.2297,182.2567
2024-01-15 12:51:52.381,182.2246,210,182.2105,182.2387
2024-01-15 12:51:54.386,182.3258,160,182.31,182.3417
2024-01-15 12:51:56.558,182.4117,21,182.4067,182.4168
2024-01-15 12:51:56.947,182.4004,81,182.392,182.4089
2024-01-15 12:51:57.401,182.3485,40,182.3414,182.3556
2024-01-15 12:51:57.705,182.5313,268,182.5177,182.545
2024-01-15 12:51:59.230,182.5271,214,182.513,182.5412
2024-01-15 12:52:01.455,182.5301,33,182.5119,182.5483
2024-01-15 12:52:03.892,182.4749,3,182.457,182.4927
2024-01-15 12:52:07.295,182.4519,333,182.4356,182.4681
2024-01-15 12:52:13.663,182.3688,68,182.3614,182.3761
2024-01-15 12:52:14.882,182.3468,50,182.3399,182.3538
2024-01-15 12:52:15.737,182.3367,1330,182.3175,182.3558
2024-01-15 12:52:27.421,182.2924,210,182.2853,182.2995
2024-01-15 12:52:27.727,182.3695,22,182.3564,182.3826
2024-01-15 12:52:28.310,182.3319,145,182.3219,182.3419
2024-01-15 12:52:29.323,182.32,18,182.3138,182.3263
2024-01-15 12:52:33.065,182.3904,209,182.3738,182.4069
2024-01-15 12:52:34.441,182.4479,75,182.4395,182.4564
2024-01-15 12:52:35.514,182.3405,202,182.326,182.3549
2024-01-15 12:52:38.623,182.3898,138,182.3754,182.4042
2024-01-15 12:52:40.898,182.418,236,182.4089,182.427
2024-01-15 12:52:41.513,182.3816,196,182.367,182.3962
2024-01-15 12:52:42.414,182.3745,31,182.3556,182.3933
2024-01-15 12:52:42.711,182.4009,63,182.3831,182.4186
2024-01-15 12:52:45.046,182.2903,463,182.2782,182.3024
2024-01-15 12:52:46.986,182.3887,971,182.3743,182.4032
2024-01-15 12:52:47.927,182.3007,701,182.293,182.3085
2024-01-15 12:52:48.103,182.3773,1021,182.3666,182.3881
2024-01-15 12:52:48.106,182.4095,613,182.3937,182.4253
2024-01-15 12:52:48.486,182.3559,11,182.34,182.3719
2024-01-15 12:52:56.457,182.3314,167,182.3135,182.3492
2024-01-15 12:52:56.599,182.3102,80,182.3032,182.3171
2024-01-15 12:53:03.690,182.3435,249,182.3249,182.3621
2024-01-15 12:53:05.191,182.3639,127,182.3461,182.3816
2024-01-15 12:53:06.506,182.2878,124,182.2691,182.3064
2024-01-15 12:53:06.878,182.308,64,182.2953,182.3208
2024-01-15 12:53:09.297,182.3456,33,182.328,182.3631
2024-01-15 12:53:09.513,182.358,76,182.3456,182.3705
2024-01-15 12:53:13.321,182.4299,245,182.42,182.4398
2024-01-15 12:53:14.560,182.5656,438,182.5512,182.58
2024-01-15 12:53:14.906,182.6195,260,182.6106,182.6285
2024-01-15 12:53:15.620,182.6322,60,182.6213,182.6431
2024-01-15 12:53:16.224,182.679,197,182.661,182.697
2024-01-15 12:53:16.292,182.7696,448,182.7636,182.7755
2024-01-15 12:53:16.645,182.7661,179,182.7475,182.7846
2024-01-15 12:53:16.786,182.704,104,182.6927,182.7154
2024-01-15 12:53:16.830,182.588,263,182.5769,182.599
2024-01-15 12:53:18.203,182.5579,69,182.5454,182.5704
2024-01-15 12:53:20.744,182.4881,32,182.4733,182.5029
2024-01-15 12:53:21.339,182.5909,136,182.5742,182.6076
2024-01-15 12:53:21.860,182.6743,26,182.6567,182.6918
2024-01-15 12:53:24.372,182.6428,338,182.6367,182.6488
2024-01-15 12:53:25.480,182.5584,322,182.5472,182.5697
2024-01-15 12:53:25.729,182.5156,114,182.4999,182.5312
2024-01-15 12:53:26.696,182.5389,117,182.5245,182.5532
2024-01-15 12:53:31.783,182.6357,101,182.6264,182.6449
2024-01-15 12:53:32.276,182.5993,474,182.5926,182.606
2024-01-15 12:53:32.552,182.6411,200,182.6355,182.6467
2024-01-15 12:53:32.898,182.6788,110,182.6662,182.6913
2024-01-15 12:53:40.075,182.7391,740,182.7249,182.7534
2024-01-15 12:53:40.909,182.7455,169,182.7278,182.7632
2024-01-15 12:53:46.190,182.6102,36,182.6018,182.6187
2024-01-15 12:53:48.894,182.6134,14,182.6069,182.6198
2024-01-15 12:53:49.046,182.5879,1,182.5823,182.5934
2024-01-15 12:53:49.688,182.5932,224,182.5788,182.6075
2024-01-15 12:53:51.420,182.6635,81,182.6529,182.674
2024-01-15 12:53:51.628,182.7313,388,182.7209,182.7417
2024-01-15 12:53:51.975,182.7614,229,182.7533,182.7694
2024-01-15 12:53:52.778,182.7119,373,182.6927,182.7311
2024-01-15 12:53:54.801,182.787,104,182.7817,182.7923
2024-01-15 12:53:55.549,182.6667,43,182.65,182.6834
2024-01-15 12:53:55.566,182.4999,62,182.4903,182.5095
2024-01-15 12:53:59.989,182.5015,53,182.4831,182.5199
2024-01-15 12:54:01.865,182.4448,230,182.4294,182.4603
2024-01-15 12:54:03.315,182.4008,449,182.3852,182.4164
2024-01-15 12:54:03.464,182.4231,168,182.4039,182.4423
2024-01-15 12:54:05.133,182.418,214,182.4125,182.4235
2024-01-15 12:54:06.536,182.3993,1049,182.3866,182.412
2024-01-15 12:54:08.194,182.4363,33,182.4303,182.4423
2024-01-15 12:54:08.379,182.3957,23,182.3833,182.4081
2024-01-15 12:54:10.143,182.4359,422,182.4184,182.4534
2024-01-15 12:54:11.310,182.3535,77,182.3377,182.3693
2024-01-15 12:54:11.898,182.3321,131,182.3234,182.3409
2024-01-15 12:54:13.697,182.2892,114,182.2799,182.2985
2024-01-15 12:54:14.569,182.2834,43,182.2641,182.3027
2024-01-15 12:54:17.080,182.2645,275,182.2482,182.2809
2024-01-15 12:54:18.097,182.2165,3,182.1969,182.2361
2024-01-15 12:54:27.674,182.2838,86,182.272,182.2957
2024-01-15 12:54:27.830,182.2178,598,182.1999,182.2357
2024-01-15 12:54:28.144,182.1144,38,182.0947,182.134
2024-01-15 12:54:28.150,182.104,151,182.0882,182.1198
2024-01-15 12:54:29.877,182.1068,44,182.0979,182.1158
2024-01-15 12:54:31.443,182.1267,170,182.1096,182.1437
2024-01-15 12:54:31.720,182.1914,351,182.1828,182.2
2024-01-15 12:54:33.838,182.1734,41,182.1583,182.1886
2024-01-15 12:54:37.333,182.1176,12,182.1086,182.1267
2024-01-15 12:54:37.660,182.0959,97,182.0799,182.1119
2024-01-15 12:54:39.859,182.0741,348,182.0684,182.0798
2024-01-15 12:54:40.991,182.1341,202,182.1286,182.1395
2024-01-15 12:54:45.939,182.1186,226,182.1109,182.1262
2024-01-15 12:54:47.316,182.0893,708,182.0752,182.1035
2024-01-15 12:54:47.694,182.0766,278,182.0643,182.0889
2024-01-15 12:54:49.596,182.0433,31,182.0372,182.0494
2024-01-15 12:54:50.677,182.0834,297,182.0725,182.0944
2024-01-15 12:54:51.479,182.1516,492,182.141,182.1622
2024-01-15 12:54:51.517,182.1197,66,182.1023,182.137
2024-01-15 12:54:51.711,182.1399,2,182.1216,182.1583
2024-01-15 12:54:55.152,182.1408,95,182.1303,182.1514
2024-01-15 12:54:57.997,182.1139,197,182.0964,182.1313
2024-01-15 12:54:58.527,182.1774,215,182.1647,182.1901
2024-01-15 12:55:00.690,182.1987,20,182.1805,182.2169
2024-01-15 12:55:01.186,182.1696,79,182.1548,182.1843
2024-01-15 12:55:05.267,182.2363,19,182.2214,182.2511
2024-01-15 12:55:05.673,182.3231,98,182.3051,182.3411
2024-01-15 12:55:08.852,182.3452,307,182.3396,182.3509
2024-01-15 12:55:09.487,182.2867,13,182.2788,182.2945
2024-01-15 12:55:10.621,182.3208,82,182.3141,182.3275
2024-01-15 12:55:10.819,182.1974,673,182.1875,182.2073
2024-01-15 12:55:12.512,182.2331,158,182.2227,182.2435
2024-01-15 12:55:13.328,182.2437,543,182.23,182.2573
2024-01-15 12:55:14.265,182.2735,95,182.255,182.292
2024-01-15 12:55:15.841,182.2165,67,182.2016,182.2314
2024-01-15 12:55:19.488,182.213,263,182.1955,182.2306
2024-01-15 12:55:21.199,182.0957,192,182.0876,182.1037
2024-01-15 12:55:22.799,182.1339,298,182.1149,182.1529
2024-01-15 12:55:24.105,182.0398,130,182.0339,182.0457
2024-01-15 12:55:24.153,181.9382,136,181.9295,181.9468
2024-01-15 12:55:24.568,181.9757,91,181.9665,181.9848
2024-01-15 12:55:25.331,181.8786,523,181.8679,181.8892
2024-01-15 12:55:26.729,181.9554,78,181.9372,181.9736
2024-01-15 12:55:29.787,181.9625,64,181.947,181.9779
2024-01-15 12:55:31.769,181.9266,253,181.9094,181.9438
2024-01-15 12:55:35.268,181.9385,89,181.9226,181.9545
2024-01-15 12:55:39.410,181.9441,159,181.9277,181.9605
2024-01-15 12:55:39.867,181.9014,550,181.8837,181.9191
2024-01-15 12:55:41.514,181.896,364,181.8864,181.9056
2024-01-15 12:55:43.435,181.8918,20,181.8771,181.9066
2024-01-15 12:55:45.943,181.879,57,181.8595,181.8985
2024-01-15 12:55:46.456,181.8198,487,181.8057,181.8338
2024-01-15 12:55:46.925,181.7426,83,181.7336,181.7516
2024-01-15 12:55:49.836,181.6895,243,181.6826,181.6963
2024-01-15 12:55:50.703,181.6463,39,181.6412,181.6515
2024-01-15 12:55:51.757,181.6883,101,181.6723,181.7042
2024-01-15 12:55:51.988,181.7097,58,181.6918,181.7276
2024-01-15 12:55:54.738,181.6767,235,181.6569,181.6965
2024-01-15 12:55:58.084,181.6673,514,181.6621,181.6725
2024-01-15 12:56:01.084,181.7752,395,181.7663,181.7841
2024-01-15 12:56:01.467,181.8193,736,181.8094,181.8293
2024-01-15 12:56:02.355,181.7737,528,181.7545,181.7929
2024-01-15 12:56:04.013,181.797,114,181.7917,181.8023
2024-01-15 12:56:04.618,181.6829,707,181.6739,181.6918
2024-01-15 12:56:10.417,181.7294,394,181.7134,181.7453
2024-01-15 12:56:12.406,181.6481,315,181.6318,181.6644
2024-01-15 12:56:12.658,181.6193,35,181.6064,181.6323
2024-01-15 12:56:13.765,181.6644,180,181.6565,181.6723
2024-01-15 12:56:15.378,181.6096,294,181.5991,181.6201
2024-01-15 12:56:16.429,181.5916,96,181.5762,181.6071
2024-01-15 12:56:17.113,181.5621,612,181.5533,181.5709
2024-01-15 12:56:18.349,181.4854,30,181.4681,181.5028
2024-01-15 12:56:18.520,181.4998,74,181.4888,181.5108
2024-01-15 12:56:19.596,181.4145,93,181.4055,181.4236
2024-01-15 12:56:20.123,181.3786,121,181.3597,181.3975
2024-01-15 12:56:21.336,181.3684,172,181.3615,181.3754
2024-01-15 12:56:23.629,181.3685,581,181.359,181.3779
2024-01-15 12:56:25.039,181.3305,337,181.3172,181.3437
2024-01-15 12:56:25.438,181.3839,273,181.3758,181.392
2024-01-15 12:56:28.671,181.1724,339,181.1539,181.1908
2024-01-15 12:56:28.748,181.1432,32,181.1329,181.1536
2024-01-15 12:56:29.433,181.1383,58,181.1287,181.1478
2024-01-15 12:56:29.463,181.1748,52,181.1663,181.1833
2024-01-15 12:56:29.707,181.141,110,181.125,181.157
2024-01-15 12:56:30.752,181.2103,339,181.1975,181.2232
2024-01-15 12:56:32.823,181.1595,225,181.141,181.1781
2024-01-15 12:56:33.938,181.0576,152,181.0437,181.0714
2024-01-15 12:56:35.320,181.0357,316,181.0301,181.0412
2024-01-15 12:56:37.192,181.0773,86,181.0677,181.0869
2024-01-15 12:56:42.464,181.0939,316,181.0856,181.1022
2024-01-15 12:56:42.831,181.168,69,181.1515,181.1846
2024-01-15 12:56:44.036,181.1271,52,181.1196,181.1346
2024-01-15 12:56:49.678,181.1362,207,181.1263,181.146
2024-01-15 12:56:49.936,181.2086,232,181.1982,181.219
2024-01-15 12:56:50.147,181.153,366,181.1475,181.1585
2024-01-15 12:56:54.503,181.1864,458,181.1679,181.205
2024-01-15 12:56:57.545,181.2466,70,181.241,181.2521
2024-01-15 12:56:58.023,181.2995,113,181.2922,181.3069
2024-01-15 12:57:00.858,181.397,100,181.3826,181.4114
2024-01-15 12:57:01.786,181.2722,275,181.2611,181.2834
2024-01-15 12:57:02.850,181.2208,351,181.2059,181.2356
2024-01-15 12:57:03.561,181.277,77,181.2714,181.2825
2024-01-15 12:57:04.341,181.3154,247,181.306,181.3249
2024-01-15 12:57:05.120,181.3642,258,181.3515,181.377
2024-01-15 12:57:10.064,181.2997,31,181.2936,181.3058
2024-01-15 12:57:10.789,181.2803,495,181.266,181.2946
2024-01-15 12:57:13.667,181.3207,36,181.3085,181.3329
2024-01-15 12:57:14.395,181.3728,337,181.3625,181.3831
2024-01-15 12:57:17.703,181.4312,203,181.4253,181.4371
2024-01-15 12:57:19.498,181.4072,248,181.3887,181.4257
2024-01-15 12:57:22.360,181.4361,131,181.4257,181.4464
2024-01-15 12:57:24.033,181.4748,177,181.4566,181.493
2024-01-15 12:57:24.248,181.4068,68,181.4008,181.4129
2024-01-15 12:57:24.692,181.4399,51,181.4346,181.4452
2024-01-15 12:57:24.793,181.4211,106,181.4034,181.4389
2024-01-15 12:57:26.250,181.4027,178,181.3913,181.4141
2024-01-15 12:57:27.955,181.5327,75,181.515,181.5504
2024-01-15 12:57:30.043,181.432,116,181.4254,181.4386
2024-01-15 12:57:30.401,181.3571,106,181.3446,181.3695
2024-01-15 12:57:31.680,181.4652,283,181.451,181.4793
2024-01-15 12:57:31.980,181.5344,114,181.5243,181.5445
2024-01-15 12:57:35.463,181.4331,128,181.4195,181.4466
2024-01-15 12:57:37.456,181.5235,194,181.5113,181.5357
2024-01-15 12:57:40.642,181.4131,85,181.3951,181.4311
2024-01-15 12:57:40.837,181.4645,81,181.4448,181.4842
2024-01-15 12:57:46.435,181.4559,370,181.4371,181.4746
2024-01-15 12:57:47.889,181.3326,657,181.313,181.3523
2024-01-15 12:57:48.849,181.2432,6,181.231,181.2555
2024-01-15 12:57:49.946,181.3244,43,181.3075,181.3413
2024-01-15 12:57:50.782,181.3279,206,181.3098,181.3459
2024-01-15 12:57:52.191,181.3322,264,181.3137,181.3506
2024-01-15 12:57:53.922,181.2626,163,181.2427,181.2825
2024-01-15 12:57:55.557,181.3006,277,181.2816,181.3197
2024-01-15 12:57:56.493,181.4005,132,181.3883,181.4128
2024-01-15 12:57:57.688,181.3626,459,181.346,181.3792
2024-01-15 12:57:57.779,181.462,255,181.4423,181.4816
2024-01-15 12:57:59.141,181.3754,214,181.3603,181.3906
2024-01-15 12:57:59.458,181.3732,460,181.3661,181.3803
2024-01-15 12:58:00.399,181.3106,90,181.3016,181.3196
2024-01-15 12:58:00.693,181.2447,145,181.2345,181.2549
2024-01-15 12:58:02.236,181.1868,357,181.1694,181.2041
2024-01-15 12:58:02.630,181.2656,396,181.2574,181.2737
2024-01-15 12:58:02.672,181.1719,435,181.1551,181.1887
2024-01-15 12:58:06.376,181.245,163,181.2297,181.2604
2024-01-15 12:58:06.781,181.2184,407,181.2117,181.225
2024-01-15 12:58:09.071,181.3176,3,181.3024,181.3329
2024-01-15 12:58:10.035,181.4476,317,181.4347,181.4605
2024-01-15 12:58:12.569,181.2901,56,181.2791,181.3011
2024-01-15 12:58:12.759,181.2486,37,181.2414,181.2559
2024-01-15 12:58:12.790,181.2758,24,181.2608,181.2908
2024-01-15 12:58:12.908,181.2666,54,181.2613,181.2719
2024-01-15 12:58:14.114,181.2079,450,181.2001,181.2157
2024-01-15 12:58:15.238,181.2906,12,181.2731,181.3081
2024-01-15 12:58:16.012,181.1613,61,181.1445,181.1781
2024-01-15 12:58:16.606,181.204,279,181.1845,181.2236
2024-01-15 12:58:18.537,181.1526,835,181.1381,181.1671
2024-01-15 12:58:20.386,181.2338,31,181.2169,181.2507
2024-01-15 12:58:21.340,181.1516,119,181.1388,181.1643
2024-01-15 12:58:23.344,181.1662,23,181.1538,181.1786
2024-01-15 12:58:28.289,181.1972,525,181.1915,181.2028
2024-01-15 12:58:28.831,181.1872,302,181.1778,181.1967
2024-01-15 12:58:30.634,181.1191,151,181.1022,181.136
2024-01-15 12:58:31.226,181.1899,253,181.1738,181.206
2024-01-15 12:58:32.091,181.1046,311,181.0926,181.1166
2024-01-15 12:58:32.469,181.0789,202,181.0635,181.0943
2024-01-15 12:58:37.837,180.9984,394,180.984,181.0129
2024-01-15 12:58:37.906,180.9926,274,180.9798,181.0053
2024-01-15 12:58:38.051,180.8423,112,180.8337,180.8509
2024-01-15 12:58:39.507,180.8518,304,180.8428,180.8609
2024-01-15 12:58:40.493,180.7528,28,180.7365,180.7692
2024-01-15 12:58:45.127,180.7859,41,180.7743,180.7975
2024-01-15 12:58:46.589,180.8482,687,180.8335,180.8628
2024-01-15 12:58:50.831,180.8751,18,180.8568,180.8933
2024-01-15 12:58:51.437,180.8605,100,180.8484,180.8725
2024-01-15 12:58:51.485,180.897,23,180.8844,180.9095
2024-01-15 12:58:51.857,180.9901,336,180.9817,180.9984
2024-01-15 12:58:52.951,181.0169,745,181.0076,181.0262
2024-01-15 12:58:59.068,181.0521,77,181.0345,181.0696
2024-01-15 12:59:01.178,180.9628,45,180.9477,180.9779
2024-01-15 12:59:03.458,180.9675,18,180.9537,180.9813
2024-01-15 12:59:05.232,181.0296,184,181.0224,181.0368
2024-01-15 12:59:07.498,181.0209,142,181.0121,181.0296
2024-01-15 12:59:10.291,181.0304,511,181.0235,181.0373
2024-01-15 12:59:13.340,181.1238,129,181.1123,181.1353
2024-01-15 12:59:13.472,181.1647,1,181.1538,181.1755
2024-01-15 12:59:13.646,181.2031,211,181.1844,181.2218
2024-01-15 12:59:13.810,181.208,272,181.1949,181.2212
2024-01-15 12:59:13.856,181.2278,121,181.2226,181.233
2024-01-15 12:59:18.970,181.2127,312,181.1967,181.2288
2024-01-15 12:59:20.543,181.1631,249,181.1485,181.1778
2024-01-15 12:59:21.535,181.0873,92,181.0699,181.1047
2024-01-15 12:59:21.894,180.9903,325,180.9761,181.0046
2024-01-15 12:59:22.492,180.9823,431,180.9772,180.9874
2024-01-15 12:59:23.406,181.0186,23,181.0088,181.0283
2024-01-15 12:59:29.124,181.0574,927,181.0498,181.0649
2024-01-15 12:59:29.817,181.0038,193,180.9899,181.0176
2024-01-15 12:59:30.261,181.0019,127,180.9916,181.0121
2024-01-15 12:59:33.250,181.0575,94,181.0432,181.0719
2024-01-15 12:59:34.310,181.0943,345,181.0794,181.1091
2024-01-15 12:59:35.898,181.0585,250,181.05,181.0669
2024-01-15 12:59:39.107,181.1019,117,181.085,181.1188
2024-01-15 12:59:41.839,181.1673,62,181.1509,181.1838
2024-01-15 12:59:46.221,181.169,69,181.1616,181.1764
2024-01-15 12:59:48.461,181.1481,49,181.1308,181.1654
2024-01-15 12:59:49.222,181.0959,466,181.0874,181.1045
2024-01-15 12:59:51.056,181.1168,47,181.1032,181.1303
2024-01-15 12:59:51.409,181.1419,462,181.1299,181.1539
2024-01-15 12:59:54.651,181.1328,139,181.1271,181.1384
2024-01-15 12:59:57.789,181.117,82,181.1055,181.1284
2024-01-15 13:00:00.998,181.1393,111,181.1308,181.1478
2024-01-15 13:00:01.673,181.097,42,181.086,181.108
2024-01-15 13:00:01.988,181.1374,18,181.1285,181.1463
2024-01-15 13:00:07.653,181.1611,88,181.1487,181.1735
2024-01-15 13:00:09.507,181.13,251,181.1227,181.1372
2024-01-15 13:00:11.582,181.0723,380,181.0563,181.0882
2024-01-15 13:00:11.629,181.0941,338,181.0858,181.1024
2024-01-15 13:00:12.056,181.0706,79,181.0617,181.0796
2024-01-15 13:00:15.020,181.0994,363,181.0836,181.1153
2024-01-15 13:00:15.033,181.078,174,181.0616,181.0945
2024-01-15 13:00:15.417,181.0933,194,181.0828,181.1038
2024-01-15 13:00:18.366,181.1381,37,181.1244,181.1518
2024-01-15 13:00:19.975,181.1353,154,181.1185,181.1521
2024-01-15 13:00:25.933,181.1742,118,181.1591,181.1893
2024-01-15 13:00:26.076,181.1463,149,181.1357,181.1569
2024-01-15 13:00:26.577,181.2289,36,181.2129,181.2449
2024-01-15 13:00:28.652,181.2137,143,181.1941,181.2333
2024-01-15 13:00:30.355,181.1642,482,181.1496,181.1789
2024-01-15 13:00:32.070,181.2916,75,181.2774,181.3058
2024-01-15 13:00:34.309,181.288,136,181.2771,181.2989
2024-01-15 13:00:35.429,181.2829,54,181.2681,181.2977
2024-01-15 13:00:35.742,181.262,311,181.2527,181.2713
2024-01-15 13:00:38.365,181.2815,40,181.2665,181.2966
2024-01-15 13:00:39.218,181.3415,247,181.3248,181.3583
2024-01-15 13:00:40.265,181.3528,167,181.3457,181.3599
2024-01-15 13:00:42.998,181.4034,88,181.3938,181.4131
2024-01-15 13:00:43.302,181.3795,62,181.3615,181.3975
2024-01-15 13:00:44.684,181.3563,423,181.3423,181.3702
2024-01-15 13:00:44.887,181.3946,53,181.375,181.4141
2024-01-15 13:00:47.888,181.4301,227,181.4131,181.4472
2024-01-15 13:00:48.254,181.5385,7,181.5237,181.5533
2024-01-15 13:00:49.231,181.6061,59,181.5993,181.6128
2024-01-15 13:00:53.034,181.5551,500,181.5483,181.5619
2024-01-15 13:00:54.020,181.4837,39,181.4699,181.4975
2024-01-15 13:00:54.721,181.4541,258,181.4457,181.4625
2024-01-15 13:00:56.616,181.4865,294,181.4668,181.5062
2024-01-15 13:00:58.248,181.4506,142,181.4421,181.4591
2024-01-15 13:00:59.973,181.5738,11,181.5597,181.588
2024-01-15 13:01:00.924,181.6244,276,181.6135,181.6352
2024-01-15 13:01:03.405,181.6941,240,181.6822,181.7059
2024-01-15 13:01:04.583,181.8147,59,181.7973,181.8321
2024-01-15 13:01:10.663,181.7842,177,181.7749,181.7934
2024-01-15 13:01:12.067,181.717,63,181.7117,181.7222
2024-01-15 13:01:12.256,181.8309,22,181.8239,181.8379
2024-01-15 13:01:12.337,181.8073,64,181.7955,181.8192
2024-01-15 13:01:13.930,181.7763,197,181.7678,181.7848
2024-01-15 13:01:14.059,181.7781,276,181.7646,181.7916
2024-01-15 13:01:17.337,181.8003,3,181.7866,181.814
2024-01-15 13:01:20.513,181.7847,25,181.7742,181.7952
2024-01-15 13:01:20.804,181.829,39,181.8126,181.8454
2024-01-15 13:01:24.793,181.9438,21,181.9313,181.9563
2024-01-15 13:01:24.857,181.9471,53,181.9321,181.9621
2024-01-15 13:01:29.329,181.8643,252,181.8483,181.8803
2024-01-15 13:01:31.544,181.9323,104,181.9177,181.947
2024-01-15 13:01:33.308,182.0435,4,182.0259,182.0612
2024-01-15 13:01:35.780,182.0574,179,182.0484,182.0663
2024-01-15 13:01:40.109,182.116,71,182.109,182.1229
2024-01-15 13:01:40.533,182.0929,177,182.0743,182.1115
2024-01-15 13:01:46.069,182.196,865,182.1873,182.2048
2024-01-15 13:01:48.465,182.1759,41,182.1696,182.1822
2024-01-15 13:01:49.520,182.2185,68,182.203,182.2339
2024-01-15 13:01:49.554,182.1496,57,182.1371,182.1622
2024-01-15 13:01:50.493,182.22,96,182.2032,182.2368
2024-01-15 13:01:53.197,182.1412,116,182.1251,182.1573
2024-01-15 13:01:53.675,182.2892,644,182.2745,182.3038
2024-01-15 13:01:54.743,182.165,376,182.1455,182.1846
2024-01-15 13:01:54.995,182.1651,140,182.1553,182.1749
2024-01-15 13:01:56.883,182.2312,24,182.2136,182.2489
2024-01-15 13:01:58.656,182.2105,258,182.1932,182.2278
2024-01-15 13:02:01.642,182.3218,91,182.3048,182.3388
2024-01-15 13:02:01.729,182.3425,13,182.3234,182.3616
2024-01-15 13:02:07.080,182.2953,99,182.2811,182.3095
2024-01-15 13:02:07.934,182.4063,72,182.3984,182.4141
2024-01-15 13:02:09.155,182.3971,41,182.3902,182.404
2024-01-15 13:02:17.050,182.4262,257,182.4109,182.4415
2024-01-15 13:02:17.434,182.4113,291,182.3963,182.4263
2024-01-15 13:02:19.781,182.4594,828,182.4424,182.4764
2024-01-15 13:02:19.923,182.4863,36,182.4693,182.5034
2024-01-15 13:02:25.512,182.4107,213,182.4024,182.4189
2024-01-15 13:02:28.163,182.3534,7,182.3429,182.3639
2024-01-15 13:02:30.444,182.3329,589,182.3151,182.3506
2024-01-15 13:02:31.850,182.357,107,182.3385,182.3755
2024-01-15 13:02:33.252,182.3456,94,182.3286,182.3627
2024-01-15 13:02:35.505,182.2316,274,182.2167,182.2464
2024-01-15 13:02:36.323,182.0918,17,182.0728,182.1108
2024-01-15 13:02:43.657,182.1728,252,182.1557,182.1898
2024-01-15 13:02:44.384,182.2325,255,182.2229,182.242
2024-01-15 13:02:45.634,182.2692,180,182.2511,182.2873
2024-01-15 13:02:46.272,182.3045,35,182.2907,182.3183
2024-01-15 13:02:48.582,182.3923,95,182.3798,182.4048
2024-01-15 13:02:49.918,182.4525,381,182.4432,182.4619
2024-01-15 13:02:50.062,182.4732,78,182.4541,182.4924
2024-01-15 13:02:52.311,182.3975,69,182.3837,182.4114
2024-01-15 13:02:54.428,182.3621,179,182.3446,182.3796
2024-01-15 13:02:54.622,182.3765,344,182.37,182.383
2024-01-15 13:02:56.132,182.4262,279,182.4109,182.4414
2024-01-15 13:02:58.148,182.3289,348,182.3133,182.3444
2024-01-15 13:03:03.385,182.3235,212,182.3112,182.3357
2024-01-15 13:03:05.259,182.2819,1078,182.2665,182.2973
2024-01-15 13:03:06.219,182.2354,35,182.2237,182.2471
2024-01-15 13:03:07.361,182.2995,28,182.2814,182.3175
2024-01-15 13:03:08.845,182.2537,575,182.2412,182.2662
2024-01-15 13:03:11.425,182.2399,489,182.2332,182.2466
2024-01-15 13:03:13.979,182.3222,102,182.3094,182.335
2024-01-15 13:03:14.617,182.356,259,182.346,182.3659
2024-01-15 13:03:18.841,182.2839,394,182.2778,182.29
2024-01-15 13:03:19.159,182.2846,244,182.2774,182.2918
2024-01-15 13:03:19.884,182.3867,245,182.3765,182.3968
2024-01-15 13:03:20.137,182.3408,36,182.3271,182.3545
2024-01-15 13:03:21.069,182.3146,105,182.301,182.3282
2024-01-15 13:03:23.028,182.3779,522,182.3671,182.3887
2024-01-15 13:03:24.696,182.4772,77,182.4595,182.495
2024-01-15 13:03:28.306,182.477,115,182.4614,182.4925
2024-01-15 13:03:29.180,182.6237,1134,182.6148,182.6326
2024-01-15 13:03:31.674,182.623,301,182.6106,182.6353
2024-01-15 13:03:31.779,182.6375,110,182.6179,182.657
2024-01-15 13:03:32.365,182.5897,87,182.5845,182.5949
2024-01-15 13:03:36.705,182.6648,189,182.6542,182.6754
2024-01-15 13:03:37.053,182.645,40,182.636,182.654
2024-01-15 13:03:37.463,182.7381,613,182.7231,182.7532
2024-01-15 13:03:39.827,182.6954,90,182.6865,182.7043
2024-01-15 13:03:41.212,182.6522,188,182.638,182.6664
2024-01-15 13:03:42.462,182.8091,136,182.8035,182.8147
2024-01-15 13:03:42.746,182.8534,44,182.8408,182.8659
2024-01-15 13:03:43.542,182.7944,9,182.7842,182.8045
2024-01-15 13:03:43.876,182.7793,371,182.7692,182.7894
2024-01-15 13:03:44.102,182.7924,318,182.785,182.7998
2024-01-15 13:03:45.134,182.8507,66,182.844,182.8574
2024-01-15 13:03:45.582,182.7134,292,182.6947,182.7321
2024-01-15 13:03:45.593,182.6367,19,182.6271,182.6463
2024-01-15 13:03:48.489,182.6296,49,182.6183,182.641
2024-01-15 13:03:49.077,182.6723,188,182.6624,182.6823
2024-01-15 13:03:52.593,182.5533,353,182.5364,182.5702
2024-01-15 13:03:52.754,182.5356,1,182.5291,182.542
2024-01-15 13:03:55.234,182.5238,822,182.5175,182.5301
2024-01-15 13:03:59.173,182.4796,156,182.4726,182.4867
2024-01-15 13:04:01.457,182.4931,80,182.4868,182.4993
2024-01-15 13:04:01.586,182.4276,413,182.4132,182.442
2024-01-15 13:04:02.003,182.4259,296,182.4194,182.4324
2024-01-15 13:04:04.100,182.3965,97,182.3852,182.4077
2024-01-15 13:04:09.615,182.3954,200,182.3763,182.4146
2024-01-15 13:04:10.308,182.4123,248,182.3953,182.4293
2024-01-15 13:04:11.569,182.3295,190,182.3102,182.3489
2024-01-15 13:04:12.729,182.3962,366,182.3787,182.4138
2024-01-15 13:04:12.895,182.4339,285,182.4205,182.4472
2024-01-15 13:04:15.119,182.4481,111,182.4282,182.468
2024-01-15 13:04:15.263,182.3289,7,182.3166,182.3412
2024-01-15 13:04:15.869,182.401,9,182.3941,182.408
2024-01-15 13:04:18.413,182.3881,791,182.376,182.4003
2024-01-15 13:04:20.594,182.2568,14,182.2383,182.2754
2024-01-15 13:04:20.820,182.3161,232,182.2999,182.3323
2024-01-15 13:04:22.001,182.3017,172,182.2879,182.3155
2024-01-15 13:04:22.709,182.3498,326,182.3314,182.3682
2024-01-15 13:04:23.383,182.3643,463,182.3489,182.3798
2024-01-15 13:04:24.926,182.3408,598,182.3285,182.3531
2024-01-15 13:04:27.922,182.4003,91,182.3839,182.4167
2024-01-15 13:04:28.352,182.3856,348,182.3779,182.3934
2024-01-15 13:04:28.720,182.4851,202,182.4719,182.4983
2024-01-15 13:04:30.762,182.5631,230,182.5544,182.5719
2024-01-15 13:04:31.935,182.5974,11,182.5831,182.6117
2024-01-15 13:04:32.082,182.6308,54,182.6257,182.6359
2024-01-15 13:04:35.731,182.5983,375,182.5847,182.6119
2024-01-15 13:04:39.719,182.5881,16,182.5728,182.6034
2024-01-15 13:04:41.045,182.6433,137,182.6322,182.6544
2024-01-15 13:04:44.129,182.664,191,182.6507,182.6772
2024-01-15 13:04:44.998,182.7291,158,182.7166,182.7416
2024-01-15 13:04:45.401,182.6685,23,182.6528,182.6841
2024-01-15 13:04:45.953,182.655,111,182.6468,182.6633
2024-01-15 13:04:46.472,182.6663,67,182.6477,182.6848
2024-01-15 13:04:46.713,182.7789,252,182.7657,182.7921
2024-01-15 13:04:47.233,182.7177,16,182.6992,182.7362
2024-01-15 13:04:48.839,182.7107,43,182.6921,182.7293
2024-01-15 13:04:52.233,182.7418,522,182.7231,182.7605
2024-01-15 13:04:52.722,182.7454,40,182.736,182.7548
2024-01-15 13:04:59.279,182.705,95,182.69,182.72
2024-01-15 13:05:02.516,182.6991,321,182.6919,182.7063
2024-01-15 13:05:02.802,182.5931,966,182.586,182.6002
2024-01-15 13:05:04.944,182.6005,189,182.5821,182.6188
2024-01-15 13:05:06.728,182.5937,539,182.5877,182.5996
2024-01-15 13:05:09.054,182.6426,255,182.6283,182.6569
2024-01-15 13:05:09.288,182.5927,151,182.576,182.6093
2024-01-15 13:05:10.080,182.6409,208,182.6264,182.6555
2024-01-15 13:05:11.090,182.5877,3,182.5719,182.6035
2024-01-15 13:05:12.278,182.6493,416,182.6331,182.6655
2024-01-15 13:05:16.221,182.6263,265,182.6108,182.6418
2024-01-15 13:05:16.417,182.6637,33,182.6511,182.6763
2024-01-15 13:05:17.122,182.5281,364,182.5094,182.5469
2024-01-15 13:05:18.898,182.6477,348,182.6412,182.6543
2024-01-15 13:05:19.772,182.5988,495,182.5853,182.6123
2024-01-15 13:05:20.916,182.5747,205,182.5574,182.5919
2024-01-15 13:05:23.085,182.5792,268,182.5691,182.5893
2024-01-15 13:05:23.999,182.5801,115,182.5672,182.593
2024-01-15 13:05:27.255,182.524,69,182.5112,182.5367
2024-01-15 13:05:27.706,182.6282,519,182.6159,182.6405
2024-01-15 13:05:29.462,182.532,763,182.5204,182.5436
2024-01-15 13:05:29.876,182.4061,346,182.3943,182.4179
2024-01-15 13:05:35.677,182.398,149,182.387,182.4089
2024-01-15 13:05:38.969,182.421,361,182.4111,182.431
2024-01-15 13:05:40.333,182.3663,424,182.3581,182.3744
2024-01-15 13:05:43.436,182.3632,169,182.3582,182.3683
2024-01-15 13:05:46.761,182.4818,132,182.4649,182.4987
2024-01-15 13:05:46.999,182.5779,317,182.5607,182.5952
2024-01-15 13:05:48.020,182.6298,18,182.6174,182.6421
2024-01-15 13:05:48.730,182.6334,397,182.6245,182.6424
2024-01-15 13:05:51.344,182.7563,247,182.7408,182.7718
2024-01-15 13:05:52.711,182.7332,15,182.7138,182.7526
2024-01-15 13:05:54.280,182.6674,650,182.6524,182.6824
2024-01-15 13:05:56.259,182.7642,141,182.753,182.7755
2024-01-15 13:05:58.376,182.7923,152,182.7839,182.8008
2024-01-15 13:05:59.347,182.8634,9,182.8555,182.8712
2024-01-15 13:06:01.419,182.9669,1223,182.9602,182.9736
2024-01-15 13:06:05.230,182.9325,191,182.9274,182.9376
2024-01-15 13:06:05.605,182.8887,39,182.8784,182.8991
2024-01-15 13:06:06.032,182.917,170,182.9054,182.9287
2024-01-15 13:06:08.822,182.8595,179,182.8412,182.8778
2024-01-15 13:06:13.871,182.8919,402,182.8778,182.9061
2024-01-15 13:06:14.776,182.8335,56,182.8145,182.8525
2024-01-15 13:06:21.748,182.8348,427,182.8174,182.8522
2024-01-15 13:06:21.934,182.7592,37,182.7538,182.7645
2024-01-15 13:06:22.741,182.7623,197,182.7482,182.7764
2024-01-15 13:06:24.332,182.8411,104,182.8343,182.8479
2024-01-15 13:06:25.814,182.8017,97,182.7847,182.8187
2024-01-15 13:06:26.373,182.7865,313,182.7691,182.8038
2024-01-15 13:06:27.338,182.8096,69,182.7931,182.8261
2024-01-15 13:06:29.360,182.7441,127,182.7297,182.7586
2024-01-15 13:06:33.302,182.6073,93,182.5962,182.6183
2024-01-15 13:06:35.944,182.5171,29,182.501,182.5332
2024-01-15 13:06:36.927,182.5857,197,182.5719,182.5995
2024-01-15 13:06:39.073,182.5908,6,182.5808,182.6008
2024-01-15 13:06:39.951,182.5894,145,182.584,182.5948
2024-01-15 13:06:41.760,182.5816,19,182.5632,182.6
2024-01-15 13:06:43.549,182.5965,97,182.5888,182.6042
2024-01-15 13:06:44.577,182.5197,399,182.5041,182.5353
2024-01-15 13:06:44.619,182.6326,2,182.617,182.6481
2024-01-15 13:06:49.188,182.5556,452,182.5412,182.57
2024-01-15 13:06:51.257,182.5525,12,182.5449,182.5601
2024-01-15 13:06:53.197,182.4419,225,182.4345,182.4493
2024-01-15 13:06:54.892,182.4779,66,182.4662,182.4896
2024-01-15 13:06:54.958,182.4227,63,182.4164,182.4291
2024-01-15 13:06:54.962,182.3342,525,182.3253,182.3431
2024-01-15 13:06:56.292,182.4254,240,182.4173,182.4334
2024-01-15 13:07:00.554,182.4315,109,182.4251,182.4378
2024-01-15 13:07:01.437,182.4784,4,182.4655,182.4913
2024-01-15 13:07:03.286,182.4754,779,182.4554,182.4953
2024-01-15 13:07:04.643,182.5097,157,182.4951,182.5242
2024-01-15 13:07:04.738,182.5748,106,182.5641,182.5856
2024-01-15 13:07:06.740,182.6613,18,182.6451,182.6776
2024-01-15 13:07:07.851,182.7319,155,182.7254,182.7384
2024-01-15 13:07:07.932,182.7249,214,182.7081,182.7416
2024-01-15 13:07:08.145,182.703,125,182.6915,182.7146
2024-01-15 13:07:08.722,182.6666,100,182.652,182.6811
2024-01-15 13:07:09.059,182.6108,157,182.5976,182.6239
2024-01-15 13:07:12.529,182.6696,455,182.6525,182.6868
2024-01-15 13:07:12.832,182.6324,480,182.6269,182.6378
2024-01-15 13:07:14.359,182.5762,112,182.5603,182.592
2024-01-15 13:07:14.778,182.5717,2,182.5553,182.5881
2024-01-15 13:07:17.138,182.5163,674,182.502,182.5307
2024-01-15 13:07:23.380,182.5746,231,182.5647,182.5844
2024-01-15 13:07:29.271,182.6722,158,182.6552,182.6891
2024-01-15 13:07:29.748,182.5999,115,182.5824,182.6175
2024-01-15 13:07:31.108,182.5634,75,182.5463,182.5806
2024-01-15 13:07:31.595,182.581,8,182.5722,182.5897
2024-01-15 13:07:32.469,182.6404,18,182.6221,182.6587
2024-01-15 13:07:32.767,182.6602,43,182.6448,182.6757
2024-01-15 13:07:32.822,182.7249,162,182.7176,182.7322
2024-01-15 13:07:34.241,182.6963,1,182.689,182.7036
2024-01-15 13:07:35.655,182.7165,80,182.6981,182.7349
2024-01-15 13:07:35.800,182.7448,18,182.7354,182.7542
2024-01-15 13:07:36.797,182.8376,376,182.8255,182.8498
2024-01-15 13:07:37.688,182.8749,800,182.8564,182.8934
2024-01-15 13:07:39.242,182.8702,406,182.8568,182.8837
2024-01-15 13:07:39.934,182.8622,147,182.8445,182.88
2024-01-15 13:07:40.735,182.8107,293,182.8045,182.8169
2024-01-15 13:07:41.512,182.8657,207,182.8528,182.8787
2024-01-15 13:07:41.694,182.8815,161,182.8751,182.888
2024-01-15 13:07:42.361,182.8243,16,182.8066,182.842
2024-01-15 13:07:42.645,182.8164,51,182.8078,182.825
2024-01-15 13:07:48.080,182.8828,47,182.8653,182.9003
2024-01-15 13:07:48.208,182.8323,455,182.816,182.8487
2024-01-15 13:07:48.480,182.7328,220,182.7215,182.7441
2024-01-15 13:07:48.522,182.7093,273,182.6897,182.7289
2024-01-15 13:07:48.669,182.8354,952,182.8251,182.8457
2024-01-15 13:07:51.429,182.9031,98,182.8841,182.922
2024-01-15 13:07:51.765,183.0316,238,183.0223,183.0408
2024-01-15 13:07:52.107,183.0232,15,183.0102,183.0362
2024-01-15 13:07:53.064,183.0454,17,183.0331,183.0576
2024-01-15 13:07:53.754,183.0873,140,183.0741,183.1005
2024-01-15 13:07:56.535,183.0909,1,183.0827,183.099
2024-01-15 13:07:59.443,183.0228,330,183.0147,183.0309
2024-01-15 13:08:01.700,183.0426,465,183.0369,183.0483
2024-01-15 13:08:03.084,183.0163,313,183.0026,183.0299
2024-01-15 13:08:03.423,183.0322,41,183.0236,183.0408
2024-01-15 13:08:04.923,183.105,21,183.0977,183.1124
2024-01-15 13:08:05.120,183.1146,27,183.1093,183.1199
2024-01-15 13:08:05.161,183.2009,8,183.1935,183.2084
2024-01-15 13:08:07.474,183.2084,51,183.1979,183.219
2024-01-15 13:08:07.572,183.2406,6,183.2207,183.2604
2024-01-15 13:08:09.651,183.2042,156,183.1938,183.2146
2024-01-15 13:08:11.003,183.1883,131,183.1723,183.2043
2024-01-15 13:08:12.118,183.2026,1199,183.1902,183.2151
2024-01-15 13:08:13.229,183.2115,277,183.2006,183.2225
2024-01-15 13:08:18.065,183.0822,67,183.0684,183.0959
2024-01-15 13:08:18.461,183.1784,225,183.1677,183.189
2024-01-15 13:08:19.005,183.1904,144,183.178,183.2029
2024-01-15 13:08:19.822,183.2119,21,183.1929,183.2309
2024-01-15 13:08:23.399,183.1896,502,183.1807,183.1984
2024-01-15 13:08:27.493,183.209,102,183.1937,183.2243
2024-01-15 13:08:27.719,183.1246,100,183.1094,183.1398
2024-01-15 13:08:29.091,183.0739,48,183.0588,183.0889
2024-01-15 13:08:29.460,183.0009,84,182.9927,183.0091
2024-01-15 13:08:32.612,182.8826,649,182.8646,182.9005
2024-01-15 13:08:33.178,183.0013,347,182.9825,183.0201
2024-01-15 13:08:33.655,183.0504,122,183.0347,183.0661
2024-01-15 13:08:39.782,183.0735,311,183.0556,183.0913
2024-01-15 13:08:42.591,182.9965,388,182.9819,183.0111
2024-01-15 13:08:42.941,183.015,164,182.999,183.031
2024-01-15 13:08:43.346,182.9989,437,182.9873,183.0105
2024-01-15 13:08:43.520,183.0426,56,183.0241,183.0612
2024-01-15 13:08:47.024,183.0145,48,183.0012,183.0278
2024-01-15 13:08:48.583,183.0171,125,183.0102,183.0241
2024-01-15 13:08:49.221,182.8915,145,182.8747,182.9082
2024-01-15 13:08:49.404,182.821,64,182.8102,182.8318
2024-01-15 13:08:53.038,182.8247,393,182.8123,182.8371
2024-01-15 13:08:54.384,182.8564,168,182.8422,182.8706
2024-01-15 13:08:55.602,182.7209,348,182.7139,182.7278
2024-01-15 13:08:59.112,182.6687,299,182.6604,182.677
2024-01-15 13:08:59.675,182.7439,556,182.7328,182.755
2024-01-15 13:08:59.699,182.7653,466,182.76,182.7706
2024-01-15 13:09:00.999,182.8916,578,182.8827,182.9004
2024-01-15 13:09:03.061,183.0052,773,182.9892,183.0212
2024-01-15 13:09:07.533,183.0681,154,183.0489,183.0873
2024-01-15 13:09:08.004,183.1108,415,183.1049,183.1167
2024-01-15 13:09:08.496,183.102,48,183.0905,183.1135
2024-01-15 13:09:11.225,183.0092,35,182.9982,183.0202
2024-01-15 13:09:14.147,183.0567,328,183.0391,183.0743
2024-01-15 13:09:15.247,183.1613,47,183.1467,183.1759
2024-01-15 13:09:16.085,183.1066,323,183.0886,183.1247
2024-01-15 13:09:18.477,183.104,200,183.0906,183.1173
2024-01-15 13:09:18.685,183.1266,3,183.1112,183.142
2024-01-15 13:09:19.596,183.1401,321,183.1244,183.1558
2024-01-15 13:09:20.083,183.1344,176,183.1272,183.1415
2024-01-15 13:09:20.296,183.091,9,183.0818,183.1003
2024-01-15 13:09:21.414,183.0078,97,182.9937,183.0218
2024-01-15 13:09:23.249,183.0332,254,183.022,183.0444
2024-01-15 13:09:24.339,183.0121,508,182.9947,183.0295
2024-01-15 13:09:28.510,182.9511,3,182.9416,182.9606
2024-01-15 13:09:30.177,182.973,44,182.9537,182.9923
2024-01-15 13:09:30.660,183.0213,370,183.0161,183.0264
2024-01-15 13:09:33.531,182.9395,230,182.9202,182.9588
2024-01-15 13:09:35.919,182.9209,70,182.907,182.9348
2024-01-15 13:09:36.814,182.9283,277,182.9109,182.9456
2024-01-15 13:09:37.779,182.8636,55,182.8544,182.8728
2024-01-15 13:09:44.786,182.9303,141,182.9212,182.9394
2024-01-15 13:09:46.945,183.0181,80,183.0069,183.0294
2024-01-15 13:09:48.812,183.0556,158,183.0482,183.063
2024-01-15 13:09:49.745,183.1098,429,183.0917,183.1279
2024-01-15 13:09:51.264,183.0718,550,183.0667,183.0769
2024-01-15 13:09:51.662,182.9849,380,182.9727,182.9971
2024-01-15 13:09:54.327,182.9573,264,182.9423,182.9722
2024-01-15 13:09:55.100,182.8832,196,182.8768,182.8896
2024-01-15 13:09:56.666,182.9044,249,182.8887,182.9201
2024-01-15 13:09:58.213,182.9392,333,182.9327,182.9458
2024-01-15 13:10:03.204,182.9093,687,182.9036,182.9149
2024-01-15 13:10:04.090,182.8891,163,182.8835,182.8947
2024-01-15 13:10:09.795,182.7975,12,182.7793,182.8157
2024-01-15 13:10:10.320,182.6787,1,182.6658,182.6915
2024-01-15 13:10:11.136,182.612,121,182.6011,182.6229
2024-01-15 13:10:13.860,182.6518,358,182.6427,182.6609
2024-01-15 13:10:14.662,182.6304,111,182.621,182.6399
2024-01-15 13:10:17.192,182.6456,25,182.6293,182.662
2024-01-15 13:10:21.015,182.6081,109,182.5944,182.6218
2024-01-15 13:10:23.219,182.5818,158,182.5714,182.5923
2024-01-15 13:10:23.853,182.6894,109,182.6756,182.7033
2024-01-15 13:10:25.479,182.7528,49,182.7383,182.7674
2024-01-15 13:10:25.873,182.8111,11,182.8042,182.8181
2024-01-15 13:10:26.756,182.858,208,182.842,182.874
2024-01-15 13:10:27.724,182.8898,194,182.8754,182.9042
2024-01-15 13:10:29.535,182.9505,998,182.9368,182.9642
2024-01-15 13:10:29.549,183.0371,293,183.0251,183.0491
2024-01-15 13:10:30.165,183.1273,163,183.1112,183.1434
2024-01-15 13:10:30.586,183.0044,363,182.9868,183.022
2024-01-15 13:10:31.797,182.9065,176,182.9006,182.9124
2024-01-15 13:10:36.799,182.9438,27,182.9269,182.9607
2024-01-15 13:10:41.328,182.9937,174,182.9746,183.0127
2024-01-15 13:10:44.726,182.9778,288,182.966,182.9896
2024-01-15 13:10:45.398,183.0327,142,183.0129,183.0526
2024-01-15 13:10:48.113,183.0574,32,183.0496,183.0652
2024-01-15 13:10:51.283,183.0203,152,183.0127,183.0279
2024-01-15 13:10:55.517,182.9112,101,182.8936,182.9288
2024-01-15 13:10:56.883,182.9033,275,182.8944,182.9122
2024-01-15 13:10:57.144,182.8331,135,182.8138,182.8524
2024-01-15 13:10:57.713,182.7923,388,182.7725,182.812
2024-01-15 13:10:58.441,182.7828,905,182.7707,182.795
2024-01-15 13:10:59.826,182.6417,40,182.631,182.6524
2024-01-15 13:11:04.892,182.6363,583,182.617,182.6556
2024-01-15 13:11:07.783,182.6224,79,182.6043,182.6406
2024-01-15 13:11:09.044,182.5924,24,182.5871,182.5978
2024-01-15 13:11:10.040,182.6354,271,182.627,182.6439
2024-01-15 13:11:10.337,182.7406,48,182.7273,182.754
2024-01-15 13:11:13.058,182.7756,71,182.7687,182.7825
2024-01-15 13:11:14.200,182.7008,3,182.6886,182.713
2024-01-15 13:11:16.699,182.7123,44,182.6976,182.727
2024-01-15 13:11:17.708,182.6898,33,182.6832,182.6965
2024-01-15 13:11:18.471,182.5466,55,182.536,182.5571
2024-01-15 13:11:20.536,182.4903,169,182.4792,182.5013
2024-01-15 13:11:20.814,182.4524,250,182.4338,182.4709
2024-01-15 13:11:20.843,182.3645,41,182.3447,182.3843
2024-01-15 13:11:24.363,182.3253,30,182.3113,182.3394
2024-01-15 13:11:25.469,182.284,58,182.2651,182.3029
2024-01-15 13:11:26.634,182.3345,206,182.3285,182.3404
2024-01-15 13:11:27.817,182.4049,198,182.3909,182.419
2024-01-15 13:11:29.629,182.5189,403,182.5073,182.5304
2024-01-15 13:11:33.398,182.5739,317,182.5685,182.5794
2024-01-15 13:11:33.554,182.5996,194,182.5866,182.6126
2024-01-15 13:11:36.153,182.6095,165,182.5975,182.6214
2024-01-15 13:11:36.738,182.6462,414,182.6411,182.6512
2024-01-15 13:11:38.136,182.6036,140,182.5836,182.6235
2024-01-15 13:11:39.867,182.7186,79,182.7128,182.7244
2024-01-15 13:11:40.010,182.5942,374,182.5824,182.606
2024-01-15 13:11:42.332,182.5481,312,182.5419,182.5543
2024-01-15 13:11:42.575,182.5875,173,182.5779,182.5971
2024-01-15 13:11:43.837,182.624,195,182.6055,182.6425
2024-01-15 13:11:44.098,182.6164,13,182.606,182.6268
2024-01-15 13:11:46.858,182.6967,21,182.686,182.7075
2024-01-15 13:11:47.266,182.6977,234,182.6806,182.7147
2024-01-15 13:11:48.234,182.6924,185,182.6796,182.7053
2024-01-15 13:11:49.898,182.8082,46,182.7943,182.8222
2024-01-15 13:11:54.657,182.8243,96,182.8058,182.8428
2024-01-15 13:11:55.673,182.7938,73,182.7764,182.8113
2024-01-15 13:11:59.517,182.8801,422,182.8729,182.8872
2024-01-15 13:12:01.372,182.8286,1,182.8123,182.8449
2024-01-15 13:12:03.980,182.8796,171,182.8598,182.8994
2024-01-15 13:12:04.372,182.8816,326,182.8705,182.8928
2024-01-15 13:12:05.025,182.7992,310,182.7846,182.8139
2024-01-15 13:12:05.184,182.9297,252,182.9188,182.9406
2024-01-15 13:12:09.390,182.8712,92,182.8633,182.8792
2024-01-15 13:12:10.979,182.8096,911,182.7949,182.8242
2024-01-15 13:12:11.767,182.8275,489,182.8083,182.8467
2024-01-15 13:12:11.856,182.884,151,182.8785,182.8895
2024-01-15 13:12:14.155,182.8501,36,182.8441,182.856
2024-01-15 13:12:16.539,182.9636,104,182.9517,182.9754
2024-01-15 13:12:16.999,182.8921,423,182.8732,182.9111
2024-01-15 13:12:17.050,182.8453,295,182.8254,182.8652
2024-01-15 13:12:18.878,182.9158,237,182.9033,182.9282
2024-01-15 13:12:20.234,182.8474,124,182.8349,182.8598
2024-01-15 13:12:24.995,182.9401,270,182.9333,182.947
2024-01-15 13:12:25.342,182.9297,151,182.9176,182.9418
2024-01-15 13:12:25.583,182.9115,365,182.9002,182.9229
2024-01-15 13:12:26.656,182.8932,12,182.8755,182.9109
2024-01-15 13:12:27.177,182.9479,12,182.9292,182.9666
2024-01-15 13:12:27.553,182.9827,132,182.9752,182.9902
2024-01-15 13:12:28.456,182.9853,799,182.9662,183.0045
2024-01-15 13:12:29.066,183.125,172,183.1121,183.138
2024-01-15 13:12:31.836,183.1165,49,183.1047,183.1284
2024-01-15 13:12:32.139,183.0841,746,183.0717,183.0965
2024-01-15 13:12:32.540,183.0438,107,183.024,183.0636
2024-01-15 13:12:33.409,183.1271,6,183.1098,183.1444
2024-01-15 13:12:34.485,183.1431,405,183.1312,183.1549
2024-01-15 13:12:38.325,183.1588,754,183.1406,183.1769
2024-01-15 13:12:39.853,183.1771,153,183.1592,183.195
2024-01-15 13:12:40.775,183.2472,19,183.2382,183.2562
2024-01-15 13:12:40.886,183.2133,1016,183.2022,183.2244
2024-01-15 13:12:41.306,183.2146,1112,183.2001,183.229
2024-01-15 13:12:41.537,183.2138,611,183.1985,183.229
2024-01-15 13:12:42.088,183.2417,139,183.2285,183.2549
2024-01-15 13:12:42.737,183.2375,174,183.2186,183.2563
2024-01-15 13:12:45.131,183.2446,83,183.2276,183.2616
2024-01-15 13:12:47.359,183.2931,217,183.2776,183.3086
2024-01-15 13:12:49.064,183.4145,255,183.4089,183.4201
2024-01-15 13:12:49.752,183.3619,34,183.3426,183.3812
2024-01-15 13:12:52.502,183.3933,378,183.3833,183.4032
2024-01-15 13:12:55.093,183.4013,13,183.3823,183.4203
2024-01-15 13:12:56.662,183.39,106,183.3719,183.4081
2024-01-15 13:12:57.063,183.4129,78,183.4037,183.4221
2024-01-15 13:12:57.704,183.4036,485,183.3925,183.4146
2024-01-15 13:12:58.362,183.353,408,183.3405,183.3656
2024-01-15 13:13:00.416,183.3467,213,183.339,183.3545
2024-01-15 13:13:00.958,183.27,301,183.2512,183.2889
2024-01-15 13:13:00.965,183.2744,446,183.2549,183.294
2024-01-15 13:13:03.366,183.2538,184,183.2358,183.2717
2024-01-15 13:13:05.302,183.0726,89,183.0609,183.0843
2024-01-15 13:13:09.029,183.0541,207,183.036,183.0721
2024-01-15 13:13:11.097,183.0894,65,183.082,183.0967
2024-01-15 13:13:11.111,183.1719,19,183.1657,183.1781
2024-01-15 13:13:12.717,183.1903,260,183.1795,183.2011
2024-01-15 13:13:14.221,183.121,169,183.1129,183.129
2024-01-15 13:13:15.854,183.1686,74,183.151,183.1862
2024-01-15 13:13:17.577,183.1991,471,183.1936,183.2046
2024-01-15 13:13:19.777,183.2711,408,183.2526,183.2896
2024-01-15 13:13:21.631,183.285,216,183.2719,183.2981
2024-01-15 13:13:22.372,183.2576,257,183.2523,183.2629
2024-01-15 13:13:22.553,183.3202,162,183.3006,183.3398
2024-01-15 13:13:23.076,183.2358,309,183.2212,183.2505
2024-01-15 13:13:23.914,183.2621,1,183.2432,183.281
2024-01-15 13:13:24.703,183.2155,133,183.2078,183.2232
2024-01-15 13:13:26.175,183.187,225,183.1712,183.2028
2024-01-15 13:13:26.301,183.225,136,183.2131,183.2369
2024-01-15 13:13:27.835,183.2278,161,183.2127,183.2428
2024-01-15 13:13:28.390,183.2891,97,183.2782,183.2999
2024-01-15 13:13:28.428,183.1591,85,183.1499,183.1683
2024-01-15 13:13:29.617,183.1249,120,183.1079,183.1418
2024-01-15 13:13:31.392,183.1712,696,183.1657,183.1766
2024-01-15 13:13:32.860,183.1795,198,183.1716,183.1875
2024-01-15 13:13:33.099,183.2195,224,183.2046,183.2343
2024-01-15 13:13:34.345,183.2174,522,183.2072,183.2277
2024-01-15 13:13:35.668,183.3195,5,183.3002,183.3389
2024-01-15 13:13:36.774,183.2823,31,183.2765,183.288
2024-01-15 13:13:37.906,183.2493,420,183.2307,183.2678
2024-01-15 13:13:38.068,183.2258,396,183.2086,183.2429
2024-01-15 13:13:38.239,183.3043,204,183.2899,183.3187
2024-01-15 13:13:40.787,183.3352,57,183.3251,183.3454
2024-01-15 13:13:43.406,183.2417,219,183.2352,183.2482
2024-01-15 13:13:43.762,183.223,29,183.2113,183.2348
2024-01-15 13:13:44.910,183.1785,475,183.1734,183.1835
2024-01-15 13:13:45.106,183.1903,307,183.1805,183.2002
2024-01-15 13:13:45.809,183.1758,148,183.1661,183.1856
2024-01-15 13:13:45.971,183.2374,366,183.2213,183.2535
2024-01-15 13:13:48.203,183.2093,1,183.2025,183.2161
2024-01-15 13:13:48.945,183.2087,47,183.1932,183.2242
2024-01-15 13:13:51.157,183.1946,206,183.1853,183.204
2024-01-15 13:13:54.330,183.1589,538,183.1451,183.1727
2024-01-15 13:13:58.800,183.1995,80,183.1837,183.2153
2024-01-15 13:13:59.850,183.1612,280,183.1424,183.18
2024-01-15 13:14:00.354,183.0729,14,183.0567,183.0892
2024-01-15 13:14:01.288,183.0922,64,183.0777,183.1066
2024-01-15 13:14:07.214,183.1547,288,183.1437,183.1658
2024-01-15 13:14:07.371,183.1833,55,183.1721,183.1946
2024-01-15 13:14:07.768,183.1882,92,183.1743,183.2021
2024-01-15 13:14:07.987,183.198,485,183.1788,183.2171
2024-01-15 13:14:10.346,183.2693,174,183.2498,183.2887
2024-01-15 13:14:12.203,183.2613,515,183.2453,183.2773
2024-01-15 13:14:13.950,183.3011,283,183.2851,183.3171
2024-01-15 13:14:14.634,183.3476,20,183.3346,183.3605
2024-01-15 13:14:17.294,183.2526,36,183.2402,183.265
2024-01-15 13:14:23.892,183.171,270,183.1576,183.1845
2024-01-15 13:14:26.827,183.1989,43,183.1865,183.2112
2024-01-15 13:14:31.297,183.2041,100,183.191,183.2172
2024-01-15 13:14:32.130,183.1931,199,183.1856,183.2006
2024-01-15 13:14:32.437,183.1736,298,183.1666,183.1806
2024-01-15 13:14:33.281,183.0404,152,183.0284,183.0525
2024-01-15 13:14:34.461,183.004,53,182.9906,183.0175
2024-01-15 13:14:39.173,182.8925,93,182.8865,182.8986
2024-01-15 13:14:40.180,182.7754,187,182.7563,182.7944
2024-01-15 13:14:43.612,182.8579,31,182.847,182.8689
2024-01-15 13:14:45.327,182.8101,22,182.7931,182.827
2024-01-15 13:14:48.113,182.8535,103,182.8447,182.8624
2024-01-15 13:14:48.236,182.8145,13,182.8031,182.8259
2024-01-15 13:14:50.140,182.7326,18,182.7226,182.7425
2024-01-15 13:14:54.468,182.7601,2,182.752,182.7681
2024-01-15 13:14:56.219,182.6857,178,182.6674,182.704
2024-01-15 13:14:57.292,182.6406,12,182.6226,182.6586
2024-01-15 13:15:00.175,182.6224,334,182.6092,182.6356
2024-01-15 13:15:02.514,182.4498,24,182.4387,182.4608
2024-01-15 13:15:11.060,182.3238,378,182.308,182.3396
2024-01-15 13:15:12.563,182.2031,166,182.1977,182.2085
2024-01-15 13:15:13.540,182.3501,182,182.3358,182.3644
2024-01-15 13:15:15.316,182.3662,5,182.3526,182.3798
2024-01-15 13:15:17.063,182.396,275,182.378,182.414
2024-01-15 13:15:17.987,182.4576,457,182.4395,182.4757
2024-01-15 13:15:18.353,182.5239,25,182.5085,182.5393
2024-01-15 13:15:18.920,182.4282,301,182.4206,182.4357
2024-01-15 13:15:20.626,182.4813,427,182.4682,182.4944
2024-01-15 13:15:21.444,182.4903,84,182.4782,182.5025
2024-01-15 13:15:21.889,182.4202,216,182.4015,182.4389
2024-01-15 13:15:22.738,182.4221,470,182.4144,182.4298
2024-01-15 13:15:29.033,182.4199,261,182.4103,182.4296
2024-01-15 13:15:29.907,182.4425,265,182.4325,182.4526
2024-01-15 13:15:32.992,182.4247,2,182.4153,182.4341
2024-01-15 13:15:34.646,182.4221,194,182.4162,182.4281
2024-01-15 13:15:36.750,182.4624,261,182.4501,182.4748
2024-01-15 13:15:39.352,182.4746,148,182.4671,182.4822
2024-01-15 13:15:39.505,182.5217,441,182.5068,182.5365
2024-01-15 13:15:39.711,182.598,80,182.5888,182.6072
2024-01-15 13:15:41.275,182.7288,92,182.7205,182.7371
2024-01-15 13:15:41.389,182.8634,5,182.8508,182.876
2024-01-15 13:15:43.064,182.8069,343,182.7932,182.8206
2024-01-15 13:15:43.734,182.7137,66,182.7011,182.7264
2024-01-15 13:15:45.284,182.64,123,182.6252,182.6547
2024-01-15 13:15:46.472,182.6437,10,182.6242,182.6632
2024-01-15 13:15:48.561,182.7053,745,182.6943,182.7162
2024-01-15 13:15:48.615,182.696,18,182.6835,182.7085
2024-01-15 13:15:48.711,182.6747,686,182.6642,182.6852
2024-01-15 13:15:49.046,182.7803,71,182.7744,182.7862
2024-01-15 13:15:50.292,182.8254,118,182.8059,182.8449
2024-01-15 13:15:52.890,182.8729,497,182.8671,182.8788
2024-01-15 13:15:53.401,182.8825,361,182.875,182.8901
2024-01-15 13:15:54.404,182.8735,52,182.8634,182.8836
2024-01-15 13:15:54.509,182.9236,14,182.9082,182.939
2024-01-15 13:15:56.740,182.9712,26,182.9581,182.9843
2024-01-15 13:15:59.289,183.0376,8,183.0302,183.045
2024-01-15 13:16:00.908,183.0184,175,183.0053,183.0315
2024-01-15 13:16:01.316,183.0798,100,183.0676,183.0921
2024-01-15 13:16:01.924,182.9455,193,182.9379,182.9532
2024-01-15 13:16:06.705,182.9483,169,182.9307,182.9659
2024-01-15 13:16:07.038,182.9988,463,182.9889,183.0088
2024-01-15 13:16:07.916,182.926,54,182.9094,182.9426
2024-01-15 13:16:09.121,183.0668,280,183.057,183.0766
2024-01-15 13:16:14.545,183.1364,58,183.117,183.1557
2024-01-15 13:16:16.345,183.2335,304,183.2148,183.2521
2024-01-15 13:16:16.858,183.2665,8,183.2592,183.2738
2024-01-15 13:16:17.145,183.3237,137,183.311,183.3364
2024-01-15 13:16:17.846,183.2785,5,183.2648,183.2922
2024-01-15 13:16:19.963,183.3623,447,183.3539,183.3707
2024-01-15 13:16:21.511,183.4414,87,183.4269,183.4559
2024-01-15 13:16:23.294,183.2781,24,183.2582,183.2981
2024-01-15 13:16:23.998,183.3482,586,183.341,183.3554
2024-01-15 13:16:24.006,183.4423,65,183.4321,183.4525
2024-01-15 13:16:24.730,183.3791,9,183.3736,183.3846
2024-01-15 13:16:25.298,183.4089,288,183.3893,183.4285
2024-01-15 13:16:28.888,183.4928,11,183.4737,183.5118
2024-01-15 13:16:35.996,183.3854,1003,183.3684,183.4025
2024-01-15 13:16:36.565,183.3762,211,183.3568,183.3956
2024-01-15 13:16:39.487,183.3139,303,183.3014,183.3263
2024-01-15 13:16:41.677,183.2895,2,183.2722,183.3068
2024-01-15 13:16:41.819,183.2442,587,183.2317,183.2568
2024-01-15 13:16:42.483,183.3546,497,183.3365,183.3727
2024-01-15 13:16:43.581,183.4116,79,183.3951,183.428
2024-01-15 13:16:46.248,183.4978,154,183.4781,183.5174
2024-01-15 13:16:47.015,183.468,329,183.4583,183.4776
2024-01-15 13:16:48.511,183.3764,647,183.371,183.3818
2024-01-15 13:16:48.693,183.3704,223,183.3614,183.3794
2024-01-15 13:16:49.232,183.2959,1021,183.2821,183.3097
2024-01-15 13:16:49.744,183.3274,227,183.3197,183.335
2024-01-15 13:16:50.010,183.435,488,183.4294,183.4407
2024-01-15 13:16:51.297,183.3506,416,183.3445,183.3567
2024-01-15 13:16:52.252,183.3097,11,183.3012,183.3181
2024-01-15 13:16:56.010,183.3334,87,183.3233,183.3435
2024-01-15 13:16:58.927,183.3995,321,183.3866,183.4125
2024-01-15 13:16:58.995,183.5403,38,183.5215,183.559
2024-01-15 13:16:59.219,183.5315,10,183.5242,183.5387
2024-01-15 13:16:59.774,183.5497,83,183.5352,183.5642
2024-01-15 13:16:59.781,183.5107,12,183.491,183.5303
2024-01-15 13:17:01.649,183.5401,103,183.5205,183.5597
2024-01-15 13:17:02.253,183.5079,23,183.4894,183.5264
2024-01-15 13:17:06.961,183.4603,59,183.4446,183.476
2024-01-15 13:17:11.692,183.4889,367,183.4715,183.5062
2024-01-15 13:17:12.510,183.6015,742,183.5906,183.6124
2024-01-15 13:17:14.795,183.6567,383,183.6368,183.6767
2024-01-15 13:17:15.749,183.6629,84,183.6441,183.6818
2024-01-15 13:17:18.868,183.6243,14,183.6061,183.6424
2024-01-15 13:17:19.194,183.6998,91,183.6824,183.7173
2024-01-15 13:17:19.820,183.7729,276,183.7604,183.7853
2024-01-15 13:17:20.317,183.8375,200,183.8241,183.8508
2024-01-15 13:17:22.444,183.8761,9,183.8677,183.8846
2024-01-15 13:17:23.500,183.9603,228,183.9471,183.9734
2024-01-15 13:17:27.099,183.9988,244,183.9881,184.0094
2024-01-15 13:17:27.806,183.8875,464,183.8688,183.9062
2024-01-15 13:17:35.290,183.9821,392,183.9673,183.9968
2024-01-15 13:17:36.001,184.0728,78,184.0632,184.0824
2024-01-15 13:17:37.155,184.0358,277,184.0235,184.0481
2024-01-15 13:17:37.877,184.0952,347,184.0837,184.1068
2024-01-15 13:17:38.660,184.0786,531,184.0672,184.09
2024-01-15 13:17:39.543,184.1158,326,184.1063,184.1253
2024-01-15 13:17:39.592,184.1106,488,184.0974,184.1238
2024-01-15 13:17:40.421,184.0916,466,184.0829,184.1003
2024-01-15 13:17:42.816,184.0936,106,184.0818,184.1055
2024-01-15 13:17:42.929,184.0318,286,184.0185,184.0452
2024-01-15 13:17:43.718,184.1424,155,184.1294,184.1553
2024-01-15 13:17:45.539,184.0525,255,184.0335,184.0715
2024-01-15 13:17:47.320,183.9899,147,183.9792,184.0006
2024-01-15 13:17:48.010,183.9258,320,183.9153,183.9362
2024-01-15 13:17:50.883,183.9509,552,183.9351,183.9666
2024-01-15 13:17:51.449,183.9676,543,183.9585,183.9767
2024-01-15 13:17:51.473,183.9674,63,183.9524,183.9824
2024-01-15 13:17:52.899,184.0156,243,184.0085,184.0228
2024-01-15 13:17:54.328,184.0669,76,184.0498,184.0839
2024-01-15 13:17:55.576,184.035,219,184.0151,184.0548
2024-01-15 13:17:55.758,184.1254,86,184.1073,184.1434
2024-01-15 13:17:56.040,184.0765,338,184.0677,184.0852
2024-01-15 13:17:58.570,184.0922,284,184.0834,184.1009
2024-01-15 13:17:59.064,184.0863,818,184.0693,184.1033
2024-01-15 13:18:00.532,184.1296,249,184.1242,184.135
2024-01-15 13:18:03.267,184.1545,129,184.1413,184.1676
2024-01-15 13:18:08.501,184.3389,80,184.3202,184.3576
2024-01-15 13:18:08.842,184.3321,259,184.3178,184.3463
2024-01-15 13:18:09.256,184.3306,262,184.3171,184.3441
2024-01-15 13:18:12.014,184.2384,470,184.233,184.2438
2024-01-15 13:18:13.297,184.0965,77,184.0833,184.1097
2024-01-15 13:18:18.861,184.1125,104,184.1013,184.1237
2024-01-15 13:18:20.235,184.1676,253,184.1578,184.1774
2024-01-15 13:18:20.320,184.2268,385,184.2168,184.2368
2024-01-15 13:18:20.597,184.2764,229,184.2636,184.2893
2024-01-15 13:18:21.581,184.1708,1098,184.1655,184.1761
2024-01-15 13:18:22.080,184.1838,460,184.1641,184.2036
2024-01-15 13:18:22.213,184.2135,103,184.195,184.2319
2024-01-15 13:18:22.918,184.2888,66,184.2744,184.3033
2024-01-15 13:18:30.756,184.402,246,184.3944,184.4095
2024-01-15 13:18:30.772,184.4329,261,184.422,184.4438
2024-01-15 13:18:31.969,184.39,1,184.3751,184.4049
2024-01-15 13:18:32.655,184.4372,291,184.4304,184.444
2024-01-15 13:18:34.605,184.3879,130,184.3799,184.3959
2024-01-15 13:18:35.179,184.407,11,184.3904,184.4236
2024-01-15 13:18:35.965,184.3999,108,184.3887,184.411
2024-01-15 13:18:38.160,184.3833,748,184.378,184.3886
2024-01-15 13:18:38.956,184.3319,522,184.323,184.3409
2024-01-15 13:18:44.286,184.3113,537,184.2974,184.3253
2024-01-15 13:18:44.870,184.341,99,184.3226,184.3594
2024-01-15 13:18:45.838,184.3539,611,184.3426,184.3652
2024-01-15 13:18:46.102,184.4247,213,184.4175,184.432
2024-01-15 13:18:46.277,184.4564,570,184.4504,184.4623
2024-01-15 13:18:47.002,184.5446,269,184.5292,184.5599
2024-01-15 13:18:50.113,184.63,497,184.6154,184.6445
2024-01-15 13:18:52.900,184.7217,266,184.7143,184.7291
2024-01-15 13:18:53.117,184.714,180,184.6963,184.7317
2024-01-15 13:18:54.305,184.7259,130,184.7101,184.7416
2024-01-15 13:18:54.363,184.7856,150,184.7754,184.7957
2024-01-15 13:18:56.452,184.8473,85,184.8369,184.8577
2024-01-15 13:18:57.601,184.8134,201,184.7942,184.8326
2024-01-15 13:19:00.250,184.7239,286,184.7053,184.7426
2024-01-15 13:19:00.661,184.6926,73,184.6747,184.7105
2024-01-15 13:19:01.388,184.6827,76,184.671,184.6944
2024-01-15 13:19:01.690,184.739,128,184.7299,184.7481
2024-01-15 13:19:01.949,184.7671,149,184.762,184.7721
2024-01-15 13:19:03.618,184.6489,9,184.6348,184.663
2024-01-15 13:19:05.907,184.6377,256,184.626,184.6495
2024-01-15 13:19:07.630,184.6567,40,184.6432,184.6702
2024-01-15 13:19:08.426,184.6613,177,184.6463,184.6763
2024-01-15 13:19:09.511,184.7393,96,184.7322,184.7464
2024-01-15 13:19:10.217,184.7957,27,184.7803,184.8112
2024-01-15 13:19:12.049,184.871,56,184.8599,184.8822
2024-01-15 13:19:12.491,184.9776,261,184.9591,184.9961
2024-01-15 13:19:12.681,185.0323,291,185.0254,185.0391
2024-01-15 13:19:13.564,185.0144,825,185.0073,185.0214
2024-01-15 13:19:14.742,184.9977,55,184.9876,185.0079
2024-01-15 13:19:16.022,184.9507,313,184.934,184.9675
2024-01-15 13:19:19.930,184.9483,135,184.935,184.9616
2024-01-15 13:19:20.278,184.8917,3,184.875,184.9083
2024-01-15 13:19:22.451,184.8601,267,184.8505,184.8697
2024-01-15 13:19:22.608,184.8418,136,184.8304,184.8533
2024-01-15 13:19:23.493,184.8872,531,184.8714,184.903
2024-01-15 13:19:24.629,184.8335,200,184.8255,184.8416
2024-01-15 13:19:24.908,184.817,53,184.8074,184.8266
2024-01-15 13:19:25.534,184.75,148,184.7323,184.7676
2024-01-15 13:19:26.102,184.8484,1056,184.8337,184.8632
2024-01-15 13:19:26.570,184.9459,121,184.9277,184.9641
2024-01-15 13:19:33.870,184.9484,174,184.9367,184.9601
2024-01-15 13:19:36.211,184.8961,127,184.8795,184.9127
2024-01-15 13:19:38.285,184.8901,161,184.8798,184.9004
2024-01-15 13:19:38.472,184.8272,283,184.8138,184.8405
2024-01-15 13:19:42.817,184.8851,67,184.8695,184.9008
2024-01-15 13:19:44.148,184.8216,270,184.8107,184.8326
2024-01-15 13:19:45.438,184.778,453,184.7639,184.7921
2024-01-15 13:19:47.978,184.7405,356,184.7215,184.7595
2024-01-15 13:19:51.344,184.7753,73,184.7571,184.7935
2024-01-15 13:19:51.575,184.8372,115,184.8207,184.8536
2024-01-15 13:19:52.534,184.8037,32,184.7896,184.8178
2024-01-15 13:19:55.206,184.7811,27,184.7677,184.7945
2024-01-15 13:19:55.300,184.7747,549,184.769,184.7803
2024-01-15 13:19:55.968,184.6626,57,184.643,184.6822
2024-01-15 13:19:56.383,184.5928,60,184.5785,184.6071
2024-01-15 13:19:58.261,184.6299,76,184.6182,184.6416
2024-01-15 13:19:59.370,184.6191,43,184.5991,184.6391
2024-01-15 13:19:59.801,184.6057,94,184.5873,184.6242
2024-01-15 13:20:01.383,184.6377,367,184.6227,184.6527
2024-01-15 13:20:01.905,184.6022,306,184.5873,184.617
2024-01-15 13:20:05.454,184.5201,495,184.5052,184.5351
2024-01-15 13:20:05.748,184.3937,11,184.38,184.4075
2024-01-15 13:20:06.184,184.5312,60,184.5206,184.5419
2024-01-15 13:20:08.670,184.3809,132,184.3611,184.4007
2024-01-15 13:20:08.758,184.2394,203,184.2311,184.2478
2024-01-15 13:20:09.124,184.2154,140,184.2015,184.2293
2024-01-15 13:20:09.336,184.1653,83,184.1486,184.1819
2024-01-15 13:20:12.543,184.1345,45,184.129,184.1401
2024-01-15 13:20:12.635,184.2309,98,184.2115,184.2503
2024-01-15 13:20:13.137,184.3102,247,184.2991,184.3214
2024-01-15 13:20:13.870,184.4022,38,184.3876,184.4167
2024-01-15 13:20:14.161,184.4768,31,184.4653,184.4883
2024-01-15 13:20:14.496,184.4983,46,184.4846,184.512
2024-01-15 13:20:18.246,184.5554,291,184.5483,184.5625
2024-01-15 13:20:21.211,184.5695,439,184.5609,184.578
2024-01-15 13:20:24.729,184.5097,65,184.5003,184.519
2024-01-15 13:20:34.516,184.6237,537,184.6097,184.6378
2024-01-15 13:20:34.970,184.6362,280,184.6197,184.6527
2024-01-15 13:20:37.723,184.6043,494,184.5923,184.6164
2024-01-15 13:20:42.171,184.73,67,184.7163,184.7437
2024-01-15 13:20:42.665,184.7115,1047,184.7043,184.7188
2024-01-15 13:20:44.368,184.6625,55,184.6427,184.6823
2024-01-15 13:20:45.143,184.6792,51,184.6629,184.6956
2024-01-15 13:20:47.468,184.8129,11,184.8026,184.8233
2024-01-15 13:20:51.387,184.8605,436,184.8518,184.8693
2024-01-15 13:20:52.060,184.8622,32,184.8534,184.871
2024-01-15 13:20:57.090,184.9919,237,184.9834,185.0004
2024-01-15 13:20:58.718,185.0211,20,185.0095,185.0327
2024-01-15 13:20:59.858,185.0712,324,185.0602,185.0822
2024-01-15 13:21:00.939,185.1271,31,185.119,185.1351
2024-01-15 13:21:02.055,185.0798,61,185.0686,185.0909
2024-01-15 13:21:02.509,185.0691,84,185.0633,185.0749
2024-01-15 13:21:05.742,185.035,205,185.0159,185.0541
2024-01-15 13:21:05.810,184.994,94,184.9831,185.005
2024-01-15 13:21:09.552,185.0614,116,185.0453,185.0774
2024-01-15 13:21:10.760,185.1015,219,185.0955,185.1076
2024-01-15 13:21:10.930,185.0004,84,184.9899,185.0109
2024-01-15 13:21:11.713,185.0813,184,185.0658,185.0968
2024-01-15 13:21:12.728,185.2054,273,185.1892,185.2216
2024-01-15 13:21:13.892,185.3015,308,185.2847,185.3184
2024-01-15 13:21:14.272,185.394,6,185.3751,185.4129
2024-01-15 13:21:14.330,185.384,109,185.3786,185.3893
2024-01-15 13:21:14.804,185.3805,79,185.3654,185.3956
2024-01-15 13:21:15.270,185.3604,189,185.342,185.3788
2024-01-15 13:21:16.931,185.264,46,185.2528,185.2752
2024-01-15 13:21:17.522,185.2767,195,185.2591,185.2943
2024-01-15 13:21:17.884,185.2873,331,185.2717,185.3029
2024-01-15 13:21:18.965,185.3299,62,185.317,185.3428
2024-01-15 13:21:21.886,185.3498,63,185.3387,185.361
2024-01-15 13:21:22.100,185.34,158,185.3229,185.3571
2024-01-15 13:21:24.180,185.3547,238,185.3478,185.3615
2024-01-15 13:21:24.541,185.252,208,185.2355,185.2685
2024-01-15 13:21:24.784,185.3466,170,185.3398,185.3534
2024-01-15 13:21:25.117,185.3387,37,185.3235,185.3539
2024-01-15 13:21:25.222,185.2676,76,185.2544,185.2808
2024-01-15 13:21:27.706,185.1719,99,185.1638,185.18
2024-01-15 13:21:29.004,185.0791,19,185.0736,185.0847
2024-01-15 13:21:29.200,185.0291,106,185.0145,185.0438
2024-01-15 13:21:30.221,184.9249,206,184.9158,184.934
2024-01-15 13:21:30.424,184.9048,208,184.8902,184.9193
2024-01-15 13:21:31.129,184.8796,666,184.8698,184.8893
2024-01-15 13:21:32.615,184.8383,219,184.8188,184.8578
2024-01-15 13:21:32.676,184.9258,228,184.9144,184.9372
2024-01-15 13:21:33.235,184.9086,168,184.9036,184.9136
2024-01-15 13:21:38.147,184.9507,215,184.9321,184.9694
2024-01-15 13:21:38.348,185.0241,390,185.0059,185.0424
2024-01-15 13:21:40.277,184.8411,342,184.8262,184.8561
2024-01-15 13:21:40.866,184.8419,16,184.8264,184.8574
2024-01-15 13:21:41.106,184.8868,183,184.8787,184.8949
2024-01-15 13:21:43.152,184.9773,284,184.9618,184.9927
2024-01-15 13:21:43.248,185.0345,176,185.0171,185.0518
2024-01-15 13:21:48.126,185.0217,434,185.0111,185.0324
2024-01-15 13:21:49.621,185.0142,501,185.0032,185.0253
2024-01-15 13:21:50.230,185.0451,77,185.0386,185.0517
2024-01-15 13:21:52.003,185.0753,286,185.0678,185.0829
2024-01-15 13:21:53.714,185.0107,91,185.0042,185.0171
2024-01-15 13:21:53.841,185.0171,293,185.0011,185.0331
2024-01-15 13:21:55.474,185.0939,69,185.084,185.1037
2024-01-15 13:21:55.507,185.0361,616,185.0261,185.046
2024-01-15 13:21:59.166,185.1485,209,185.1365,185.1606
2024-01-15 13:21:59.848,185.1554,34,185.143,185.1678
2024-01-15 13:22:00.405,185.1527,34,185.1445,185.1609
2024-01-15 13:22:01.935,185.1939,170,185.1809,185.2069
2024-01-15 13:22:02.930,185.1885,294,185.1781,185.1989
2024-01-15 13:22:03.952,185.1864,47,185.1757,185.1971
2024-01-15 13:22:06.232,185.2432,127,185.2365,185.2499
2024-01-15 13:22:11.214,185.2027,86,185.1951,185.2104
2024-01-15 13:22:15.129,185.2467,420,185.2301,185.2634
2024-01-15 13:22:15.208,185.2162,338,185.2058,185.2266
2024-01-15 13:22:15.599,185.2277,1,185.2138,185.2416
2024-01-15 13:22:15.716,185.2518,97,185.2337,185.2699
2024-01-15 13:22:17.735,185.2814,52,185.2637,185.2991
2024-01-15 13:22:18.215,185.3025,377,185.2921,185.3129
2024-01-15 13:22:18.437,185.2652,65,185.2506,185.2799
2024-01-15 13:22:19.511,185.3803,288,185.368,185.3927
2024-01-15 13:22:21.471,185.449,381,185.4321,185.466
2024-01-15 13:22:23.761,185.4518,324,185.4459,185.4577
2024-01-15 13:22:25.081,185.4061,21,185.3963,185.416
2024-01-15 13:22:25.764,185.4715,560,185.4551,185.488
2024-01-15 13:22:26.335,185.5029,615,185.4925,185.5132
2024-01-15 13:22:27.308,185.4563,110,185.4505,185.4621
2024-01-15 13:22:32.136,185.3802,272,185.3664,185.3939
2024-01-15 13:22:32.951,185.4194,25,185.4045,185.4343
2024-01-15 13:22:39.855,185.3652,445,185.3453,185.3851
2024-01-15 13:22:40.447,185.3139,20,185.3053,185.3224
2024-01-15 13:22:42.301,185.3481,627,185.338,185.3582
2024-01-15 13:22:51.612,185.3247,18,185.3179,185.3315
2024-01-15 13:22:52.179,185.3849,184,185.3658,185.404
2024-01-15 13:22:53.697,185.3682,505,185.3552,185.3812
2024-01-15 13:22:54.896,185.1301,871,185.1196,185.1405
2024-01-15 13:22:55.265,185.1861,755,185.1756,185.1965
2024-01-15 13:22:56.323,185.0624,152,185.0492,185.0755
2024-01-15 13:22:59.153,185.1056,33,185.0906,185.1207
2024-01-15 13:23:00.487,185.1321,104,185.115,185.1491
2024-01-15 13:23:01.255,185.188,72,185.1732,185.2027
2024-01-15 13:23:02.387,185.2109,35,185.2013,185.2206
2024-01-15 13:23:03.656,185.2696,214,185.2537,185.2855
2024-01-15 13:23:04.353,185.2729,457,185.2628,185.2829
2024-01-15 13:23:05.179,185.3613,226,185.3519,185.3708
2024-01-15 13:23:07.400,185.4409,51,185.4218,185.46
2024-01-15 13:23:08.949,185.4748,196,185.4603,185.4893
2024-01-15 13:23:09.048,185.5078,286,185.4937,185.5219
2024-01-15 13:23:10.952,185.5532,548,185.5373,185.5691
2024-01-15 13:23:11.682,185.5416,342,185.5353,185.5479
2024-01-15 13:23:12.169,185.5632,152,185.5484,185.5779
2024-01-15 13:23:12.383,185.4894,163,185.4829,185.4959
2024-01-15 13:23:13.863,185.4708,547,185.4649,185.4767
2024-01-15 13:23:15.207,185.4321,2,185.425,185.4392
2024-01-15 13:23:18.279,185.4358,63,185.425,185.4466
2024-01-15 13:23:20.793,185.4658,142,185.456,185.4756
2024-01-15 13:23:23.297,185.5309,311,185.5118,185.5501
2024-01-15 13:23:23.653,185.5269,265,185.5183,185.5356
2024-01-15 13:23:24.887,185.5009,375,185.4835,185.5183
2024-01-15 13:23:25.049,185.5067,84,185.4909,185.5225
2024-01-15 13:23:25.685,185.5265,100,185.5191,185.5339
2024-01-15 13:23:29.039,185.564,481,185.5551,185.573
2024-01-15 13:23:31.522,185.7133,422,185.7024,185.7243
2024-01-15 13:23:33.470,185.5721,17,185.5582,185.5861
2024-01-15 13:23:33.602,185.5167,14,185.5071,185.5263
2024-01-15 13:23:35.700,185.6061,8,185.5881,185.624
2024-01-15 13:23:35.968,185.6019,296,185.5922,185.6116
2024-01-15 13:23:36.920,185.6924,77,185.6838,185.7009
2024-01-15 13:23:36.967,185.5958,207,185.5778,185.6138
2024-01-15 13:23:37.575,185.6256,79,185.6148,185.6363
2024-01-15 13:23:37.896,185.6256,758,185.6148,185.6363
2024-01-15 13:23:45.193,185.6256,1,185.6148,185.6363
2024-01-15 13:23:46.005,185.6256,25,185.6148,185.6363
2024-01-15 13:23:47.989,185.6256,461,185.6148,185.6363
2024-01-15 13:23:49.560,185.6256,305,185.6148,185.6363
2024-01-15 13:23:50.573,185.6256,428,185.6148,185.6363
2024-01-15 13:23:51.117,185.6256,9,185.6148,185.6363
2024-01-15 13:23:51.368,185.6256,154,185.6148,185.6363
2024-01-15 13:23:52.903,185.6256,371,185.6148,185.6363
2024-01-15 13:23:53.846,185.6256,119,185.6148,185.6363
2024-01-15 13:23:59.200,185.6256,148,185.6148,185.6363
2024-01-15 13:24:02.919,185.6256,223,185.6148,185.6363
2024-01-15 13:24:05.710,185.6256,144,185.6148,185.6363
2024-01-15 13:24:07.201,185.6256,65,185.6148,185.6363
2024-01-15 13:24:09.694,185.5596,136,185.5424,185.5769
2024-01-15 13:24:09.695,185.6847,154,185.6691,185.7003
2024-01-15 13:24:11.431,185.6347,143,185.6232,185.6462
2024-01-15 13:24:14.396,185.6584,860,185.6397,185.6772
2024-01-15 13:24:16.593,185.6748,493,185.6675,185.6821
2024-01-15 13:24:18.093,185.554,3,185.5386,185.5695
2024-01-15 13:24:19.409,185.6418,452,185.6262,185.6574
2024-01-15 13:24:22.151,185.6727,20,185.6645,185.6809
2024-01-15 13:24:23.212,185.7108,335,185.696,185.7255
2024-01-15 13:24:23.352,185.7617,61,185.7542,185.7692
2024-01-15 13:24:26.634,185.7729,824,185.763,185.7828
2024-01-15 13:24:27.088,185.8046,168,185.7912,185.818
2024-01-15 13:24:29.766,185.7886,129,185.7764,185.8008
2024-01-15 13:24:29.870,185.8791,15,185.8612,185.897
2024-01-15 13:24:30.032,185.8967,64,185.8866,185.9069
2024-01-15 13:24:30.483,185.9845,723,185.9714,185.9976
2024-01-15 13:24:32.242,186.0277,73,186.0108,186.0446
2024-01-15 13:24:34.070,185.9814,74,185.9737,185.9891
2024-01-15 13:24:34.747,186.0077,261,186.0001,186.0153
2024-01-15 13:24:34.952,186.0251,91,186.0107,186.0394
2024-01-15 13:24:35.653,186.094,144,186.0789,186.1092
2024-01-15 13:24:38.225,186.0744,377,186.0559,186.0928
2024-01-15 13:24:42.154,186.1675,241,186.1513,186.1837
2024-01-15 13:24:43.743,186.1174,140,186.11,186.1247
2024-01-15 13:24:44.401,186.1914,21,186.1795,186.2033
2024-01-15 13:24:44.876,186.1564,217,186.1367,186.176
2024-01-15 13:24:45.505,186.1941,174,186.1837,186.2045
2024-01-15 13:24:46.253,186.2048,20,186.1979,186.2118
2024-01-15 13:24:46.612,186.2058,17,186.2002,186.2114
2024-01-15 13:24:47.091,186.2581,128,186.2516,186.2645
2024-01-15 13:24:47.115,186.3122,1,186.2926,186.3317
2024-01-15 13:24:47.801,186.4116,16,186.3927,186.4306
2024-01-15 13:24:47.962,186.3419,40,186.3345,186.3493
2024-01-15 13:24:49.534,186.4174,85,186.4014,186.4335
2024-01-15 13:24:51.023,186.4395,248,186.4261,186.4528
2024-01-15 13:24:51.992,186.465,92,186.4476,186.4824
2024-01-15 13:24:55.962,186.4732,136,186.4545,186.4919
2024-01-15 13:24:58.015,186.391,1,186.3766,186.4055
2024-01-15 13:24:58.446,186.4109,409,186.3979,186.4239
2024-01-15 13:24:59.142,186.4433,41,186.4362,186.4504
2024-01-15 13:25:00.581,186.4474,47,186.4366,186.4581
2024-01-15 13:25:01.932,186.2857,198,186.2695,186.302
2024-01-15 13:25:04.069,186.2152,815,186.1993,186.2311
2024-01-15 13:25:08.636,186.2359,116,186.217,186.2548
2024-01-15 13:25:09.199,186.3549,27,186.335,186.3748
2024-01-15 13:25:09.865,186.2925,325,186.281,186.3041
2024-01-15 13:25:10.661,186.2815,289,186.2697,186.2934
2024-01-15 13:25:10.876,186.3279,321,186.3149,186.3408
2024-01-15 13:25:12.809,186.2467,358,186.2368,186.2567
2024-01-15 13:25:14.227,186.3351,531,186.3226,186.3476
2024-01-15 13:25:14.384,186.3726,8,186.3648,186.3804
2024-01-15 13:25:16.650,186.4283,118,186.421,186.4357
2024-01-15 13:25:17.001,186.5477,42,186.5388,186.5565
2024-01-15 13:25:17.244,186.6418,135,186.6281,186.6554
2024-01-15 13:25:18.315,186.7016,521,186.6824,186.7208
2024-01-15 13:25:22.458,186.6525,43,186.639,186.6661
2024-01-15 13:25:24.087,186.6039,46,186.5913,186.6165
2024-01-15 13:25:24.389,186.6715,14,186.6644,186.6786
2024-01-15 13:25:25.693,186.6282,211,186.6207,186.6357
2024-01-15 13:25:27.833,186.5979,136,186.5834,186.6123
2024-01-15 13:25:31.393,186.5736,1157,186.5608,186.5864
2024-01-15 13:25:31.409,186.5636,40,186.5551,186.5721
2024-01-15 13:25:32.757,186.4897,416,186.4782,186.5011
2024-01-15 13:25:33.653,186.5075,132,186.4964,186.5185
2024-01-15 13:25:34.705,186.4094,171,186.3895,186.4293
2024-01-15 13:25:38.492,186.3525,87,186.3383,186.3666
2024-01-15 13:25:38.909,186.3892,185,186.38,186.3984
2024-01-15 13:25:39.276,186.3194,216,186.3113,186.3276
2024-01-15 13:25:40.206,186.3953,498,186.3781,186.4125
2024-01-15 13:25:41.551,186.3255,282,186.3104,186.3406
2024-01-15 13:25:55.800,186.2673,390,186.2509,186.2836
2024-01-15 13:25:55.959,186.3066,1019,186.2987,186.3145
2024-01-15 13:25:56.976,186.3265,713,186.3152,186.3378
2024-01-15 13:25:57.280,186.313,3,186.2957,186.3302
2024-01-15 13:25:57.522,186.3412,255,186.3357,186.3466
2024-01-15 13:25:58.503,186.2491,441,186.235,186.2631
2024-01-15 13:25:58.866,186.2382,87,186.2249,186.2515
2024-01-15 13:26:00.577,186.1738,148,186.16,186.1875
2024-01-15 13:26:01.059,186.1532,11,186.1374,186.169
2024-01-15 13:26:01.866,186.123,119,186.1057,186.1402
2024-01-15 13:26:02.973,186.0723,369,186.0588,186.0858
2024-01-15 13:26:04.385,185.9941,139,185.9828,186.0054
2024-01-15 13:26:06.760,186.0667,21,186.0578,186.0756
2024-01-15 13:26:09.750,185.9551,30,185.9476,185.9625
2024-01-15 13:26:11.995,185.7743,731,185.7545,185.7942
2024-01-15 13:26:12.072,185.7981,314,185.7915,185.8048
2024-01-15 13:26:12.159,185.7758,163,185.7596,185.792
2024-01-15 13:26:12.629,185.9048,88,185.8891,185.9205
2024-01-15 13:26:13.044,186.1032,6,186.09,186.1164
2024-01-15 13:26:17.059,186.0633,11,186.047,186.0795
2024-01-15 13:26:21.642,186.0632,268,186.051,186.0753
2024-01-15 13:26:22.281,186.1057,190,186.091,186.1204
2024-01-15 13:26:22.439,186.0055,227,185.9863,186.0248
2024-01-15 13:26:26.364,186.0097,4,186.0023,186.0171
2024-01-15 13:26:28.068,185.9612,51,185.9489,185.9735
2024-01-15 13:26:28.627,186.0705,120,186.0636,186.0774
2024-01-15 13:26:29.387,185.9697,88,185.9643,185.9751
2024-01-15 13:26:30.321,186.0143,596,185.9988,186.0297
2024-01-15 13:26:31.216,185.9338,102,185.9188,185.9488
2024-01-15 13:26:32.324,185.9699,747,185.9629,185.9769
2024-01-15 13:26:35.296,185.9127,83,185.8932,185.9322
2024-01-15 13:26:37.081,185.844,452,185.8384,185.8497
2024-01-15 13:26:38.460,185.9403,333,185.9326,185.948
2024-01-15 13:26:39.391,185.8141,106,185.7961,185.8321
2024-01-15 13:26:41.431,185.8025,66,185.7894,185.8156
2024-01-15 13:26:42.158,185.8228,827,185.8035,185.8421
2024-01-15 13:26:43.402,185.7777,88,185.7695,185.7858
2024-01-15 13:26:44.189,185.7548,370,185.7433,185.7664
2024-01-15 13:26:44.522,185.689,143,185.6767,185.7013
2024-01-15 13:26:45.773,185.5614,486,185.5515,185.5712
2024-01-15 13:26:46.268,185.5458,6,185.5399,185.5518
2024-01-15 13:26:49.139,185.6492,895,185.642,185.6564
2024-01-15 13:26:49.402,185.6669,71,185.6618,185.6721
2024-01-15 13:26:49.898,185.6554,117,185.639,185.6719
2024-01-15 13:26:50.422,185.6811,361,185.6671,185.6952
2024-01-15 13:26:51.946,185.7361,47,185.718,185.7542
2024-01-15 13:26:55.120,185.7067,267,185.6875,185.7258
2024-01-15 13:26:56.316,185.6724,244,185.6664,185.6783
2024-01-15 13:26:57.510,185.7771,114,185.7581,185.796
2024-01-15 13:26:59.739,185.8044,145,185.7871,185.8217
2024-01-15 13:27:00.374,185.8774,1120,185.868,185.8869
2024-01-15 13:27:00.832,185.8349,97,185.8256,185.8442
2024-01-15 13:27:01.229,185.8566,100,185.8499,185.8634
2024-01-15 13:27:01.261,185.7984,390,185.789,185.8078
2024-01-15 13:27:01.611,185.6811,37,185.67,185.6922
2024-01-15 13:27:03.283,185.6399,378,185.6292,185.6506
2024-01-15 13:27:03.763,185.6531,134,185.6368,185.6693
2024-01-15 13:27:06.586,185.636,102,185.6174,185.6546
2024-01-15 13:27:07.088,185.5614,235,185.5477,185.5751
2024-01-15 13:27:07.441,185.6009,455,185.5909,185.6108
2024-01-15 13:27:07.581,185.5675,346,185.5485,185.5865
2024-01-15 13:27:11.508,185.5127,77,185.5043,185.5212
2024-01-15 13:27:18.635,185.3746,150,185.3626,185.3866
2024-01-15 13:27:18.701,185.3743,19,185.3623,185.3862
2024-01-15 13:27:19.233,185.3542,225,185.3383,185.37
2024-01-15 13:27:21.844,185.327,54,185.3184,185.3355
2024-01-15 13:27:22.774,185.3087,109,185.2991,185.3183
2024-01-15 13:27:23.453,185.431,270,185.4183,185.4437
2024-01-15 13:27:24.812,185.464,86,185.4548,185.4731
2024-01-15 13:27:26.943,185.4639,112,185.4477,185.4802
2024-01-15 13:27:27.822,185.4232,97,185.4163,185.43
2024-01-15 13:27:28.873,185.4386,301,185.4316,185.4456
2024-01-15 13:27:29.603,185.4233,307,185.4163,185.4304
2024-01-15 13:27:30.994,185.4522,15,185.4434,185.461
2024-01-15 13:27:33.867,185.4224,218,185.4093,185.4355
2024-01-15 13:27:34.022,185.403,264,185.3884,185.4176
2024-01-15 13:27:36.055,185.4701,258,185.4556,185.4846
2024-01-15 13:27:39.656,185.5617,75,185.5516,185.5718
2024-01-15 13:27:40.731,185.5324,21,185.5168,185.5481
2024-01-15 13:27:40.778,185.657,903,185.6437,185.6703
2024-01-15 13:27:42.023,185.6788,98,185.6721,185.6854
2024-01-15 13:27:42.413,185.8102,604,185.797,185.8233
2024-01-15 13:27:43.451,185.8723,420,185.8641,185.8804
2024-01-15 13:27:48.242,185.8955,833,185.8879,185.9032
2024-01-15 13:27:48.730,185.7657,111,185.7464,185.7851
2024-01-15 13:27:51.856,185.7445,127,185.726,185.7631
2024-01-15 13:27:55.674,185.8138,241,185.8032,185.8243
2024-01-15 13:27:55.992,185.7706,47,185.7632,185.778
2024-01-15 13:27:56.224,185.7998,198,185.7809,185.8187
2024-01-15 13:28:00.603,185.8664,362,185.8534,185.8794
2024-01-15 13:28:01.818,185.859,180,185.853,185.8651
2024-01-15 13:28:02.849,185.9097,312,185.8939,185.9256
2024-01-15 13:28:03.862,185.844,214,185.8342,185.8539
2024-01-15 13:28:05.049,185.8468,40,185.8364,185.8572
2024-01-15 13:28:06.195,185.8764,219,185.8693,185.8835
2024-01-15 13:28:08.041,185.9187,52,185.913,185.9244
2024-01-15 13:28:08.048,185.9292,188,185.9152,185.9433
2024-01-15 13:28:08.312,186.0427,321,186.033,186.0523
2024-01-15 13:28:08.639,186.0264,200,186.0119,186.0408
2024-01-15 13:28:09.067,185.895,335,185.8765,185.9135
2024-01-15 13:28:09.789,186.0077,56,185.9922,186.0232
2024-01-15 13:28:09.857,185.9977,219,185.9876,186.0079
2024-01-15 13:28:11.091,186.0328,387,186.02,186.0456
2024-01-15 13:28:14.979,185.8736,212,185.8611,185.8861
2024-01-15 13:28:15.577,185.7677,350,185.7518,185.7836
2024-01-15 13:28:16.909,185.7042,216,185.6896,185.7187
2024-01-15 13:28:19.530,185.6849,413,185.6686,185.7011
2024-01-15 13:28:20.130,185.7822,100,185.7689,185.7955
2024-01-15 13:28:21.287,185.8899,133,185.8782,185.9016
2024-01-15 13:28:22.658,185.9174,91,185.9096,185.9253
2024-01-15 13:28:24.641,185.9732,38,185.9669,185.9795
2024-01-15 13:28:27.889,186.0029,268,185.9884,186.0174
2024-01-15 13:28:27.931,186.05,197,186.0318,186.0683
2024-01-15 13:28:31.337,186.1152,427,186.0963,186.1341
2024-01-15 13:28:31.726,186.0341,234,186.0284,186.0397
2024-01-15 13:28:32.183,186.0127,84,185.9947,186.0306
2024-01-15 13:28:34.141,186.0978,306,186.0806,186.1151
2024-01-15 13:28:34.961,186.0852,90,186.0697,186.1006
2024-01-15 13:28:34.977,186.0452,224,186.0349,186.0555
2024-01-15 13:28:37.496,186.0696,20,186.0643,186.075
2024-01-15 13:28:38.390,186.0196,681,186.0137,186.0255
2024-01-15 13:28:40.535,186.0532,497,186.0374,186.069
2024-01-15 13:28:41.522,186.0934,128,186.0742,186.1126
2024-01-15 13:28:43.868,186.0678,30,186.0599,186.0758
2024-01-15 13:28:48.730,185.9658,607,185.9527,185.9789
2024-01-15 13:28:49.549,185.885,185,185.8786,185.8913
2024-01-15 13:28:51.462,185.8782,108,185.8728,185.8835
2024-01-15 13:28:51.956,185.8983,235,185.8882,185.9085
2024-01-15 13:28:52.874,186.0331,213,186.0169,186.0494
2024-01-15 13:28:53.906,186.0125,412,186.0041,186.0208
2024-01-15 13:28:57.138,186.0973,251,186.0901,186.1046
2024-01-15 13:28:57.912,186.0472,93,186.0337,186.0606
2024-01-15 13:28:58.606,186.0492,1,186.0354,186.063
2024-01-15 13:29:00.980,186.0758,84,186.0644,186.0872
2024-01-15 13:29:02.364,185.9311,52,185.9115,185.9507
2024-01-15 13:29:02.424,185.7922,386,185.7762,185.8083
2024-01-15 13:29:02.891,185.7338,388,185.7192,185.7485
2024-01-15 13:29:03.795,185.7089,35,185.7004,185.7173
2024-01-15 13:29:08.326,185.8236,45,185.8043,185.8429
2024-01-15 13:29:10.351,185.809,148,185.7899,185.8281
2024-01-15 13:29:15.188,185.7978,49,185.7832,185.8124
2024-01-15 13:29:17.832,185.8084,604,185.7921,185.8247
2024-01-15 13:29:22.924,185.7961,83,185.786,185.8062
2024-01-15 13:29:26.635,185.7174,14,185.7089,185.7259
2024-01-15 13:29:26.788,185.7376,55,185.7271,185.7481
2024-01-15 13:29:29.211,185.7218,18,185.7167,185.7269
2024-01-15 13:29:29.897,185.76,12,185.7447,185.7753
2024-01-15 13:29:30.754,185.8545,217,185.8357,185.8734
2024-01-15 13:29:31.589,185.8202,13,185.8017,185.8387
2024-01-15 13:29:31.625,185.9798,18,185.9741,185.9855
2024-01-15 13:29:32.443,185.9447,236,185.931,185.9584
2024-01-15 13:29:32.481,185.9649,1089,185.9536,185.9761
2024-01-15 13:29:32.540,185.9791,242,185.9732,185.9849
2024-01-15 13:29:34.517,186.0295,402,186.0162,186.0427
2024-01-15 13:29:34.584,185.8863,80,185.8728,185.8999
2024-01-15 13:29:40.431,185.8343,441,185.826,185.8425
2024-01-15 13:29:43.564,185.8307,7,185.8135,185.8479
2024-01-15 13:29:45.245,185.7931,477,185.7764,185.8098
2024-01-15 13:29:48.655,185.7316,58,185.7135,185.7497
2024-01-15 13:29:48.916,185.6506,275,185.6423,185.6588
2024-01-15 13:29:50.279,185.6422,452,185.6254,185.6589
2024-01-15 13:29:52.864,185.6186,530,185.6119,185.6252
2024-01-15 13:29:53.842,185.6185,51,185.6063,185.6306
2024-01-15 13:29:54.711,185.7641,79,185.7574,185.7707
2024-01-15 13:29:55.251,185.6699,365,185.6595,185.6803
2024-01-15 13:30:04.718,185.7403,184,185.7307,185.7498
2024-01-15 13:30:05.053,185.7193,15,185.7059,185.7326
2024-01-15 13:30:06.357,185.6468,214,185.6348,185.6589
2024-01-15 13:30:06.803,185.6111,135,185.6051,185.6171
2024-01-15 13:30:09.646,185.6432,3,185.6242,185.6622
2024-01-15 13:30:14.780,185.6567,130,185.6481,185.6652
2024-01-15 13:30:15.161,185.7378,523,185.7197,185.7559
2024-01-15 13:30:18.385,185.6311,528,185.6232,185.639
2024-01-15 13:30:21.155,185.6667,30,185.659,185.6745
2024-01-15 13:30:22.968,185.6703,395,185.6517,185.6889
2024-01-15 13:30:23.651,185.5504,192,185.5405,185.5603
2024-01-15 13:30:24.307,185.4556,114,185.4433,185.4679
2024-01-15 13:30:24.450,185.4864,46,185.4803,185.4924
2024-01-15 13:30:26.408,185.5018,210,185.4892,185.5145
2024-01-15 13:30:26.907,185.5002,98,185.4838,185.5165
2024-01-15 13:30:29.256,185.5532,357,185.5403,185.5661
2024-01-15 13:30:32.344,185.5466,322,185.5299,185.5632
2024-01-15 13:30:35.034,185.5751,222,185.5684,185.5817
2024-01-15 13:30:35.878,185.6399,102,185.6231,185.6568
2024-01-15 13:30:40.203,185.7228,66,185.7092,185.7364
2024-01-15 13:30:45.597,185.7334,673,185.7162,185.7505
2024-01-15 13:30:46.515,185.621,238,185.6033,185.6386
2024-01-15 13:30:46.557,185.5048,391,185.4937,185.5158
2024-01-15 13:30:48.249,185.5417,132,185.5335,185.5499
2024-01-15 13:30:49.455,185.5245,22,185.5089,185.5401
2024-01-15 13:30:49.579,185.5807,8,185.5753,185.5861
2024-01-15 13:30:50.460,185.6215,466,185.6055,185.6376
2024-01-15 13:30:55.465,185.6904,434,185.6793,185.7016
2024-01-15 13:30:55.855,185.4923,501,185.4813,185.5033
2024-01-15 13:30:56.011,185.6031,81,185.5923,185.6139
2024-01-15 13:30:56.604,185.5976,244,185.5854,185.6099
2024-01-15 13:30:58.864,185.6078,8,185.6028,185.6128
2024-01-15 13:30:59.054,185.6009,55,185.5916,185.6102
2024-01-15 13:30:59.496,185.6129,56,185.5979,185.6278
2024-01-15 13:30:59.787,185.5674,27,185.5584,185.5765
2024-01-15 13:31:01.022,185.6707,736,185.6642,185.6772
2024-01-15 13:31:03.343,185.6716,461,185.6524,185.6908
2024-01-15 13:31:03.602,185.7605,155,185.7431,185.7779
2024-01-15 13:31:06.341,185.8951,289,185.8778,185.9124
2024-01-15 13:31:08.676,185.8361,256,185.8216,185.8507
2024-01-15 13:31:09.605,185.8835,165,185.8773,185.8897
2024-01-15 13:31:09.815,185.9568,34,185.9433,185.9703
2024-01-15 13:31:10.868,186.0405,164,186.0346,186.0464
2024-01-15 13:31:12.012,185.9275,33,185.9159,185.9391
2024-01-15 13:31:12.156,185.9861,685,185.9697,186.0025
2024-01-15 13:31:12.838,185.9522,291,185.9375,185.9669
2024-01-15 13:31:13.307,185.8973,3,185.8786,185.916
2024-01-15 13:31:13.794,185.8607,45,185.8432,185.8782
2024-01-15 13:31:15.365,185.8634,508,185.8487,185.878
2024-01-15 13:31:19.336,185.8416,130,185.8341,185.8491
2024-01-15 13:31:21.824,185.78,184,185.7688,185.7912
2024-01-15 13:31:22.608,185.7257,70,185.7142,185.7373
2024-01-15 13:31:22.618,185.704,439,185.6913,185.7166
2024-01-15 13:31:24.643,185.8014,209,185.7939,185.8088
2024-01-15 13:31:25.006,185.7546,749,185.7429,185.7663
2024-01-15 13:31:26.294,185.8106,195,185.7942,185.8269
2024-01-15 13:31:31.853,185.8075,138,185.792,185.8229
2024-01-15 13:31:36.168,185.8831,352,185.8647,185.9016
2024-01-15 13:31:39.824,185.8763,52,185.8598,185.8928
2024-01-15 13:31:41.469,185.8696,191,185.8541,185.8851
2024-01-15 13:31:41.617,185.8551,609,185.8388,185.8713
2024-01-15 13:31:42.260,185.9173,457,185.8995,185.9352
2024-01-15 13:31:42.609,185.8994,344,185.8804,185.9184
2024-01-15 13:31:43.417,185.9926,7,185.9776,186.0076
2024-01-15 13:31:46.302,185.9938,85,185.9842,186.0034
2024-01-15 13:31:55.847,185.9959,143,185.99,186.0019
2024-01-15 13:31:56.252,185.9882,116,185.9732,186.0032
2024-01-15 13:31:59.481,185.9259,731,185.9209,185.931
2024-01-15 13:32:00.713,186.0348,16,186.0154,186.0542
2024-01-15 13:32:01.805,185.9894,110,185.9726,186.0061
2024-01-15 13:32:02.359,185.9941,452,185.9815,186.0066
2024-01-15 13:32:03.404,185.9555,188,185.9407,185.9703
2024-01-15 13:32:03.869,185.8812,132,185.8751,185.8874
2024-01-15 13:32:04.033,185.8627,69,185.8561,185.8693
2024-01-15 13:32:04.240,185.8569,23,185.8424,185.8714
2024-01-15 13:32:06.144,185.8516,77,185.8456,185.8576
2024-01-15 13:32:06.146,185.7615,46,185.7547,185.7683
2024-01-15 13:32:06.189,185.7616,190,185.7429,185.7802
2024-01-15 13:32:09.826,185.6379,84,185.6284,185.6474
2024-01-15 13:32:10.672,185.6613,1025,185.6459,185.6767
2024-01-15 13:32:14.265,185.6706,180,185.6506,185.6905
2024-01-15 13:32:17.526,185.7671,14,185.7599,185.7742
2024-01-15 13:32:18.511,185.768,277,185.749,185.7869
2024-01-15 13:32:21.585,185.8399,246,185.8275,185.8524
2024-01-15 13:32:23.119,185.8246,1,185.8156,185.8337
2024-01-15 13:32:23.539,185.922,267,185.9127,185.9313
2024-01-15 13:32:25.562,185.8533,69,185.8439,185.8628
2024-01-15 13:32:27.145,185.7557,12,185.7378,185.7735
2024-01-15 13:32:27.239,185.8252,6,185.817,185.8334
2024-01-15 13:32:27.431,185.7871,21,185.7715,185.8026
2024-01-15 13:32:28.815,185.7877,254,185.7754,185.8
2024-01-15 13:32:30.080,185.7847,896,185.7665,185.8029
2024-01-15 13:32:30.849,185.7751,321,185.762,185.7881
2024-01-15 13:32:31.106,185.7036,93,185.6954,185.7118
2024-01-15 13:32:32.015,185.7115,120,185.7061,185.7169
2024-01-15 13:32:32.904,185.668,163,185.6626,185.6734
2024-01-15 13:32:33.458,185.6585,255,185.6414,185.6756
2024-01-15 13:32:33.619,185.671,113,185.6599,185.6821
2024-01-15 13:32:34.596,185.7598,107,185.7435,185.7761
2024-01-15 13:32:35.954,185.664,206,185.653,185.675
2024-01-15 13:32:36.560,185.679,200,185.6666,185.6915
2024-01-15 13:32:37.216,185.613,961,185.5973,185.6288
2024-01-15 13:32:37.978,185.6348,270,185.6208,185.6488
2024-01-15 13:32:38.066,185.6567,112,185.6516,185.6618
2024-01-15 13:32:39.340,185.6932,251,185.679,185.7073
2024-01-15 13:32:40.105,185.6062,99,185.5957,185.6168
2024-01-15 13:32:45.234,185.6246,268,185.6165,185.6326
2024-01-15 13:32:45.669,185.6886,316,185.6719,185.7054
2024-01-15 13:32:46.012,185.599,32,185.5833,185.6147
2024-01-15 13:32:49.766,185.6541,52,185.6449,185.6634
2024-01-15 13:32:50.854,185.7744,89,185.7645,185.7843
2024-01-15 13:32:51.087,185.8433,538,185.8318,185.8549
2024-01-15 13:32:51.627,185.8624,75,185.8459,185.8789
2024-01-15 13:32:52.041,185.8871,144,185.881,185.8931
2024-01-15 13:32:53.114,185.9327,128,185.9206,185.9448
2024-01-15 13:32:54.749,185.8306,147,185.8208,185.8404
2024-01-15 13:32:54.925,185.8192,526,185.8037,185.8347
2024-01-15 13:32:56.059,185.8471,6,185.8274,185.8668
2024-01-15 13:32:56.470,185.9452,165,185.929,185.9614
2024-01-15 13:32:59.685,185.9584,210,185.9402,185.9766
2024-01-15 13:33:01.195,185.9214,58,185.9077,185.935
2024-01-15 13:33:02.618,185.866,45,185.8549,185.8772
2024-01-15 13:33:03.157,185.9439,377,185.9272,185.9606
2024-01-15 13:33:06.765,186.0497,1,186.0433,186.056
2024-01-15 13:33:09.045,185.9156,250,185.9004,185.9308
2024-01-15 13:33:09.517,185.8896,194,185.8738,185.9054
2024-01-15 13:33:12.119,185.8565,135,185.8409,185.872
2024-01-15 13:33:16.356,185.8616,112,185.8527,185.8705
2024-01-15 13:33:17.294,185.8492,167,185.8302,185.8683
2024-01-15 13:33:18.207,185.7604,307,185.7519,185.7689
2024-01-15 13:33:20.273,185.762,216,185.7479,185.7761
2024-01-15 13:33:21.623,185.6528,31,185.6465,185.659
2024-01-15 13:33:23.868,185.618,83,185.6104,185.6256
2024-01-15 13:33:24.580,185.6089,95,185.6033,185.6146
2024-01-15 13:33:25.682,185.6815,383,185.6639,185.6991
2024-01-15 13:33:26.299,185.6432,545,185.6264,185.66
2024-01-15 13:33:29.302,185.655,23,185.6359,185.6741
2024-01-15 13:33:29.410,185.7327,55,185.7133,185.752
2024-01-15 13:33:31.370,185.7024,157,185.6969,185.7079
2024-01-15 13:33:38.602,185.6787,353,185.6712,185.6862
2024-01-15 13:33:39.594,185.6861,33,185.6675,185.7048
2024-01-15 13:33:39.851,185.7649,309,185.7524,185.7775
2024-01-15 13:33:41.196,185.6209,272,185.6122,185.6296
2024-01-15 13:33:45.976,185.5204,464,185.5127,185.528
2024-01-15 13:33:47.662,185.4396,154,185.4335,185.4457
2024-01-15 13:33:50.252,185.471,6,185.4535,185.4886
2024-01-15 13:33:50.749,185.41,450,185.3941,185.4259
2024-01-15 13:33:52.376,185.3875,310,185.3779,185.3971
2024-01-15 13:33:53.226,185.3154,356,185.3,185.3308
2024-01-15 13:33:55.773,185.3172,66,185.3096,185.3248
2024-01-15 13:33:58.976,185.3899,207,185.384,185.3959
2024-01-15 13:34:02.159,185.3772,114,185.3664,185.388
2024-01-15 13:34:03.898,185.4351,258,185.4211,185.4491
2024-01-15 13:34:04.057,185.5322,83,185.5259,185.5385
2024-01-15 13:34:06.486,185.5031,214,185.4838,185.5223
2024-01-15 13:34:06.908,185.5899,318,185.5702,185.6095
2024-01-15 13:34:12.828,185.5766,76,185.5706,185.5827
2024-01-15 13:34:14.680,185.4737,175,185.4539,185.4934
2024-01-15 13:34:15.091,185.4884,68,185.4754,185.5015
2024-01-15 13:34:16.917,185.4154,144,185.4012,185.4296
2024-01-15 13:34:17.855,185.3345,25,185.3222,185.3468
2024-01-15 13:34:19.550,185.3942,586,185.3862,185.4023
2024-01-15 13:34:20.101,185.5734,593,185.5545,185.5924
2024-01-15 13:34:21.784,185.5552,229,185.5452,185.5653
2024-01-15 13:34:24.923,185.5612,366,185.5476,185.5749
2024-01-15 13:34:27.409,185.5871,63,185.5741,185.6002
2024-01-15 13:34:28.150,185.5588,12,185.5405,185.5772
2024-01-15 13:34:28.365,185.6237,13,185.6121,185.6353
2024-01-15 13:34:29.982,185.6171,309,185.6029,185.6314
2024-01-15 13:34:31.488,185.6201,163,185.6027,185.6376
2024-01-15 13:34:32.779,185.6869,299,185.6729,185.7009
2024-01-15 13:34:32.840,185.7598,73,185.7519,185.7677
2024-01-15 13:34:37.259,185.7843,785,185.7756,185.7931
2024-01-15 13:34:40.347,185.7939,829,185.7765,185.8113
2024-01-15 13:34:43.281,185.8431,284,185.8287,185.8576
2024-01-15 13:34:44.431,185.844,242,185.8297,185.8582
2024-01-15 13:34:45.261,185.7029,244,185.6907,185.715
2024-01-15 13:34:47.353,185.6827,211,185.6649,185.7005
2024-01-15 13:34:48.682,185.7503,31,185.739,185.7616
2024-01-15 13:34:50.438,185.7969,165,185.791,185.8029
2024-01-15 13:34:50.567,185.69,74,185.6798,185.7002
2024-01-15 13:34:51.478,185.6541,182,185.6368,185.6714
2024-01-15 13:34:51.824,185.5434,253,185.5244,185.5624
2024-01-15 13:34:51.835,185.4908,93,185.4716,185.51
2024-01-15 13:34:52.965,185.467,153,185.4589,185.4751
2024-01-15 13:34:53.507,185.4954,104,185.4853,185.5055
2024-01-15 13:34:54.691,185.4509,87,185.4326,185.4691
2024-01-15 13:35:00.386,185.5311,105,185.5257,185.5366
2024-01-15 13:35:06.588,185.4076,723,185.3992,185.4161
2024-01-15 13:35:08.419,185.3753,220,185.3685,185.3821
2024-01-15 13:35:10.172,185.3491,419,185.3404,185.3578
2024-01-15 13:35:11.575,185.2461,133,185.236,185.2563
2024-01-15 13:35:13.413,185.4043,105,185.3868,185.4218
2024-01-15 13:35:14.840,185.4685,233,185.4577,185.4793
2024-01-15 13:35:15.645,185.4659,203,185.4602,185.4716
2024-01-15 13:35:22.558,185.3972,29,185.3822,185.4122
2024-01-15 13:35:22.578,185.2577,209,185.2419,185.2736
2024-01-15 13:35:25.023,185.3289,463,185.3108,185.347
2024-01-15 13:35:25.522,185.4126,39,185.406,185.4192
2024-01-15 13:35:26.887,185.4342,112,185.4263,185.4422
2024-01-15 13:35:28.989,185.4298,25,185.4209,185.4387
2024-01-15 13:35:29.145,185.3982,46,185.3916,185.4048
2024-01-15 13:35:29.536,185.2644,165,185.2483,185.2804
2024-01-15 13:35:34.564,185.2135,213,185.206,185.221
2024-01-15 13:35:34.870,185.1958,698,185.1836,185.2081
2024-01-15 13:35:35.414,185.2059,135,185.1935,185.2182
2024-01-15 13:35:35.962,185.1464,242,185.1317,185.1611
2024-01-15 13:35:37.584,185.1326,173,185.1127,185.1526
2024-01-15 13:35:39.326,185.1464,225,185.1334,185.1593
2024-01-15 13:35:42.609,185.126,190,185.1099,185.1421
2024-01-15 13:35:43.941,185.0383,33,185.0296,185.047
2024-01-15 13:35:46.294,184.9441,229,184.9363,184.9519
2024-01-15 13:35:49.896,184.9702,110,184.9613,184.9791
2024-01-15 13:35:50.775,185.0313,157,185.0168,185.0459
2024-01-15 13:35:53.193,185.1192,63,185.1071,185.1314
2024-01-15 13:35:56.042,185.0577,47,185.0408,185.0747
2024-01-15 13:35:57.724,185.0666,251,185.0555,185.0776
2024-01-15 13:35:58.668,185.1022,205,185.0825,185.1219
2024-01-15 13:36:00.674,185.098,210,185.0926,185.1034
2024-01-15 13:36:01.565,185.1819,154,185.1672,185.1966
2024-01-15 13:36:01.818,185.1343,91,185.1193,185.1492
2024-01-15 13:36:02.332,185.175,184,185.1641,185.1859
2024-01-15 13:36:06.016,185.1622,137,185.1532,185.1712
2024-01-15 13:36:06.308,185.0666,893,185.0535,185.0798
2024-01-15 13:36:06.917,185.1905,366,185.1818,185.1992
2024-01-15 13:36:13.563,185.2094,455,185.2023,185.2165
2024-01-15 13:36:17.476,185.2679,272,185.2501,185.2856
2024-01-15 13:36:18.086,185.1812,116,185.1743,185.1881
2024-01-15 13:36:20.153,185.2174,68,185.2092,185.2257
2024-01-15 13:36:21.562,185.1943,246,185.1748,185.2138
2024-01-15 13:36:23.306,185.2833,850,185.2715,185.295
2024-01-15 13:36:30.716,185.3184,330,185.3042,185.3326
2024-01-15 13:36:31.500,185.3347,94,185.324,185.3454
2024-01-15 13:36:34.146,185.3617,70,185.3428,185.3806
2024-01-15 13:36:34.888,185.2835,827,185.2729,185.2942
2024-01-15 13:36:37.502,185.2426,340,185.2267,185.2586
2024-01-15 13:36:40.030,185.3194,210,185.3096,185.3292
2024-01-15 13:36:40.361,185.3606,11,185.3426,185.3786
2024-01-15 13:36:40.866,185.2734,661,185.2607,185.2861
2024-01-15 13:36:42.373,185.1347,303,185.1271,185.1422
2024-01-15 13:36:43.496,185.1791,550,185.1674,185.1909
2024-01-15 13:36:43.811,185.0893,527,185.0805,185.0981
2024-01-15 13:36:45.420,185.1707,1037,185.1641,185.1774
2024-01-15 13:36:46.374,185.2776,706,185.2694,185.2857
2024-01-15 13:36:47.376,185.2723,265,185.2641,185.2805
2024-01-15 13:36:48.283,185.2845,380,185.2712,185.2977
2024-01-15 13:36:51.352,185.1901,53,185.1723,185.208
2024-01-15 13:36:53.036,185.1837,54,185.1687,185.1987
2024-01-15 13:36:56.638,185.1184,149,185.1075,185.1294
2024-01-15 13:36:56.746,185.0317,126,185.0201,185.0433
2024-01-15 13:36:57.324,185.0983,113,185.0803,185.1163
2024-01-15 13:36:57.398,185.039,55,185.0241,185.054
2024-01-15 13:36:59.057,184.9611,355,184.9513,184.9709
2024-01-15 13:36:59.737,184.8995,29,184.8875,184.9116
2024-01-15 13:37:00.080,184.8221,128,184.8026,184.8416
2024-01-15 13:37:02.108,184.8695,201,184.8532,184.8858
2024-01-15 13:37:02.681,184.903,83,184.8931,184.9129
2024-01-15 13:37:05.455,184.8894,337,184.8814,184.8974
2024-01-15 13:37:08.850,184.9286,8,184.9133,184.944
2024-01-15 13:37:08.974,184.9007,194,184.8908,184.9106
2024-01-15 13:37:09.727,184.8774,398,184.8613,184.8936
2024-01-15 13:37:12.715,184.8605,30,184.8478,184.8732
2024-01-15 13:37:13.014,184.8017,82,184.789,184.8145
2024-01-15 13:37:13.663,184.9825,45,184.9641,185.0009
2024-01-15 13:37:16.367,185.0587,669,185.048,185.0695
2024-01-15 13:37:18.111,184.9739,362,184.957,184.9909
2024-01-15 13:37:18.575,184.9885,277,184.9785,184.9984
2024-01-15 13:37:18.893,185.0384,7,185.0216,185.0553
2024-01-15 13:37:19.281,185.0015,99,184.9886,185.0145
2024-01-15 13:37:19.969,185.0093,169,184.992,185.0266
2024-01-15 13:37:20.568,184.8885,432,184.8741,184.9028
2024-01-15 13:37:20.750,184.7522,573,184.7441,184.7602
2024-01-15 13:37:21.145,184.6925,128,184.6759,184.7091
2024-01-15 13:37:21.396,184.7014,174,184.6903,184.7125
2024-01-15 13:37:21.597,184.6444,604,184.6389,184.6499
2024-01-15 13:37:25.838,184.6757,76,184.668,184.6833
2024-01-15 13:37:27.559,184.669,38,184.6554,184.6826
2024-01-15 13:37:31.233,184.7586,186,184.7494,184.7678
2024-01-15 13:37:32.223,184.8729,101,184.8648,184.8809
2024-01-15 13:37:33.037,184.9328,66,184.9253,184.9403
2024-01-15 13:37:34.026,184.9557,293,184.936,184.9754
2024-01-15 13:37:34.164,184.8756,3,184.8582,184.893
2024-01-15 13:37:34.823,184.8321,994,184.8236,184.8406
2024-01-15 13:37:34.967,184.8914,210,184.8821,184.9006
2024-01-15 13:37:37.378,185.028,106,185.0167,185.0393
2024-01-15 13:37:38.291,184.9707,24,184.9536,184.9879
2024-01-15 13:37:38.296,185.003,169,184.9967,185.0093
2024-01-15 13:37:38.579,185.056,40,185.0463,185.0656
2024-01-15 13:37:39.143,185.0228,102,185.0095,185.0361
2024-01-15 13:37:40.622,185.0997,106,185.0802,185.1192
2024-01-15 13:37:40.894,185.0295,52,185.0154,185.0437
2024-01-15 13:37:41.214,185.0211,92,185.0054,185.0369
2024-01-15 13:37:42.137,185.0271,84,185.0168,185.0373
2024-01-15 13:37:43.285,185.0947,235,185.0815,185.1078
2024-01-15 13:37:43.326,185.1205,86,185.1075,185.1335
2024-01-15 13:37:44.855,185.1501,542,185.1411,185.1591
2024-01-15 13:37:44.879,185.0864,114,185.0727,185.1001
2024-01-15 13:37:46.283,185.0389,74,185.0222,185.0557
2024-01-15 13:37:47.226,185.0231,133,185.0144,185.0318
2024-01-15 13:37:47.497,184.9905,150,184.9782,185.0028
2024-01-15 13:37:50.271,185.0051,16,184.9892,185.021
2024-01-15 13:37:51.083,185.13,206,185.1154,185.1446
2024-01-15 13:37:53.826,185.0183,269,185.0093,185.0273
2024-01-15 13:37:54.339,185.0192,9,185.0074,185.031
2024-01-15 13:37:54.648,184.8973,8,184.8862,184.9084
2024-01-15 13:37:59.448,184.7966,134,184.7782,184.815
2024-01-15 13:38:00.532,184.7926,446,184.7741,184.8112
2024-01-15 13:38:05.005,184.8224,155,184.8048,184.8401
2024-01-15 13:38:05.759,184.8775,93,184.8641,184.8908
2024-01-15 13:38:06.346,184.9253,10,184.9053,184.9452
2024-01-15 13:38:07.765,185.1334,220,185.1225,185.1443
2024-01-15 13:38:16.275,185.1475,39,185.1328,185.1623
2024-01-15 13:38:23.256,185.0883,153,185.0725,185.1042
2024-01-15 13:38:28.436,185.0224,95,185.0126,185.0323
2024-01-15 13:38:30.034,185.0974,210,185.082,185.1128
2024-01-15 13:38:30.387,185.0184,95,185.004,185.0328
2024-01-15 13:38:31.060,185.0358,172,185.0231,185.0486
2024-01-15 13:38:33.727,184.9745,191,184.9622,184.9869
2024-01-15 13:38:38.879,184.8835,8,184.8686,184.8984
2024-01-15 13:38:40.533,184.8156,49,184.8046,184.8266
2024-01-15 13:38:40.935,184.8017,713,184.7893,184.814
2024-01-15 13:38:41.096,184.6644,67,184.6493,184.6796
2024-01-15 13:38:46.003,184.6452,397,184.6395,184.6508
2024-01-15 13:38:48.733,184.6523,854,184.6376,184.6669
2024-01-15 13:38:48.847,184.5662,538,184.5593,184.5732
2024-01-15 13:38:49.249,184.5665,134,184.5569,184.576
2024-01-15 13:38:52.961,184.6104,167,184.6021,184.6187
2024-01-15 13:38:57.088,184.7242,65,184.7185,184.73
2024-01-15 13:38:57.372,184.7952,383,184.7892,184.8013
2024-01-15 13:38:57.873,184.9337,13,184.9281,184.9393
2024-01-15 13:38:58.119,184.8764,152,184.8636,184.8892
2024-01-15 13:38:58.261,184.8657,214,184.8583,184.8732
2024-01-15 13:39:00.911,184.8956,209,184.8823,184.9088
2024-01-15 13:39:03.518,184.9158,36,184.9047,184.9269
2024-01-15 13:39:03.703,184.8744,195,184.8655,184.8833
2024-01-15 13:39:04.152,184.8773,286,184.8701,184.8845
2024-01-15 13:39:04.290,185.0133,110,185.0051,185.0216
2024-01-15 13:39:04.605,185.0661,79,185.0561,185.076
2024-01-15 13:39:04.641,185.0286,14,185.0228,185.0345
2024-01-15 13:39:06.898,185.0799,200,185.0697,185.0901
2024-01-15 13:39:10.844,185.0538,500,185.0435,185.0641
2024-01-15 13:39:13.866,184.9681,67,184.9594,184.9768
2024-01-15 13:39:16.158,184.9097,392,184.8916,184.9278
2024-01-15 13:39:17.243,184.9101,99,184.8966,184.9236
2024-01-15 13:39:17.303,184.8674,125,184.8573,184.8775
2024-01-15 13:39:17.827,184.8021,117,184.7868,184.8175
2024-01-15 13:39:17.941,184.902,107,184.8831,184.9209
2024-01-15 13:39:19.905,184.8498,11,184.8365,184.863
2024-01-15 13:39:23.846,184.7962,66,184.7765,184.8158
2024-01-15 13:39:25.255,184.9082,20,184.8889,184.9274
2024-01-15 13:39:25.277,184.9282,276,184.9177,184.9388
2024-01-15 13:39:26.435,184.9411,248,184.9311,184.9511
2024-01-15 13:39:27.286,185.0505,124,185.0428,185.0583
2024-01-15 13:39:28.827,185.1293,404,185.1165,185.1421
2024-01-15 13:39:28.872,185.1922,78,185.1861,185.1984
2024-01-15 13:39:29.181,185.1008,69,185.0838,185.1178
2024-01-15 13:39:32.882,185.1313,16,185.1218,185.1408
2024-01-15 13:39:33.604,185.1425,166,185.1332,185.1518
2024-01-15 13:39:34.719,185.1481,81,185.129,185.1673
2024-01-15 13:39:36.435,185.1378,158,185.1257,185.1499
2024-01-15 13:39:36.683,185.0583,1,185.0407,185.076
2024-01-15 13:39:37.288,184.9787,322,184.9674,184.9899
2024-01-15 13:39:39.226,184.973,190,184.959,184.987
2024-01-15 13:39:41.905,185.0391,141,185.0266,185.0517
2024-01-15 13:39:43.660,184.94,37,184.926,184.9541
2024-01-15 13:39:44.920,184.9903,267,184.9754,185.0051
2024-01-15 13:39:47.930,185.0837,579,185.0763,185.0911
2024-01-15 13:39:48.168,185.0656,138,185.0509,185.0803
2024-01-15 13:39:48.565,184.9716,703,184.9648,184.9784
2024-01-15 13:39:49.400,184.9792,703,184.9636,184.9949
2024-01-15 13:39:49.581,185.0195,996,185.0054,185.0337
2024-01-15 13:39:50.115,184.9568,107,184.9385,184.975
2024-01-15 13:39:50.431,184.9748,10,184.9628,184.9868
2024-01-15 13:39:52.598,185.071,222,185.0567,185.0853
2024-01-15 13:39:54.565,185.1506,40,185.1356,185.1657
2024-01-15 13:39:57.506,185.1012,360,185.0895,185.1129
2024-01-15 13:39:57.637,185.1323,475,185.1181,185.1465
2024-01-15 13:40:01.627,185.1213,39,185.1116,185.1311
2024-01-15 13:40:02.333,185.136,108,185.122,185.1501
2024-01-15 13:40:03.407,185.1008,131,185.0951,185.1065
2024-01-15 13:40:05.928,185.0791,317,185.0592,185.099
2024-01-15 13:40:06.406,185.2056,794,185.1937,185.2176
2024-01-15 13:40:08.131,185.1586,49,185.1468,185.1704
2024-01-15 13:40:09.573,185.0524,289,185.0465,185.0583
2024-01-15 13:40:11.480,185.064,154,185.0507,185.0772
2024-01-15 13:40:11.743,185.077,49,185.0679,185.0862
2024-01-15 13:40:12.952,185.0784,110,185.0678,185.089
2024-01-15 13:40:13.021,184.9996,335,184.9912,185.008
2024-01-15 13:40:13.044,185.0443,160,185.0383,185.0503
2024-01-15 13:40:15.618,185.0581,50,185.0424,185.0738
2024-01-15 13:40:16.456,185.1494,69,185.1423,185.1565
2024-01-15 13:40:18.873,185.1702,32,185.1643,185.176
2024-01-15 13:40:20.922,185.2123,86,185.1958,185.2288
2024-01-15 13:40:22.859,185.1447,139,185.138,185.1515
2024-01-15 13:40:25.769,185.1892,174,185.176,185.2024
2024-01-15 13:40:27.348,185.1995,136,185.1888,185.2103
2024-01-15 13:40:28.902,185.112,785,185.105,185.119
2024-01-15 13:40:29.924,185.141,1,185.1269,185.155
2024-01-15 13:40:33.403,185.1319,888,185.1169,185.1468
2024-01-15 13:40:36.693,185.0116,778,184.9988,185.0244
2024-01-15 13:40:37.203,184.9393,37,184.9263,184.9523
2024-01-15 13:40:38.213,184.8884,5,184.8797,184.8971
2024-01-15 13:40:45.256,184.819,183,184.8058,184.8323
2024-01-15 13:40:45.948,184.8075,134,184.7882,184.8268
2024-01-15 13:40:45.975,184.7579,39,184.7387,184.7771
2024-01-15 13:40:47.507,184.7326,560,184.7158,184.7494
2024-01-15 13:40:52.110,184.6903,157,184.6708,184.7097
2024-01-15 13:40:52.450,184.6672,204,184.6609,184.6735
2024-01-15 13:40:52.775,184.6438,39,184.6323,184.6554
2024-01-15 13:40:53.380,184.653,277,184.6412,184.6649
2024-01-15 13:40:54.289,184.7078,99,184.6935,184.722
2024-01-15 13:40:55.393,184.6511,35,184.6442,184.658
2024-01-15 13:40:59.140,184.6523,187,184.6393,184.6652
2024-01-15 13:41:02.926,184.5997,437,184.5921,184.6073
2024-01-15 13:41:03.879,184.6019,118,184.5903,184.6136
2024-01-15 13:41:03.939,184.7003,116,184.6822,184.7183
2024-01-15 13:41:08.116,184.706,337,184.6955,184.7165
2024-01-15 13:41:08.292,184.7333,111,184.7217,184.7448
2024-01-15 13:41:09.087,184.7041,57,184.692,184.7161
2024-01-15 13:41:14.259,184.6776,47,184.6682,184.6869
2024-01-15 13:41:14.736,184.6761,976,184.6694,184.6827
2024-01-15 13:41:15.426,184.6808,486,184.6627,184.6989
2024-01-15 13:41:16.661,184.7461,225,184.7342,184.7579
2024-01-15 13:41:16.811,184.6986,94,184.6846,184.7125
2024-01-15 13:41:16.884,184.7056,14,184.6964,184.7149
2024-01-15 13:41:19.549,184.7523,385,184.7441,184.7604
2024-01-15 13:41:22.036,184.6674,833,184.6566,184.6781
2024-01-15 13:41:22.308,184.7631,10,184.7489,184.7772
2024-01-15 13:41:22.880,184.8302,233,184.8166,184.8437
2024-01-15 13:41:25.080,184.7189,312,184.7137,184.7241
2024-01-15 13:41:26.500,184.6882,8,184.6791,184.6974
2024-01-15 13:41:27.665,184.6545,71,184.6473,184.6616
2024-01-15 13:41:28.159,184.7376,783,184.7215,184.7537
2024-01-15 13:41:32.465,184.7932,954,184.7825,184.8039
2024-01-15 13:41:33.556,184.6864,543,184.6684,184.7043
2024-01-15 13:41:36.008,184.6407,86,184.6235,184.658
2024-01-15 13:41:45.233,184.7141,120,184.6997,184.7286
2024-01-15 13:41:47.717,184.7128,110,184.6962,184.7293
2024-01-15 13:41:48.914,184.804,136,184.7931,184.8148
2024-01-15 13:41:50.604,184.8248,100,184.8091,184.8405
2024-01-15 13:41:54.237,184.793,70,184.7772,184.8088
2024-01-15 13:41:54.768,184.8729,40,184.8624,184.8834
2024-01-15 13:41:55.136,184.9783,263,184.9688,184.9879
2024-01-15 13:42:01.475,185.0255,186,185.0141,185.037
2024-01-15 13:42:02.043,185.0765,288,185.0625,185.0905
2024-01-15 13:42:04.021,185.1396,28,185.1207,185.1585
2024-01-15 13:42:04.344,185.1071,39,185.0978,185.1163
2024-01-15 13:42:05.850,185.0992,70,185.0813,185.117
2024-01-15 13:42:08.749,185.0487,9,185.0302,185.0671
2024-01-15 13:42:10.696,184.9989,17,184.9939,185.0039
2024-01-15 13:42:11.608,184.9575,205,184.9488,184.9662
2024-01-15 13:42:13.647,184.872,54,184.8596,184.8844
2024-01-15 13:42:13.650,184.896,144,184.8793,184.9126
2024-01-15 13:42:14.108,184.8265,118,184.8111,184.8418
2024-01-15 13:42:14.348,184.917,455,184.905,184.929
2024-01-15 13:42:16.148,184.9354,145,184.9233,184.9475
2024-01-15 13:42:16.434,184.872,60,184.8638,184.8801
2024-01-15 13:42:17.534,184.8211,327,184.81,184.8322
2024-01-15 13:42:18.220,184.8224,21,184.8108,184.8339
2024-01-15 13:42:18.991,184.8479,113,184.8327,184.8631
2024-01-15 13:42:19.017,184.8012,58,184.7924,184.81
2024-01-15 13:42:20.219,184.8473,177,184.8378,184.8568
2024-01-15 13:42:21.349,184.9163,111,184.9064,184.9261
2024-01-15 13:42:23.890,184.9992,592,184.9836,185.0147
2024-01-15 13:42:24.229,185.1344,403,185.1146,185.1541
2024-01-15 13:42:25.395,185.0672,222,185.0565,185.0779
2024-01-15 13:42:28.927,185.261,31,185.2538,185.2681
2024-01-15 13:42:29.548,185.26,8,185.2494,185.2705
2024-01-15 13:42:32.478,185.1896,1,185.1787,185.2005
2024-01-15 13:42:35.106,185.3055,192,185.2958,185.3153
2024-01-15 13:42:36.397,185.2726,22,185.259,185.2862
2024-01-15 13:42:36.571,185.2885,169,185.2822,185.2948
2024-01-15 13:42:39.148,185.2687,568,185.2533,185.2842
2024-01-15 13:42:40.077,185.2489,577,185.2343,185.2636
2024-01-15 13:42:40.277,185.3298,212,185.3148,185.3447
2024-01-15 13:42:41.715,185.2442,393,185.2281,185.2602
2024-01-15 13:42:42.096,185.2534,371,185.2357,185.2712
2024-01-15 13:42:44.343,185.1863,418,185.1686,185.2039
2024-01-15 13:42:47.335,185.2555,57,185.246,185.265
2024-01-15 13:42:48.578,185.2745,122,185.2636,185.2854
2024-01-15 13:42:49.588,185.4399,401,185.4205,185.4592
2024-01-15 13:42:50.130,185.411,155,185.3971,185.4249
2024-01-15 13:42:50.952,185.3429,411,185.3245,185.3613
2024-01-15 13:42:51.619,185.3455,61,185.3359,185.3551
2024-01-15 13:42:56.712,185.4323,455,185.4267,185.4379
2024-01-15 13:42:56.734,185.5093,128,185.5042,185.5144
2024-01-15 13:42:56.751,185.4391,398,185.4253,185.4528
2024-01-15 13:42:58.695,185.4398,1438,185.4286,185.4509
2024-01-15 13:42:58.992,185.4522,204,185.4454,185.459
2024-01-15 13:43:00.747,185.523,141,185.5174,185.5286
2024-01-15 13:43:02.587,185.4806,124,185.4626,185.4987
2024-01-15 13:43:02.893,185.6097,339,185.6022,185.6172
2024-01-15 13:43:06.882,185.5824,777,185.5742,185.5905
2024-01-15 13:43:07.903,185.6714,326,185.6586,185.6842
2024-01-15 13:43:13.528,185.661,135,185.6529,185.6691
2024-01-15 13:43:13.786,185.6372,94,185.623,185.6514
2024-01-15 13:43:17.561,185.7008,147,185.6919,185.7097
2024-01-15 13:43:17.741,185.675,50,185.657,185.6931
2024-01-15 13:43:20.884,185.7176,264,185.7045,185.7306
2024-01-15 13:43:21.355,185.6432,141,185.6341,185.6523
2024-01-15 13:43:21.787,185.6461,28,185.6394,185.6529
2024-01-15 13:43:22.016,185.6117,503,185.6011,185.6224
2024-01-15 13:43:23.459,185.4714,393,185.4656,185.4772
2024-01-15 13:43:24.253,185.4705,125,185.4602,185.4808
2024-01-15 13:43:25.798,185.4076,112,185.3964,185.4188
2024-01-15 13:43:25.831,185.5548,260,185.5382,185.5714
2024-01-15 13:43:26.083,185.6161,361,185.6055,185.6266
2024-01-15 13:43:29.059,185.5993,627,185.5914,185.6073
2024-01-15 13:43:29.891,185.6648,220,185.6522,185.6774
2024-01-15 13:43:30.949,185.6249,149,185.6169,185.6329
2024-01-15 13:43:31.042,185.6661,134,185.6529,185.6792
2024-01-15 13:43:32.687,185.6033,59,185.597,185.6096
2024-01-15 13:43:33.749,185.6298,410,185.6242,185.6354
2024-01-15 13:43:33.839,185.6659,297,185.6573,185.6744
2024-01-15 13:43:34.456,185.7191,345,185.7012,185.737
2024-01-15 13:43:35.240,185.705,837,185.6873,185.7227
2024-01-15 13:43:35.873,185.7333,191,185.7247,185.7419
2024-01-15 13:43:38.173,185.7296,89,185.7127,185.7464
2024-01-15 13:43:39.697,185.7512,42,185.7445,185.7579
2024-01-15 13:43:39.797,185.651,109,185.6349,185.6671
2024-01-15 13:43:41.641,185.5444,105,185.5301,185.5588
2024-01-15 13:43:42.513,185.5264,9,185.5146,185.5382
2024-01-15 13:43:45.505,185.5074,171,185.4886,185.5262
2024-01-15 13:43:47.301,185.54,623,185.5277,185.5523
2024-01-15 13:43:54.764,185.5577,195,185.5503,185.5652
2024-01-15 13:43:56.261,185.5816,264,185.5625,185.6007
2024-01-15 13:43:56.546,185.6314,200,185.6247,185.638
2024-01-15 13:43:57.487,185.6203,418,185.6006,185.6399
2024-01-15 13:43:57.898,185.6489,489,185.6329,185.6649
2024-01-15 13:43:58.040,185.6362,16,185.6275,185.6449
2024-01-15 13:43:58.299,185.5236,167,185.5147,185.5326
2024-01-15 13:44:01.201,185.5713,199,185.562,185.5807
2024-01-15 13:44:06.891,185.6339,53,185.6167,185.651
2024-01-15 13:44:07.249,185.6637,224,185.6474,185.6801
2024-01-15 13:44:08.515,185.7671,16,185.7554,185.7787
2024-01-15 13:44:10.973,185.7765,71,185.7647,185.7883
2024-01-15 13:44:11.804,185.7584,236,185.7446,185.7722
2024-01-15 13:44:14.227,185.8166,140,185.7996,185.8336
2024-01-15 13:44:15.408,185.8364,23,185.8169,185.856
2024-01-15 13:44:16.569,185.6387,67,185.632,185.6455
2024-01-15 13:44:20.763,185.638,98,185.6191,185.657
2024-01-15 13:44:30.776,185.6331,67,185.6163,185.65
2024-01-15 13:44:31.368,185.7659,67,185.7559,185.7759
2024-01-15 13:44:35.777,185.8399,44,185.8215,185.8583
2024-01-15 13:44:37.342,185.8081,264,185.7901,185.8262
2024-01-15 13:44:40.364,185.7933,44,185.7827,185.8039
2024-01-15 13:44:41.171,185.8638,23,185.8523,185.8753
2024-01-15 13:44:41.172,185.897,868,185.8896,185.9043
2024-01-15 13:44:42.367,185.9287,1311,185.9223,185.9351
2024-01-15 13:44:42.867,185.8586,14,185.8525,185.8647
2024-01-15 13:44:44.316,185.8837,225,185.8655,185.9019
2024-01-15 13:44:45.377,185.8525,346,185.8349,185.8701
2024-01-15 13:44:45.586,185.9217,123,185.9024,185.9411
2024-01-15 13:44:45.852,185.9375,176,185.9175,185.9575
2024-01-15 13:44:46.936,185.8893,417,185.8793,185.8994
2024-01-15 13:44:47.896,185.8462,124,185.8283,185.8642
2024-01-15 13:44:49.345,185.8593,91,185.841,185.8777
2024-01-15 13:44:50.331,185.9581,61,185.9478,185.9685
2024-01-15 13:44:51.974,185.9951,23,185.9877,186.0025
2024-01-15 13:44:53.061,185.9554,743,185.9395,185.9713
2024-01-15 13:44:53.238,185.9786,325,185.9716,185.9857
2024-01-15 13:44:53.319,185.9417,487,185.9361,185.9472
2024-01-15 13:44:54.828,185.8911,468,185.8745,185.9077
2024-01-15 13:44:56.784,185.9596,219,185.9514,185.9679
2024-01-15 13:44:59.404,186.0423,23,186.0298,186.0549
2024-01-15 13:45:05.746,186.0564,1186,186.0427,186.07
2024-01-15 13:45:06.504,186.0333,59,186.0174,186.0493
2024-01-15 13:45:06.800,186.0473,1215,186.0367,186.058
2024-01-15 13:45:06.885,186.1045,78,186.0984,186.1105
2024-01-15 13:45:11.317,186.1238,776,186.1064,186.1412
2024-01-15 13:45:11.341,186.084,2,186.0659,186.1021
2024-01-15 13:45:12.835,185.9979,3,185.9898,186.0059
2024-01-15 13:45:16.610,186.0396,525,186.0255,186.0536
2024-01-15 13:45:21.091,185.9662,5,185.9607,185.9717
2024-01-15 13:45:23.086,186.022,30,186.0042,186.0399
2024-01-15 13:45:23.873,186.0384,218,186.0255,186.0512
2024-01-15 13:45:25.691,186.1312,66,186.1221,186.1404
2024-01-15 13:45:26.011,186.1169,848,186.098,186.1358
2024-01-15 13:45:26.887,186.0898,49,186.0738,186.1057
2024-01-15 13:45:28.109,186.0477,222,186.0345,186.061
2024-01-15 13:45:30.568,186.0958,62,186.0823,186.1093
2024-01-15 13:45:31.657,186.1198,682,186.103,186.1366
2024-01-15 13:45:33.050,186.1703,132,186.1525,186.1881
2024-01-15 13:45:35.263,186.1866,142,186.1707,186.2024
2024-01-15 13:45:36.074,186.1869,148,186.1783,186.1955
2024-01-15 13:45:36.660,186.1912,537,186.1725,186.2098
2024-01-15 13:45:36.772,186.1104,222,186.1039,186.1169
2024-01-15 13:45:39.316,186.0793,581,186.0665,186.0922
2024-01-15 13:45:40.488,186.1028,783,186.0893,186.1162
2024-01-15 13:45:43.896,186.1038,116,186.0931,186.1145
2024-01-15 13:45:44.695,186.0123,141,186.0021,186.0226
2024-01-15 13:45:45.505,186.0392,20,186.0244,186.054
2024-01-15 13:45:45.654,186.0863,242,186.0813,186.0913
2024-01-15 13:45:45.827,186.0851,297,186.0785,186.0916
2024-01-15 13:45:47.531,186.1605,48,186.1472,186.1737
2024-01-15 13:45:48.510,186.071,637,186.065,186.077
2024-01-15 13:45:50.493,186.0508,7,186.0409,186.0607
2024-01-15 13:45:52.131,186.0646,44,186.0497,186.0795
2024-01-15 13:45:53.536,186.0574,99,186.0413,186.0734
2024-01-15 13:45:56.731,186.0893,662,186.0765,186.102
2024-01-15 13:45:56.932,186.1417,23,186.1354,186.148
2024-01-15 13:45:58.122,186.1233,13,186.1179,186.1287
2024-01-15 13:46:00.815,185.9621,112,185.9448,185.9794
2024-01-15 13:46:02.549,185.992,217,185.9837,186.0003
2024-01-15 13:46:04.096,186.0514,283,186.043,186.0598
2024-01-15 13:46:04.777,186.0263,3,186.0176,186.035
2024-01-15 13:46:09.705,186.0607,111,186.046,186.0754
2024-01-15 13:46:12.920,186.1524,173,186.1338,186.171
2024-01-15 13:46:15.691,186.258,108,186.24,186.276
2024-01-15 13:46:16.019,186.2914,8,186.2819,186.3009
2024-01-15 13:46:18.067,186.2753,317,186.2688,186.2818
2024-01-15 13:46:18.361,186.2469,435,186.2387,186.2552
2024-01-15 13:46:19.470,186.237,380,186.2212,186.2529
2024-01-15 13:46:20.327,186.2004,89,186.1835,186.2173
2024-01-15 13:46:21.928,186.2053,8,186.195,186.2155
2024-01-15 13:46:22.191,186.2642,58,186.2443,186.2841
2024-01-15 13:46:24.133,186.2547,159,186.2364,186.273
2024-01-15 13:46:25.096,186.2144,66,186.2011,186.2278
2024-01-15 13:46:27.707,186.2511,8,186.2431,186.2592
2024-01-15 13:46:28.648,186.2608,223,186.2423,186.2793
2024-01-15 13:46:31.544,186.2118,32,186.2001,186.2235
2024-01-15 13:46:32.832,186.1977,167,186.1828,186.2126
2024-01-15 13:46:33.032,186.2461,60,186.2391,186.2531
2024-01-15 13:46:33.719,186.1574,29,186.1451,186.1696
2024-01-15 13:46:35.036,186.1198,10,186.1111,186.1285
2024-01-15 13:46:38.109,186.2097,384,186.1938,186.2256
2024-01-15 13:46:39.292,186.2323,249,186.2235,186.241
2024-01-15 13:46:39.372,186.3605,165,186.3535,186.3674
2024-01-15 13:46:39.518,186.3273,268,186.313,186.3415
2024-01-15 13:46:41.239,186.3353,124,186.3239,186.3467
2024-01-15 13:46:42.253,186.4307,21,186.4161,186.4453
2024-01-15 13:46:49.331,186.3584,138,186.3412,186.3756
2024-01-15 13:46:49.738,186.3872,396,186.3735,186.401
2024-01-15 13:46:52.526,186.4188,21,186.4001,186.4375
2024-01-15 13:46:53.008,186.3164,37,186.298,186.3347
2024-01-15 13:46:54.253,186.2744,309,186.2559,186.2928
2024-01-15 13:46:54.845,186.204,610,186.1932,186.2148
2024-01-15 13:46:55.817,186.2119,253,186.2034,186.2205
2024-01-15 13:46:55.998,186.264,391,186.258,186.2701
2024-01-15 13:46:57.307,186.2974,358,186.2846,186.3102
2024-01-15 13:46:57.502,186.3859,362,186.367,186.4048
2024-01-15 13:46:57.994,186.539,195,186.5221,186.5559
2024-01-15 13:46:58.941,186.5733,266,186.5643,186.5823
2024-01-15 13:47:01.835,186.488,496,186.4787,186.4972
2024-01-15 13:47:04.919,186.5757,204,186.5592,186.5921
2024-01-15 13:47:05.212,186.5508,202,186.5328,186.5688
2024-01-15 13:47:07.399,186.5937,229,186.5743,186.6131
2024-01-15 13:47:08.591,186.722,238,186.7154,186.7286
2024-01-15 13:47:09.902,186.7199,346,186.7095,186.7303
2024-01-15 13:47:14.294,186.6836,14,186.6767,186.6905
2024-01-15 13:47:15.071,186.556,229,186.5469,186.5652
2024-01-15 13:47:16.622,186.6592,9,186.6475,186.671
2024-01-15 13:47:16.652,186.5958,186,186.581,186.6107
2024-01-15 13:47:20.689,186.5436,105,186.5337,186.5535
2024-01-15 13:47:24.595,186.5629,73,186.5474,186.5784
2024-01-15 13:47:28.285,186.4782,36,186.465,186.4913
2024-01-15 13:47:28.298,186.4551,40,186.4411,186.469
2024-01-15 13:47:31.205,186.4756,171,186.4659,186.4853
2024-01-15 13:47:32.107,186.4321,89,186.4236,186.4405
2024-01-15 13:47:35.399,186.5355,205,186.53,186.5411
2024-01-15 13:47:35.593,186.5051,818,186.5,186.5102
2024-01-15 13:47:36.479,186.5663,20,186.5603,186.5723
2024-01-15 13:47:37.330,186.6677,26,186.6516,186.6838
2024-01-15 13:47:37.776,186.6323,69,186.6195,186.6452
2024-01-15 13:47:37.975,186.6564,342,186.648,186.6648
2024-01-15 13:47:40.611,186.7206,361,186.7108,186.7304
2024-01-15 13:47:40.734,186.7917,260,186.7865,186.797
2024-01-15 13:47:41.358,186.7407,171,186.7348,186.7467
2024-01-15 13:47:41.729,186.7502,44,186.7414,186.7589
2024-01-15 13:47:43.652,186.7547,29,186.7479,186.7616
2024-01-15 13:47:43.875,186.7431,39,186.7266,186.7597
2024-01-15 13:47:45.804,186.72,271,186.7014,186.7386
2024-01-15 13:47:46.420,186.6755,153,186.6688,186.6823
2024-01-15 13:47:47.994,186.6342,189,186.616,186.6524
2024-01-15 13:47:48.198,186.6632,210,186.6504,186.6759
2024-01-15 13:47:48.566,186.7741,67,186.7688,186.7795
2024-01-15 13:47:49.787,186.8246,303,186.8057,186.8434
2024-01-15 13:47:50.489,186.7657,251,186.7465,186.785
2024-01-15 13:47:52.932,186.8463,890,186.834,186.8587
2024-01-15 13:47:53.017,186.7873,103,186.7803,186.7944
2024-01-15 13:47:53.020,186.743,4,186.7334,186.7525
2024-01-15 13:47:53.248,186.7849,133,186.7736,186.7961
2024-01-15 13:47:54.500,186.9121,85,186.8945,186.9297
2024-01-15 13:47:58.156,186.9562,19,186.9505,186.9619
2024-01-15 13:47:59.530,186.8582,246,186.8402,186.8762
2024-01-15 13:48:00.470,186.8007,140,186.7945,186.8069
2024-01-15 13:48:02.058,186.821,44,186.8026,186.8394
2024-01-15 13:48:03.128,186.7934,522,186.788,186.7987
2024-01-15 13:48:06.057,186.8462,114,186.8393,186.8532
2024-01-15 13:48:06.191,186.8861,55,186.8766,186.8956
2024-01-15 13:48:07.319,186.9393,145,186.9231,186.9556
2024-01-15 13:48:08.372,187.0699,404,187.0609,187.0788
2024-01-15 13:48:08.517,186.9189,261,186.9034,186.9343
2024-01-15 13:48:09.450,187.0958,58,187.083,187.1085
2024-01-15 13:48:09.629,187.1233,321,187.1116,187.1349
2024-01-15 13:48:11.482,187.0992,139,187.0941,187.1043
2024-01-15 13:48:12.942,187.2018,285,187.1897,187.214
2024-01-15 13:48:15.894,187.2059,187,187.1922,187.2197
2024-01-15 13:48:19.288,187.1012,187,187.0839,187.1185
2024-01-15 13:48:19.391,187.0951,217,187.0758,187.1145
2024-01-15 13:48:19.925,187.1071,21,187.0964,187.1179
2024-01-15 13:48:20.065,187.0879,82,187.0729,187.103
2024-01-15 13:48:21.189,187.0145,56,187.0058,187.0233
2024-01-15 13:48:22.590,187.0532,264,187.0358,187.0705
2024-01-15 13:48:24.326,186.9614,286,186.9469,186.9758
2024-01-15 13:48:25.935,186.9686,17,186.9554,186.9817
2024-01-15 13:48:26.139,187.0615,81,187.0503,187.0727
2024-01-15 13:48:27.100,186.9924,162,186.9767,187.008
2024-01-15 13:48:28.257,186.9609,79,186.9539,186.9679
2024-01-15 13:48:34.293,186.8437,95,186.8364,186.8511
2024-01-15 13:48:39.161,186.7535,88,186.7462,186.7608
2024-01-15 13:48:39.821,186.7407,54,186.7232,186.7582
2024-01-15 13:48:40.321,186.7905,156,186.7743,186.8068
2024-01-15 13:48:42.088,186.8051,312,186.7916,186.8187
2024-01-15 13:48:42.556,186.7753,187,186.7611,186.7894
2024-01-15 13:48:42.688,186.7637,106,186.7542,186.7732
2024-01-15 13:48:52.704,186.8209,215,186.8044,186.8374
2024-01-15 13:48:53.883,186.7743,342,186.7656,186.7831
2024-01-15 13:48:54.034,186.83,552,186.8142,186.8457
2024-01-15 13:48:54.144,186.9036,492,186.8843,186.923
2024-01-15 13:48:57.519,186.8966,337,186.8832,186.9101
2024-01-15 13:49:04.581,186.927,679,186.9088,186.9453
2024-01-15 13:49:07.099,186.7797,494,186.7744,186.7851
2024-01-15 13:49:08.704,186.7798,7,186.7722,186.7874
2024-01-15 13:49:10.908,186.863,93,186.8517,186.8743
2024-01-15 13:49:11.478,186.8134,65,186.8013,186.8256
2024-01-15 13:49:13.133,186.8832,69,186.8764,186.89
2024-01-15 13:49:15.122,186.9187,188,186.9095,186.9279
2024-01-15 13:49:15.277,186.9055,103,186.8886,186.9224
2024-01-15 13:49:15.496,186.9959,98,186.9777,187.0141
2024-01-15 13:49:17.988,186.9249,302,186.9165,186.9332
2024-01-15 13:49:18.396,186.9092,147,186.8965,186.922
2024-01-15 13:49:19.021,186.9802,199,186.9696,186.9909
2024-01-15 13:49:20.565,186.9539,21,186.9478,186.9599
2024-01-15 13:49:21.245,186.9811,437,186.9715,186.9908
2024-01-15 13:49:21.878,187.0383,136,187.0316,187.045
2024-01-15 13:49:22.037,187.046,43,187.0366,187.0555
2024-01-15 13:49:26.510,187.0666,185,187.059,187.0743
2024-01-15 13:49:27.146,186.9869,254,186.9742,186.9997
2024-01-15 13:49:29.589,186.9883,502,186.9778,186.9989
2024-01-15 13:49:33.714,187.0306,317,187.0116,187.0496
2024-01-15 13:49:34.020,187.0702,45,187.0573,187.083
2024-01-15 13:49:34.197,187.2406,4,187.2274,187.2538
2024-01-15 13:49:34.336,187.2926,115,187.2876,187.2977
2024-01-15 13:49:34.491,187.4035,341,187.3945,187.4124
2024-01-15 13:49:40.270,187.4431,84,187.4252,187.461
2024-01-15 13:49:40.525,187.3893,620,187.3725,187.4062
2024-01-15 13:49:40.643,187.442,185,187.432,187.4519
2024-01-15 13:49:42.273,187.3337,7,187.3206,187.3468
2024-01-15 13:49:43.555,187.2483,255,187.2413,187.2552
2024-01-15 13:49:43.649,187.2214,295,187.2096,187.2332
2024-01-15 13:49:44.914,187.1302,253,187.1144,187.1461
2024-01-15 13:49:45.557,187.1844,22,187.1683,187.2006
2024-01-15 13:49:50.393,187.2074,605,187.2008,187.214
2024-01-15 13:49:50.612,187.2877,1,187.2748,187.3007
2024-01-15 13:49:52.525,187.2596,72,187.2443,187.2749
2024-01-15 13:49:52.758,187.302,238,187.2875,187.3165
2024-01-15 13:49:53.069,187.2351,227,187.2186,187.2515
2024-01-15 13:49:53.130,187.128,38,187.1125,187.1435
2024-01-15 13:49:53.847,187.1641,12,187.1523,187.1758
2024-01-15 13:50:01.017,187.1599,164,187.1499,187.1699
2024-01-15 13:50:01.481,187.0994,397,187.0866,187.1122
2024-01-15 13:50:01.660,187.0244,10,187.0098,187.0391
2024-01-15 13:50:09.183,187.0688,294,187.0612,187.0764
2024-01-15 13:50:10.136,187.0399,19,187.0229,187.057
2024-01-15 13:50:10.633,187.184,31,187.1736,187.1943
2024-01-15 13:50:10.724,187.3007,82,187.2852,187.3162
2024-01-15 13:50:12.384,187.4259,194,187.4193,187.4324
2024-01-15 13:50:14.502,187.3766,243,187.3616,187.3915
2024-01-15 13:50:15.523,187.3333,459,187.3273,187.3393
2024-01-15 13:50:20.868,187.6422,33,187.6359,187.6486
2024-01-15 13:50:21.042,187.5123,97,187.4957,187.5289
2024-01-15 13:50:22.868,187.4361,336,187.427,187.4452
2024-01-15 13:50:23.008,187.5595,224,187.5534,187.5657
2024-01-15 13:50:28.074,187.6467,617,187.6358,187.6576
2024-01-15 13:50:31.600,187.7168,548,187.6986,187.735
2024-01-15 13:50:32.593,187.671,723,187.6658,187.6763
2024-01-15 13:50:35.423,187.7188,32,187.7007,187.7369
2024-01-15 13:50:36.064,187.6993,121,187.6828,187.7158
2024-01-15 13:50:37.214,187.7406,17,187.7254,187.7557
2024-01-15 13:50:37.566,187.7083,262,187.6968,187.7198
2024-01-15 13:50:37.591,187.7459,305,187.728,187.7638
2024-01-15 13:50:39.575,187.8209,115,187.8042,187.8375
2024-01-15 13:50:44.199,187.838,376,187.8273,187.8486
2024-01-15 13:50:45.581,187.8417,220,187.8312,187.8522
2024-01-15 13:50:46.570,187.7351,111,187.728,187.7421
2024-01-15 13:50:48.400,187.7052,576,187.6889,187.7215
2024-01-15 13:50:48.818,187.7403,83,187.7313,187.7492
2024-01-15 13:50:51.395,187.7397,25,187.7204,187.7589
2024-01-15 13:50:55.005,187.8353,154,187.8244,187.8461
2024-01-15 13:50:59.061,187.8698,18,187.8614,187.8782
2024-01-15 13:51:00.029,187.8888,120,187.8815,187.8961
2024-01-15 13:51:01.689,187.9911,450,187.9749,188.0073
2024-01-15 13:51:03.840,187.9934,119,187.9767,188.01
2024-01-15 13:51:03.933,187.9819,19,187.9701,187.9937
2024-01-15 13:51:06.620,188.0137,15,187.9955,188.0318
2024-01-15 13:51:06.773,188.0586,72,188.0448,188.0725
2024-01-15 13:51:07.200,188.1379,185,188.1274,188.1483
2024-01-15 13:51:09.056,188.1521,236,188.1424,188.1618
2024-01-15 13:51:09.501,188.1326,406,188.1159,188.1493
2024-01-15 13:51:09.521,188.1248,136,188.1128,188.1369
2024-01-15 13:51:10.213,188.0654,69,188.0539,188.077
2024-01-15 13:51:11.243,187.9442,46,187.9385,187.9499
2024-01-15 13:51:11.288,187.9834,7,187.9781,187.9887
2024-01-15 13:51:11.957,188.0555,598,188.038,188.0731
2024-01-15 13:51:11.975,188.0444,31,188.0363,188.0525
2024-01-15 13:51:12.030,188.0468,20,188.0288,188.0649
2024-01-15 13:51:13.842,187.9704,188,187.9573,187.9835
2024-01-15 13:51:17.265,188.0881,106,188.0757,188.1004
2024-01-15 13:51:21.329,188.1197,272,188.1103,188.1291
2024-01-15 13:51:21.892,188.131,85,188.1151,188.1468
2024-01-15 13:51:22.826,188.1669,280,188.1509,188.183
2024-01-15 13:51:26.193,188.2445,155,188.2386,188.2503
2024-01-15 13:51:28.446,188.2224,30,188.2041,188.2406
2024-01-15 13:51:29.942,188.2101,414,188.1995,188.2207
2024-01-15 13:51:32.549,188.1671,93,188.1586,188.1755
2024-01-15 13:51:33.593,188.1369,325,188.1232,188.1506
2024-01-15 13:51:34.403,188.0147,116,188.0058,188.0236
2024-01-15 13:51:35.270,188.0516,651,188.0465,188.0567
2024-01-15 13:51:36.609,188.0413,167,188.0229,188.0596
2024-01-15 13:51:41.338,187.9717,499,187.9626,187.9808
2024-01-15 13:51:41.360,188.0226,1057,188.0027,188.0424
2024-01-15 13:51:46.592,188.0098,201,187.9919,188.0276
2024-01-15 13:51:47.102,188.0063,262,187.9952,188.0175
2024-01-15 13:51:48.774,188.085,14,188.0746,188.0955
2024-01-15 13:51:54.469,188.1018,161,188.0956,188.108
2024-01-15 13:51:55.921,188.1338,94,188.1144,188.1533
2024-01-15 13:51:56.418,188.0332,73,188.024,188.0423
2024-01-15 13:51:57.769,188.1397,45,188.1284,188.1511
2024-01-15 13:51:58.398,188.0251,126,188.0059,188.0442
2024-01-15 13:51:58.445,188.1566,306,188.1392,188.1741
2024-01-15 13:52:01.659,188.1193,14,188.1099,188.1287
2024-01-15 13:52:01.677,188.0324,195,188.0184,188.0464
2024-01-15 13:52:02.253,188.1635,129,188.1494,188.1775
2024-01-15 13:52:03.268,188.1967,317,188.1878,188.2056
2024-01-15 13:52:03.533,188.25,549,188.2303,188.2698
2024-01-15 13:52:06.344,188.2756,107,188.2586,188.2927
2024-01-15 13:52:06.813,188.3439,521,188.3304,188.3573
2024-01-15 13:52:09.409,188.4093,739,188.3987,188.4198
2024-01-15 13:52:13.753,188.4221,110,188.4057,188.4385
2024-01-15 13:52:15.413,188.3679,704,188.351,188.3847
2024-01-15 13:52:15.539,188.4272,525,188.4167,188.4377
2024-01-15 13:52:16.616,188.4441,63,188.4279,188.4604
2024-01-15 13:52:17.196,188.4028,150,188.3847,188.421
2024-01-15 13:52:18.542,188.3601,232,188.352,188.3681
2024-01-15 13:52:19.040,188.4641,45,188.445,188.4832
2024-01-15 13:52:24.036,188.4031,212,188.3895,188.4168
2024-01-15 13:52:25.178,188.4133,88,188.4045,188.422
2024-01-15 13:52:25.250,188.452,474,188.4391,188.4648
2024-01-15 13:52:25.822,188.4407,278,188.4352,188.4462
2024-01-15 13:52:25.934,188.4351,32,188.4289,188.4414
2024-01-15 13:52:26.175,188.3098,106,188.2982,188.3215
2024-01-15 13:52:31.026,188.291,281,188.2797,188.3023
2024-01-15 13:52:38.573,188.3362,105,188.3276,188.3447
2024-01-15 13:52:38.989,188.3208,35,188.3068,188.3348
2024-01-15 13:52:42.727,188.3625,5,188.3538,188.3712
2024-01-15 13:52:47.535,188.3482,91,188.334,188.3625
2024-01-15 13:52:47.581,188.4753,11,188.4593,188.4913
2024-01-15 13:52:47.793,188.5276,110,188.5148,188.5405
2024-01-15 13:52:48.633,188.5544,1016,188.5379,188.5709
2024-01-15 13:52:51.548,188.5533,858,188.5438,188.5627
2024-01-15 13:52:51.583,188.5316,139,188.5257,188.5375
2024-01-15 13:52:53.677,188.5355,134,188.5157,188.5553
2024-01-15 13:52:53.877,188.5071,344,188.494,188.5201
2024-01-15 13:52:56.011,188.5786,170,188.5642,188.5929
2024-01-15 13:52:57.087,188.5448,23,188.525,188.5647
2024-01-15 13:52:58.612,188.5656,197,188.5587,188.5725
2024-01-15 13:53:00.509,188.5536,147,188.5412,188.5659
2024-01-15 13:53:05.276,188.5109,53,188.4969,188.5249
2024-01-15 13:53:07.897,188.5403,177,188.5348,188.5458
2024-01-15 13:53:09.951,188.5946,25,188.5778,188.6114
2024-01-15 13:53:10.420,188.7182,38,188.7019,188.7345
2024-01-15 13:53:10.963,188.6753,229,188.6579,188.6927
2024-01-15 13:53:11.268,188.5772,204,188.5581,188.5964
2024-01-15 13:53:11.310,188.5409,1,188.5227,188.5591
2024-01-15 13:53:11.725,188.5982,565,188.5899,188.6065
2024-01-15 13:53:11.905,188.558,5,188.543,188.573
2024-01-15 13:53:14.373,188.4559,364,188.4401,188.4718
2024-01-15 13:53:15.127,188.4718,242,188.4573,188.4863
2024-01-15 13:53:18.372,188.4964,308,188.4794,188.5135
2024-01-15 13:53:28.130,188.4979,510,188.4827,188.513
2024-01-15 13:53:28.903,188.3908,107,188.3803,188.4013
2024-01-15 13:53:29.547,188.4071,115,188.4,188.4143
2024-01-15 13:53:33.328,188.4716,318,188.4527,188.4905
2024-01-15 13:53:33.718,188.4091,49,188.3968,188.4213
2024-01-15 13:53:33.798,188.4443,80,188.4352,188.4534
2024-01-15 13:53:33.850,188.4352,220,188.4211,188.4492
2024-01-15 13:53:34.237,188.4717,16,188.4552,188.4882
2024-01-15 13:53:34.662,188.4115,156,188.4017,188.4213
2024-01-15 13:53:36.610,188.368,52,188.3481,188.3879
2024-01-15 13:53:38.673,188.3906,91,188.3807,188.4005
2024-01-15 13:53:41.214,188.4836,47,188.4723,188.495
2024-01-15 13:53:43.046,188.5623,14,188.5456,188.579
2024-01-15 13:53:46.549,188.5106,144,188.4956,188.5256
2024-01-15 13:53:47.064,188.5258,17,188.5207,188.5308
2024-01-15 13:53:47.947,188.5619,103,188.5427,188.5812
2024-01-15 13:53:49.660,188.5262,264,188.5099,188.5425
2024-01-15 13:53:50.091,188.4371,21,188.4181,188.4562
2024-01-15 13:53:50.926,188.4722,320,188.4633,188.481
2024-01-15 13:53:51.236,188.4812,530,188.4735,188.4889
2024-01-15 13:53:52.142,188.3912,187,188.3818,188.4006
2024-01-15 13:53:55.170,188.2784,176,188.2588,188.298
2024-01-15 13:53:55.463,188.3198,289,188.3088,188.3308
2024-01-15 13:53:59.367,188.2412,293,188.2291,188.2532
2024-01-15 13:54:01.684,188.2269,78,188.2099,188.2438
2024-01-15 13:54:02.545,188.2708,18,188.2607,188.2809
2024-01-15 13:54:03.729,188.2927,12,188.2794,188.3059
2024-01-15 13:54:04.005,188.2962,484,188.2894,188.3029
2024-01-15 13:54:04.665,188.3422,124,188.3325,188.3519
2024-01-15 13:54:04.842,188.374,43,188.367,188.3809
2024-01-15 13:54:04.987,188.4584,124,188.4522,188.4646
2024-01-15 13:54:05.508,188.3886,407,188.3738,188.4034
2024-01-15 13:54:05.791,188.4607,143,188.4422,188.4793
2024-01-15 13:54:08.243,188.5803,599,188.569,188.5916
2024-01-15 13:54:11.773,188.6119,207,188.6068,188.617
2024-01-15 13:54:15.555,188.5844,246,188.5769,188.5919
2024-01-15 13:54:17.879,188.5256,490,188.5172,188.534
2024-01-15 13:54:18.931,188.4622,68,188.4512,188.4731
2024-01-15 13:54:19.337,188.343,51,188.3237,188.3624
2024-01-15 13:54:22.912,188.4056,29,188.3929,188.4183
2024-01-15 13:54:23.728,188.3663,627,188.3551,188.3775
2024-01-15 13:54:26.510,188.4075,331,188.3924,188.4226
2024-01-15 13:54:26.746,188.3268,858,188.3119,188.3416
2024-01-15 13:54:28.516,188.201,424,188.1889,188.2131
2024-01-15 13:54:31.271,188.2056,71,188.2006,188.2107
2024-01-15 13:54:31.799,188.2158,254,188.2075,188.224
2024-01-15 13:54:33.571,188.1311,43,188.1124,188.1499
2024-01-15 13:54:34.579,188.1928,672,188.1775,188.208
2024-01-15 13:54:36.144,188.2038,450,188.1871,188.2205
2024-01-15 13:54:37.303,188.2829,58,188.2709,188.2949
2024-01-15 13:54:37.377,188.3168,10,188.2985,188.3352
2024-01-15 13:54:37.771,188.4329,78,188.4204,188.4453
2024-01-15 13:54:41.389,188.3932,352,188.3764,188.4099
2024-01-15 13:54:41.913,188.4411,310,188.4308,188.4513
2024-01-15 13:54:43.796,188.4394,928,188.4275,188.4514
2024-01-15 13:54:45.502,188.5274,126,188.5113,188.5434
2024-01-15 13:54:46.007,188.4588,336,188.4448,188.4729
2024-01-15 13:54:46.120,188.5459,379,188.5351,188.5567
2024-01-15 13:54:47.934,188.6764,55,188.665,188.6877
2024-01-15 13:54:50.591,188.7645,270,188.7575,188.7714
2024-01-15 13:54:50.914,188.8328,9,188.8198,188.8459
2024-01-15 13:54:53.765,188.7974,547,188.7836,188.8111
2024-01-15 13:54:55.258,188.7303,358,188.7123,188.7483
2024-01-15 13:54:56.079,188.7416,327,188.7226,188.7606
2024-01-15 13:55:02.742,188.8128,13,188.8027,188.8228
2024-01-15 13:55:03.980,188.8249,81,188.8083,188.8415
2024-01-15 13:55:04.759,188.94,64,188.9338,188.9461
2024-01-15 13:55:05.911,188.9857,292,188.9756,188.9957
2024-01-15 13:55:06.796,188.9645,60,188.9559,188.9731
2024-01-15 13:55:09.146,188.9527,115,188.9335,188.972
2024-01-15 13:55:18.290,189.0847,111,189.0665,189.1029
2024-01-15 13:55:18.690,189.1802,452,189.1748,189.1856
2024-01-15 13:55:19.665,189.189,164,189.1756,189.2024
2024-01-15 13:55:20.796,189.1348,174,189.1253,189.1443
2024-01-15 13:55:21.134,189.2616,77,189.2495,189.2736
2024-01-15 13:55:21.484,189.2419,18,189.2258,189.2579
2024-01-15 13:55:22.026,189.2587,202,189.2488,189.2687
2024-01-15 13:55:23.908,189.1806,209,189.1644,189.1969
2024-01-15 13:55:27.152,189.3377,67,189.3193,189.3561
2024-01-15 13:55:29.934,189.3463,293,189.3353,189.3572
2024-01-15 13:55:30.564,189.3946,31,189.3765,189.4126
2024-01-15 13:55:30.937,189.528,246,189.5127,189.5432
2024-01-15 13:55:31.554,189.4377,36,189.4236,189.4519
2024-01-15 13:55:31.729,189.3551,59,189.346,189.3641
2024-01-15 13:55:33.342,189.2512,53,189.2315,189.2708
2024-01-15 13:55:33.723,189.2632,93,189.2465,189.2799
2024-01-15 13:55:36.709,189.1866,63,189.1733,189.1999
2024-01-15 13:55:36.885,189.2151,150,189.2054,189.2247
2024-01-15 13:55:38.599,189.1507,982,189.1414,189.1599
2024-01-15 13:55:39.916,188.9962,148,188.9873,189.005
2024-01-15 13:55:41.464,189.0148,300,189.008,189.0217
2024-01-15 13:55:44.127,189.0044,188,188.9962,189.0125
2024-01-15 13:55:45.665,188.9721,462,188.9619,188.9824
2024-01-15 13:55:48.631,189.0009,129,188.9883,189.0135
2024-01-15 13:55:50.369,188.8256,358,188.8081,188.8432
2024-01-15 13:55:51.225,188.8953,1,188.8791,188.9115
2024-01-15 13:55:52.234,188.898,51,188.8824,188.9135
2024-01-15 13:55:52.403,188.8878,15,188.8724,188.9031
2024-01-15 13:55:59.138,188.9264,104,188.9142,188.9386
2024-01-15 13:55:59.531,188.8127,154,188.7982,188.8271
2024-01-15 13:56:00.459,188.8285,300,188.8218,188.8353
2024-01-15 13:56:02.756,188.8473,1,188.831,188.8635
2024-01-15 13:56:03.766,188.7947,99,188.7779,188.8114
2024-01-15 13:56:10.563,188.8492,25,188.8317,188.8667
2024-01-15 13:56:13.416,188.8623,145,188.8531,188.8715
2024-01-15 13:56:14.794,188.8798,128,188.8744,188.8851
2024-01-15 13:56:16.310,188.9675,112,188.9538,188.9813
2024-01-15 13:56:16.851,189.04,29,189.0253,189.0548
2024-01-15 13:56:16.939,189.0403,134,189.0318,189.0487
2024-01-15 13:56:21.562,189.0978,172,189.0791,189.1165
2024-01-15 13:56:23.470,189.0219,41,189.0114,189.0324
2024-01-15 13:56:23.840,188.9227,317,188.9134,188.9321
2024-01-15 13:56:26.275,188.9643,26,188.9458,188.9829
2024-01-15 13:56:26.623,189.0808,87,189.065,189.0966
2024-01-15 13:56:27.900,188.9354,318,188.9234,188.9473
2024-01-15 13:56:27.912,188.946,123,188.9364,188.9556
2024-01-15 13:56:29.715,188.8543,14,188.8444,188.8642
2024-01-15 13:56:30.230,188.8633,478,188.8456,188.881
2024-01-15 13:56:31.341,188.9366,335,188.9262,188.9471
2024-01-15 13:56:31.681,188.8936,157,188.8751,188.9122
2024-01-15 13:56:32.667,188.9055,73,188.8922,188.9189
2024-01-15 13:56:32.872,188.8467,215,188.8317,188.8616
2024-01-15 13:56:33.093,188.866,273,188.8576,188.8743
2024-01-15 13:56:35.203,188.9996,225,188.9806,189.0186
2024-01-15 13:56:36.031,188.9694,174,188.9514,188.9875
2024-01-15 13:56:36.570,189.1264,330,189.1118,189.141
2024-01-15 13:56:37.909,189.0998,187,189.0888,189.1108
2024-01-15 13:56:40.507,189.0505,197,189.0371,189.0639
2024-01-15 13:56:42.106,189.0425,360,189.036,189.0491
2024-01-15 13:56:46.277,189.0669,422,189.0531,189.0807
2024-01-15 13:56:48.591,189.0438,209,189.0322,189.0555
2024-01-15 13:56:49.214,189.0777,94,189.0694,189.0859
2024-01-15 13:56:54.494,188.9912,14,188.9787,189.0038
2024-01-15 13:56:57.604,188.9956,88,188.9881,189.0031
2024-01-15 13:56:58.712,188.8841,112,188.8663,188.9019
2024-01-15 13:57:01.582,188.8744,459,188.8627,188.8861
2024-01-15 13:57:01.774,188.8403,24,188.8271,188.8535
2024-01-15 13:57:02.501,188.8095,63,188.7903,188.8286
2024-01-15 13:57:05.198,188.7776,80,188.7607,188.7944
2024-01-15 13:57:05.435,188.7788,419,188.771,188.7865
2024-01-15 13:57:06.157,188.7034,87,188.6972,188.7096
2024-01-15 13:57:07.034,188.7015,30,188.689,188.7141
2024-01-15 13:57:07.606,188.6529,77,188.6412,188.6645
2024-01-15 13:57:08.192,188.5485,264,188.5286,188.5684
2024-01-15 13:57:10.925,188.7148,257,188.7061,188.7235
2024-01-15 13:57:11.689,188.6743,7,188.6608,188.6878
2024-01-15 13:57:12.452,188.7041,453,188.685,188.7232
2024-01-15 13:57:12.494,188.7126,47,188.7004,188.7249
2024-01-15 13:57:12.659,188.7436,70,188.7356,188.7515
2024-01-15 13:57:14.007,188.7926,305,188.7743,188.8108
2024-01-15 13:57:14.162,188.808,108,188.7881,188.8279
2024-01-15 13:57:14.898,188.8178,118,188.8032,188.8323
2024-01-15 13:57:18.314,188.8825,142,188.8675,188.8974
2024-01-15 13:57:19.803,188.9479,12,188.9349,188.961
2024-01-15 13:57:20.195,188.9357,234,188.9218,188.9497
2024-01-15 13:57:25.361,188.8522,449,188.8355,188.869
2024-01-15 13:57:26.162,188.8682,6,188.8533,188.8832
2024-01-15 13:57:26.380,188.8821,275,188.8769,188.8873
2024-01-15 13:57:28.742,188.8798,170,188.8678,188.8918
2024-01-15 13:57:32.178,188.8931,161,188.8785,188.9076
2024-01-15 13:57:32.300,188.9162,48,188.909,188.9234
2024-01-15 13:57:32.371,188.8568,90,188.8421,188.8716
2024-01-15 13:57:32.830,188.8284,123,188.8189,188.8379
2024-01-15 13:57:32.863,188.8812,17,188.8747,188.8877
2024-01-15 13:57:34.814,188.8007,206,188.7856,188.8159
2024-01-15 13:57:38.846,188.7923,370,188.7871,188.7975
2024-01-15 13:57:39.016,188.7886,140,188.7775,188.7998
2024-01-15 13:57:39.572,188.6838,908,188.6651,188.7025
2024-01-15 13:57:41.289,188.7487,240,188.7325,188.7648
2024-01-15 13:57:41.902,188.8923,172,188.8847,188.8999
2024-01-15 13:57:42.927,188.9185,315,188.9129,188.9241
2024-01-15 13:57:43.269,188.9104,30,188.8981,188.9228
2024-01-15 13:57:43.602,188.8647,46,188.8453,188.8841
2024-01-15 13:57:44.378,188.7946,731,188.7795,188.8098
2024-01-15 13:57:44.667,188.8432,339,188.8373,188.8492
2024-01-15 13:57:44.883,188.9454,123,188.9343,188.9564
2024-01-15 13:57:45.786,188.8839,35,188.8751,188.8926
2024-01-15 13:57:45.843,188.8977,145,188.8839,188.9115
2024-01-15 13:57:46.404,188.8671,102,188.8561,188.8782
2024-01-15 13:57:47.440,188.867,440,188.8509,188.8831
2024-01-15 13:57:47.952,188.7691,1,188.7543,188.784
2024-01-15 13:57:48.347,188.8151,77,188.8096,188.8206
2024-01-15 13:57:51.812,188.7429,38,188.7298,188.756
2024-01-15 13:57:51.972,188.7232,292,188.7058,188.7407
2024-01-15 13:57:52.873,188.6647,106,188.6591,188.6702
2024-01-15 13:57:54.745,188.6811,64,188.6639,188.6983
2024-01-15 13:57:54.969,188.6715,26,188.6571,188.686
2024-01-15 13:57:55.437,188.7556,446,188.7444,188.7669
2024-01-15 13:57:55.503,188.7967,49,188.7877,188.8056
2024-01-15 13:57:56.635,188.7943,412,188.7796,188.809
2024-01-15 13:57:56.814,188.8072,326,188.7902,188.8241
2024-01-15 13:57:57.908,188.8063,273,188.7923,188.8202
2024-01-15 13:58:02.784,188.6338,935,188.6186,188.6491
2024-01-15 13:58:03.534,188.6286,508,188.6226,188.6345
2024-01-15 13:58:04.708,188.6244,110,188.6104,188.6384
2024-01-15 13:58:05.589,188.7234,250,188.7135,188.7332
2024-01-15 13:58:05.718,188.617,52,188.6119,188.6221
2024-01-15 13:58:07.480,188.5886,548,188.5691,188.6081
2024-01-15 13:58:09.584,188.48,34,188.474,188.4861
2024-01-15 13:58:12.550,188.4587,20,188.4393,188.4781
2024-01-15 13:58:14.600,188.5192,424,188.5138,188.5245
2024-01-15 13:58:15.226,188.5712,262,188.5646,188.5777
2024-01-15 13:58:16.560,188.6171,117,188.6011,188.6331
2024-01-15 13:58:17.733,188.5603,19,188.554,188.5666
2024-01-15 13:58:18.425,188.5506,148,188.5429,188.5584
2024-01-15 13:58:18.512,188.5292,101,188.5109,188.5475
2024-01-15 13:58:19.898,188.5628,318,188.5551,188.5704
2024-01-15 13:58:20.760,188.5288,1,188.5164,188.5412
2024-01-15 13:58:20.867,188.5899,699,188.5789,188.6008
2024-01-15 13:58:21.219,188.5503,41,188.542,188.5587
2024-01-15 13:58:21.612,188.5474,253,188.53,188.5648
2024-01-15 13:58:23.389,188.5897,156,188.5842,188.5952
2024-01-15 13:58:23.959,188.4759,446,188.4625,188.4893
2024-01-15 13:58:26.274,188.5101,287,188.4988,188.5213
2024-01-15 13:58:26.386,188.5517,143,188.5381,188.5652
2024-01-15 13:58:28.776,188.595,113,188.5791,188.6108
2024-01-15 13:58:32.350,188.59,22,188.5775,188.6025
2024-01-15 13:58:34.698,188.708,466,188.6924,188.7235
2024-01-15 13:58:36.655,188.7169,144,188.7102,188.7235
2024-01-15 13:58:38.537,188.7573,25,188.7521,188.7626
2024-01-15 13:58:45.030,188.7689,23,188.7621,188.7756
2024-01-15 13:58:47.617,188.8191,6,188.8076,188.8306
2024-01-15 13:58:47.648,188.8514,559,188.8348,188.8681
2024-01-15 13:58:48.014,188.8752,82,188.8682,188.8822
2024-01-15 13:58:48.298,188.8362,1,188.8247,188.8477
2024-01-15 13:58:48.681,188.7953,244,188.7806,188.81
2024-01-15 13:58:50.171,188.8456,222,188.8269,188.8643
2024-01-15 13:58:50.413,188.8919,158,188.8738,188.9101
2024-01-15 13:58:52.083,188.903,222,188.8934,188.9126
2024-01-15 13:58:52.280,188.8693,137,188.858,188.8807
2024-01-15 13:58:53.444,188.8702,296,188.8607,188.8797
2024-01-15 13:58:53.806,188.8332,340,188.8162,188.8501
2024-01-15 13:58:56.005,188.9403,648,188.9273,188.9533
2024-01-15 13:58:56.545,188.8864,116,188.8692,188.9036
2024-01-15 13:58:56.971,188.8721,183,188.8575,188.8868
2024-01-15 13:58:58.158,188.8862,192,188.8728,188.8995
2024-01-15 13:58:59.029,188.8852,114,188.8779,188.8924
2024-01-15 13:58:59.265,188.9523,95,188.9459,188.9587
2024-01-15 13:58:59.640,188.8563,112,188.8448,188.8677
2024-01-15 13:59:03.086,188.8412,13,188.8306,188.8517
2024-01-15 13:59:03.869,188.819,14,188.8057,188.8323
2024-01-15 13:59:04.600,188.7758,106,188.7609,188.7907
2024-01-15 13:59:04.887,188.8049,527,188.7859,188.8239
2024-01-15 13:59:05.516,188.7628,180,188.7464,188.7793
2024-01-15 13:59:07.195,188.8219,36,188.8075,188.8364
2024-01-15 13:59:09.632,188.7837,608,188.7765,188.7909
2024-01-15 13:59:11.069,188.7937,192,188.7804,188.807
2024-01-15 13:59:11.319,188.6995,135,188.6911,188.7079
2024-01-15 13:59:11.699,188.6544,213,188.645,188.6637
2024-01-15 13:59:12.003,188.6797,53,188.6686,188.6908
2024-01-15 13:59:12.289,188.688,276,188.6769,188.6991
2024-01-15 13:59:13.280,188.7576,13,188.7495,188.7657
2024-01-15 13:59:14.934,188.7682,24,188.7553,188.781
2024-01-15 13:59:16.458,188.7786,291,188.7663,188.791
2024-01-15 13:59:16.494,188.7901,66,188.777,188.8032
2024-01-15 13:59:17.855,188.8149,67,188.8062,188.8236
2024-01-15 13:59:18.174,188.8733,43,188.8561,188.8904
2024-01-15 13:59:18.914,188.8731,80,188.868,188.8781
2024-01-15 13:59:24.602,188.8176,131,188.8043,188.8309
2024-01-15 13:59:27.144,188.8358,525,188.8228,188.8489
2024-01-15 13:59:27.329,188.8331,70,188.826,188.8401
2024-01-15 13:59:27.653,188.8891,113,188.881,188.8972
2024-01-15 13:59:27.685,188.9546,654,188.9353,188.9738
2024-01-15 13:59:28.216,188.932,376,188.9189,188.945
2024-01-15 13:59:29.562,188.9652,56,188.9453,188.985
2024-01-15 13:59:30.095,188.94,308,188.925,188.955
2024-01-15 13:59:35.222,189.0776,179,189.071,189.0843
2024-01-15 13:59:39.376,189.0714,44,189.0566,189.0863
2024-01-15 13:59:43.356,188.9733,101,188.954,188.9926
2024-01-15 13:59:46.957,188.887,565,188.8674,188.9066
2024-01-15 13:59:47.309,189.003,63,188.9897,189.0163
2024-01-15 13:59:48.191,189.0291,109,189.0232,189.035
2024-01-15 13:59:48.739,189.1058,275,189.0973,189.1142
2024-01-15 13:59:50.773,189.1538,47,189.1343,189.1733
2024-01-15 13:59:52.506,189.1497,1230,189.1416,189.1577
2024-01-15 13:59:54.162,189.2148,86,189.2014,189.2282
2024-01-15 13:59:55.809,189.0764,113,189.0577,189.0951
2024-01-15 13:59:55.945,189.0575,13,189.0448,189.0703
2024-01-15 13:59:58.950,189.0269,279,189.0154,189.0384
2024-01-15 13:59:59.787,189.0879,324,189.0707,189.105
2024-01-15 14:00:00.317,189.0592,696,189.0503,189.0681
2024-01-15 14:00:00.778,189.0482,91,189.0431,189.0533
2024-01-15 14:00:03.303,188.9884,325,188.9733,189.0035
2024-01-15 14:00:04.497,189.0304,770,189.0206,189.0403
2024-01-15 14:00:05.006,188.9786,814,188.9623,188.9948
2024-01-15 14:00:08.938,188.9712,12,188.9612,188.9812
2024-01-15 14:00:09.521,189.0376,163,189.0318,189.0434
2024-01-15 14:00:09.598,188.9952,432,188.9896,189.0008
2024-01-15 14:00:11.378,188.9149,29,188.8987,188.9311
2024-01-15 14:00:13.374,188.9788,121,188.9645,188.9932
2024-01-15 14:00:14.458,189.0202,466,189.002,189.0384
2024-01-15 14:00:21.018,188.947,29,188.9302,188.9637
2024-01-15 14:00:21.176,188.8242,97,188.8175,188.831
2024-01-15 14:00:24.657,188.6857,333,188.6728,188.6986
2024-01-15 14:00:28.647,188.661,436,188.6459,188.676
2024-01-15 14:00:30.149,188.6977,34,188.6811,188.7143
2024-01-15 14:00:30.908,188.8106,203,188.791,188.8301
2024-01-15 14:00:31.740,188.7346,234,188.7176,188.7517
2024-01-15 14:00:32.705,188.9,44,188.8843,188.9157
2024-01-15 14:00:37.605,188.9104,200,188.895,188.9258
2024-01-15 14:00:39.192,188.9321,52,188.9181,188.9461
2024-01-15 14:00:40.761,188.7916,509,188.7722,188.8109
2024-01-15 14:00:43.170,188.7258,146,188.7101,188.7415
2024-01-15 14:00:44.074,188.6976,176,188.6878,188.7073
2024-01-15 14:00:45.202,188.7347,91,188.7199,188.7494
2024-01-15 14:00:47.547,188.7769,26,188.7643,188.7896
2024-01-15 14:00:48.760,188.8504,189,188.8333,188.8675
2024-01-15 14:00:50.301,188.924,184,188.9128,188.9353
2024-01-15 14:00:52.520,188.8431,725,188.8273,188.8589
2024-01-15 14:00:53.208,188.8531,27,188.8416,188.8645
2024-01-15 14:00:53.984,188.7961,15,188.7789,188.8132
2024-01-15 14:00:54.463,188.7328,659,188.7183,188.7473
2024-01-15 14:00:54.810,188.7636,152,188.7474,188.7799
2024-01-15 14:00:55.174,188.7725,552,188.7536,188.7913
2024-01-15 14:00:55.294,188.8129,561,188.795,188.8308
2024-01-15 14:00:57.452,188.8668,31,188.8507,188.883
2024-01-15 14:00:58.205,188.8734,56,188.8564,188.8904
2024-01-15 14:00:59.129,188.9533,848,188.9434,188.9631
2024-01-15 14:01:00.039,188.9502,163,188.9311,188.9692
2024-01-15 14:01:00.255,188.8628,78,188.8559,188.8698
2024-01-15 14:01:01.520,188.8465,184,188.8268,188.8663
2024-01-15 14:01:01.932,188.854,77,188.8369,188.8711
2024-01-15 14:01:03.511,188.768,45,188.7602,188.7759
2024-01-15 14:01:10.210,188.7382,29,188.7282,188.7483
2024-01-15 14:01:13.666,188.5838,499,188.576,188.5917
2024-01-15 14:01:14.945,188.61,34,188.594,188.626
2024-01-15 14:01:16.180,188.6201,224,188.614,188.6262
2024-01-15 14:01:16.664,188.6474,76,188.6327,188.662
2024-01-15 14:01:17.960,188.5832,67,188.5679,188.5985
2024-01-15 14:01:19.952,188.5575,192,188.5458,188.5692
2024-01-15 14:01:22.085,188.5575,119,188.5378,188.5771
2024-01-15 14:01:25.353,188.5343,214,188.5199,188.5486
2024-01-15 14:01:27.763,188.571,9,188.5557,188.5863
2024-01-15 14:01:29.257,188.61,121,188.5907,188.6293
2024-01-15 14:01:31.178,188.5387,182,188.5193,188.5582
2024-01-15 14:01:35.933,188.5674,12,188.5565,188.5782
2024-01-15 14:01:37.482,188.5873,128,188.5772,188.5975
2024-01-15 14:01:42.230,188.455,73,188.4375,188.4724
2024-01-15 14:01:42.250,188.4277,27,188.4167,188.4387
2024-01-15 14:01:46.080,188.3542,104,188.3411,188.3672
2024-01-15 14:01:49.293,188.4994,148,188.4865,188.5122
2024-01-15 14:01:55.961,188.5614,133,188.554,188.5687
2024-01-15 14:01:56.890,188.5064,121,188.4878,188.5249
2024-01-15 14:01:59.642,188.4946,204,188.482,188.5073
2024-01-15 14:01:59.867,188.5219,306,188.5076,188.5362
2024-01-15 14:02:04.100,188.42,260,188.4034,188.4365
2024-01-15 14:02:04.384,188.4686,621,188.4622,188.475
2024-01-15 14:02:04.743,188.4224,227,188.4031,188.4417
2024-01-15 14:02:04.936,188.5086,114,188.4986,188.5187
2024-01-15 14:02:05.505,188.472,67,188.4527,188.4912
2024-01-15 14:02:06.067,188.4653,125,188.4545,188.4761
2024-01-15 14:02:09.530,188.3776,199,188.3599,188.3952
2024-01-15 14:02:11.472,188.2841,23,188.2683,188.2999
2024-01-15 14:02:11.621,188.2509,129,188.2314,188.2704
2024-01-15 14:02:18.522,188.2136,328,188.1996,188.2276
2024-01-15 14:02:19.257,188.2223,76,188.2136,188.2311
2024-01-15 14:02:21.192,188.236,150,188.2225,188.2494
2024-01-15 14:02:28.392,188.1855,152,188.1661,188.2048
2024-01-15 14:02:28.850,188.1418,5,188.1266,188.1569
2024-01-15 14:02:30.188,188.1567,327,188.1396,188.1738
2024-01-15 14:02:31.243,188.0522,280,188.0376,188.0668
2024-01-15 14:02:31.264,187.979,396,187.9672,187.9907
2024-01-15 14:02:32.576,187.9594,6,187.95,187.9689
2024-01-15 14:02:36.105,187.9895,129,187.9804,187.9985
2024-01-15 14:02:36.167,188.0136,397,187.9956,188.0316
2024-01-15 14:02:36.597,188.0071,110,187.9908,188.0233
2024-01-15 14:02:36.651,187.9757,141,187.9575,187.994
2024-01-15 14:02:37.054,187.943,267,187.9369,187.9492
2024-01-15 14:02:37.083,187.8903,101,187.8764,187.9041
2024-01-15 14:02:37.882,187.9574,50,187.9473,187.9674
2024-01-15 14:02:40.509,188.0277,165,188.0213,188.0342
2024-01-15 14:02:41.782,187.9359,42,187.9191,187.9527
2024-01-15 14:02:42.038,187.9063,93,187.8881,187.9245
2024-01-15 14:02:42.894,187.9242,27,187.9183,187.93
2024-01-15 14:02:43.050,187.9053,27,187.8973,187.9134
2024-01-15 14:02:43.161,187.8149,13,187.8003,187.8295
2024-01-15 14:02:43.778,187.9565,31,187.946,187.9669
2024-01-15 14:02:46.261,187.9549,267,187.9415,187.9682
2024-01-15 14:02:47.795,187.8916,52,187.8838,187.8993
2024-01-15 14:02:47.915,187.935,88,187.9275,187.9425
2024-01-15 14:02:48.612,188.043,121,188.0341,188.0518
2024-01-15 14:02:52.312,188.1106,135,188.092,188.1292
2024-01-15 14:02:53.252,188.0768,628,188.0638,188.0898
2024-01-15 14:02:53.255,188.1333,116,188.1252,188.1414
2024-01-15 14:02:54.170,188.1473,212,188.1331,188.1615
2024-01-15 14:02:55.241,188.129,599,188.1228,188.1351
2024-01-15 14:02:55.887,188.1245,479,188.1112,188.1377
2024-01-15 14:02:57.311,188.1315,166,188.1258,188.1373
2024-01-15 14:02:58.158,188.1163,95,188.1011,188.1315
2024-01-15 14:03:00.612,187.9383,377,187.9248,187.9518
2024-01-15 14:03:01.217,187.8295,300,187.823,187.8361
2024-01-15 14:03:02.969,187.8297,137,187.8228,187.8366
2024-01-15 14:03:04.442,187.8728,139,187.8619,187.8837
2024-01-15 14:03:04.785,187.9331,36,187.9257,187.9405
2024-01-15 14:03:06.289,187.8578,771,187.8447,187.871
2024-01-15 14:03:06.294,187.8707,58,187.8618,187.8796
2024-01-15 14:03:06.807,187.7893,300,187.7715,187.8071
2024-01-15 14:03:07.344,187.8422,62,187.8353,187.8492
2024-01-15 14:03:08.288,187.8571,170,187.8374,187.8768
2024-01-15 14:03:09.480,187.7648,545,187.7469,187.7826
2024-01-15 14:03:10.221,187.5946,314,187.5892,187.6
2024-01-15 14:03:10.428,187.4881,84,187.4696,187.5067
2024-01-15 14:03:10.833,187.4543,354,187.4482,187.4604
2024-01-15 14:03:13.536,187.442,60,187.4354,187.4486
2024-01-15 14:03:15.939,187.64,23,187.6338,187.6463
2024-01-15 14:03:16.640,187.7441,129,187.7379,187.7503
2024-01-15 14:03:19.924,187.6666,26,187.6499,187.6833
2024-01-15 14:03:21.597,187.6066,274,187.5972,187.616
2024-01-15 14:03:21.769,187.5263,499,187.5165,187.536
2024-01-15 14:03:24.357,187.4511,292,187.4449,187.4573
2024-01-15 14:03:25.536,187.6042,1,187.59,187.6184
2024-01-15 14:03:26.246,187.6033,11,187.5983,187.6083
2024-01-15 14:03:26.818,187.5957,11,187.5855,187.606
2024-01-15 14:03:29.067,187.6055,2,187.5956,187.6154
2024-01-15 14:03:30.874,187.5577,109,187.5466,187.5688
2024-01-15 14:03:30.989,187.5593,175,187.5404,187.5783
2024-01-15 14:03:37.584,187.6105,290,187.6036,187.6173
2024-01-15 14:03:40.310,187.5475,669,187.538,187.557
2024-01-15 14:03:40.584,187.4435,67,187.4347,187.4522
2024-01-15 14:03:41.620,187.4562,486,187.4449,187.4676
2024-01-15 14:03:41.976,187.5014,4,187.4881,187.5148
2024-01-15 14:03:43.483,187.5234,50,187.5041,187.5427
2024-01-15 14:03:43.823,187.3898,170,187.3789,187.4008
2024-01-15 14:03:44.955,187.3499,90,187.3415,187.3582
2024-01-15 14:03:45.626,187.2788,58,187.2677,187.2899
2024-01-15 14:03:46.564,187.2266,81,187.2137,187.2394
2024-01-15 14:03:48.259,187.2224,143,187.2142,187.2307
2024-01-15 14:03:52.351,187.2077,1,187.1892,187.2262
2024-01-15 14:03:53.627,187.2641,302,187.2519,187.2764
2024-01-15 14:03:53.787,187.3268,43,187.3143,187.3392
2024-01-15 14:03:54.780,187.188,641,187.175,187.2009
2024-01-15 14:03:56.440,187.2332,110,187.2275,187.2389
2024-01-15 14:03:56.734,187.2669,88,187.2531,187.2807
2024-01-15 14:03:57.169,187.2359,13,187.2212,187.2506
2024-01-15 14:03:57.322,187.344,181,187.3382,187.3497
2024-01-15 14:03:57.631,187.358,10,187.3383,187.3777
2024-01-15 14:03:58.342,187.3111,217,187.2935,187.3288
2024-01-15 14:04:01.739,187.2535,298,187.2396,187.2674
2024-01-15 14:04:07.799,187.1695,299,187.1512,187.1878
2024-01-15 14:04:10.757,187.2508,295,187.2408,187.2608
2024-01-15 14:04:13.633,187.2584,274,187.2497,187.2671
2024-01-15 14:04:14.015,187.3357,250,187.3302,187.3413
2024-01-15 14:04:16.021,187.3748,156,187.363,187.3866
2024-01-15 14:04:16.851,187.3519,99,187.3385,187.3653
2024-01-15 14:04:26.540,187.3481,204,187.3349,187.3613
2024-01-15 14:04:29.232,187.4039,90,187.3915,187.4163
2024-01-15 14:04:30.397,187.4401,5,187.4202,187.4599
2024-01-15 14:04:30.638,187.4961,236,187.4805,187.5117
2024-01-15 14:04:31.476,187.4493,86,187.4322,187.4664
2024-01-15 14:04:32.026,187.3549,42,187.3429,187.367
2024-01-15 14:04:33.041,187.2661,185,187.2528,187.2795
2024-01-15 14:04:33.490,187.3167,321,187.3029,187.3306
2024-01-15 14:04:33.615,187.2851,63,187.2766,187.2935
2024-01-15 14:04:34.235,187.332,59,187.3206,187.3435
2024-01-15 14:04:34.591,187.3294,82,187.3147,187.3441
2024-01-15 14:04:37.380,187.2017,274,187.1874,187.216
2024-01-15 14:04:41.751,187.2729,24,187.2579,187.288
2024-01-15 14:04:43.120,187.464,162,187.454,187.4739
2024-01-15 14:04:43.318,187.4707,26,187.4636,187.4777
2024-01-15 14:04:43.721,187.4048,185,187.3925,187.4171
2024-01-15 14:04:45.402,187.5642,1,187.5566,187.5717
2024-01-15 14:04:46.105,187.4384,129,187.4207,187.4561
2024-01-15 14:04:48.403,187.4533,399,187.4456,187.461
2024-01-15 14:04:53.942,187.5293,243,187.5137,187.5449
2024-01-15 14:04:55.393,187.4952,728,187.487,187.5034
2024-01-15 14:04:55.533,187.5248,882,187.5055,187.5441
2024-01-15 14:05:01.899,187.4983,60,187.4907,187.5059
2024-01-15 14:05:04.386,187.5235,285,187.5056,187.5413
2024-01-15 14:05:05.165,187.6142,478,187.6018,187.6266
2024-01-15 14:05:06.848,187.667,67,187.6514,187.6826
2024-01-15 14:05:06.961,187.7342,430,187.7261,187.7424
2024-01-15 14:05:07.123,187.894,52,187.876,187.9119
2024-01-15 14:05:07.278,187.7652,72,187.7555,187.7749
2024-01-15 14:05:07.654,187.8708,298,187.8591,187.8826
2024-01-15 14:05:09.561,187.9614,277,187.9559,187.9669
2024-01-15 14:05:09.756,187.9128,41,187.9028,187.9229
2024-01-15 14:05:10.426,187.7608,162,187.7452,187.7764
2024-01-15 14:05:11.886,187.8566,366,187.8516,187.8617
2024-01-15 14:05:16.220,188.0208,5,188.0123,188.0292
2024-01-15 14:05:18.538,188.0704,59,188.0577,188.0831
2024-01-15 14:05:18.889,188.1266,21,188.1181,188.1351
2024-01-15 14:05:20.935,188.138,401,188.1214,188.1545
2024-01-15 14:05:22.898,188.1345,90,188.1275,188.1415
2024-01-15 14:05:22.933,188.0697,170,188.0552,188.0841
2024-01-15 14:05:23.771,188.0946,158,188.0776,188.1116
2024-01-15 14:05:23.980,188.0948,3,188.0812,188.1083
2024-01-15 14:05:24.864,187.9926,106,187.9741,188.011
2024-01-15 14:05:27.124,187.9846,137,187.9724,187.9969
2024-01-15 14:05:28.006,187.962,63,187.9508,187.9731
2024-01-15 14:05:28.238,187.8866,71,187.8677,187.9056
2024-01-15 14:05:33.186,187.752,2,187.735,187.7691
2024-01-15 14:05:35.712,187.6837,474,187.6721,187.6954
2024-01-15 14:05:36.560,187.5895,448,187.578,187.601
2024-01-15 14:05:40.236,187.5623,34,187.5543,187.5702
2024-01-15 14:05:41.600,187.4558,126,187.4443,187.4673
2024-01-15 14:05:41.798,187.5814,243,187.5653,187.5976
2024-01-15 14:05:43.897,187.5313,505,187.5184,187.5441
2024-01-15 14:05:46.111,187.666,132,187.6554,187.6766
2024-01-15 14:05:49.027,187.6922,108,187.6751,187.7092
2024-01-15 14:05:50.561,187.7067,333,187.6995,187.7139
2024-01-15 14:05:52.549,187.7015,258,187.6858,187.7172
2024-01-15 14:05:53.285,187.6766,226,187.6589,187.6943
2024-01-15 14:05:54.086,187.6135,33,187.5942,187.6327
2024-01-15 14:05:55.582,187.6114,283,187.5948,187.628
2024-01-15 14:05:56.782,187.7001,25,187.6814,187.7187
2024-01-15 14:05:58.923,187.6673,38,187.656,187.6786
2024-01-15 14:06:00.346,187.7343,118,187.7292,187.7394
2024-01-15 14:06:01.670,187.7561,138,187.7478,187.7644
2024-01-15 14:06:03.730,187.8238,797,187.8187,187.829
2024-01-15 14:06:04.481,187.8324,555,187.8149,187.8498
2024-01-15 14:06:04.657,187.8024,194,187.7899,187.8148
2024-01-15 14:06:06.308,187.9214,23,187.9129,187.93
2024-01-15 14:06:06.738,187.9725,122,187.9597,187.9853
2024-01-15 14:06:07.607,188.054,147,188.0422,188.0659
2024-01-15 14:06:08.134,188.0912,59,188.0762,188.1062
2024-01-15 14:06:10.113,188.1205,99,188.107,188.134
2024-01-15 14:06:14.635,188.0568,492,188.0475,188.066
2024-01-15 14:06:19.778,188.0018,92,187.9821,188.0215
2024-01-15 14:06:20.831,187.9929,36,187.9863,187.9994
2024-01-15 14:06:21.504,187.852,33,187.8439,187.8601
2024-01-15 14:06:21.641,187.7648,146,187.7448,187.7847
2024-01-15 14:06:23.873,187.7183,163,187.7033,187.7333
2024-01-15 14:06:25.765,187.7534,187,187.7421,187.7646
2024-01-15 14:06:26.360,187.7229,200,187.7137,187.7321
2024-01-15 14:06:28.795,187.7205,229,187.7053,187.7357
2024-01-15 14:06:28.854,187.6992,946,187.6843,187.7141
2024-01-15 14:06:34.781,187.6224,98,187.6026,187.6421
2024-01-15 14:06:35.394,187.6117,39,187.5989,187.6245
2024-01-15 14:06:36.955,187.6667,35,187.6571,187.6763
2024-01-15 14:06:38.595,187.6402,521,187.6314,187.649
2024-01-15 14:06:38.650,187.6607,324,187.6513,187.6702
2024-01-15 14:06:39.276,187.6521,91,187.6372,187.6671
2024-01-15 14:06:40.421,187.6287,97,187.6179,187.6394
2024-01-15 14:06:41.366,187.7086,282,187.6971,187.72
2024-01-15 14:06:41.624,187.7355,349,187.7198,187.7512
2024-01-15 14:06:42.952,187.6995,482,187.6828,187.7161
2024-01-15 14:06:43.312,187.711,510,187.6974,187.7246
2024-01-15 14:06:44.646,187.634,28,187.6152,187.6528
2024-01-15 14:06:44.858,187.628,9,187.6112,187.6448
2024-01-15 14:06:45.526,187.6439,238,187.6379,187.6499
2024-01-15 14:06:46.318,187.6809,971,187.6743,187.6875
2024-01-15 14:06:46.388,187.6972,3,187.6833,187.7111
2024-01-15 14:06:49.300,187.6724,309,187.6626,187.6822
2024-01-15 14:06:50.105,187.6322,57,187.6221,187.6422
2024-01-15 14:06:51.820,187.6637,304,187.6495,187.6779
2024-01-15 14:06:53.835,187.6289,425,187.609,187.6488
2024-01-15 14:06:53.871,187.6127,166,187.6037,187.6216
2024-01-15 14:06:54.634,187.6286,513,187.6145,187.6427
2024-01-15 14:07:00.959,187.5359,6,187.5297,187.5421
2024-01-15 14:07:01.959,187.4011,231,187.3829,187.4193
2024-01-15 14:07:08.147,187.2918,55,187.2836,187.3001
2024-01-15 14:07:11.306,187.309,853,187.3035,187.3145
2024-01-15 14:07:12.839,187.1577,38,187.1456,187.1699
2024-01-15 14:07:12.861,187.1197,10,187.1079,187.1315
2024-01-15 14:07:13.184,187.0765,227,187.0671,187.0859
2024-01-15 14:07:13.682,187.0787,78,187.0719,187.0856
2024-01-15 14:07:20.400,186.9479,157,186.9353,186.9604
2024-01-15 14:07:21.168,187.0302,10,187.0197,187.0407
2024-01-15 14:07:21.317,186.9387,377,186.9261,186.9512
2024-01-15 14:07:21.611,187.0214,446,187.0066,187.0363
2024-01-15 14:07:22.676,186.9736,54,186.9646,186.9826
2024-01-15 14:07:23.138,186.9976,441,186.9894,187.0057
2024-01-15 14:07:25.307,186.8844,144,186.8782,186.8906
2024-01-15 14:07:26.820,186.9593,27,186.9525,186.966
2024-01-15 14:07:27.410,186.9543,235,186.9354,186.9731
2024-01-15 14:07:27.486,186.8983,168,186.888,186.9087
2024-01-15 14:07:27.685,186.8245,761,186.8184,186.8306
2024-01-15 14:07:29.477,186.8449,76,186.8368,186.8531
2024-01-15 14:07:30.144,186.8889,256,186.876,186.9017
2024-01-15 14:07:32.302,186.8081,87,186.8001,186.8161
2024-01-15 14:07:32.936,186.8354,229,186.8155,186.8553
2024-01-15 14:07:37.961,186.799,594,186.7923,186.8057
2024-01-15 14:07:38.646,186.8503,174,186.8434,186.8572
2024-01-15 14:07:39.349,186.8045,234,186.7976,186.8115
2024-01-15 14:07:41.833,186.7166,496,186.7013,186.7318
2024-01-15 14:07:41.945,186.6862,26,186.6785,186.6939
2024-01-15 14:07:43.292,186.7191,307,186.7108,186.7274
2024-01-15 14:07:44.928,186.761,12,186.7486,186.7735
2024-01-15 14:07:44.941,186.7473,160,186.7274,186.7672
2024-01-15 14:07:47.279,186.8408,31,186.8278,186.8538
2024-01-15 14:07:47.777,186.8389,87,186.8292,186.8485
2024-01-15 14:07:48.282,186.8958,96,186.8767,186.9149
2024-01-15 14:07:53.832,186.8701,101,186.8566,186.8836
2024-01-15 14:07:54.200,186.8392,57,186.8336,186.8449
2024-01-15 14:07:55.762,186.7719,54,186.7619,186.7819
2024-01-15 14:07:55.886,186.7146,51,186.7014,186.7278
2024-01-15 14:07:57.080,186.7554,609,186.7497,186.7611
2024-01-15 14:07:57.210,186.7409,169,186.7215,186.7603
2024-01-15 14:07:57.978,186.8203,281,186.8003,186.8402
2024-01-15 14:07:59.075,186.7539,159,186.7452,186.7626
2024-01-15 14:08:00.040,186.6781,10,186.6678,186.6885
2024-01-15 14:08:07.793,186.5014,58,186.4828,186.52
2024-01-15 14:08:08.286,186.4747,51,186.4671,186.4823
2024-01-15 14:08:09.277,186.4467,119,186.4392,186.4542
2024-01-15 14:08:10.784,186.3895,21,186.3843,186.3947
2024-01-15 14:08:12.247,186.5825,44,186.5692,186.5959
2024-01-15 14:08:13.585,186.6568,135,186.6402,186.6734
2024-01-15 14:08:15.436,186.6851,10,186.6691,186.7012
2024-01-15 14:08:15.565,186.7447,57,186.7344,186.755
2024-01-15 14:08:18.155,186.6994,182,186.6921,186.7066
2024-01-15 14:08:18.486,186.7079,47,186.6909,186.7249
2024-01-15 14:08:21.429,186.6475,244,186.6354,186.6595
2024-01-15 14:08:22.569,186.6611,200,186.6419,186.6804
2024-01-15 14:08:23.262,186.7417,185,186.7264,186.757
2024-01-15 14:08:24.078,186.7074,161,186.688,186.7268
2024-01-15 14:08:24.927,186.6737,297,186.6665,186.6809
2024-01-15 14:08:26.560,186.6494,226,186.6395,186.6592
2024-01-15 14:08:30.721,186.5078,171,186.5013,186.5143
2024-01-15 14:08:31.981,186.4225,147,186.4168,186.4282
2024-01-15 14:08:35.451,186.4199,1,186.4103,186.4295
2024-01-15 14:08:35.962,186.4383,681,186.4228,186.4537
2024-01-15 14:08:36.049,186.4658,288,186.4581,186.4736
2024-01-15 14:08:36.069,186.4219,215,186.4161,186.4278
2024-01-15 14:08:38.084,186.4006,341,186.3882,186.413
2024-01-15 14:08:41.764,186.3191,31,186.3086,186.3296
2024-01-15 14:08:42.539,186.367,112,186.3507,186.3834
2024-01-15 14:08:43.667,186.332,49,186.312,186.352
2024-01-15 14:08:43.772,186.3092,220,186.3,186.3183
2024-01-15 14:08:45.288,186.3771,515,186.3693,186.3849
2024-01-15 14:08:45.499,186.3596,757,186.3471,186.372
2024-01-15 14:08:46.492,186.3413,44,186.3314,186.3512
2024-01-15 14:08:47.429,186.3525,93,186.3365,186.3685
2024-01-15 14:08:50.984,186.5048,19,186.4957,186.5138
2024-01-15 14:08:53.105,186.4747,8,186.4612,186.4882
2024-01-15 14:08:54.178,186.5796,48,186.5689,186.5904
2024-01-15 14:08:54.446,186.62,233,186.607,186.6331
2024-01-15 14:08:56.042,186.6338,344,186.6258,186.6417
2024-01-15 14:08:56.943,186.6985,284,186.6867,186.7103
2024-01-15 14:08:57.084,186.522,189,186.5127,186.5313
2024-01-15 14:08:57.290,186.5144,48,186.5009,186.5278
2024-01-15 14:08:58.563,186.5277,133,186.517,186.5384
2024-01-15 14:09:01.897,186.5032,34,186.4851,186.5213
2024-01-15 14:09:02.336,186.4885,13,186.4732,186.5037
2024-01-15 14:09:03.432,186.4643,78,186.4593,186.4694
2024-01-15 14:09:04.935,186.3443,86,186.3333,186.3552
2024-01-15 14:09:05.645,186.3543,34,186.3404,186.3682
2024-01-15 14:09:06.876,186.352,277,186.3321,186.3718
2024-01-15 14:09:08.006,186.4539,382,186.4425,186.4654
2024-01-15 14:09:09.892,186.3765,28,186.3638,186.3892
2024-01-15 14:09:12.581,186.4374,26,186.4222,186.4526
2024-01-15 14:09:13.782,186.4273,93,186.4093,186.4453
2024-01-15 14:09:15.388,186.4552,164,186.4461,186.4643
2024-01-15 14:09:17.551,186.4905,43,186.4708,186.5103
2024-01-15 14:09:18.789,186.5494,134,186.5349,186.5639
2024-01-15 14:09:19.080,186.4609,139,186.4549,186.4669
2024-01-15 14:09:20.559,186.4666,33,186.4531,186.4801
2024-01-15 14:09:22.610,186.3807,231,186.3698,186.3917
2024-01-15 14:09:23.599,186.3946,56,186.3796,186.4095
2024-01-15 14:09:25.779,186.3686,178,186.3529,186.3843
2024-01-15 14:09:28.715,186.334,120,186.3187,186.3493
2024-01-15 14:09:31.808,186.3621,468,186.3462,186.3779
2024-01-15 14:09:36.617,186.3544,130,186.3422,186.3666
2024-01-15 14:09:39.313,186.3475,550,186.3278,186.3672
2024-01-15 14:09:39.661,186.3936,61,186.3866,186.4006
2024-01-15 14:09:42.208,186.4042,393,186.3986,186.4099
2024-01-15 14:09:42.315,186.4852,68,186.4794,186.4911
2024-01-15 14:09:43.349,186.4226,64,186.4052,186.4399
2024-01-15 14:09:43.495,186.3129,139,186.3072,186.3187
2024-01-15 14:09:48.972,186.2474,161,186.2329,186.2619
2024-01-15 14:09:52.010,186.2737,260,186.2583,186.2891
2024-01-15 14:09:52.238,186.3477,198,186.3319,186.3635
2024-01-15 14:09:52.623,186.3342,22,186.3257,186.3427
2024-01-15 14:09:53.157,186.3476,294,186.3279,186.3672
2024-01-15 14:09:54.708,186.2647,446,186.259,186.2705
2024-01-15 14:09:56.122,186.2622,349,186.2535,186.2709
2024-01-15 14:09:56.245,186.308,280,186.2993,186.3167
2024-01-15 14:09:57.637,186.2856,516,186.2664,186.3048
2024-01-15 14:09:58.312,186.2618,33,186.2504,186.2731
2024-01-15 14:09:59.042,186.2915,90,186.2843,186.2987
2024-01-15 14:09:59.506,186.2729,18,186.2627,186.2832
2024-01-15 14:09:59.744,186.2762,63,186.2591,186.2932
2024-01-15 14:10:00.057,186.246,395,186.228,186.264
2024-01-15 14:10:00.864,186.3981,1101,186.3861,186.4101
2024-01-15 14:10:00.927,186.4812,38,186.4684,186.494
2024-01-15 14:10:04.281,186.4952,8,186.483,186.5073
2024-01-15 14:10:06.355,186.4391,7,186.4332,186.445
2024-01-15 14:10:07.603,186.3955,482,186.3894,186.4017
2024-01-15 14:10:09.021,186.4857,262,186.4665,186.505
2024-01-15 14:10:11.844,186.3782,111,186.3639,186.3925
2024-01-15 14:10:12.288,186.3938,685,186.3852,186.4024
2024-01-15 14:10:12.792,186.393,565,186.3751,186.4109
2024-01-15 14:10:13.607,186.4655,336,186.4534,186.4777
2024-01-15 14:10:13.953,186.3659,411,186.3528,186.379
2024-01-15 14:10:15.398,186.4366,171,186.4233,186.4498
2024-01-15 14:10:19.141,186.5781,251,186.5633,186.5929
2024-01-15 14:10:25.016,186.6289,99,186.6228,186.635
2024-01-15 14:10:26.184,186.5684,196,186.5602,186.5766
2024-01-15 14:10:26.822,186.5884,102,186.5707,186.606
2024-01-15 14:10:27.314,186.4916,32,186.4734,186.5097
2024-01-15 14:10:29.129,186.374,141,186.3624,186.3856
2024-01-15 14:10:29.736,186.4103,224,186.4052,186.4155
2024-01-15 14:10:32.790,186.3848,233,186.3668,186.4028
2024-01-15 14:10:37.485,186.5262,18,186.5169,186.5354
2024-01-15 14:10:40.291,186.5179,191,186.501,186.5349
2024-01-15 14:10:40.542,186.4913,148,186.4842,186.4985
2024-01-15 14:10:41.428,186.533,141,186.5136,186.5524
2024-01-15 14:10:49.043,186.4347,6,186.4189,186.4505
2024-01-15 14:10:49.059,186.4657,348,186.4478,186.4836
2024-01-15 14:10:52.705,186.4749,187,186.4588,186.4911
2024-01-15 14:10:55.022,186.4943,160,186.4753,186.5133
2024-01-15 14:10:58.563,186.5077,272,186.4918,186.5235
2024-01-15 14:11:00.293,186.5916,332,186.5755,186.6078
2024-01-15 14:11:02.494,186.6282,165,186.6111,186.6453
2024-01-15 14:11:02.952,186.5502,89,186.5327,186.5677
2024-01-15 14:11:04.353,186.6172,3,186.6053,186.629
2024-01-15 14:11:06.633,186.5739,84,186.5556,186.5922
2024-01-15 14:11:06.935,186.4949,343,186.4772,186.5125
2024-01-15 14:11:08.760,186.4373,414,186.427,186.4476
2024-01-15 14:11:09.241,186.423,76,186.4112,186.4348
2024-01-15 14:11:16.696,186.4255,80,186.4155,186.4355
2024-01-15 14:11:19.281,186.3975,30,186.3906,186.4043
2024-01-15 14:11:19.392,186.4369,325,186.4189,186.4549
2024-01-15 14:11:20.646,186.4335,16,186.4173,186.4498
2024-01-15 14:11:21.499,186.3551,244,186.343,186.3672
2024-01-15 14:11:29.099,186.2531,641,186.237,186.2692
2024-01-15 14:11:29.215,186.2734,7,186.2657,186.2811
2024-01-15 14:11:42.509,186.3424,224,186.3333,186.3515
2024-01-15 14:11:46.660,186.3673,411,186.3562,186.3785
2024-01-15 14:11:47.073,186.42,24,186.4125,186.4276
2024-01-15 14:11:48.303,186.383,38,186.3646,186.4014
2024-01-15 14:11:49.238,186.4869,60,186.4734,186.5003
2024-01-15 14:11:49.403,186.4598,275,186.4509,186.4686
2024-01-15 14:11:52.199,186.4309,136,186.4163,186.4456
2024-01-15 14:11:52.702,186.405,296,186.3897,186.4202
2024-01-15 14:11:54.483,186.443,73,186.4312,186.4548
2024-01-15 14:11:56.117,186.5121,232,186.5023,186.5219
2024-01-15 14:11:56.351,186.5173,227,186.5061,186.5284
2024-01-15 14:11:56.521,186.4444,33,186.4367,186.4521
2024-01-15 14:11:57.058,186.4425,85,186.4277,186.4574
2024-01-15 14:12:00.036,186.4055,80,186.3931,186.4179
2024-01-15 14:12:04.327,186.4351,139,186.4154,186.4548
2024-01-15 14:12:08.766,186.3867,68,186.3689,186.4045
2024-01-15 14:12:08.908,186.3699,87,186.3593,186.3804
2024-01-15 14:12:11.143,186.377,24,186.3676,186.3865
2024-01-15 14:12:12.269,186.3319,406,186.3144,186.3494
2024-01-15 14:12:14.116,186.2918,15,186.2802,186.3034
2024-01-15 14:12:16.098,186.2476,187,186.2297,186.2656
2024-01-15 14:12:17.681,186.1457,96,186.1286,186.1628
2024-01-15 14:12:18.534,186.0825,84,186.0771,186.0879
2024-01-15 14:12:19.010,186.2008,284,186.1951,186.2065
2024-01-15 14:12:23.579,186.2264,540,186.2074,186.2454
2024-01-15 14:12:24.604,186.2566,44,186.2409,186.2723
2024-01-15 14:12:26.727,186.3072,7,186.2935,186.3209
2024-01-15 14:12:27.979,186.3372,250,186.32,186.3545
2024-01-15 14:12:28.624,186.3765,123,186.3701,186.3829
2024-01-15 14:12:29.098,186.4171,718,186.3975,186.4367
2024-01-15 14:12:29.814,186.3956,151,186.3862,186.405
2024-01-15 14:12:31.771,186.381,238,186.361,186.4009
2024-01-15 14:12:32.316,186.348,619,186.3425,186.3535
2024-01-15 14:12:43.651,186.3256,60,186.3187,186.3324
2024-01-15 14:12:45.598,186.334,35,186.3161,186.3518
2024-01-15 14:12:50.186,186.2824,5,186.2692,186.2955
2024-01-15 14:12:50.932,186.2066,210,186.188,186.2253
2024-01-15 14:12:52.618,186.3215,99,186.3097,186.3334
2024-01-15 14:12:54.599,186.4163,356,186.4011,186.4316
2024-01-15 14:12:56.257,186.3194,87,186.306,186.3329
2024-01-15 14:12:59.027,186.2676,46,186.2609,186.2742
2024-01-15 14:13:01.173,186.3645,229,186.35,186.3791
2024-01-15 14:13:01.275,186.3351,305,186.3298,186.3404
2024-01-15 14:13:07.172,186.2709,141,186.2617,186.28
2024-01-15 14:13:07.886,186.4052,515,186.3922,186.4181
2024-01-15 14:13:10.124,186.3593,752,186.3394,186.3792
2024-01-15 14:13:12.646,186.5402,91,186.5228,186.5575
2024-01-15 14:13:15.373,186.6904,15,186.679,186.7018
2024-01-15 14:13:18.084,186.7089,53,186.6946,186.7233
2024-01-15 14:13:18.268,186.6689,574,186.6564,186.6814
2024-01-15 14:13:19.917,186.6945,244,186.6766,186.7125
2024-01-15 14:13:28.126,186.7631,19,186.7516,186.7746
2024-01-15 14:13:28.461,186.8441,984,186.8372,186.8511
2024-01-15 14:13:29.346,186.8897,65,186.8844,186.895
2024-01-15 14:13:30.087,187.015,348,186.998,187.032
2024-01-15 14:13:31.605,187.0272,54,187.0099,187.0445
2024-01-15 14:13:33.648,187.0211,130,187.0061,187.0361
2024-01-15 14:13:34.061,186.9817,171,186.9755,186.988
2024-01-15 14:13:34.983,187.1117,18,187.0925,187.131
2024-01-15 14:13:35.380,187.1094,295,187.0974,187.1215
2024-01-15 14:13:35.722,187.1087,34,187.0889,187.1284
2024-01-15 14:13:37.675,187.0668,334,187.048,187.0855
2024-01-15 14:13:38.290,186.9809,254,186.9611,187.0007
2024-01-15 14:13:38.732,186.9492,3,186.9419,186.9565
2024-01-15 14:13:42.440,186.9741,239,186.9586,186.9897
2024-01-15 14:13:45.490,186.9697,833,186.9573,186.9821
2024-01-15 14:13:45.621,187.0239,91,187.0104,187.0374
2024-01-15 14:13:46.824,186.9307,64,186.9122,186.9491
2024-01-15 14:13:46.875,186.9038,99,186.8893,186.9182
2024-01-15 14:13:48.642,186.8803,143,186.8725,186.888
2024-01-15 14:13:48.670,186.9256,451,186.9083,186.9429
2024-01-15 14:13:49.179,186.9092,1,186.9025,186.9159
2024-01-15 14:13:50.937,186.9075,80,186.8929,186.9221
2024-01-15 14:13:53.751,186.9957,21,186.9818,187.0096
2024-01-15 14:13:59.800,186.8847,43,186.8755,186.8939
2024-01-15 14:14:00.601,186.8745,378,186.8599,186.8891
2024-01-15 14:14:01.057,186.9061,485,186.9011,186.9112
2024-01-15 14:14:01.738,187.0628,92,187.0572,187.0684
2024-01-15 14:14:02.187,187.1163,65,187.1018,187.1307
2024-01-15 14:14:02.538,187.0569,181,187.0517,187.0622
2024-01-15 14:14:03.646,187.0508,27,187.0308,187.0708
2024-01-15 14:14:06.797,186.8495,75,186.8373,186.8616
2024-01-15 14:14:15.753,186.7874,107,186.78,186.7948
2024-01-15 14:14:16.932,186.7259,656,186.7096,186.7422
2024-01-15 14:14:17.555,186.7682,154,186.7534,186.783
2024-01-15 14:14:19.224,186.8042,116,186.7917,186.8166
2024-01-15 14:14:20.780,186.8983,292,186.8858,186.9108
2024-01-15 14:14:20.806,186.7798,71,186.772,186.7876
2024-01-15 14:14:20.905,186.7488,303,186.7331,186.7646
2024-01-15 14:14:21.512,186.7916,360,186.7823,186.801
2024-01-15 14:14:21.607,186.8667,16,186.8495,186.884
2024-01-15 14:14:22.400,186.8994,47,186.8885,186.9103
2024-01-15 14:14:28.303,186.7916,115,186.7735,186.8097
2024-01-15 14:14:28.855,186.6767,192,186.6684,186.685
2024-01-15 14:14:30.694,186.6533,250,186.6467,186.6599
2024-01-15 14:14:31.570,186.6297,441,186.6169,186.6424
2024-01-15 14:14:31.663,186.6588,357,186.6448,186.6728
2024-01-15 14:14:31.918,186.5984,168,186.5809,186.6158
2024-01-15 14:14:32.143,186.5476,60,186.5397,186.5556
2024-01-15 14:14:34.180,186.5428,261,186.5341,186.5515
2024-01-15 14:14:34.735,186.5492,100,186.5305,186.5679
2024-01-15 14:14:36.285,186.6221,229,186.6065,186.6378
2024-01-15 14:14:36.712,186.5876,96,186.5813,186.5938
2024-01-15 14:14:41.827,186.5526,67,186.5437,186.5614
2024-01-15 14:14:43.171,186.6268,426,186.6202,186.6335
2024-01-15 14:14:43.607,186.62,291,186.6075,186.6324
2024-01-15 14:14:43.718,186.5555,129,186.5367,186.5744
2024-01-15 14:14:44.974,186.5497,43,186.5329,186.5666
2024-01-15 14:14:45.897,186.5182,30,186.5097,186.5266
2024-01-15 14:14:46.486,186.5989,429,186.5935,186.6043
2024-01-15 14:14:46.774,186.6908,167,186.6789,186.7027
2024-01-15 14:14:47.546,186.6556,118,186.6497,186.6615
2024-01-15 14:14:47.995,186.6134,687,186.6052,186.6215
2024-01-15 14:14:49.290,186.631,39,186.618,186.6439
2024-01-15 14:14:50.377,186.4723,371,186.4569,186.4878
2024-01-15 14:14:50.597,186.3537,1171,186.3441,186.3632
2024-01-15 14:14:51.067,186.3627,185,186.3474,186.378
2024-01-15 14:14:54.451,186.4532,438,186.4472,186.4592
2024-01-15 14:14:55.909,186.3255,272,186.3167,186.3342
2024-01-15 14:14:59.715,186.3196,183,186.3137,186.3256
2024-01-15 14:15:02.092,186.3829,940,186.3662,186.3996
2024-01-15 14:15:07.937,186.3562,207,186.3412,186.3713
2024-01-15 14:15:08.945,186.4132,239,186.4044,186.422
2024-01-15 14:15:10.174,186.4465,57,186.4276,186.4654
2024-01-15 14:15:10.330,186.4404,67,186.4247,186.4561
2024-01-15 14:15:10.690,186.5873,127,186.5716,186.6031
2024-01-15 14:15:11.142,186.6178,64,186.6064,186.6291
2024-01-15 14:15:11.648,186.6768,1298,186.6578,186.6959
2024-01-15 14:15:11.754,186.5749,32,186.5654,186.5843
2024-01-15 14:15:13.515,186.5881,21,186.5717,186.6045
2024-01-15 14:15:14.406,186.6264,29,186.6128,186.6399
2024-01-15 14:15:16.767,186.585,45,186.5673,186.6026
2024-01-15 14:15:16.811,186.6014,119,186.5825,186.6204
2024-01-15 14:15:18.175,186.6397,141,186.6301,186.6492
2024-01-15 14:15:20.498,186.598,353,186.5893,186.6067
2024-01-15 14:15:23.385,186.5114,48,186.4988,186.5241
2024-01-15 14:15:27.292,186.4564,50,186.4417,186.4711
2024-01-15 14:15:28.753,186.6488,55,186.6327,186.6649
2024-01-15 14:15:30.419,186.5449,70,186.5329,186.5568
2024-01-15 14:15:31.880,186.554,484,186.5488,186.5592
2024-01-15 14:15:32.313,186.4841,249,186.4678,186.5004
2024-01-15 14:15:33.603,186.365,10,186.3594,186.3707
2024-01-15 14:15:35.269,186.4377,197,186.4268,186.4486
2024-01-15 14:15:35.915,186.4604,632,186.4503,186.4706
2024-01-15 14:15:36.877,186.42,371,186.4112,186.4288
2024-01-15 14:15:37.068,186.3764,224,186.3679,186.3849
2024-01-15 14:15:39.027,186.4481,95,186.429,186.4673
2024-01-15 14:15:45.798,186.5723,290,186.5538,186.5908
2024-01-15 14:15:46.451,186.5551,129,186.55,186.5602
2024-01-15 14:15:47.151,186.5275,295,186.519,186.5359
2024-01-15 14:15:47.652,186.3587,314,186.3534,186.3639
2024-01-15 14:15:49.670,186.3648,376,186.3543,186.3753
2024-01-15 14:15:49.989,186.3615,52,186.356,186.367
2024-01-15 14:15:50.680,186.4069,184,186.4007,186.4131
2024-01-15 14:15:50.893,186.4532,399,186.4443,186.462
2024-01-15 14:15:51.880,186.496,358,186.4904,186.5016
2024-01-15 14:15:52.003,186.5065,30,186.4932,186.5198
2024-01-15 14:15:53.592,186.5225,134,186.5166,186.5285
2024-01-15 14:15:54.044,186.4497,122,186.4357,186.4637
2024-01-15 14:15:54.305,186.5029,203,186.4876,186.5182
2024-01-15 14:15:57.535,186.5559,311,186.5374,186.5743
2024-01-15 14:15:58.385,186.5765,2,186.5632,186.5897
2024-01-15 14:15:59.787,186.5792,333,186.5681,186.5902
2024-01-15 14:16:03.207,186.6153,221,186.5997,186.6309
2024-01-15 14:16:04.494,186.6536,128,186.6431,186.6641
2024-01-15 14:16:05.103,186.5197,4,186.5056,186.5339
2024-01-15 14:16:06.189,186.4791,150,186.4628,186.4954
2024-01-15 14:16:08.576,186.5098,19,186.5012,186.5184
2024-01-15 14:16:10.194,186.472,265,186.4522,186.4919
2024-01-15 14:16:11.865,186.4444,138,186.4369,186.4518
2024-01-15 14:16:12.685,186.4076,1223,186.3925,186.4228
2024-01-15 14:16:12.745,186.4048,29,186.3933,186.4162
2024-01-15 14:16:12.873,186.3771,328,186.3666,186.3875
2024-01-15 14:16:14.334,186.3789,382,186.3735,186.3844
2024-01-15 14:16:17.949,186.3059,28,186.2888,186.3231
2024-01-15 14:16:19.626,186.2687,77,186.2532,186.2843
2024-01-15 14:16:20.578,186.2225,129,186.2053,186.2397
2024-01-15 14:16:23.214,186.2411,1,186.2303,186.2519
2024-01-15 14:16:31.515,186.1599,716,186.1508,186.169
2024-01-15 14:16:32.288,186.1585,55,186.1491,186.1679
2024-01-15 14:16:32.447,186.2181,698,186.2097,186.2264
2024-01-15 14:16:32.581,186.1934,33,186.183,186.2038
2024-01-15 14:16:35.661,186.0695,257,186.0603,186.0787
2024-01-15 14:16:36.759,186.1866,345,186.1801,186.1931
2024-01-15 14:16:36.946,186.2039,463,186.196,186.2118
2024-01-15 14:16:37.504,186.2704,6,186.2577,186.2831
2024-01-15 14:16:37.536,186.2832,419,186.2739,186.2924
2024-01-15 14:16:37.814,186.3189,31,186.2997,186.3381
2024-01-15 14:16:38.506,186.3207,34,186.3058,186.3355
2024-01-15 14:16:38.513,186.3505,151,186.3413,186.3597
2024-01-15 14:16:38.529,186.4484,111,186.4337,186.463
2024-01-15 14:16:40.960,186.5308,115,186.5126,186.549
2024-01-15 14:16:41.016,186.6271,271,186.6097,186.6446
2024-01-15 14:16:41.201,186.6684,116,186.6509,186.6859
2024-01-15 14:16:41.532,186.7049,69,186.691,186.7188
2024-01-15 14:16:41.816,186.641,101,186.6325,186.6496
2024-01-15 14:16:42.626,186.6113,149,186.5963,186.6263
2024-01-15 14:16:43.235,186.5331,370,186.5249,186.5413
2024-01-15 14:16:44.786,186.5743,65,186.5664,186.5822
2024-01-15 14:16:45.617,186.5767,7,186.5631,186.5902
2024-01-15 14:16:48.442,186.5229,90,186.5139,186.5318
2024-01-15 14:16:48.634,186.4945,573,186.4778,186.5113
2024-01-15 14:16:49.413,186.4799,25,186.4738,186.486
2024-01-15 14:16:50.551,186.5624,410,186.5471,186.5777
2024-01-15 14:16:51.016,186.5269,204,186.514,186.5399
2024-01-15 14:16:58.169,186.5659,77,186.5532,186.5785
2024-01-15 14:16:59.502,186.5691,745,186.5513,186.5869
2024-01-15 14:17:01.019,186.5996,1,186.591,186.6082
2024-01-15 14:17:01.323,186.5902,4,186.5815,186.5988
2024-01-15 14:17:02.029,186.6645,432,186.6553,186.6737
2024-01-15 14:17:05.160,186.6283,70,186.6131,186.6435
2024-01-15 14:17:06.776,186.6321,479,186.6237,186.6406
2024-01-15 14:17:08.385,186.7286,187,186.7147,186.7424
2024-01-15 14:17:10.265,186.5958,538,186.5762,186.6155
2024-01-15 14:17:11.899,186.606,93,186.5885,186.6235
2024-01-15 14:17:11.990,186.5815,148,186.5635,186.5996
2024-01-15 14:17:13.193,186.6604,68,186.6542,186.6666
2024-01-15 14:17:15.910,186.7461,72,186.7403,186.752
2024-01-15 14:17:17.849,186.8409,128,186.8258,186.856
2024-01-15 14:17:18.307,186.8066,93,186.7911,186.8222
2024-01-15 14:17:20.488,186.7976,708,186.7896,186.8056
2024-01-15 14:17:21.535,186.9211,165,186.9112,186.931
2024-01-15 14:17:22.042,186.8616,216,186.8505,186.8727
2024-01-15 14:17:22.319,186.8314,326,186.8179,186.8449
2024-01-15 14:17:22.529,186.8253,157,186.8144,186.8361
2024-01-15 14:17:23.295,186.7183,431,186.6985,186.7381
2024-01-15 14:17:26.183,186.7863,202,186.7694,186.8031
2024-01-15 14:17:27.649,186.7191,26,186.7076,186.7306
2024-01-15 14:17:28.025,186.7593,189,186.7476,186.771
2024-01-15 14:17:30.336,186.8053,98,186.7975,186.8131
2024-01-15 14:17:30.424,186.7318,247,186.7164,186.7471
2024-01-15 14:17:30.900,186.7221,390,186.7169,186.7274
2024-01-15 14:17:31.330,186.5781,290,186.5621,186.5941
2024-01-15 14:17:34.000,186.5812,5,186.5661,186.5963
2024-01-15 14:17:38.194,186.6426,324,186.6347,186.6505
2024-01-15 14:17:39.479,186.6406,265,186.6307,186.6504
2024-01-15 14:17:40.771,186.6459,560,186.6398,186.6519
2024-01-15 14:17:45.922,186.5959,278,186.5801,186.6118
2024-01-15 14:17:46.003,186.5761,163,186.5562,186.5959
2024-01-15 14:17:46.483,186.5167,215,186.4972,186.5361
2024-01-15 14:17:46.957,186.4474,1063,186.4423,186.4524
2024-01-15 14:17:47.214,186.4019,78,186.3908,186.4129
2024-01-15 14:17:47.851,186.3524,239,186.3372,186.3677
2024-01-15 14:17:49.457,186.2981,6,186.287,186.3093
2024-01-15 14:17:51.224,186.3082,546,186.2998,186.3166
2024-01-15 14:17:55.228,186.4263,222,186.4198,186.4329
2024-01-15 14:17:56.051,186.3679,313,186.3522,186.3835
2024-01-15 14:18:01.668,186.2729,130,186.2575,186.2882
2024-01-15 14:18:03.821,186.3095,470,186.2999,186.3191
2024-01-15 14:18:04.869,186.3606,47,186.3519,186.3693
2024-01-15 14:18:06.798,186.3432,59,186.3237,186.3628
2024-01-15 14:18:08.463,186.3673,5,186.353,186.3816
2024-01-15 14:18:08.986,186.4022,238,186.391,186.4133
2024-01-15 14:18:09.130,186.4191,74,186.3994,186.4388
2024-01-15 14:18:09.539,186.4523,76,186.4355,186.469
2024-01-15 14:18:11.919,186.5355,3,186.5195,186.5516
2024-01-15 14:18:12.915,186.6038,22,186.5956,186.6121
2024-01-15 14:18:13.390,186.5767,15,186.5664,186.5869
2024-01-15 14:18:13.755,186.6077,21,186.5915,186.624
2024-01-15 14:18:17.640,186.5597,204,186.5528,186.5666
2024-01-15 14:18:18.632,186.497,38,186.4897,186.5043
2024-01-15 14:18:18.777,186.4667,493,186.4506,186.4827
2024-01-15 14:18:19.887,186.5001,130,186.4859,186.5143
2024-01-15 14:18:23.199,186.5898,211,186.5804,186.5993
2024-01-15 14:18:23.771,186.6058,649,186.5997,186.6119
2024-01-15 14:18:24.025,186.6432,288,186.6369,186.6495
2024-01-15 14:18:24.944,186.6667,45,186.6488,186.6846
2024-01-15 14:18:27.400,186.7242,71,186.7154,186.733
2024-01-15 14:18:31.061,186.7186,120,186.7106,186.7266
2024-01-15 14:18:34.065,186.6977,177,186.69,186.7054
2024-01-15 14:18:34.973,186.7513,862,186.7415,186.7612
2024-01-15 14:18:35.431,186.794,168,186.7754,186.8127
2024-01-15 14:18:36.223,186.7975,252,186.7818,186.8132
2024-01-15 14:18:36.775,186.6688,363,186.6613,186.6763
2024-01-15 14:18:36.933,186.8211,407,186.8023,186.84
2024-01-15 14:18:42.729,186.7648,3,186.7482,186.7813
2024-01-15 14:18:43.289,186.8609,114,186.8529,186.8688
2024-01-15 14:18:46.476,186.8374,223,186.8206,186.8543
2024-01-15 14:18:49.619,186.8788,372,186.871,186.8865
2024-01-15 14:18:50.170,186.9249,30,186.9179,186.9318
2024-01-15 14:18:50.452,186.9682,674,186.9566,186.9798
2024-01-15 14:18:52.043,186.9723,68,186.965,186.9795
2024-01-15 14:18:52.890,186.9756,9,186.96,186.9912
2024-01-15 14:18:53.666,186.9361,71,186.9187,186.9534
2024-01-15 14:18:55.234,186.8992,159,186.8869,186.9115
2024-01-15 14:18:56.270,186.7712,302,186.7593,186.7832
2024-01-15 14:18:57.445,186.7659,157,186.7576,186.7741
2024-01-15 14:18:57.512,186.6471,68,186.6407,186.6535
2024-01-15 14:18:59.423,186.6915,72,186.6771,186.7058
2024-01-15 14:18:59.573,186.6211,552,186.6095,186.6327
2024-01-15 14:19:01.004,186.6344,9,186.6196,186.6492
2024-01-15 14:19:02.557,186.6721,337,186.665,186.6792
2024-01-15 14:19:04.695,186.6363,219,186.6271,186.6455
2024-01-15 14:19:05.779,186.5663,112,186.5591,186.5735
2024-01-15 14:19:09.294,186.511,200,186.5045,186.5176
2024-01-15 14:19:10.613,186.6256,199,186.6117,186.6394
2024-01-15 14:19:10.656,186.4957,96,186.4845,186.5069
2024-01-15 14:19:11.641,186.5389,256,186.5193,186.5586
2024-01-15 14:19:13.283,186.6511,300,186.6394,186.6627
2024-01-15 14:19:16.958,186.6913,440,186.6821,186.7004
2024-01-15 14:19:18.428,186.6412,68,186.6346,186.6479
2024-01-15 14:19:22.268,186.5505,57,186.5444,186.5566
2024-01-15 14:19:22.334,186.5247,27,186.5098,186.5396
2024-01-15 14:19:23.267,186.4205,602,186.4086,186.4323
2024-01-15 14:19:23.272,186.5155,3,186.5067,186.5243
2024-01-15 14:19:23.774,186.617,395,186.6078,186.6262
2024-01-15 14:19:25.379,186.5938,41,186.5797,186.6079
2024-01-15 14:19:25.379,186.6815,175,186.6758,186.6872
2024-01-15 14:19:27.953,186.6461,315,186.6262,186.666
2024-01-15 14:19:29.542,186.7373,41,186.7317,186.743
2024-01-15 14:19:29.988,186.6971,78,186.6772,186.7169
2024-01-15 14:19:30.166,186.7387,49,186.7337,186.7438
2024-01-15 14:19:30.579,186.7863,496,186.7673,186.8053
2024-01-15 14:19:31.182,186.7411,239,186.7283,186.7539
2024-01-15 14:19:31.235,186.841,213,186.8222,186.8598
2024-01-15 14:19:32.103,186.9059,242,186.8955,186.9163
2024-01-15 14:19:32.848,187.0892,15,187.079,187.0995
2024-01-15 14:19:38.079,187.1166,16,187.106,187.1272
2024-01-15 14:19:38.502,187.0663,21,187.0609,187.0717
2024-01-15 14:19:40.019,186.9859,335,186.9697,187.002
2024-01-15 14:19:42.174,186.9788,92,186.9677,186.9899
2024-01-15 14:19:43.748,187.0153,1093,187.0009,187.0298
2024-01-15 14:19:44.081,186.9905,111,186.9805,187.0005
2024-01-15 14:19:44.260,186.9414,85,186.935,186.9479
2024-01-15 14:19:46.420,186.9973,156,186.9811,187.0135
2024-01-15 14:19:46.975,186.9181,68,186.8999,186.9363
2024-01-15 14:19:50.476,186.8489,128,186.841,186.8567
2024-01-15 14:19:52.559,186.838,349,186.8244,186.8517
2024-01-15 14:19:52.953,186.8363,92,186.8237,186.8489
2024-01-15 14:19:53.310,186.9424,66,186.923,186.9619
2024-01-15 14:19:55.199,187.0065,414,186.9913,187.0218
2024-01-15 14:19:57.609,186.9944,112,186.9883,187.0005
2024-01-15 14:19:58.135,187.019,19,187.0,187.0379
2024-01-15 14:19:58.181,186.9898,409,186.9835,186.9961
2024-01-15 14:20:00.144,186.9318,19,186.9153,186.9484
2024-01-15 14:20:00.866,186.819,285,186.8073,186.8307
2024-01-15 14:20:04.030,186.8738,135,186.8617,186.8859
2024-01-15 14:20:08.966,186.9027,151,186.8939,186.9116
2024-01-15 14:20:09.514,186.924,101,186.914,186.934
2024-01-15 14:20:12.432,186.9453,332,186.9314,186.9591
2024-01-15 14:20:13.321,186.9631,30,186.9538,186.9724
2024-01-15 14:20:17.474,186.9217,49,186.9052,186.9383
2024-01-15 14:20:18.775,187.0517,16,187.0465,187.0569
2024-01-15 14:20:19.219,186.9545,241,186.9438,186.9652
2024-01-15 14:20:20.890,186.9392,103,186.9302,186.9483
2024-01-15 14:20:23.531,186.9151,160,186.9076,186.9226
2024-01-15 14:20:24.272,186.9647,755,186.9534,186.976
2024-01-15 14:20:26.415,187.0999,1363,187.0923,187.1075
2024-01-15 14:20:26.934,187.0676,188,187.0573,187.0779
2024-01-15 14:20:34.293,187.1916,308,187.1764,187.2067
2024-01-15 14:20:36.335,187.2867,97,187.2754,187.298
2024-01-15 14:20:37.579,187.2444,371,187.2361,187.2528
2024-01-15 14:20:39.283,187.2158,298,187.2059,187.2258
2024-01-15 14:20:41.498,187.1742,10,187.1683,187.1801
2024-01-15 14:20:42.963,187.1642,416,187.1576,187.1708
2024-01-15 14:20:47.265,187.1502,176,187.1377,187.1627
2024-01-15 14:20:50.955,187.2701,55,187.2629,187.2773
2024-01-15 14:20:55.521,187.1974,579,187.1923,187.2026
2024-01-15 14:20:56.657,187.1555,35,187.1433,187.1677
2024-01-15 14:20:57.545,187.1091,93,187.1001,187.1182
2024-01-15 14:21:03.935,187.1886,280,187.1694,187.2078
2024-01-15 14:21:04.869,187.1776,97,187.1663,187.1888
2024-01-15 14:21:05.996,187.1344,33,187.1248,187.144
2024-01-15 14:21:07.188,187.1877,44,187.1681,187.2073
2024-01-15 14:21:07.947,187.2767,49,187.2589,187.2946
2024-01-15 14:21:15.700,187.27,114,187.2635,187.2765
2024-01-15 14:21:19.047,187.2812,105,187.2697,187.2927
2024-01-15 14:21:19.147,187.2418,559,187.2297,187.2539
2024-01-15 14:21:20.476,187.2726,119,187.2582,187.287
2024-01-15 14:21:20.587,187.1734,1110,187.1618,187.185
2024-01-15 14:21:22.853,187.2897,7,187.28,187.2995
2024-01-15 14:21:25.845,187.447,87,187.437,187.4569
2024-01-15 14:21:26.213,187.4007,371,187.3937,187.4077
2024-01-15 14:21:26.551,187.4382,236,187.4295,187.4468
2024-01-15 14:21:28.696,187.4644,18,187.4479,187.4808
2024-01-15 14:21:28.800,187.5414,362,187.5353,187.5474
2024-01-15 14:21:32.288,187.5491,78,187.5431,187.5551
2024-01-15 14:21:33.875,187.5914,163,187.5763,187.6065
2024-01-15 14:21:36.041,187.664,201,187.6523,187.6756
2024-01-15 14:21:36.683,187.6304,262,187.6214,187.6393
2024-01-15 14:21:37.420,187.6314,61,187.6248,187.638
2024-01-15 14:21:40.753,187.676,378,187.6649,187.687
2024-01-15 14:21:41.840,187.6726,1416,187.6669,187.6783
2024-01-15 14:21:42.804,187.7099,67,187.6987,187.7211
2024-01-15 14:21:44.946,187.8798,104,187.8745,187.8851
2024-01-15 14:21:45.540,187.9573,18,187.942,187.9727
2024-01-15 14:21:46.335,188.0235,82,188.0071,188.0399
2024-01-15 14:21:46.538,187.9307,205,187.9148,187.9465
2024-01-15 14:21:47.585,188.0054,143,188.0002,188.0106
2024-01-15 14:21:47.937,187.9959,223,187.9872,188.0045
2024-01-15 14:21:50.788,187.9677,181,187.9539,187.9814
2024-01-15 14:21:52.933,187.9981,186,187.9907,188.0056
2024-01-15 14:21:53.077,187.8531,153,187.8342,187.8721
2024-01-15 14:21:53.318,187.9348,89,187.9176,187.952
2024-01-15 14:21:54.684,187.9767,346,187.9581,187.9953
2024-01-15 14:21:57.456,187.9155,54,187.9094,187.9216
2024-01-15 14:22:00.900,188.0066,21,187.9953,188.0179
2024-01-15 14:22:01.878,188.0102,259,187.9959,188.0245
2024-01-15 14:22:03.903,187.9858,6,187.9758,187.9958
2024-01-15 14:22:04.173,187.7693,285,187.7637,187.7749
2024-01-15 14:22:05.218,187.6679,54,187.6603,187.6756
2024-01-15 14:22:06.100,187.7109,124,187.7021,187.7197
2024-01-15 14:22:06.566,187.6652,254,187.6548,187.6757
2024-01-15 14:22:09.338,187.6383,128,187.6239,187.6526
2024-01-15 14:22:10.130,187.7067,347,187.6998,187.7136
2024-01-15 14:22:11.082,187.7449,185,187.7258,187.764
2024-01-15 14:22:11.410,187.8419,4,187.8302,187.8535
2024-01-15 14:22:11.573,187.9217,34,187.9081,187.9353
2024-01-15 14:22:14.841,187.9087,1,187.8985,187.9188
2024-01-15 14:22:16.147,187.9137,115,187.9011,187.9263
2024-01-15 14:22:17.449,187.8339,528,187.8224,187.8454
2024-01-15 14:22:22.569,187.8538,178,187.8399,187.8677
2024-01-15 14:22:22.860,187.9231,55,187.9108,187.9354
2024-01-15 14:22:23.733,187.8454,477,187.8326,187.8582
2024-01-15 14:22:24.565,187.8499,718,187.843,187.8568
2024-01-15 14:22:26.875,187.8261,185,187.8146,187.8377
2024-01-15 14:22:27.766,187.904,459,187.8923,187.9158
2024-01-15 14:22:29.333,187.9581,84,187.9451,187.971
2024-01-15 14:22:33.082,187.9998,4,187.9937,188.0058
2024-01-15 14:22:33.796,187.9256,57,187.9145,187.9368
2024-01-15 14:22:34.235,187.8671,44,187.8573,187.8769
2024-01-15 14:22:37.827,187.8835,96,187.8659,187.901
2024-01-15 14:22:38.280,187.9242,353,187.9127,187.9357
2024-01-15 14:22:43.189,188.0499,265,188.0323,188.0675
2024-01-15 14:22:44.840,187.972,65,187.9602,187.9837
2024-01-15 14:22:46.245,187.8324,190,187.8212,187.8436
2024-01-15 14:22:46.956,187.7989,285,187.7896,187.8083
2024-01-15 14:22:48.697,187.8273,422,187.8192,187.8355
2024-01-15 14:22:49.539,187.8821,48,187.8768,187.8873
2024-01-15 14:22:51.829,187.8191,137,187.8112,187.8271
2024-01-15 14:22:57.504,187.7718,159,187.7629,187.7807
2024-01-15 14:22:57.718,187.8169,108,187.8036,187.8303
2024-01-15 14:22:59.057,187.7568,223,187.7443,187.7693
2024-01-15 14:22:59.215,187.8367,359,187.8181,187.8552
2024-01-15 14:23:00.120,187.8278,303,187.8225,187.8331
2024-01-15 14:23:00.612,187.8151,164,187.8005,187.8296
2024-01-15 14:23:01.073,187.7407,226,187.7326,187.7488
2024-01-15 14:23:01.831,187.7254,8,187.7073,187.7435
2024-01-15 14:23:02.670,187.7458,222,187.7278,187.7638
2024-01-15 14:23:04.120,187.7531,715,187.7457,187.7604
2024-01-15 14:23:06.636,187.7392,451,187.7214,187.7569
2024-01-15 14:23:07.841,187.7145,182,187.6972,187.7318
2024-01-15 14:23:09.740,187.791,120,187.7859,187.7961
2024-01-15 14:23:12.002,187.8602,60,187.844,187.8764
2024-01-15 14:23:12.042,187.8956,185,187.8865,187.9047
2024-01-15 14:23:12.201,187.9338,121,187.9277,187.9399
2024-01-15 14:23:13.159,187.8426,282,187.8296,187.8557
2024-01-15 14:23:13.167,187.8241,618,187.807,187.8412
2024-01-15 14:23:13.759,187.8948,24,187.8761,187.9135
2024-01-15 14:23:13.943,187.8803,297,187.8677,187.893
2024-01-15 14:23:14.480,187.8336,43,187.8206,187.8467
2024-01-15 14:23:15.206,187.8269,205,187.8206,187.8332
2024-01-15 14:23:16.028,187.8698,35,187.8585,187.8812
2024-01-15 14:23:16.462,187.9436,155,187.9268,187.9605
2024-01-15 14:23:16.754,187.9489,184,187.9402,187.9576
2024-01-15 14:23:20.919,187.8874,37,187.8821,187.8927
2024-01-15 14:23:21.694,187.88,598,187.8669,187.8931
2024-01-15 14:23:25.770,187.9472,1229,187.9421,187.9524
2024-01-15 14:23:27.143,187.9728,18,187.9594,187.9862
2024-01-15 14:23:28.466,187.9357,294,187.9221,187.9492
2024-01-15 14:23:30.254,187.9739,854,187.9567,187.9912
2024-01-15 14:23:31.862,187.9677,424,187.9581,187.9774
2024-01-15 14:23:33.004,188.0976,32,188.0915,188.1038
2024-01-15 14:23:37.904,188.0945,136,188.0884,188.1005
2024-01-15 14:23:38.087,188.1416,14,188.1341,188.1491
2024-01-15 14:23:38.878,188.1947,128,188.177,188.2123
2024-01-15 14:23:40.672,188.0939,230,188.0856,188.1023
2024-01-15 14:23:45.508,188.1105,115,188.094,188.127
2024-01-15 14:23:46.789,188.1791,776,188.1719,188.1864
2024-01-15 14:23:48.793,188.2771,55,188.2572,188.297
2024-01-15 14:23:49.295,188.3417,6,188.3353,188.3481
2024-01-15 14:23:49.508,188.3064,129,188.2996,188.3131
2024-01-15 14:23:49.987,188.3606,154,188.3477,188.3735
2024-01-15 14:23:52.207,188.3647,21,188.3501,188.3793
2024-01-15 14:23:54.467,188.2937,160,188.2739,188.3135
2024-01-15 14:23:54.492,188.3328,117,188.3146,188.351
2024-01-15 14:23:55.527,188.2838,49,188.2716,188.296
2024-01-15 14:23:55.579,188.2522,328,188.236,188.2684
2024-01-15 14:23:55.791,188.2144,84,188.1966,188.2322
2024-01-15 14:23:56.692,188.2198,300,188.201,188.2386
2024-01-15 14:24:00.192,188.1988,170,188.1814,188.2163
2024-01-15 14:24:01.497,188.1449,304,188.1299,188.16
2024-01-15 14:24:01.582,188.0797,690,188.0741,188.0852
2024-01-15 14:24:06.778,187.9548,253,187.9449,187.9648
2024-01-15 14:24:07.085,187.9543,78,187.9482,187.9605
2024-01-15 14:24:08.754,187.9792,325,187.9646,187.9938
2024-01-15 14:24:09.032,187.8624,123,187.8537,187.8712
2024-01-15 14:24:10.941,187.9237,70,187.916,187.9315
2024-01-15 14:24:14.369,187.8759,14,187.8559,187.8958
2024-01-15 14:24:22.139,187.9092,272,187.8923,187.9262
2024-01-15 14:24:23.127,187.9435,86,187.9289,187.9581
2024-01-15 14:24:25.222,187.9688,250,187.9593,187.9783
2024-01-15 14:24:30.955,187.8855,167,187.8801,187.8909
2024-01-15 14:24:43.868,188.0,103,187.9837,188.0164
2024-01-15 14:24:45.592,188.0699,59,188.0644,188.0754
2024-01-15 14:24:45.668,188.1176,1117,188.1023,188.1329
2024-01-15 14:24:46.110,188.1088,436,188.0901,188.1274
2024-01-15 14:24:46.948,188.0559,480,188.0447,188.0671
2024-01-15 14:24:47.676,188.1193,142,188.1129,188.1258
2024-01-15 14:24:51.025,188.1127,58,188.1001,188.1252
2024-01-15 14:24:52.114,188.1898,133,188.175,188.2046
2024-01-15 14:24:53.673,188.2258,308,188.2193,188.2324
2024-01-15 14:24:54.649,188.1644,48,188.1445,188.1843
2024-01-15 14:24:54.925,188.1948,70,188.18,188.2095
2024-01-15 14:24:55.881,188.2438,186,188.2368,188.2509
2024-01-15 14:24:56.167,188.2098,160,188.1989,188.2207
2024-01-15 14:24:58.401,188.1553,2,188.1444,188.1663
2024-01-15 14:25:01.980,188.2599,2,188.2429,188.277
2024-01-15 14:25:05.855,188.2432,89,188.2314,188.2551
2024-01-15 14:25:06.558,188.222,480,188.2151,188.2288
2024-01-15 14:25:09.494,188.1952,166,188.1764,188.214
2024-01-15 14:25:10.523,188.3093,217,188.2967,188.3219
2024-01-15 14:25:13.256,188.2955,207,188.2896,188.3014
2024-01-15 14:25:14.027,188.3637,37,188.35,188.3774
2024-01-15 14:25:17.615,188.3227,352,188.3073,188.3381
2024-01-15 14:25:18.538,188.3507,306,188.3343,188.3672
2024-01-15 14:25:18.945,188.261,184,188.246,188.276
2024-01-15 14:25:19.375,188.3548,824,188.3399,188.3697
2024-01-15 14:25:21.595,188.2458,218,188.2268,188.2649
2024-01-15 14:25:23.032,188.1828,19,188.1719,188.1938
2024-01-15 14:25:25.629,188.1339,366,188.1239,188.144
2024-01-15 14:25:31.081,188.1829,184,188.1702,188.1957
2024-01-15 14:25:31.139,188.1145,34,188.1054,188.1237
2024-01-15 14:25:31.373,188.1637,606,188.1473,188.1802
2024-01-15 14:25:31.868,188.1525,715,188.1472,188.1578
2024-01-15 14:25:32.030,188.2026,25,188.1956,188.2096
2024-01-15 14:25:34.228,188.2034,35,188.1891,188.2176
2024-01-15 14:25:37.131,188.1802,96,188.1606,188.1999
2024-01-15 14:25:37.687,188.1692,292,188.1505,188.188
2024-01-15 14:25:39.100,188.1333,216,188.1263,188.1402
2024-01-15 14:25:39.734,188.1346,250,188.1213,188.1479
2024-01-15 14:25:40.776,188.2059,301,188.1941,188.2177
2024-01-15 14:25:43.916,188.1523,52,188.1467,188.1578
2024-01-15 14:25:44.039,188.2021,247,188.1825,188.2217
2024-01-15 14:25:46.644,188.183,137,188.1636,188.2024
2024-01-15 14:25:48.206,188.3184,130,188.311,188.3257
2024-01-15 14:25:48.264,188.2272,127,188.2104,188.2439
2024-01-15 14:25:51.514,188.1138,231,188.1001,188.1274
2024-01-15 14:25:51.903,188.1504,1,188.1371,188.1637
2024-01-15 14:25:52.828,188.1926,81,188.1736,188.2117
2024-01-15 14:25:54.041,188.1409,60,188.1213,188.1605
2024-01-15 14:25:54.249,187.9901,26,187.9743,188.0059
2024-01-15 14:25:57.393,187.9947,114,187.9801,188.0092
2024-01-15 14:25:58.915,187.9753,182,187.9698,187.9809
2024-01-15 14:25:58.921,188.0537,351,188.0444,188.063
2024-01-15 14:25:59.240,187.9763,231,187.9698,187.9827
2024-01-15 14:25:59.523,188.016,68,188.003,188.0289
2024-01-15 14:25:59.832,188.0154,41,188.0082,188.0227
2024-01-15 14:26:01.127,187.9875,40,187.9691,188.0058
2024-01-15 14:26:03.930,188.0347,60,188.0152,188.0542
2024-01-15 14:26:04.538,188.1355,90,188.1212,188.1499
2024-01-15 14:26:05.062,188.1463,67,188.1393,188.1533
2024-01-15 14:26:05.168,188.1725,2,188.1566,188.1885
2024-01-15 14:26:05.284,188.235,1109,188.2276,188.2423
2024-01-15 14:26:05.636,188.3073,1,188.2901,188.3245
2024-01-15 14:26:06.486,188.4045,515,188.393,188.416
2024-01-15 14:26:10.457,188.4029,63,188.3835,188.4224
2024-01-15 14:26:11.391,188.409,119,188.3942,188.4238
2024-01-15 14:26:12.942,188.3982,1491,188.3863,188.4101
2024-01-15 14:26:13.201,188.4312,157,188.414,188.4483
2024-01-15 14:26:17.565,188.4394,219,188.433,188.4459
2024-01-15 14:26:19.734,188.5075,42,188.4885,188.5265
2024-01-15 14:26:22.350,188.4425,65,188.4235,188.4615
2024-01-15 14:26:22.519,188.4585,220,188.4452,188.4718
2024-01-15 14:26:23.856,188.5007,296,188.4871,188.5142
2024-01-15 14:26:24.290,188.4538,18,188.4356,188.472
2024-01-15 14:26:26.471,188.4711,94,188.457,188.4852
2024-01-15 14:26:26.892,188.4466,141,188.4393,188.4539
2024-01-15 14:26:29.291,188.3662,414,188.353,188.3793
2024-01-15 14:26:30.023,188.3206,159,188.3072,188.3341
2024-01-15 14:26:30.636,188.3062,899,188.2918,188.3206
2024-01-15 14:26:31.154,188.2403,24,188.2314,188.2491
2024-01-15 14:26:31.315,188.1903,6,188.1721,188.2085
2024-01-15 14:26:31.976,188.2748,403,188.2631,188.2865
2024-01-15 14:26:33.467,188.2878,304,188.2777,188.2978
2024-01-15 14:26:33.480,188.2891,64,188.2701,188.3082
2024-01-15 14:26:34.705,188.3449,17,188.3355,188.3542
2024-01-15 14:26:36.360,188.3641,385,188.3533,188.3749
2024-01-15 14:26:38.769,188.2599,8,188.2515,188.2683
2024-01-15 14:26:39.185,188.2751,475,188.2627,188.2875
2024-01-15 14:26:40.520,188.2872,24,188.2732,188.3012
2024-01-15 14:26:44.633,188.2706,37,188.2543,188.287
2024-01-15 14:26:52.721,188.3671,80,188.361,188.3732
2024-01-15 14:26:52.765,188.3362,85,188.3214,188.351
2024-01-15 14:26:54.310,188.4159,73,188.3971,188.4346
2024-01-15 14:26:55.632,188.4996,56,188.4894,188.5098
2024-01-15 14:26:57.657,188.4398,175,188.4248,188.4548
2024-01-15 14:26:57.741,188.494,45,188.4843,188.5037
2024-01-15 14:27:00.270,188.4838,16,188.4667,188.5009
2024-01-15 14:27:01.660,188.4942,14,188.4794,188.509
2024-01-15 14:27:03.973,188.5682,23,188.5494,188.587
2024-01-15 14:27:04.344,188.5987,16,188.5921,188.6053
2024-01-15 14:27:04.449,188.4981,335,188.4843,188.512
2024-01-15 14:27:07.006,188.51,164,188.5038,188.5161
2024-01-15 14:27:07.647,188.509,96,188.4946,188.5234
2024-01-15 14:27:08.426,188.607,39,188.5972,188.6169
2024-01-15 14:27:10.584,188.637,120,188.6172,188.6567
2024-01-15 14:27:10.820,188.5361,26,188.5217,188.5505
2024-01-15 14:27:12.207,188.4592,126,188.4529,188.4655
2024-01-15 14:27:13.078,188.3062,205,188.301,188.3115
2024-01-15 14:27:14.998,188.4001,18,188.3942,188.406
2024-01-15 14:27:15.814,188.3284,126,188.3174,188.3394
2024-01-15 14:27:16.132,188.2755,272,188.2661,188.2848
2024-01-15 14:27:20.214,188.2787,244,188.2664,188.2909
2024-01-15 14:27:20.816,188.2791,44,188.2616,188.2966
2024-01-15 14:27:21.143,188.2325,118,188.2274,188.2377
2024-01-15 14:27:24.408,188.2298,83,188.2137,188.246
2024-01-15 14:27:24.652,188.2056,401,188.1934,188.2178
2024-01-15 14:27:26.057,188.0949,86,188.083,188.1068
2024-01-15 14:27:26.942,188.2057,168,188.1903,188.221
2024-01-15 14:27:27.045,188.2107,104,188.1965,188.2249
2024-01-15 14:27:28.793,188.279,65,188.2703,188.2877
2024-01-15 14:27:30.482,188.206,154,188.1978,188.2142
2024-01-15 14:27:32.429,188.238,1,188.2197,188.2563
2024-01-15 14:27:37.086,188.2209,274,188.2149,188.227
2024-01-15 14:27:37.499,188.1769,39,188.1581,188.1958
2024-01-15 14:27:39.879,188.2581,207,188.2484,188.2678
2024-01-15 14:27:42.035,188.1498,1,188.1431,188.1566
2024-01-15 14:27:45.729,188.0403,17,188.0278,188.0528
2024-01-15 14:27:47.734,188.0387,161,188.0334,188.0439
2024-01-15 14:27:49.562,188.0715,283,188.0536,188.0894
2024-01-15 14:27:50.663,188.055,291,188.037,188.073
2024-01-15 14:27:52.311,188.004,170,187.9957,188.0122
2024-01-15 14:27:54.200,188.0417,204,188.0268,188.0565
2024-01-15 14:27:54.271,188.0408,257,188.0225,188.0592
2024-01-15 14:27:54.477,188.086,161,188.0679,188.1041
2024-01-15 14:27:57.175,188.0718,237,188.0605,188.083
2024-01-15 14:27:57.336,188.0223,134,188.0037,188.041
2024-01-15 14:27:57.840,188.0383,44,188.0205,188.0562
2024-01-15 14:27:59.702,188.0844,69,188.0662,188.1025
2024-01-15 14:28:01.975,188.0737,36,188.0577,188.0898
2024-01-15 14:28:02.616,188.0083,556,187.9898,188.0268
2024-01-15 14:28:03.324,187.9711,58,187.9578,187.9844
2024-01-15 14:28:06.410,187.8445,389,187.8392,187.8498
2024-01-15 14:28:07.242,187.8552,706,187.8402,187.8701
2024-01-15 14:28:10.659,187.8048,483,187.7851,187.8244
2024-01-15 14:28:13.023,187.7643,352,187.7558,187.7729
2024-01-15 14:28:13.252,187.6449,408,187.6289,187.6608
2024-01-15 14:28:14.202,187.6683,320,187.6588,187.6778
2024-01-15 14:28:14.286,187.544,40,187.5313,187.5567
2024-01-15 14:28:17.121,187.5105,123,187.4972,187.5238
2024-01-15 14:28:19.227,187.5057,93,187.4975,187.514
2024-01-15 14:28:19.330,187.4584,47,187.4492,187.4676
2024-01-15 14:28:20.292,187.4227,265,187.4033,187.442
2024-01-15 14:28:20.596,187.4978,771,187.491,187.5046
2024-01-15 14:28:22.653,187.4845,1186,187.4729,187.496
2024-01-15 14:28:24.833,187.5006,12,187.4931,187.5081
2024-01-15 14:28:27.095,187.3856,278,187.3725,187.3988
2024-01-15 14:28:32.001,187.4126,65,187.3945,187.4306
2024-01-15 14:28:34.011,187.4774,167,187.4588,187.496
2024-01-15 14:28:35.416,187.5461,86,187.5332,187.5589
2024-01-15 14:28:38.670,187.5681,353,187.5585,187.5776
2024-01-15 14:28:39.221,187.5233,916,187.5066,187.54
2024-01-15 14:28:39.980,187.5578,137,187.5461,187.5695
2024-01-15 14:28:39.989,187.6461,45,187.638,187.6541
2024-01-15 14:28:41.245,187.5181,673,187.5076,187.5286
2024-01-15 14:28:42.563,187.6305,141,187.617,187.644
2024-01-15 14:28:46.246,187.6405,231,187.6349,187.6461
2024-01-15 14:28:47.041,187.6425,276,187.6276,187.6574
2024-01-15 14:28:47.773,187.6925,519,187.6786,187.7063
2024-01-15 14:28:52.617,187.6892,23,187.6769,187.7015
2024-01-15 14:28:53.690,187.5454,95,187.5388,187.552
2024-01-15 14:28:55.666,187.5829,185,187.5724,187.5934
2024-01-15 14:28:58.098,187.5857,304,187.5702,187.6013
2024-01-15 14:28:59.057,187.6769,262,187.6698,187.684
2024-01-15 14:28:59.917,187.6747,71,187.6593,187.6901
2024-01-15 14:29:03.662,187.7995,230,187.7901,187.8089
2024-01-15 14:29:04.520,187.7282,44,187.7199,187.7366
2024-01-15 14:29:06.999,187.6085,830,187.5897,187.6273
2024-01-15 14:29:07.870,187.5275,287,187.513,187.5421
2024-01-15 14:29:09.073,187.5127,310,187.499,187.5264
2024-01-15 14:29:10.065,187.511,249,187.4948,187.5272
2024-01-15 14:29:11.469,187.5531,238,187.537,187.5693
2024-01-15 14:29:13.975,187.6112,66,187.5932,187.6293
2024-01-15 14:29:14.585,187.6519,19,187.6349,187.669
2024-01-15 14:29:16.061,187.6147,133,187.597,187.6324
2024-01-15 14:29:17.275,187.6502,75,187.6439,187.6565
2024-01-15 14:29:22.028,187.6324,569,187.6199,187.6449
2024-01-15 14:29:22.401,187.7029,201,187.6907,187.7151
2024-01-15 14:29:23.004,187.6669,73,187.6585,187.6753
2024-01-15 14:29:23.163,187.6165,230,187.6072,187.6259
2024-01-15 14:29:23.842,187.6706,153,187.6635,187.6776
2024-01-15 14:29:24.077,187.5614,609,187.5556,187.5672
2024-01-15 14:29:24.239,187.5867,22,187.5789,187.5945
2024-01-15 14:29:26.591,187.6623,113,187.6546,187.6699
2024-01-15 14:29:28.819,187.6256,233,187.6193,187.6319
2024-01-15 14:29:28.904,187.5703,40,187.5567,187.584
2024-01-15 14:29:29.528,187.6655,602,187.6472,187.6837
2024-01-15 14:29:29.623,187.6114,608,187.5936,187.6293
2024-01-15 14:29:30.682,187.4544,195,187.4436,187.4651
2024-01-15 14:29:31.581,187.4191,1202,187.4004,187.4378
2024-01-15 14:29:32.799,187.536,114,187.5264,187.5456
2024-01-15 14:29:34.675,187.6051,108,187.595,187.6152
2024-01-15 14:29:36.199,187.5797,156,187.5667,187.5926
2024-01-15 14:29:36.528,187.5596,3,187.544,187.5752
2024-01-15 14:29:40.384,187.5271,172,187.5208,187.5334
2024-01-15 14:29:42.490,187.5598,165,187.5455,187.5742
2024-01-15 14:29:44.501,187.5667,38,187.5588,187.5745
2024-01-15 14:29:45.320,187.6372,235,187.6206,187.6538
2024-01-15 14:29:46.139,187.7317,640,187.7157,187.7478
2024-01-15 14:29:46.149,187.6749,603,187.6557,187.6941
2024-01-15 14:29:47.117,187.6804,231,187.6703,187.6905
2024-01-15 14:29:52.729,187.6559,188,187.6433,187.6686
2024-01-15 14:29:55.315,187.7062,19,187.6938,187.7186
2024-01-15 14:29:57.841,187.6877,60,187.6724,187.7031
2024-01-15 14:29:58.513,187.6832,332,187.6647,187.7018
2024-01-15 14:29:58.864,187.6421,627,187.6348,187.6494
2024-01-15 14:29:58.932,187.659,186,187.6463,187.6718
2024-01-15 14:30:01.024,187.6432,14,187.6278,187.6586
2024-01-15 14:30:03.066,187.7346,132,187.7249,187.7444
2024-01-15 14:30:04.602,187.6666,394,187.6561,187.6772
2024-01-15 14:30:04.680,187.6318,57,187.6199,187.6437
2024-01-15 14:30:09.021,187.599,387,187.5848,187.6132
2024-01-15 14:30:10.671,187.6132,306,187.6056,187.6207
2024-01-15 14:30:14.403,187.5747,5,187.5654,187.5841
2024-01-15 14:30:14.527,187.5968,404,187.5885,187.6051
2024-01-15 14:30:16.894,187.562,364,187.5463,187.5777
2024-01-15 14:30:19.084,187.5413,28,187.5248,187.5579
2024-01-15 14:30:20.017,187.511,94,187.5016,187.5204
2024-01-15 14:30:21.313,187.4598,19,187.441,187.4787
2024-01-15 14:30:23.844,187.4998,268,187.4864,187.5131
2024-01-15 14:30:25.418,187.4452,195,187.4339,187.4566
2024-01-15 14:30:26.852,187.2795,569,187.2695,187.2896
2024-01-15 14:30:28.096,187.2461,229,187.2317,187.2606
2024-01-15 14:30:29.353,187.2426,221,187.2305,187.2546
2024-01-15 14:30:30.787,187.3459,182,187.3331,187.3587
2024-01-15 14:30:32.253,187.2916,178,187.2799,187.3034
2024-01-15 14:30:32.309,187.2573,230,187.2507,187.2639
2024-01-15 14:30:34.251,187.3646,98,187.3544,187.3748
2024-01-15 14:30:35.076,187.4317,124,187.4133,187.4501
2024-01-15 14:30:36.069,187.4393,310,187.4293,187.4493
2024-01-15 14:30:36.113,187.5084,20,187.4943,187.5224
2024-01-15 14:30:36.446,187.4548,376,187.442,187.4676
2024-01-15 14:30:37.360,187.4346,57,187.4277,187.4416
2024-01-15 14:30:38.624,187.4721,45,187.4603,187.484
2024-01-15 14:30:39.335,187.5051,295,187.4958,187.5143
2024-01-15 14:30:42.107,187.3671,39,187.3593,187.3748
2024-01-15 14:30:49.558,187.4125,298,187.404,187.421
2024-01-15 14:30:54.202,187.3546,103,187.3461,187.3631
2024-01-15 14:30:55.648,187.3751,236,187.3603,187.3899
2024-01-15 14:30:55.737,187.2515,21,187.2444,187.2587
2024-01-15 14:31:00.007,187.2305,632,187.2114,187.2497
2024-01-15 14:31:01.588,187.2803,384,187.2749,187.2857
2024-01-15 14:31:01.761,187.2402,79,187.2232,187.2572
2024-01-15 14:31:02.944,187.3218,187,187.3154,187.3283
2024-01-15 14:31:03.352,187.3423,738,187.3228,187.3618
2024-01-15 14:31:06.327,187.3647,148,187.349,187.3804
2024-01-15 14:31:06.906,187.4136,1,187.4035,187.4236
2024-01-15 14:31:10.042,187.4017,418,187.3936,187.4098
2024-01-15 14:31:10.272,187.4515,93,187.4355,187.4675
2024-01-15 14:31:10.392,187.4166,136,187.3992,187.434
2024-01-15 14:31:10.456,187.3717,430,187.3561,187.3873
2024-01-15 14:31:10.823,187.3577,89,187.3433,187.372
2024-01-15 14:31:11.241,187.4266,578,187.4109,187.4424
2024-01-15 14:31:11.323,187.3371,75,187.3304,187.3437
2024-01-15 14:31:14.690,187.4561,586,187.4441,187.468
2024-01-15 14:31:14.714,187.5228,337,187.507,187.5386
2024-01-15 14:31:17.577,187.4614,237,187.4501,187.4727
2024-01-15 14:31:18.429,187.4469,130,187.438,187.4557
2024-01-15 14:31:20.543,187.3982,8,187.3923,187.4041
2024-01-15 14:31:24.103,187.4112,367,187.3987,187.4238
2024-01-15 14:31:26.764,187.3341,578,187.3226,187.3456
2024-01-15 14:31:27.344,187.3745,66,187.3636,187.3855
2024-01-15 14:31:29.040,187.338,315,187.332,187.344
2024-01-15 14:31:31.209,187.3447,14,187.3363,187.3532
2024-01-15 14:31:34.222,187.3278,97,187.3111,187.3444
2024-01-15 14:31:34.473,187.3068,8,187.2997,187.314
2024-01-15 14:31:35.424,187.362,763,187.3567,187.3673
2024-01-15 14:31:36.006,187.2736,520,187.2553,187.2918
2024-01-15 14:31:36.142,187.2636,98,187.2457,187.2814
2024-01-15 14:31:36.895,187.2626,141,187.2531,187.272
2024-01-15 14:31:36.994,187.2936,205,187.2853,187.302
2024-01-15 14:31:38.496,187.3306,431,187.3139,187.3473
2024-01-15 14:31:40.980,187.2836,12,187.272,187.2953
2024-01-15 14:31:42.325,187.2997,146,187.2883,187.3112
2024-01-15 14:31:43.487,187.325,300,187.3115,187.3385
2024-01-15 14:31:50.074,187.2156,122,187.2052,187.2261
2024-01-15 14:31:50.521,187.1882,167,187.1745,187.2019
2024-01-15 14:31:50.971,187.1706,61,187.1536,187.1876
2024-01-15 14:31:51.975,187.1382,313,187.1189,187.1574
2024-01-15 14:31:52.742,187.2203,84,187.2027,187.2378
2024-01-15 14:31:52.925,187.3554,568,187.336,187.3747
2024-01-15 14:31:52.980,187.3756,549,187.3565,187.3946
2024-01-15 14:32:00.893,187.3252,484,187.3114,187.3391
2024-01-15 14:32:01.042,187.4137,15,187.4077,187.4197
2024-01-15 14:32:01.115,187.3834,77,187.3652,187.4016
2024-01-15 14:32:02.120,187.3917,102,187.3822,187.4012
2024-01-15 14:32:04.324,187.4121,52,187.406,187.4182
2024-01-15 14:32:06.604,187.5134,289,187.5011,187.5257
2024-01-15 14:32:08.921,187.5312,34,187.5242,187.5381
2024-01-15 14:32:09.329,187.5346,133,187.5259,187.5432
2024-01-15 14:32:10.420,187.554,453,187.5485,187.5595
2024-01-15 14:32:10.654,187.5358,170,187.517,187.5546
2024-01-15 14:32:11.623,187.6216,371,187.6069,187.6363
2024-01-15 14:32:11.999,187.687,345,187.6809,187.6932
2024-01-15 14:32:12.200,187.7133,416,187.7002,187.7264
2024-01-15 14:32:13.064,187.6749,12,187.6618,187.688
2024-01-15 14:32:13.318,187.701,413,187.6933,187.7087
2024-01-15 14:32:14.320,187.5792,28,187.5643,187.594
2024-01-15 14:32:14.542,187.6062,50,187.5875,187.6248
2024-01-15 14:32:15.795,187.5616,230,187.5563,187.5668
2024-01-15 14:32:16.980,187.5684,543,187.5617,187.5751
2024-01-15 14:32:17.379,187.6134,58,187.6049,187.6219
2024-01-15 14:32:20.268,187.6512,50,187.6357,187.6666
2024-01-15 14:32:22.507,187.6019,114,187.5864,187.6174
2024-01-15 14:32:23.685,187.7014,10,187.6879,187.7149
2024-01-15 14:32:25.556,187.707,592,187.7012,187.7128
2024-01-15 14:32:27.985,182.1367,371,187.7558,187.7838
2024-01-15 14:32:28.891,187.6448,358,187.6389,187.6507
2024-01-15 14:32:30.204,187.6101,63,187.604,187.6161
2024-01-15 14:32:32.932,187.672,91,187.6583,187.6856
2024-01-15 14:32:35.098,187.7362,313,187.7286,187.7438
2024-01-15 14:32:39.461,187.7726,329,187.7538,187.7915
2024-01-15 14:32:41.718,187.9394,411,187.924,187.9548
2024-01-15 14:32:44.709,187.8519,92,187.8379,187.8659
2024-01-15 14:32:44.997,187.8263,194,187.809,187.8436
2024-01-15 14:32:46.841,187.8028,777,187.7912,187.8144
2024-01-15 14:32:47.168,187.7896,241,187.7828,187.7964
2024-01-15 14:32:49.641,187.8086,178,187.8011,187.8161
2024-01-15 14:32:51.290,187.8164,12,187.8045,187.8283
2024-01-15 14:32:52.933,187.8372,241,187.8257,187.8487
2024-01-15 14:32:54.462,187.8257,350,187.8087,187.8426
2024-01-15 14:32:56.246,187.8192,79,187.8077,187.8308
2024-01-15 14:32:56.657,187.8273,244,187.8101,187.8445
2024-01-15 14:32:57.639,187.8455,84,187.8341,187.8568
2024-01-15 14:32:59.830,187.8381,801,187.8281,187.8481
2024-01-15 14:33:02.479,187.8295,295,187.8139,187.845
2024-01-15 14:33:02.801,187.8347,12,187.8185,187.8509
2024-01-15 14:33:06.482,187.9329,1212,187.9241,187.9417
2024-01-15 14:33:07.648,187.985,249,187.9793,187.9906
2024-01-15 14:33:09.026,187.906,338,187.8972,187.9147
2024-01-15 14:33:09.368,187.9614,515,187.9465,187.9762
2024-01-15 14:33:10.962,187.9684,243,187.9497,187.9871
2024-01-15 14:33:10.991,187.9621,663,187.9494,187.9747
2024-01-15 14:33:16.270,187.9742,364,187.9562,187.9923
2024-01-15 14:33:16.311,188.0379,113,188.0322,188.0437
2024-01-15 14:33:17.139,187.8692,602,187.8531,187.8853
2024-01-15 14:33:17.635,187.8772,426,187.8588,187.8957
2024-01-15 14:33:20.796,187.892,124,187.8854,187.8986
2024-01-15 14:33:20.799,187.9193,292,187.903,187.9357
2024-01-15 14:33:22.378,187.9581,282,187.9476,187.9686
2024-01-15 14:33:23.502,187.9476,201,187.9324,187.9628
2024-01-15 14:33:23.761,187.9866,1,187.9711,188.002
2024-01-15 14:33:24.395,187.928,89,187.9085,187.9475
2024-01-15 14:33:26.673,187.8918,101,187.8826,187.9009
2024-01-15 14:33:30.239,187.9261,348,187.9101,187.9421
2024-01-15 14:33:32.119,187.9753,46,187.9563,187.9944
2024-01-15 14:33:32.151,188.0126,24,187.9992,188.026
2024-01-15 14:33:32.673,187.9267,104,187.9102,187.9432
2024-01-15 14:33:33.966,187.9623,208,187.9543,187.9703
2024-01-15 14:33:34.187,187.8322,1,187.817,187.8474
2024-01-15 14:33:34.220,187.8354,672,187.8202,187.8507
2024-01-15 14:33:35.182,187.8756,281,187.8634,187.8877
2024-01-15 14:33:36.130,187.8186,101,187.8065,187.8306
2024-01-15 14:33:37.027,187.7063,241,187.6877,187.7249
2024-01-15 14:33:37.554,187.559,295,187.548,187.5699
2024-01-15 14:33:38.927,187.6684,1033,187.6504,187.6864
2024-01-15 14:33:39.831,187.6552,194,187.6387,187.6717
2024-01-15 14:33:41.538,187.6402,374,187.63,187.6504
2024-01-15 14:33:41.628,187.6979,525,187.6844,187.7114
2024-01-15 14:33:42.904,187.6847,248,187.6649,187.7044
2024-01-15 14:33:43.491,187.6796,202,187.6656,187.6936
2024-01-15 14:33:45.873,187.6756,319,187.6602,187.691
2024-01-15 14:33:45.938,187.7064,145,187.6879,187.725
2024-01-15 14:33:46.153,187.8889,269,187.8706,187.9072
2024-01-15 14:33:47.579,187.8465,250,187.8409,187.8521
2024-01-15 14:33:48.205,187.9288,273,187.9092,187.9483
2024-01-15 14:33:49.269,187.9085,108,187.8908,187.9262
2024-01-15 14:33:49.970,187.9134,112,187.8947,187.9322
2024-01-15 14:33:51.724,187.8848,20,187.8685,187.9011
2024-01-15 14:33:54.097,187.8882,396,187.8786,187.8977
2024-01-15 14:33:55.271,187.9643,27,187.9563,187.9723
2024-01-15 14:33:56.368,187.9328,19,187.9199,187.9456
2024-01-15 14:33:57.671,187.9722,261,187.955,187.9895
2024-01-15 14:33:58.107,187.9406,37,187.9266,187.9545
2024-01-15 14:33:58.152,187.8485,272,187.8336,187.8634
2024-01-15 14:33:58.437,187.908,80,187.8949,187.921
2024-01-15 14:33:59.975,187.933,103,187.9207,187.9453
2024-01-15 14:34:01.893,187.9886,22,187.9756,188.0016
2024-01-15 14:34:02.911,187.935,265,187.9179,187.9522
2024-01-15 14:34:03.757,187.7645,294,187.7501,187.779
2024-01-15 14:34:07.936,187.7986,281,187.7787,187.8185
2024-01-15 14:34:10.177,187.8696,20,187.8537,187.8855
2024-01-15 14:34:12.454,187.9102,23,187.8971,187.9232
2024-01-15 14:34:14.929,187.9225,221,187.9036,187.9414
2024-01-15 14:34:14.950,187.6909,118,187.6737,187.7082
2024-01-15 14:34:17.070,187.7666,166,187.7495,187.7837
2024-01-15 14:34:17.935,187.7462,118,187.7269,187.7655
2024-01-15 14:34:21.565,187.701,25,187.6819,187.7201
2024-01-15 14:34:24.121,187.6895,162,187.6706,187.7085
2024-01-15 14:34:25.206,187.6935,67,187.6756,187.7114
2024-01-15 14:34:25.753,187.7229,172,187.7062,187.7395
2024-01-15 14:34:26.314,187.82,101,187.8117,187.8283
2024-01-15 14:34:28.783,187.9284,80,187.9137,187.9432
2024-01-15 14:34:29.261,187.9819,236,187.9658,187.998
2024-01-15 14:34:32.248,188.0538,63,188.0378,188.0699
2024-01-15 14:34:33.854,187.9654,17,187.9469,187.9839
2024-01-15 14:34:34.367,187.9614,37,187.943,187.9797
2024-01-15 14:34:34.441,187.9081,45,187.8997,187.9165
2024-01-15 14:34:35.771,187.8404,235,187.8316,187.8492
2024-01-15 14:34:37.760,187.8926,199,187.8873,187.8978
2024-01-15 14:34:38.556,187.9064,96,187.8951,187.9177
2024-01-15 14:34:41.659,187.9212,179,187.9046,187.9379
2024-01-15 14:34:41.894,187.8518,356,187.8408,187.8629
2024-01-15 14:34:42.528,187.853,77,187.8402,187.8658
2024-01-15 14:34:44.181,187.8421,138,187.8356,187.8486
2024-01-15 14:34:45.101,187.8214,22,187.8144,187.8283
2024-01-15 14:34:47.142,187.8986,724,187.891,187.9063
2024-01-15 14:34:49.207,187.9523,51,187.9421,187.9625
2024-01-15 14:34:51.138,187.9323,177,187.9143,187.9504
2024-01-15 14:34:52.500,187.8612,35,187.8442,187.8781
2024-01-15 14:34:54.023,187.9366,496,187.9171,187.9561
2024-01-15 14:34:55.432,188.0323,115,188.0128,188.0517
2024-01-15 14:34:55.640,187.9838,210,187.9656,188.0021
2024-01-15 14:34:55.806,187.9924,70,187.9863,187.9984
2024-01-15 14:34:56.224,188.0527,115,188.0358,188.0695
2024-01-15 14:34:56.524,188.0367,9,188.0237,188.0498
2024-01-15 14:34:58.098,187.9997,200,187.9873,188.0122
2024-01-15 14:34:58.883,187.9997,66,187.9916,188.0077
2024-01-15 14:34:59.038,188.0214,42,188.0131,188.0298
2024-01-15 14:34:59.247,187.9477,62,187.9385,187.9569
2024-01-15 14:35:00.409,187.951,1327,187.9445,187.9575
2024-01-15 14:35:00.973,187.8869,42,187.8724,187.9013
2024-01-15 14:35:01.951,187.9046,911,187.8995,187.9096
2024-01-15 14:35:03.037,187.8765,739,187.8609,187.8921
2024-01-15 14:35:03.275,187.8918,123,187.8756,187.9079
2024-01-15 14:35:03.463,187.8066,32,187.8012,187.812
2024-01-15 14:35:04.039,187.7391,73,187.7305,187.7476
2024-01-15 14:35:04.360,187.6785,14,187.6633,187.6936
2024-01-15 14:35:05.011,187.7235,263,187.715,187.732
2024-01-15 14:35:05.615,187.7158,302,187.6978,187.7337
2024-01-15 14:35:05.931,187.6962,266,187.6898,187.7026
2024-01-15 14:35:06.015,187.732,264,187.7175,187.7464
2024-01-15 14:35:06.710,187.8474,84,187.8396,187.8551
2024-01-15 14:35:07.069,187.8995,249,187.8884,187.9105
2024-01-15 14:35:11.495,187.9067,65,187.8877,187.9257
2024-01-15 14:35:11.626,187.8802,479,187.8631,187.8973
2024-01-15 14:35:13.332,187.9097,294,187.8922,187.9272
2024-01-15 14:35:14.093,187.8154,94,187.808,187.8228
2024-01-15 14:35:14.489,187.7974,86,187.7822,187.8126
2024-01-15 14:35:17.975,187.8125,780,187.8023,187.8228
2024-01-15 14:35:18.413,187.8465,665,187.8312,187.8618
2024-01-15 14:35:19.644,187.808,696,187.7991,187.8169
2024-01-15 14:35:20.978,187.8031,143,187.7921,187.814
2024-01-15 14:35:21.156,187.7535,316,187.7348,187.7721
2024-01-15 14:35:23.229,187.8895,484,187.8768,187.9023
2024-01-15 14:35:24.287,187.8819,324,187.8733,187.8904
2024-01-15 14:35:24.842,187.9087,41,187.8996,187.9177
2024-01-15 14:35:24.943,187.884,81,187.8743,187.8938
2024-01-15 14:35:27.952,187.8674,1068,187.8534,187.8814
2024-01-15 14:35:27.969,187.8289,632,187.8226,187.8351
2024-01-15 14:35:28.021,187.8209,151,187.8045,187.8374
2024-01-15 14:35:30.150,187.899,36,187.8837,187.9142
2024-01-15 14:35:33.077,187.8562,440,187.8501,187.8624
2024-01-15 14:35:34.055,187.8658,394,187.8509,187.8807
2024-01-15 14:35:34.390,187.8252,12,187.808,187.8425
2024-01-15 14:35:35.256,187.8232,121,187.8097,187.8367
2024-01-15 14:35:36.070,187.7901,253,187.7829,187.7974
2024-01-15 14:35:42.484,187.6827,115,187.6708,187.6946
2024-01-15 14:35:43.334,187.6968,31,187.6771,187.7164
2024-01-15 14:35:45.339,187.6504,10,187.6384,187.6624
2024-01-15 14:35:46.129,187.5654,101,187.5475,187.5832
2024-01-15 14:35:49.858,187.5735,371,187.567,187.58
2024-01-15 14:35:51.589,187.6096,54,187.593,187.6262
2024-01-15 14:35:51.671,187.6208,337,187.6009,187.6407
2024-01-15 14:35:55.538,187.5438,899,187.5342,187.5535
2024-01-15 14:35:56.007,187.5828,1,187.5703,187.5953
2024-01-15 14:35:56.330,187.667,11,187.6475,187.6864
2024-01-15 14:35:56.743,187.6562,113,187.6499,187.6625
2024-01-15 14:35:59.601,187.5705,449,187.5539,187.5872
2024-01-15 14:36:02.745,187.4089,3,187.3972,187.4207
2024-01-15 14:36:04.798,187.4535,493,187.4432,187.4638
2024-01-15 14:36:05.875,187.5256,15,187.5065,187.5448
2024-01-15 14:36:07.065,187.5929,291,187.5873,187.5986
2024-01-15 14:36:09.551,187.6119,74,187.5971,187.6266
2024-01-15 14:36:10.402,187.5983,79,187.5826,187.614
2024-01-15 14:36:12.001,187.6266,371,187.6195,187.6337
2024-01-15 14:36:12.121,187.6779,271,187.6678,187.688
2024-01-15 14:36:14.192,187.7137,59,187.7033,187.7241
2024-01-15 14:36:15.170,187.591,141,187.5719,187.6101
2024-01-15 14:36:16.775,187.6748,112,187.6563,187.6933
2024-01-15 14:36:19.079,187.722,87,187.7154,187.7287
2024-01-15 14:36:19.397,187.756,421,187.743,187.769
2024-01-15 14:36:19.842,187.923,48,187.9152,187.9308
2024-01-15 14:36:21.849,187.9805,411,187.9721,187.9889
2024-01-15 14:36:23.702,187.9528,88,187.9339,187.9716
2024-01-15 14:36:24.089,187.8955,462,187.8882,187.9028
2024-01-15 14:36:27.829,187.9218,48,187.9082,187.9355
2024-01-15 14:36:28.512,187.9243,346,187.9059,187.9427
2024-01-15 14:36:31.995,187.9527,670,187.9424,187.963
2024-01-15 14:36:39.050,187.7861,21,187.7698,187.8024
2024-01-15 14:36:39.955,187.8934,84,187.88,187.9067
2024-01-15 14:36:40.983,187.934,23,187.919,187.9489
2024-01-15 14:36:42.075,187.866,350,187.853,187.879
2024-01-15 14:36:42.352,187.862,233,187.8451,187.8789
2024-01-15 14:36:42.814,187.7903,252,187.7723,187.8083
2024-01-15 14:36:43.391,187.7647,798,187.7501,187.7794
2024-01-15 14:36:45.052,187.7634,124,187.7525,187.7743
2024-01-15 14:36:46.414,187.8223,53,187.8143,187.8304
2024-01-15 14:36:47.070,187.733,135,187.7144,187.7516
2024-01-15 14:36:48.854,187.7015,597,187.6958,187.7072
2024-01-15 14:36:50.949,187.6314,164,187.6214,187.6414
2024-01-15 14:36:52.879,187.6444,454,187.6356,187.6531
2024-01-15 14:36:53.656,187.5333,8,187.5139,187.5526
2024-01-15 14:36:54.369,187.4802,131,187.4665,187.4939
2024-01-15 14:36:55.178,187.5774,101,187.5651,187.5897
2024-01-15 14:36:55.224,187.543,22,187.53,187.5559
2024-01-15 14:36:55.286,187.4708,87,187.4643,187.4773
2024-01-15 14:36:55.867,187.4681,5,187.4615,187.4747
2024-01-15 14:36:56.264,187.3689,560,187.356,187.3817
2024-01-15 14:36:56.521,187.3659,624,187.3494,187.3824
2024-01-15 14:36:57.113,187.3771,111,187.36,187.3942
2024-01-15 14:37:02.614,187.3873,156,187.3783,187.3962
2024-01-15 14:37:03.406,187.4501,113,187.4324,187.4678
2024-01-15 14:37:05.749,187.3461,165,187.3371,187.355
2024-01-15 14:37:07.321,187.3595,20,187.3433,187.3757
2024-01-15 14:37:08.040,187.3486,41,187.3418,187.3555
2024-01-15 14:37:08.328,187.4372,555,187.4178,187.4566
2024-01-15 14:37:09.408,187.4334,515,187.4215,187.4453
2024-01-15 14:37:10.360,187.4359,8,187.4251,187.4468
2024-01-15 14:37:10.385,187.4737,393,187.4658,187.4816
2024-01-15 14:37:11.423,187.4499,102,187.4392,187.4607
2024-01-15 14:37:12.526,187.6067,147,187.5948,187.6186
2024-01-15 14:37:14.732,187.6861,189,187.671,187.7011
2024-01-15 14:37:16.528,187.5793,83,187.5621,187.5966
2024-01-15 14:37:19.957,187.6138,69,187.6026,187.6251
2024-01-15 14:37:19.960,187.5709,252,187.5588,187.5831
2024-01-15 14:37:20.354,187.6453,184,187.6341,187.6565
2024-01-15 14:37:21.277,187.6092,588,187.5997,187.6187
2024-01-15 14:37:21.735,187.594,845,187.5872,187.6008
2024-01-15 14:37:21.905,187.6125,172,187.5996,187.6253
2024-01-15 14:37:22.537,187.6719,250,187.6654,187.6784
2024-01-15 14:37:23.266,187.7148,166,187.7031,187.7265
2024-01-15 14:37:23.583,187.8363,76,187.821,187.8517
2024-01-15 14:37:23.861,187.7668,97,187.7558,187.7778
2024-01-15 14:37:28.114,187.7102,643,187.6982,187.7223
2024-01-15 14:37:28.241,187.6213,28,187.6157,187.6268
2024-01-15 14:37:30.687,187.676,1,187.6665,187.6855
2024-01-15 14:37:31.258,187.7102,191,187.7044,187.7161
2024-01-15 14:37:32.255,187.7522,121,187.7419,187.7626
2024-01-15 14:37:33.768,187.8312,308,187.8137,187.8487
2024-01-15 14:37:34.644,187.7011,83,187.6851,187.7171
2024-01-15 14:37:36.393,187.6552,4,187.6456,187.6647
2024-01-15 14:37:36.698,187.6737,139,187.6563,187.6911
2024-01-15 14:37:38.230,187.6513,39,187.6352,187.6674
2024-01-15 14:37:38.267,187.57,445,187.5536,187.5865
2024-01-15 14:37:39.515,187.6071,36,187.602,187.6123
2024-01-15 14:37:40.863,187.6057,182,187.599,187.6125
2024-01-15 14:37:44.572,187.6103,124,187.5908,187.6297
2024-01-15 14:37:45.937,187.626,104,187.6066,187.6453
2024-01-15 14:37:47.608,187.5854,1107,187.5782,187.5926
2024-01-15 14:37:49.512,187.6359,151,187.6299,187.6418
2024-01-15 14:37:50.172,187.6538,280,187.6483,187.6594
2024-01-15 14:37:50.284,187.5325,6,187.5274,187.5375
2024-01-15 14:37:52.753,187.541,228,187.527,187.555
2024-01-15 14:37:53.634,187.4592,66,187.4508,187.4677
2024-01-15 14:37:53.747,187.54,684,187.5247,187.5553
2024-01-15 14:38:04.497,187.55,79,187.5414,187.5587
2024-01-15 14:38:05.151,187.559,44,187.5437,187.5743
2024-01-15 14:38:10.962,187.4926,152,187.476,187.5091
2024-01-15 14:38:11.792,187.5762,382,187.5623,187.5902
2024-01-15 14:38:13.101,187.4556,56,187.4362,187.475
2024-01-15 14:38:13.324,187.4372,26,187.4208,187.4536
2024-01-15 14:38:13.395,187.5159,117,187.5023,187.5294
2024-01-15 14:38:13.923,187.4962,11,187.4778,187.5146
2024-01-15 14:38:15.721,187.3743,205,187.358,187.3906
2024-01-15 14:38:16.922,187.3179,33,187.3054,187.3303
2024-01-15 14:38:17.206,187.3415,195,187.3314,187.3517
2024-01-15 14:38:17.920,187.3377,36,187.3216,187.3539
2024-01-15 14:38:19.212,187.4709,300,187.4577,187.4841
2024-01-15 14:38:19.762,187.4877,103,187.4711,187.5042
2024-01-15 14:38:21.099,187.494,129,187.4849,187.5032
2024-01-15 14:38:21.537,187.4137,23,187.408,187.4193
2024-01-15 14:38:22.352,187.4046,295,187.3988,187.4105
2024-01-15 14:38:22.581,187.3952,136,187.3824,187.4079
2024-01-15 14:38:24.121,187.3998,106,187.3807,187.4189
2024-01-15 14:38:25.534,187.4232,194,187.4078,187.4386
2024-01-15 14:38:28.875,187.2921,149,187.2799,187.3042
2024-01-15 14:38:34.047,187.414,24,187.4032,187.4248
2024-01-15 14:38:39.837,187.3708,301,187.3587,187.3829
2024-01-15 14:38:43.172,187.448,120,187.4416,187.4544
2024-01-15 14:38:49.831,187.5102,91,187.5027,187.5176
2024-01-15 14:38:51.323,187.6076,352,187.5881,187.6271
2024-01-15 14:38:54.523,187.5744,65,187.5692,187.5795
2024-01-15 14:38:56.602,187.4452,97,187.4392,187.4512
2024-01-15 14:38:58.293,187.4476,122,187.4405,187.4546
2024-01-15 14:38:59.891,187.5433,375,187.5339,187.5527
2024-01-15 14:39:00.154,187.601,98,187.5957,187.6062
2024-01-15 14:39:04.754,187.643,74,187.6296,187.6564
2024-01-15 14:39:05.150,187.6295,41,187.6209,187.638
2024-01-15 14:39:07.074,187.5729,92,187.563,187.5828
2024-01-15 14:39:07.863,187.5555,992,187.5438,187.5672
2024-01-15 14:39:11.752,187.5672,361,187.5512,187.5831
2024-01-15 14:39:12.895,187.5047,175,187.4893,187.5202
2024-01-15 14:39:13.237,187.5412,181,187.5275,187.5548
2024-01-15 14:39:17.841,187.566,94,187.5561,187.5759
2024-01-15 14:39:18.832,187.664,600,187.6479,187.6801
2024-01-15 14:39:22.323,187.6314,76,187.6121,187.6507
2024-01-15 14:39:23.468,187.6761,270,187.6569,187.6952
2024-01-15 14:39:23.637,187.557,151,187.5431,187.571
2024-01-15 14:39:23.827,187.552,503,187.5419,187.5622
2024-01-15 14:39:24.698,187.5864,51,187.5684,187.6045
2024-01-15 14:39:24.902,187.6618,47,187.6449,187.6786
2024-01-15 14:39:25.201,187.7804,11,187.7627,187.7981
2024-01-15 14:39:25.717,187.7822,371,187.7771,187.7874
2024-01-15 14:39:26.491,187.7421,31,187.7369,187.7474
2024-01-15 14:39:26.987,187.7555,53,187.7358,187.7753
2024-01-15 14:39:27.276,187.7477,677,187.7389,187.7565
2024-01-15 14:39:28.613,187.8047,78,187.7955,187.8139
2024-01-15 14:39:30.571,187.7959,239,187.785,187.8067
2024-01-15 14:39:32.548,187.7321,110,187.7126,187.7517
2024-01-15 14:39:32.732,187.722,58,187.7029,187.7411
2024-01-15 14:39:33.520,187.7446,16,187.7331,187.7562
2024-01-15 14:39:38.891,187.768,153,187.7536,187.7824
2024-01-15 14:39:40.124,187.7993,81,187.7793,187.8193
2024-01-15 14:39:40.772,187.779,17,187.7718,187.7861
2024-01-15 14:39:40.964,187.6607,490,187.6438,187.6776
2024-01-15 14:39:41.765,187.7624,285,187.7458,187.779
2024-01-15 14:39:43.340,187.7257,463,187.7084,187.7431
2024-01-15 14:39:45.916,187.8161,702,187.8019,187.8304
2024-01-15 14:39:48.416,187.8498,72,187.8305,187.8692
2024-01-15 14:39:48.969,187.8699,249,187.8589,187.8808
2024-01-15 14:39:49.826,187.8516,32,187.8338,187.8694
2024-01-15 14:39:51.052,187.8439,1006,187.8304,187.8575
2024-01-15 14:39:53.286,187.797,131,187.7811,187.813
2024-01-15 14:39:56.411,187.7108,51,187.7017,187.72
2024-01-15 14:39:56.487,187.7632,358,187.7471,187.7794
2024-01-15 14:39:56.803,187.7383,892,187.7319,187.7448
2024-01-15 14:39:58.768,187.6444,33,187.6303,187.6584
2024-01-15 14:39:59.173,187.6388,153,187.6225,187.655
2024-01-15 14:40:00.077,187.7575,42,187.7407,187.7743
2024-01-15 14:40:00.962,187.8522,482,187.8413,187.8631
2024-01-15 14:40:01.279,187.9104,71,187.9031,187.9177
2024-01-15 14:40:03.941,187.9108,7,187.9051,187.9165
2024-01-15 14:40:04.282,187.9148,135,187.9061,187.9235
2024-01-15 14:40:09.183,187.723,688,187.7077,187.7382
2024-01-15 14:40:09.425,187.6752,61,187.6699,187.6805
2024-01-15 14:40:09.556,187.5797,156,187.5687,187.5906
2024-01-15 14:40:09.984,187.562,1,187.5486,187.5754
2024-01-15 14:40:12.264,187.5049,21,187.4872,187.5226
2024-01-15 14:40:13.042,187.4595,551,187.4476,187.4714
2024-01-15 14:40:16.711,187.3916,323,187.3798,187.4033
2024-01-15 14:40:17.876,187.4344,1595,187.4274,187.4415
2024-01-15 14:40:18.429,187.5586,19,187.5402,187.577
2024-01-15 14:40:19.248,187.5126,553,187.4956,187.5295
2024-01-15 14:40:20.159,187.4744,145,187.4686,187.4802
2024-01-15 14:40:20.997,187.4289,186,187.4169,187.4408
2024-01-15 14:40:23.257,187.5119,14,187.5023,187.5214
2024-01-15 14:40:26.622,187.449,79,187.4352,187.4628
2024-01-15 14:40:30.386,187.5619,53,187.5477,187.5761
2024-01-15 14:40:33.206,187.4622,519,187.4507,187.4738
2024-01-15 14:40:34.253,187.3431,545,187.3343,187.352
2024-01-15 14:40:34.302,187.3119,79,187.3021,187.3217
2024-01-15 14:40:34.922,187.3498,177,187.3351,187.3644
2024-01-15 14:40:38.426,187.3334,89,187.3228,187.3439
2024-01-15 14:40:40.417,187.3566,90,187.3441,187.3692
2024-01-15 14:40:41.987,187.2807,58,187.2725,187.2888
2024-01-15 14:40:42.561,187.2929,346,187.2813,187.3045
2024-01-15 14:40:43.965,187.2278,288,187.2151,187.2405
2024-01-15 14:40:47.775,187.3207,107,187.3124,187.3291
2024-01-15 14:40:50.467,187.3061,181,187.2906,187.3217
2024-01-15 14:40:50.553,187.2877,31,187.2791,187.2963
2024-01-15 14:40:53.913,187.4765,137,187.4645,187.4886
2024-01-15 14:40:54.242,187.4875,176,187.4797,187.4952
2024-01-15 14:40:54.640,187.4993,425,187.4858,187.5128
2024-01-15 14:40:57.079,187.5057,35,187.4872,187.5242
2024-01-15 14:40:57.653,187.4973,200,187.4897,187.5048
2024-01-15 14:40:58.728,187.4231,32,187.4129,187.4334
2024-01-15 14:40:59.070,187.5048,84,187.4873,187.5223
2024-01-15 14:41:01.614,187.4033,461,187.3906,187.416
2024-01-15 14:41:03.187,187.4448,37,187.4325,187.4571
2024-01-15 14:41:07.014,187.4193,97,187.4102,187.4284
2024-01-15 14:41:08.089,187.4234,701,187.4093,187.4376
2024-01-15 14:41:08.327,187.4003,71,187.3884,187.4122
2024-01-15 14:41:11.030,187.391,438,187.3739,187.4082
2024-01-15 14:41:11.436,187.1955,583,187.181,187.2099
2024-01-15 14:41:11.858,187.1384,488,187.1266,187.1503
2024-01-15 14:41:13.768,187.1168,101,187.1113,187.1223
2024-01-15 14:41:16.912,187.1979,137,187.1917,187.2041
2024-01-15 14:41:17.348,187.2316,6,187.2262,187.2369
2024-01-15 14:41:19.557,187.1215,193,187.1088,187.1341
2024-01-15 14:41:19.910,187.2117,141,187.2014,187.2219
2024-01-15 14:41:20.798,187.1207,46,187.1023,187.1392
2024-01-15 14:41:20.958,187.188,237,187.1748,187.2013
2024-01-15 14:41:21.562,187.147,64,187.1305,187.1636
2024-01-15 14:41:22.524,187.2621,270,187.2517,187.2725
2024-01-15 14:41:25.374,187.2428,67,187.2254,187.2602
2024-01-15 14:41:27.336,187.2586,58,187.2441,187.2731
2024-01-15 14:41:29.784,187.3454,70,187.3392,187.3517
2024-01-15 14:41:29.927,187.1648,161,187.1457,187.1839
2024-01-15 14:41:30.612,187.1035,55,187.084,187.123
2024-01-15 14:41:33.991,187.0613,218,187.0533,187.0692
2024-01-15 14:41:34.088,186.9465,402,186.9288,186.9641
2024-01-15 14:41:34.952,186.8465,526,186.8303,186.8628
2024-01-15 14:41:35.500,186.8303,44,186.8203,186.8402
2024-01-15 14:41:35.582,186.8342,319,186.8219,186.8466
2024-01-15 14:41:39.011,186.6748,34,186.6683,186.6813
2024-01-15 14:41:39.467,186.732,266,186.7151,186.7489
2024-01-15 14:41:41.135,186.6569,104,186.6427,186.6712
2024-01-15 14:41:43.522,186.6105,553,186.5939,186.6271
2024-01-15 14:41:44.292,186.5151,12,186.5078,186.5224
2024-01-15 14:41:45.244,186.6152,73,186.6027,186.6277
2024-01-15 14:41:45.778,186.583,160,186.5632,186.6029
2024-01-15 14:41:48.820,186.7333,5,186.7134,186.7532
2024-01-15 14:41:50.641,186.7272,688,186.7099,186.7446
2024-01-15 14:41:51.922,186.5946,381,186.5869,186.6023
2024-01-15 14:41:53.065,186.7414,322,186.7282,186.7547
2024-01-15 14:41:54.430,186.772,32,186.7656,186.7784
2024-01-15 14:41:56.623,186.7605,87,186.7407,186.7802
2024-01-15 14:41:57.523,186.8669,168,186.8504,186.8833
2024-01-15 14:41:59.438,186.8326,232,186.8236,186.8417
2024-01-15 14:42:02.953,186.8421,29,186.837,186.8472
2024-01-15 14:42:05.345,186.8817,181,186.8758,186.8876
2024-01-15 14:42:10.009,186.8429,128,186.8361,186.8497
2024-01-15 14:42:13.948,186.9888,154,186.9824,186.9952
2024-01-15 14:42:14.356,186.9039,10,186.8984,186.9094
2024-01-15 14:42:14.477,186.8575,98,186.8389,186.8761
2024-01-15 14:42:19.545,186.926,91,186.9074,186.9447
2024-01-15 14:42:23.475,186.8652,47,186.8453,186.885
2024-01-15 14:42:26.227,186.8231,251,186.8122,186.8339
2024-01-15 14:42:27.538,186.8005,66,186.7876,186.8133
2024-01-15 14:42:28.619,186.6961,101,186.6873,186.7049
2024-01-15 14:42:29.605,186.7207,477,186.7082,186.7333
2024-01-15 14:42:29.705,186.5634,362,186.5552,186.5717
2024-01-15 14:42:32.560,186.4285,80,186.4172,186.4399
2024-01-15 14:42:33.245,186.454,111,186.4348,186.4732
2024-01-15 14:42:34.074,186.4713,242,186.4642,186.4785
2024-01-15 14:42:38.856,186.3907,80,186.3732,186.4083
2024-01-15 14:42:39.972,186.4657,820,186.4606,186.4709
2024-01-15 14:42:41.368,186.4022,10,186.3839,186.4205
2024-01-15 14:42:43.748,186.4453,186,186.4254,186.4651
2024-01-15 14:42:43.830,186.4025,161,186.397,186.408
2024-01-15 14:42:45.883,186.3518,60,186.3461,186.3576
2024-01-15 14:42:47.373,186.3351,217,186.326,186.3442
2024-01-15 14:42:49.025,186.226,68,186.2137,186.2383
2024-01-15 14:42:49.118,186.26,38,186.2475,186.2725
2024-01-15 14:42:49.157,186.2372,282,186.2249,186.2494
2024-01-15 14:42:51.817,186.265,53,186.2579,186.2721
2024-01-15 14:42:51.823,186.2409,1190,186.2317,186.25
2024-01-15 14:42:52.540,186.1888,184,186.1698,186.2078
2024-01-15 14:42:55.126,186.1423,110,186.1366,186.148
2024-01-15 14:42:57.426,186.0693,113,186.0615,186.0771
2024-01-15 14:43:02.297,186.1988,380,186.1896,186.2079
2024-01-15 14:43:03.443,186.2319,91,186.2165,186.2474
2024-01-15 14:43:04.665,186.2469,79,186.235,186.2588
2024-01-15 14:43:04.793,186.2637,234,186.2483,186.2791
2024-01-15 14:43:06.085,186.2473,173,186.2343,186.2603
2024-01-15 14:43:10.344,186.2416,20,186.2218,186.2613
2024-01-15 14:43:11.660,186.1965,242,186.1861,186.2069
2024-01-15 14:43:13.396,186.1754,90,186.1637,186.1871
2024-01-15 14:43:13.491,186.0879,429,186.0762,186.0997
2024-01-15 14:43:14.392,186.1129,721,186.1018,186.124
2024-01-15 14:43:16.456,186.1807,51,186.1678,186.1936
2024-01-15 14:43:19.132,186.1779,352,186.1607,186.1951
2024-01-15 14:43:20.327,186.2177,67,186.2103,186.2252
2024-01-15 14:43:21.603,186.2247,80,186.2051,186.2442
2024-01-15 14:43:23.633,186.2815,495,186.2643,186.2987
2024-01-15 14:43:23.665,186.2219,282,186.2087,186.2352
2024-01-15 14:43:23.953,186.2089,803,186.195,186.2227
2024-01-15 14:43:24.983,186.2643,66,186.2484,186.2802
2024-01-15 14:43:27.544,186.1719,167,186.1574,186.1863
2024-01-15 14:43:27.701,186.1276,27,186.1091,186.1462
2024-01-15 14:43:28.308,186.0498,223,186.0422,186.0574
2024-01-15 14:43:31.089,186.116,46,186.1088,186.1232
2024-01-15 14:43:32.330,186.1198,356,186.1101,186.1294
2024-01-15 14:43:34.917,186.1212,3,186.1067,186.1358
2024-01-15 14:43:41.164,186.0503,151,186.032,186.0685
2024-01-15 14:43:42.053,186.0289,582,186.0208,186.037
2024-01-15 14:43:42.335,186.1218,152,186.1053,186.1382
2024-01-15 14:43:43.329,185.9776,203,185.9635,185.9917
2024-01-15 14:43:46.623,185.9913,585,185.9756,186.007
2024-01-15 14:43:48.520,186.1176,73,186.1041,186.131
2024-01-15 14:43:51.512,186.0555,530,186.0501,186.0609
2024-01-15 14:43:51.886,186.1837,160,186.1768,186.1906
2024-01-15 14:43:55.221,186.1571,127,186.1454,186.1689
2024-01-15 14:43:55.429,186.1946,77,186.1794,186.2099
2024-01-15 14:43:55.514,186.2509,29,186.2403,186.2615
2024-01-15 14:43:58.299,186.2687,525,186.2493,186.2882
2024-01-15 14:43:58.616,186.3178,73,186.3098,186.3258
2024-01-15 14:43:58.957,186.2604,203,186.255,186.2658
2024-01-15 14:44:01.343,186.3289,107,186.3125,186.3452
2024-01-15 14:44:01.597,186.3244,81,186.3139,186.3349
2024-01-15 14:44:02.160,186.3941,167,186.3842,186.4039
2024-01-15 14:44:02.344,186.3294,163,186.3207,186.3381
2024-01-15 14:44:04.484,186.2934,113,186.2855,186.3014
2024-01-15 14:44:05.133,186.2406,416,186.2248,186.2564
2024-01-15 14:44:05.140,186.3185,79,186.2987,186.3383
2024-01-15 14:44:05.217,186.311,154,186.3015,186.3205
2024-01-15 14:44:11.865,186.2786,30,186.2703,186.2869
2024-01-15 14:44:12.370,186.4151,156,186.4097,186.4205
2024-01-15 14:44:14.668,186.4154,250,186.4016,186.4292
2024-01-15 14:44:17.306,186.5455,2,186.5367,186.5544
2024-01-15 14:44:18.812,186.6304,80,186.6117,186.6492
2024-01-15 14:44:21.842,186.4857,309,186.4796,186.4918
2024-01-15 14:44:24.105,186.5961,363,186.5809,186.6113
2024-01-15 14:44:25.826,186.6467,36,186.6299,186.6636
2024-01-15 14:44:28.115,186.5906,166,186.5811,186.6002
2024-01-15 14:44:28.245,186.5291,547,186.5225,186.5358
2024-01-15 14:44:29.719,186.4481,431,186.4426,186.4536
2024-01-15 14:44:30.575,186.3495,90,186.3378,186.3612
2024-01-15 14:44:32.745,186.4375,186,186.4236,186.4515
2024-01-15 14:44:34.521,186.473,356,186.4617,186.4844
2024-01-15 14:44:35.568,186.3303,413,186.3167,186.3439
2024-01-15 14:44:35.671,186.3928,158,186.3834,186.4022
2024-01-15 14:44:36.425,186.4008,282,186.386,186.4155
2024-01-15 14:44:36.619,186.4132,86,186.4044,186.4219
2024-01-15 14:44:36.747,186.3691,1620,186.3603,186.378
2024-01-15 14:44:39.257,186.4549,193,186.4362,186.4736
2024-01-15 14:44:42.887,186.4395,183,186.4259,186.4531
2024-01-15 14:44:42.987,186.4728,415,186.4639,186.4817
2024-01-15 14:44:46.185,186.4805,283,186.4731,186.4879
2024-01-15 14:44:47.251,186.4219,435,186.4056,186.4383
2024-01-15 14:44:47.403,186.447,7,186.4355,186.4584
2024-01-15 14:44:50.098,186.4654,914,186.4543,186.4765
2024-01-15 14:44:51.743,186.4685,18,186.4597,186.4772
2024-01-15 14:44:52.184,186.4269,54,186.4115,186.4423
2024-01-15 14:44:53.921,186.4372,401,186.4217,186.4526
2024-01-15 14:44:57.446,186.4667,222,186.4491,186.4842
2024-01-15 14:44:57.971,186.4332,112,186.4199,186.4466
2024-01-15 14:44:58.297,186.4049,12,186.3952,186.4146
2024-01-15 14:44:58.413,186.4168,88,186.4113,186.4224
2024-01-15 14:44:59.435,186.5772,1138,186.5705,186.584
2024-01-15 14:44:59.723,186.568,2,186.5553,186.5808
2024-01-15 14:45:00.953,186.4861,66,186.4795,186.4927
2024-01-15 14:45:01.375,186.5503,172,186.5315,186.569
2024-01-15 14:45:02.073,186.5173,1098,186.5074,186.5272
2024-01-15 14:45:02.693,186.6034,19,186.5896,186.6172
2024-01-15 14:45:03.579,186.6504,344,186.6359,186.665
2024-01-15 14:45:05.003,186.6104,91,186.605,186.6158
2024-01-15 14:45:05.297,186.5972,188,186.5841,186.6103
2024-01-15 14:45:07.571,186.5587,894,186.544,186.5734
2024-01-15 14:45:08.315,186.6146,934,186.5955,186.6338
2024-01-15 14:45:09.096,186.5161,523,186.4991,186.5332
2024-01-15 14:45:15.208,186.474,588,186.461,186.4869
2024-01-15 14:45:15.630,186.4779,195,186.4683,186.4875
2024-01-15 14:45:17.180,186.5283,44,186.5199,186.5367
2024-01-15 14:45:20.746,186.34,9,186.3223,186.3578
2024-01-15 14:45:21.892,186.3663,353,186.3504,186.3823
2024-01-15 14:45:25.375,186.4186,37,186.4113,186.4258
2024-01-15 14:45:27.478,186.2915,80,186.2817,186.3012
2024-01-15 14:45:28.537,186.2072,232,186.1934,186.221
2024-01-15 14:45:28.980,186.3524,100,186.3463,186.3585
2024-01-15 14:45:29.734,186.3404,34,186.3209,186.3599
2024-01-15 14:45:30.480,186.3237,269,186.3159,186.3314
2024-01-15 14:45:30.541,186.3572,347,186.3474,186.3671
2024-01-15 14:45:31.250,186.4108,121,186.4053,186.4164
2024-01-15 14:45:33.514,186.3775,498,186.3584,186.3967
2024-01-15 14:45:34.096,186.3792,187,186.373,186.3854
2024-01-15 14:45:34.560,186.4412,10,186.4231,186.4592
2024-01-15 14:45:34.663,186.5327,259,186.5224,186.5429
2024-01-15 14:45:35.879,186.5471,20,186.5416,186.5525
2024-01-15 14:45:39.270,186.4779,214,186.4697,186.4862
2024-01-15 14:45:39.459,186.4212,12,186.413,186.4294
2024-01-15 14:45:40.171,186.5015,50,186.4844,186.5187
2024-01-15 14:45:40.315,186.4448,53,186.4335,186.456
2024-01-15 14:45:43.935,186.4654,118,186.4604,186.4705
2024-01-15 14:45:45.017,186.4916,822,186.4763,186.5069
2024-01-15 14:45:45.692,186.4432,310,186.4237,186.4626
2024-01-15 14:45:45.794,186.4252,23,186.4169,186.4335
2024-01-15 14:45:48.012,186.4803,97,186.4669,186.4937
2024-01-15 14:45:48.474,186.5461,245,186.5397,186.5526
2024-01-15 14:45:51.384,186.5458,39,186.5325,186.5591
2024-01-15 14:45:54.964,186.6108,20,186.5949,186.6267
2024-01-15 14:45:56.802,186.5452,37,186.5397,186.5507
2024-01-15 14:45:57.288,186.4758,650,186.4673,186.4844
2024-01-15 14:45:57.408,186.446,121,186.4294,186.4626
2024-01-15 14:45:58.728,186.365,12,186.3587,186.3712
2024-01-15 14:46:01.298,186.3748,89,186.3581,186.3915
2024-01-15 14:46:03.716,186.3459,278,186.329,186.3628
2024-01-15 14:46:08.357,186.4172,228,186.398,186.4363
2024-01-15 14:46:08.695,186.4124,202,186.3949,186.4298
2024-01-15 14:46:14.304,186.4802,459,186.4618,186.4985
2024-01-15 14:46:14.449,186.3984,16,186.3888,186.408
2024-01-15 14:46:20.694,186.3703,80,186.3627,186.378
2024-01-15 14:46:21.048,186.303,1154,186.285,186.321
2024-01-15 14:46:21.310,186.3206,5,186.3136,186.3275
2024-01-15 14:46:23.447,186.2315,182,186.2203,186.2427
2024-01-15 14:46:24.304,186.2148,13,186.2071,186.2225
2024-01-15 14:46:26.271,186.205,189,186.1891,186.2209
2024-01-15 14:46:28.519,186.1762,169,186.1608,186.1916
2024-01-15 14:46:29.038,186.1072,147,186.0964,186.1181
2024-01-15 14:46:30.596,186.0315,24,186.0211,186.042
2024-01-15 14:46:31.175,185.9148,520,185.8967,185.933
2024-01-15 14:46:31.506,185.9365,191,185.9248,185.9482
2024-01-15 14:46:31.963,185.9965,460,185.9833,186.0097
2024-01-15 14:46:32.249,185.9679,873,185.9532,185.9825
2024-01-15 14:46:34.065,185.8977,133,185.8814,185.9141
2024-01-15 14:46:34.956,185.8201,236,185.8099,185.8303
2024-01-15 14:46:37.195,185.8449,29,185.8257,185.864
2024-01-15 14:46:38.861,185.9594,471,185.9504,185.9685
2024-01-15 14:46:40.609,185.9796,229,185.9704,185.9887
2024-01-15 14:46:45.194,186.072,27,186.0637,186.0802
2024-01-15 14:46:47.037,186.0506,182,186.0429,186.0582
2024-01-15 14:46:47.148,185.9253,333,185.92,185.9307
2024-01-15 14:46:47.669,185.9306,58,185.9121,185.949
2024-01-15 14:46:48.515,185.8485,428,185.8371,185.8599
2024-01-15 14:46:48.845,185.9011,149,185.8859,185.9164
2024-01-15 14:46:50.149,185.7417,335,185.7267,185.7567
2024-01-15 14:46:52.394,185.6589,624,185.6434,185.6743
2024-01-15 14:46:54.218,185.6898,208,185.678,185.7015
2024-01-15 14:46:54.553,185.7089,330,185.6906,185.7271
2024-01-15 14:46:55.326,185.6958,422,185.6901,185.7015
2024-01-15 14:46:56.348,185.715,229,185.7001,185.7298
2024-01-15 14:46:56.439,185.7576,157,185.7389,185.7762
2024-01-15 14:46:56.689,185.7311,466,185.7179,185.7443
2024-01-15 14:46:57.823,185.7757,84,185.7701,185.7814
2024-01-15 14:46:59.284,185.7698,509,185.7606,185.7789
2024-01-15 14:47:00.075,185.7578,198,185.7449,185.7708
2024-01-15 14:47:00.414,185.6747,417,185.6568,185.6925
2024-01-15 14:47:04.838,185.5316,669,185.524,185.5392
2024-01-15 14:47:05.976,185.3919,297,185.3743,185.4095
2024-01-15 14:47:08.533,185.5097,955,185.4917,185.5277
2024-01-15 14:47:09.345,185.4777,27,185.4637,185.4918
2024-01-15 14:47:09.638,185.4798,29,185.4618,185.4978
2024-01-15 14:47:10.696,185.5699,268,185.5532,185.5865
2024-01-15 14:47:11.593,185.4253,210,185.4189,185.4317
2024-01-15 14:47:11.655,185.3513,277,185.346,185.3567
2024-01-15 14:47:13.123,185.4142,88,185.399,185.4295
2024-01-15 14:47:13.308,185.3697,300,185.3561,185.3832
2024-01-15 14:47:14.237,185.3735,352,185.3641,185.383
2024-01-15 14:47:14.764,185.3109,81,185.3055,185.3163
2024-01-15 14:47:15.755,185.3246,567,185.307,185.3422
2024-01-15 14:47:16.442,185.2404,79,185.2248,185.256
2024-01-15 14:47:16.485,185.2238,26,185.2188,185.2288
2024-01-15 14:47:18.455,185.25,192,185.2334,185.2666
2024-01-15 14:47:20.079,185.2304,100,185.2153,185.2455
2024-01-15 14:47:21.506,185.235,135,185.216,185.254
2024-01-15 14:47:21.964,185.1791,1,185.1637,185.1945
2024-01-15 14:47:22.128,185.1173,111,185.1022,185.1325
2024-01-15 14:47:23.027,185.1552,24,185.1441,185.1664
2024-01-15 14:47:25.163,185.1073,37,185.0905,185.1241
2024-01-15 14:47:26.435,185.05,545,185.031,185.0689
2024-01-15 14:47:26.930,185.0303,80,185.0175,185.0431
2024-01-15 14:47:30.483,185.0939,225,185.0743,185.1134
2024-01-15 14:47:31.191,185.1564,668,185.1413,185.1716
2024-01-15 14:47:31.870,185.1381,172,185.1302,185.146
2024-01-15 14:47:32.423,185.124,360,185.1151,185.1328
2024-01-15 14:47:36.262,185.1922,126,185.1829,185.2015
2024-01-15 14:47:38.135,185.2147,233,185.208,185.2213
2024-01-15 14:47:39.401,185.2129,15,185.204,185.2218
2024-01-15 14:47:40.907,185.2624,111,185.2573,185.2675
2024-01-15 14:47:42.721,185.3104,360,185.3054,185.3155
2024-01-15 14:47:44.315,185.2634,47,185.2547,185.2721
2024-01-15 14:47:46.723,185.2293,14,185.2241,185.2345
2024-01-15 14:47:47.783,185.1978,265,185.1886,185.207
2024-01-15 14:47:48.608,185.3015,79,185.2897,185.3133
2024-01-15 14:47:48.902,185.1746,59,185.1579,185.1913
2024-01-15 14:47:49.517,185.1936,2,185.1777,185.2096
2024-01-15 14:47:55.575,185.2349,175,185.2293,185.2406
2024-01-15 14:47:57.462,185.243,172,185.2246,185.2614
2024-01-15 14:48:01.160,185.1492,139,185.1371,185.1613
2024-01-15 14:48:01.795,185.0065,275,184.9906,185.0224
2024-01-15 14:48:02.063,185.0762,709,185.0675,185.0849
2024-01-15 14:48:02.209,184.922,60,184.9134,184.9306
2024-01-15 14:48:02.375,184.8498,434,184.8391,184.8606
2024-01-15 14:48:03.262,184.801,150,184.7939,184.8082
2024-01-15 14:48:04.114,184.7738,165,184.7547,184.7929
2024-01-15 14:48:04.734,184.7427,56,184.7259,184.7594
2024-01-15 14:48:05.903,184.715,31,184.706,184.7241
2024-01-15 14:48:06.747,184.7327,104,184.724,184.7414
2024-01-15 14:48:07.050,184.7025,135,184.6894,184.7156
2024-01-15 14:48:09.196,184.6031,273,184.5893,184.6168
2024-01-15 14:48:11.617,184.5674,51,184.5587,184.5761
2024-01-15 14:48:12.765,184.5576,419,184.5398,184.5755
2024-01-15 14:48:14.584,184.4427,91,184.4359,184.4496
2024-01-15 14:48:15.091,184.4444,319,184.4313,184.4576
2024-01-15 14:48:15.590,184.5123,794,184.4979,184.5267
2024-01-15 14:48:16.817,184.4585,273,184.4475,184.4695
2024-01-15 14:48:18.885,184.4597,297,184.4409,184.4785
2024-01-15 14:48:19.605,184.3289,714,184.3225,184.3353
2024-01-15 14:48:20.775,184.3154,38,184.2965,184.3344
2024-01-15 14:48:20.794,184.3143,303,184.3025,184.3261
2024-01-15 14:48:21.760,184.2444,224,184.2348,184.254
2024-01-15 14:48:26.282,184.1098,220,184.0932,184.1265
2024-01-15 14:48:30.980,184.0548,400,184.0394,184.0701
2024-01-15 14:48:34.071,184.034,63,184.0249,184.0431
2024-01-15 14:48:37.734,183.9816,158,183.9728,183.9904
2024-01-15 14:48:38.273,183.915,572,183.9092,183.9209
2024-01-15 14:48:41.149,183.8824,312,183.8652,183.8997
2024-01-15 14:48:41.581,183.7683,142,183.7543,183.7822
2024-01-15 14:48:42.185,183.8391,400,183.829,183.8493
2024-01-15 14:48:42.381,183.8306,43,183.8125,183.8487
2024-01-15 14:48:43.919,183.8172,58,183.7979,183.8365
2024-01-15 14:48:47.845,183.8502,237,183.841,183.8595
2024-01-15 14:48:49.128,183.7765,133,183.771,183.782
2024-01-15 14:48:50.100,183.9317,57,183.9176,183.9459
2024-01-15 14:48:50.319,184.023,110,184.0107,184.0353
2024-01-15 14:48:50.556,184.0594,476,184.0525,184.0664
2024-01-15 14:48:50.731,184.0027,93,183.9876,184.0178
2024-01-15 14:48:52.774,183.9215,501,183.914,183.9291
2024-01-15 14:48:55.004,183.9078,37,183.8987,183.9168
2024-01-15 14:48:56.932,183.9163,231,183.8966,183.936
2024-01-15 14:48:59.108,183.9697,479,183.9614,183.9781
2024-01-15 14:48:59.257,184.1356,2,184.129,184.1422
2024-01-15 14:48:59.803,184.0975,169,184.0894,184.1055
2024-01-15 14:49:00.366,184.2003,51,184.1836,184.2169
2024-01-15 14:49:00.899,184.0796,71,184.0628,184.0965
2024-01-15 14:49:02.334,184.0357,84,184.0165,184.055
2024-01-15 14:49:02.399,184.1555,141,184.1484,184.1627
2024-01-15 14:49:03.516,184.1952,132,184.1771,184.2132
2024-01-15 14:49:03.834,184.0705,611,184.0527,184.0883
2024-01-15 14:49:04.631,184.0435,130,184.0299,184.0571
2024-01-15 14:49:08.705,184.025,1,184.0116,184.0383
2024-01-15 14:49:10.626,184.0594,153,184.0399,184.0789
2024-01-15 14:49:10.875,184.064,241,184.0515,184.0765
2024-01-15 14:49:11.802,183.909,136,183.8937,183.9243
2024-01-15 14:49:12.662,183.9151,62,183.9095,183.9206
2024-01-15 14:49:14.197,183.8643,104,183.8512,183.8773
2024-01-15 14:49:15.807,183.8495,189,183.8438,183.8552
2024-01-15 14:49:24.773,183.7333,186,183.7189,183.7477
2024-01-15 14:49:26.598,183.6941,145,183.6806,183.7075
2024-01-15 14:49:29.704,183.6399,228,183.6203,183.6594
2024-01-15 14:49:31.426,183.6425,286,183.6328,183.6522
2024-01-15 14:49:34.598,183.6673,305,183.6551,183.6795
2024-01-15 14:49:34.609,183.711,141,183.6992,183.7228
2024-01-15 14:49:34.686,183.6519,399,183.6319,183.6718
2024-01-15 14:49:36.444,183.6119,172,183.5998,183.624
2024-01-15 14:49:37.688,183.5602,97,183.5529,183.5676
2024-01-15 14:49:37.858,183.5503,58,183.5425,183.5581
2024-01-15 14:49:38.187,183.5782,4,183.5615,183.595
2024-01-15 14:49:39.552,183.5479,388,183.5396,183.5562
2024-01-15 14:49:40.070,183.4461,130,183.4403,183.452
2024-01-15 14:49:42.745,183.4901,329,183.4737,183.5066
2024-01-15 14:49:43.411,183.4663,5,183.4515,183.4812
2024-01-15 14:49:46.792,183.4834,24,183.4754,183.4913
2024-01-15 14:49:48.733,183.4441,45,183.4315,183.4568
2024-01-15 14:49:48.919,183.5133,211,183.5049,183.5218
2024-01-15 14:49:51.327,183.4344,142,183.4239,183.445
2024-01-15 14:49:51.401,183.3815,88,183.3622,183.4009
2024-01-15 14:49:53.430,183.4398,286,183.429,183.4505
2024-01-15 14:49:54.280,183.3226,76,183.3145,183.3308
2024-01-15 14:49:54.466,183.311,164,183.3049,183.317
2024-01-15 14:49:57.075,183.4416,705,183.436,183.4472
2024-01-15 14:49:57.648,183.447,8,183.4311,183.4628
2024-01-15 14:49:59.457,183.5455,92,183.5363,183.5548
2024-01-15 14:50:09.102,183.5936,502,183.5798,183.6074
2024-01-15 14:50:09.120,183.6274,140,183.6197,183.6351
2024-01-15 14:50:11.155,183.6563,723,183.6412,183.6714
2024-01-15 14:50:11.523,183.5502,274,183.5389,183.5615
2024-01-15 14:50:14.395,183.6531,376,183.6412,183.6649
2024-01-15 14:50:14.854,183.6532,98,183.648,183.6584
2024-01-15 14:50:15.721,183.5989,249,183.5938,183.604
2024-01-15 14:50:15.725,183.6555,25,183.6426,183.6683
2024-01-15 14:50:15.901,183.6783,474,183.6647,183.6919
2024-01-15 14:50:17.983,183.6017,93,183.5952,183.6083
2024-01-15 14:50:20.450,183.5188,294,183.5003,183.5373
2024-01-15 14:50:25.194,183.3277,602,183.3095,183.3459
2024-01-15 14:50:25.288,183.3652,35,183.355,183.3755
2024-01-15 14:50:26.776,183.3757,138,183.3561,183.3953
2024-01-15 14:50:28.800,183.305,23,183.2908,183.3191
2024-01-15 14:50:30.291,183.4322,74,183.4216,183.4427
2024-01-15 14:50:30.986,183.3887,33,183.3732,183.4043
2024-01-15 14:50:32.577,183.3533,217,183.3442,183.3624
2024-01-15 14:50:33.375,183.4139,172,183.4032,183.4247
2024-01-15 14:50:34.620,183.3641,339,183.3554,183.3727
2024-01-15 14:50:38.389,183.3984,174,183.3863,183.4106
2024-01-15 14:50:39.494,183.4588,72,183.4514,183.4662
2024-01-15 14:50:40.129,183.4513,333,183.4346,183.468
2024-01-15 14:50:41.923,183.3355,424,183.3258,183.3453
2024-01-15 14:50:43.786,183.2956,54,183.2856,183.3055
2024-01-15 14:50:43.889,183.2881,120,183.2824,183.2938
2024-01-15 14:50:45.370,183.142,12,183.1269,183.1572
2024-01-15 14:50:45.975,183.1639,137,183.1522,183.1756
2024-01-15 14:50:45.982,183.252,9,183.2421,183.262
2024-01-15 14:50:49.791,183.2,202,183.1804,183.2195
2024-01-15 14:50:54.173,183.2433,232,183.2346,183.252
2024-01-15 14:50:55.086,183.2388,127,183.2242,183.2534
2024-01-15 14:50:59.206,183.2032,192,183.1981,183.2083
2024-01-15 14:50:59.906,183.2174,21,183.2001,183.2347
2024-01-15 14:51:02.919,183.207,122,183.1912,183.2228
2024-01-15 14:51:06.930,183.199,111,183.1866,183.2114
2024-01-15 14:51:10.641,183.1383,71,183.1255,183.1511
2024-01-15 14:51:12.136,183.0122,302,182.9974,183.0271
2024-01-15 14:51:12.514,183.1263,466,183.116,183.1366
2024-01-15 14:51:13.964,183.2088,27,183.2018,183.2158
2024-01-15 14:51:14.386,183.2119,834,183.1928,183.231
2024-01-15 14:51:14.554,183.2705,685,183.2649,183.2762
2024-01-15 14:51:16.177,183.2745,46,183.2686,183.2803
2024-01-15 14:51:18.576,183.3047,24,183.2936,183.3158
2024-01-15 14:51:19.938,183.2645,1039,183.2584,183.2706
2024-01-15 14:51:22.132,183.3974,46,183.3803,183.4146
2024-01-15 14:51:22.177,183.3087,115,183.2956,183.3219
2024-01-15 14:51:23.192,183.3156,28,183.3066,183.3246
2024-01-15 14:51:23.459,183.2913,144,183.2733,183.3094
2024-01-15 14:51:23.464,183.2387,199,183.2213,183.256
2024-01-15 14:51:24.954,183.2121,301,183.2063,183.218
2024-01-15 14:51:25.561,183.1941,20,183.1776,183.2106
2024-01-15 14:51:25.891,183.1194,183,183.1023,183.1365
2024-01-15 14:51:26.178,183.0922,7,183.0831,183.1014
2024-01-15 14:51:27.031,183.0503,69,183.0348,183.0659
2024-01-15 14:51:30.430,182.9903,419,182.9788,183.0018
2024-01-15 14:51:30.595,182.9194,95,182.8998,182.9391
2024-01-15 14:51:32.067,183.031,163,183.0209,183.041
2024-01-15 14:51:34.965,182.9671,652,182.9531,182.9811
2024-01-15 14:51:35.029,182.995,36,182.9859,183.0041
2024-01-15 14:51:38.680,183.0279,253,183.0093,183.0465
2024-01-15 14:51:41.921,183.0316,24,183.0259,183.0372
2024-01-15 14:51:42.820,182.9948,16,182.9844,183.0052
2024-01-15 14:51:42.852,183.0712,91,183.0636,183.0789
2024-01-15 14:51:43.572,183.0346,610,183.0274,183.0417
2024-01-15 14:51:44.943,183.0913,107,183.0737,183.1089
2024-01-15 14:51:45.942,183.0685,117,183.0515,183.0856
2024-01-15 14:51:47.227,183.0184,51,183.0004,183.0364
2024-01-15 14:51:47.865,183.1291,290,183.1091,183.149
2024-01-15 14:51:50.315,183.0388,44,183.0259,183.0518
2024-01-15 14:51:56.707,183.1024,411,183.0924,183.1125
2024-01-15 14:51:57.296,183.1106,922,183.0937,183.1276
2024-01-15 14:51:58.994,183.1606,43,183.1411,183.1801
2024-01-15 14:52:00.753,183.2078,372,183.1965,183.2192
2024-01-15 14:52:00.962,183.2104,635,183.2007,183.2201
2024-01-15 14:52:02.633,183.247,172,183.2335,183.2605
2024-01-15 14:52:03.481,183.1888,672,183.1819,183.1957
2024-01-15 14:52:04.824,183.1981,1163,183.1903,183.2059
2024-01-15 14:52:05.345,183.0915,154,183.0788,183.1042
2024-01-15 14:52:07.139,183.0927,290,183.0735,183.112
2024-01-15 14:52:09.252,183.0829,355,183.0774,183.0883
2024-01-15 14:52:09.784,183.0388,91,183.0332,183.0445
2024-01-15 14:52:10.861,183.084,3,183.0652,183.1028
2024-01-15 14:52:11.032,183.1083,278,183.1032,183.1134
2024-01-15 14:52:11.789,183.0147,444,183.0075,183.022
2024-01-15 14:52:12.493,183.0451,4,183.0285,183.0616
2024-01-15 14:52:12.589,183.0518,18,183.0321,183.0716
2024-01-15 14:52:12.748,183.0772,739,183.066,183.0883
2024-01-15 14:52:14.990,183.0217,77,183.0152,183.0281
2024-01-15 14:52:15.219,183.0452,34,183.0401,183.0504
2024-01-15 14:52:16.634,182.9165,167,182.9102,182.9229
2024-01-15 14:52:20.824,182.9809,264,182.9687,182.9931
2024-01-15 14:52:24.747,183.0158,110,182.9973,183.0342
2024-01-15 14:52:25.199,182.9279,292,182.9171,182.9387
2024-01-15 14:52:26.034,183.1235,384,183.1059,183.1411
2024-01-15 14:52:29.722,183.1794,96,183.1611,183.1976
2024-01-15 14:52:36.334,183.1407,199,183.1354,183.146
2024-01-15 14:52:40.722,183.1474,204,183.1302,183.1645
2024-01-15 14:52:46.758,183.0988,186,183.0936,183.104
2024-01-15 14:52:47.108,183.0791,499,183.0741,183.0842
2024-01-15 14:52:47.677,183.0248,126,183.0197,183.0299
2024-01-15 14:52:51.856,183.0607,462,183.0448,183.0766
2024-01-15 14:52:52.412,182.9509,141,182.9444,182.9573
2024-01-15 14:52:53.956,182.9281,341,182.9148,182.9414
2024-01-15 14:52:56.504,182.8911,87,182.8831,182.8992
2024-01-15 14:52:56.658,182.902,8,182.8963,182.9076
2024-01-15 14:52:58.640,182.9557,187,182.9493,182.9621
2024-01-15 14:52:59.309,182.9653,376,182.948,182.9826
2024-01-15 14:52:59.698,182.9949,80,182.9825,183.0072
2024-01-15 14:53:01.210,182.9585,72,182.9433,182.9737
2024-01-15 14:53:01.626,182.819,60,182.8062,182.8318
2024-01-15 14:53:02.943,182.961,35,182.9442,182.9777
2024-01-15 14:53:05.090,182.9505,59,182.9398,182.9612
2024-01-15 14:53:11.690,182.8614,249,182.845,182.8778
2024-01-15 14:53:12.720,182.8276,4,182.8106,182.8445
2024-01-15 14:53:13.518,182.8301,47,182.8233,182.8369
2024-01-15 14:53:16.466,182.7911,19,182.7779,182.8042
2024-01-15 14:53:17.841,182.7566,706,182.7441,182.7691
2024-01-15 14:53:19.636,182.7392,124,182.7263,182.7521
2024-01-15 14:53:23.606,182.7938,280,182.7814,182.8063
2024-01-15 14:53:25.144,182.7746,360,182.7622,182.787
2024-01-15 14:53:25.635,182.8217,350,182.8045,182.8389
2024-01-15 14:53:26.274,182.8275,10,182.8196,182.8353
2024-01-15 14:53:26.718,182.7883,1,182.7794,182.7973
2024-01-15 14:53:27.138,182.8825,285,182.8749,182.8901
2024-01-15 14:53:28.440,182.8877,94,182.8822,182.8933
2024-01-15 14:53:28.459,182.9224,324,182.9055,182.9394
2024-01-15 14:53:29.537,182.9241,166,182.9174,182.9307
2024-01-15 14:53:30.760,182.9805,182,182.9659,182.9952
2024-01-15 14:53:31.748,182.9359,252,182.919,182.9527
2024-01-15 14:53:31.808,183.0668,187,183.0588,183.0748
2024-01-15 14:53:33.165,183.0233,227,183.0145,183.0321
2024-01-15 14:53:33.485,182.9358,38,182.928,182.9435
2024-01-15 14:53:33.882,182.9134,111,182.8967,182.9301
2024-01-15 14:53:34.792,182.9118,71,182.9003,182.9233
2024-01-15 14:53:35.116,182.9537,2,182.9385,182.9688
2024-01-15 14:53:37.060,182.8653,33,182.8575,182.8731
2024-01-15 14:53:38.100,182.8481,573,182.8393,182.8569
2024-01-15 14:53:38.323,182.8583,46,182.8432,182.8733
2024-01-15 14:53:38.476,182.752,475,182.746,182.758
2024-01-15 14:53:38.520,182.678,321,182.6716,182.6844
2024-01-15 14:53:40.409,182.7594,182,182.7487,182.77
2024-01-15 14:53:41.646,182.7581,60,182.7498,182.7664
2024-01-15 14:53:41.893,182.6687,211,182.6553,182.6821
2024-01-15 14:53:42.753,182.6908,344,182.6772,182.7045
2024-01-15 14:53:43.203,182.621,229,182.6053,182.6366
2024-01-15 14:53:45.149,182.6066,76,182.5935,182.6197
2024-01-15 14:53:45.366,182.5359,84,182.5265,182.5453
2024-01-15 14:53:47.699,182.5155,206,182.5036,182.5274
2024-01-15 14:53:47.884,182.5334,44,182.5203,182.5465
2024-01-15 14:53:47.917,182.5728,128,182.5552,182.5904
2024-01-15 14:53:48.436,182.6758,80,182.6651,182.6866
2024-01-15 14:53:49.124,182.7051,251,182.6944,182.7158
2024-01-15 14:53:49.882,182.7151,4,182.698,182.7322
2024-01-15 14:53:50.269,182.6927,11,182.6784,182.7071
2024-01-15 14:53:54.150,182.7615,8,182.7511,182.7719
2024-01-15 14:53:55.119,182.8039,20,182.7956,182.8123
2024-01-15 14:53:56.866,182.703,2,182.6846,182.7213
2024-01-15 14:53:58.202,182.7564,553,182.7383,182.7745
2024-01-15 14:53:58.890,182.7819,211,182.7765,182.7872
2024-01-15 14:53:59.830,182.7754,8,182.7668,182.7841
2024-01-15 14:54:04.424,182.7564,131,182.7377,182.7752
2024-01-15 14:54:04.632,182.7505,301,182.741,182.76
2024-01-15 14:54:04.697,182.8334,136,182.818,182.8489
2024-01-15 14:54:05.706,182.8859,25,182.8793,182.8925
2024-01-15 14:54:08.932,182.8461,588,182.8298,182.8624
2024-01-15 14:54:09.869,182.9256,73,182.911,182.9402
2024-01-15 14:54:13.444,182.9409,58,182.9296,182.9522
2024-01-15 14:54:15.283,182.9639,473,182.9535,182.9743
2024-01-15 14:54:18.074,183.0341,443,183.0176,183.0506
2024-01-15 14:54:21.200,183.1273,111,183.1221,183.1326
2024-01-15 14:54:21.408,183.1573,3,183.1385,183.1761
2024-01-15 14:54:21.957,183.0881,767,183.0811,183.0952
2024-01-15 14:54:23.178,183.0639,430,183.0576,183.0703
2024-01-15 14:54:23.698,183.0498,389,183.0326,183.067
2024-01-15 14:54:25.281,183.005,273,182.9993,183.0108
2024-01-15 14:54:28.060,182.8572,3,182.8384,182.876
2024-01-15 14:54:28.869,182.8367,82,182.818,182.8554
2024-01-15 14:54:29.207,182.8855,13,182.8661,182.905
2024-01-15 14:54:30.095,182.9111,1,182.8946,182.9276
2024-01-15 14:54:32.535,182.829,38,182.8129,182.8452
2024-01-15 14:54:33.176,182.8357,965,182.8231,182.8483
2024-01-15 14:54:33.450,182.7715,117,182.7584,182.7847
2024-01-15 14:54:33.565,182.7704,285,182.7527,182.7881
2024-01-15 14:54:33.613,182.7868,66,182.7814,182.7922
2024-01-15 14:54:36.329,182.8001,55,182.7906,182.8095
2024-01-15 14:54:38.605,182.7669,252,182.7538,182.7801
2024-01-15 14:54:39.481,182.7719,121,182.761,182.7827
2024-01-15 14:54:41.224,182.7833,690,182.7649,182.8017
2024-01-15 14:54:42.101,182.8392,224,182.8224,182.856
2024-01-15 14:54:42.548,182.7971,857,182.7811,182.813
2024-01-15 14:54:42.995,182.6966,131,182.6786,182.7146
2024-01-15 14:54:45.639,182.6588,129,182.6487,182.669
2024-01-15 14:54:46.239,182.7035,30,182.6904,182.7166
2024-01-15 14:54:47.011,182.6002,777,182.5948,182.6056
2024-01-15 14:54:47.317,182.6268,12,182.6088,182.6448
2024-01-15 14:54:48.768,182.6857,13,182.676,182.6954
2024-01-15 14:54:48.935,182.6834,82,182.6705,182.6963
2024-01-15 14:54:49.439,182.6576,270,182.64,182.6753
2024-01-15 14:54:51.333,182.6841,3,182.6645,182.7036
2024-01-15 14:54:52.222,182.7324,873,182.7182,182.7466
2024-01-15 14:54:52.627,182.646,28,182.6329,182.6591
2024-01-15 14:54:52.875,182.5748,413,182.5583,182.5913
2024-01-15 14:54:54.545,182.5818,629,182.5682,182.5954
2024-01-15 14:54:56.918,182.6657,17,182.6603,182.6712
2024-01-15 14:54:59.561,182.656,109,182.6369,182.6752
2024-01-15 14:55:03.840,182.6488,88,182.6379,182.6596
2024-01-15 14:55:06.389,182.6049,106,182.5994,182.6104
2024-01-15 14:55:09.547,182.595,59,182.5851,182.6048
2024-01-15 14:55:09.973,182.6092,28,182.6037,182.6147
2024-01-15 14:55:09.995,182.5175,350,182.5082,182.5267
2024-01-15 14:55:12.631,182.5201,411,182.503,182.5373
2024-01-15 14:55:14.462,182.4922,541,182.4805,182.5039
2024-01-15 14:55:14.677,182.5126,367,182.4988,182.5264
2024-01-15 14:55:14.705,182.6082,483,182.6013,182.6152
2024-01-15 14:55:16.472,182.5944,633,182.5879,182.6008
2024-01-15 14:55:18.895,182.5699,208,182.5619,182.5779
2024-01-15 14:55:19.703,182.6469,44,182.6304,182.6633
2024-01-15 14:55:19.915,182.7018,99,182.6963,182.7072
2024-01-15 14:55:20.034,182.7601,183,182.7428,182.7775
2024-01-15 14:55:20.479,182.8426,8,182.8276,182.8575
2024-01-15 14:55:21.451,182.8925,2,182.8755,182.9095
2024-01-15 14:55:24.355,182.9278,155,182.9174,182.9383
2024-01-15 14:55:27.438,183.0136,56,182.9945,183.0326
2024-01-15 14:55:27.564,183.0894,318,183.0761,183.1026
2024-01-15 14:55:29.262,183.111,92,183.0976,183.1245
2024-01-15 14:55:29.347,183.1911,571,183.1841,183.1981
2024-01-15 14:55:29.857,183.121,157,183.1111,183.1309
2024-01-15 14:55:30.582,183.1014,325,183.0856,183.1173
2024-01-15 14:55:31.981,182.9909,46,182.9713,183.0106
2024-01-15 14:55:33.202,183.0503,308,183.0406,183.06
2024-01-15 14:55:34.784,183.0426,273,183.0281,183.0572
2024-01-15 14:55:35.124,183.0285,232,183.0089,183.048
2024-01-15 14:55:36.006,182.9068,77,182.898,182.9156
2024-01-15 14:55:36.068,182.9153,69,182.9084,182.9221
2024-01-15 14:55:38.758,182.9501,109,182.938,182.9623
2024-01-15 14:55:39.254,182.945,312,182.9354,182.9547
2024-01-15 14:55:41.018,182.8952,208,182.876,182.9145
2024-01-15 14:55:41.207,182.9497,117,182.9433,182.9561
2024-01-15 14:55:42.954,182.8835,281,182.8702,182.8968
2024-01-15 14:55:44.455,182.9647,139,182.9595,182.9699
2024-01-15 14:55:49.714,183.0013,446,182.9898,183.0128
2024-01-15 14:55:55.060,182.9951,25,182.9804,183.0098
2024-01-15 14:55:56.464,183.0266,80,183.0209,183.0322
2024-01-15 14:55:57.735,183.1563,69,183.1367,183.1758
2024-01-15 14:56:00.236,183.0694,734,183.0601,183.0788
2024-01-15 14:56:00.249,182.981,248,182.9659,182.9961
2024-01-15 14:56:01.271,182.9831,19,182.9734,182.9929
2024-01-15 14:56:03.386,183.0301,22,183.0171,183.0432
2024-01-15 14:56:04.993,183.0476,304,183.033,183.0622
2024-01-15 14:56:08.563,183.108,91,183.091,183.125
2024-01-15 14:56:09.114,183.2146,377,183.1946,183.2345
2024-01-15 14:56:10.368,183.1643,129,183.1533,183.1753
2024-01-15 14:56:13.585,183.0578,163,183.0379,183.0777
2024-01-15 14:56:15.102,183.0218,552,183.0047,183.039
2024-01-15 14:56:15.274,183.0365,394,183.0307,183.0424
2024-01-15 14:56:17.043,182.9956,284,182.984,183.0071
2024-01-15 14:56:18.148,182.9094,17,182.8938,182.9251
2024-01-15 14:56:22.605,182.9551,401,182.9394,182.9707
2024-01-15 14:56:23.976,182.9077,32,182.8936,182.9217
2024-01-15 14:56:24.255,182.824,1,182.8133,182.8348
2024-01-15 14:56:24.677,182.9078,482,182.8933,182.9224
2024-01-15 14:56:25.879,182.902,827,182.8897,182.9143
2024-01-15 14:56:25.936,182.9366,204,182.9179,182.9553
2024-01-15 14:56:27.882,183.0438,64,183.0276,183.0601
2024-01-15 14:56:27.913,182.8978,246,182.8862,182.9094
2024-01-15 14:56:28.029,182.8393,216,182.8295,182.849
2024-01-15 14:56:28.129,182.8587,69,182.8498,182.8676
2024-01-15 14:56:28.436,182.8831,784,182.8686,182.8977
2024-01-15 14:56:29.524,182.8209,68,182.8094,182.8324
2024-01-15 14:56:31.534,182.9636,75,182.9532,182.974
2024-01-15 14:56:31.645,182.9129,172,182.8967,182.9291
2024-01-15 14:56:35.512,182.9055,946,182.8859,182.9252
2024-01-15 14:56:35.885,182.7823,82,182.7671,182.7976
2024-01-15 14:56:36.980,182.7286,21,182.7224,182.7349
2024-01-15 14:56:37.463,182.7329,64,182.7237,182.7421
2024-01-15 14:56:38.928,182.7679,42,182.7502,182.7856
2024-01-15 14:56:42.222,182.8851,351,182.8695,182.9007
2024-01-15 14:56:44.745,182.7701,642,182.753,182.7872
2024-01-15 14:56:46.570,182.6309,182,182.6207,182.6411
2024-01-15 14:56:48.744,182.5733,662,182.5578,182.5888
2024-01-15 14:56:48.992,182.4915,155,182.4728,182.5101
2024-01-15 14:56:50.601,182.55,137,182.5389,182.5611
2024-01-15 14:56:52.347,182.5572,123,182.5432,182.5712
2024-01-15 14:56:55.307,182.5836,647,182.5749,182.5922
2024-01-15 14:56:56.509,182.5342,86,182.5275,182.5408
2024-01-15 14:56:57.665,182.5195,169,182.5051,182.5338
2024-01-15 14:56:58.809,182.4395,58,182.4339,182.4451
2024-01-15 14:57:00.053,182.5525,593,182.5419,182.5632
2024-01-15 14:57:00.793,182.5728,324,182.5547,182.5909
2024-01-15 14:57:01.079,182.5818,164,182.5717,182.592
2024-01-15 14:57:01.820,182.7787,36,182.7604,182.7971
2024-01-15 14:57:02.919,182.727,131,182.7181,182.736
2024-01-15 14:57:05.160,182.6977,305,182.6843,182.7111
2024-01-15 14:57:06.921,182.6193,117,182.6115,182.627
2024-01-15 14:57:07.766,182.6233,623,182.6049,182.6417
2024-01-15 14:57:07.925,182.6496,557,182.6356,182.6636
2024-01-15 14:57:09.563,182.7063,198,182.6931,182.7194
2024-01-15 14:57:11.312,182.793,809,182.7733,182.8126
2024-01-15 14:57:18.105,182.9394,40,182.9308,182.948
2024-01-15 14:57:18.196,182.9505,125,182.9413,182.9597
2024-01-15 14:57:18.667,182.9984,387,182.9891,183.0078
2024-01-15 14:57:18.674,183.0835,4,183.0724,183.0945
2024-01-15 14:57:19.034,183.0652,321,183.0461,183.0843
2024-01-15 14:57:19.258,183.0222,30,183.0117,183.0328
2024-01-15 14:57:19.513,183.0558,60,183.0482,183.0634
2024-01-15 14:57:20.419,183.0736,89,183.0614,183.0858
2024-01-15 14:57:20.636,183.1133,114,183.0948,183.1319
2024-01-15 14:57:20.997,183.1928,274,183.1857,183.1999
2024-01-15 14:57:24.554,183.3225,146,183.3094,183.3355
2024-01-15 14:57:24.704,183.4124,70,183.3953,183.4294
2024-01-15 14:57:25.821,183.3716,255,183.3542,183.3891
2024-01-15 14:57:26.013,183.3635,62,183.3549,183.372
2024-01-15 14:57:26.431,183.367,177,183.356,183.378
2024-01-15 14:57:27.218,183.3037,16,183.2897,183.3177
2024-01-15 14:57:29.418,183.3,43,183.2895,183.3104
2024-01-15 14:57:30.783,183.3435,89,183.3362,183.3508
2024-01-15 14:57:33.023,183.3248,32,183.3112,183.3385
2024-01-15 14:57:33.632,183.2756,187,183.2663,183.285
2024-01-15 14:57:35.054,183.3358,453,183.3167,183.355
2024-01-15 14:57:35.193,183.3557,84,183.3499,183.3615
2024-01-15 14:57:37.916,183.2644,311,183.2477,183.2812
2024-01-15 14:57:38.219,183.2062,83,183.189,183.2234
2024-01-15 14:57:39.090,183.1197,274,183.1115,183.1279
2024-01-15 14:57:40.615,183.0351,97,183.0271,183.0431
2024-01-15 14:57:40.656,182.9042,14,182.8866,182.9218
2024-01-15 14:57:41.607,182.8996,163,182.8866,182.9126
2024-01-15 14:57:42.250,182.8481,6,182.8418,182.8543
2024-01-15 14:57:43.781,182.8526,546,182.8366,182.8686
2024-01-15 14:57:43.854,182.8951,128,182.8891,182.9012
2024-01-15 14:57:44.649,182.8346,34,182.8214,182.8479
2024-01-15 14:57:45.581,182.7639,177,182.7573,182.7705
2024-01-15 14:57:47.282,182.7821,740,182.7725,182.7917
2024-01-15 14:57:48.144,182.731,403,182.7198,182.7423
2024-01-15 14:57:51.555,182.7734,124,182.7576,182.7892
2024-01-15 14:57:53.020,182.7141,31,182.6956,182.7326
2024-01-15 14:57:53.669,182.747,122,182.7293,182.7647
2024-01-15 14:57:54.544,182.7612,92,182.7438,182.7785
2024-01-15 14:57:54.714,182.7422,957,182.7314,182.7529
2024-01-15 14:57:56.014,182.7866,125,182.7694,182.8038
2024-01-15 14:57:57.712,182.7434,99,182.7331,182.7536
2024-01-15 14:58:00.171,182.6821,53,182.6641,182.7001
2024-01-15 14:58:01.064,182.6971,230,182.6809,182.7132
2024-01-15 14:58:03.418,182.736,95,182.7175,182.7545
2024-01-15 14:58:06.006,182.7843,11,182.7726,182.7961
2024-01-15 14:58:06.741,182.8457,2,182.8361,182.8554
2024-01-15 14:58:08.738,182.7563,112,182.7428,182.7697
2024-01-15 14:58:11.578,182.6988,260,182.6878,182.7097
2024-01-15 14:58:12.126,182.7331,45,182.7143,182.7519
2024-01-15 14:58:12.700,182.7762,296,182.7677,182.7847
2024-01-15 14:58:14.684,182.8581,384,182.8483,182.8678
2024-01-15 14:58:17.412,182.8413,193,182.825,182.8576
2024-01-15 14:58:19.628,182.8803,208,182.8605,182.9
2024-01-15 14:58:22.105,182.8732,25,182.8682,182.8783
2024-01-15 14:58:22.431,182.9669,275,182.9475,182.9863
2024-01-15 14:58:22.957,182.9594,269,182.9453,182.9735
2024-01-15 14:58:25.764,182.9267,122,182.9129,182.9405
2024-01-15 14:58:26.814,183.0241,340,183.0133,183.035
2024-01-15 14:58:27.606,182.999,178,182.991,183.0069
2024-01-15 14:58:27.823,182.9973,56,182.9885,183.0061
2024-01-15 14:58:32.496,183.0045,221,182.9943,183.0147
2024-01-15 14:58:36.436,183.0484,345,183.034,183.0627
2024-01-15 14:58:38.631,183.0529,25,183.0352,183.0706
2024-01-15 14:58:39.464,183.1051,391,183.0884,183.1217
2024-01-15 14:58:42.943,183.0643,175,183.057,183.0717
2024-01-15 14:58:42.975,183.1815,85,183.1673,183.1958
2024-01-15 14:58:43.134,183.1557,87,183.1469,183.1645
2024-01-15 14:58:48.802,183.1316,11,183.1198,183.1433
2024-01-15 14:58:51.124,183.0598,18,183.046,183.0737
2024-01-15 14:58:51.282,182.9955,70,182.9873,183.0037
2024-01-15 14:58:51.454,183.0687,221,183.0555,183.0819
2024-01-15 14:58:53.036,182.9943,283,182.9769,183.0116
2024-01-15 14:58:53.467,183.1063,607,183.0991,183.1136
2024-01-15 14:58:54.311,183.1224,162,183.1091,183.1357
2024-01-15 14:58:54.322,183.0994,37,183.0865,183.1123
2024-01-15 14:58:56.007,183.1137,207,183.0965,183.1309
2024-01-15 14:58:56.320,183.1385,299,183.1205,183.1564
2024-01-15 14:58:57.500,183.0285,5,183.0231,183.034
2024-01-15 14:58:58.493,183.101,5,183.0904,183.1115
2024-01-15 14:58:58.874,183.0695,170,183.0512,183.0879
2024-01-15 14:58:58.958,183.057,51,183.042,183.0721
2024-01-15 14:59:00.015,183.0515,125,183.0337,183.0692
2024-01-15 14:59:02.165,183.0893,90,183.0817,183.0969
2024-01-15 14:59:02.199,183.1273,21,183.1145,183.1402
2024-01-15 14:59:02.216,183.1988,93,183.1824,183.2151
2024-01-15 14:59:05.377,183.0319,229,183.0206,183.0432
2024-01-15 14:59:08.649,183.1361,221,183.1213,183.1509
2024-01-15 14:59:09.064,183.1383,396,183.1317,183.145
2024-01-15 14:59:14.843,183.1778,218,183.1615,183.1941
2024-01-15 14:59:15.426,183.2891,809,183.277,183.3013
2024-01-15 14:59:17.236,183.1918,35,183.1844,183.1992
2024-01-15 14:59:18.969,183.1047,42,183.092,183.1173
2024-01-15 14:59:19.421,183.2198,169,183.2135,183.2262
2024-01-15 14:59:21.064,183.1479,129,183.1376,183.1582
2024-01-15 14:59:23.640,183.0516,61,183.037,183.0662
2024-01-15 14:59:23.933,183.1082,251,183.0932,183.1232
2024-01-15 14:59:32.956,183.1636,362,183.1439,183.1832
2024-01-15 14:59:34.804,183.2018,915,183.1943,183.2093
2024-01-15 14:59:35.188,183.229,97,183.2154,183.2427
2024-01-15 14:59:36.546,183.1806,62,183.1669,183.1944
2024-01-15 14:59:37.390,183.2558,79,183.2398,183.2718
2024-01-15 14:59:39.207,183.1833,31,183.1646,183.202
2024-01-15 14:59:40.238,183.0767,390,183.0637,183.0898
2024-01-15 14:59:40.774,183.1555,86,183.1504,183.1605
2024-01-15 14:59:43.559,183.1796,50,183.1723,183.1869
2024-01-15 14:59:43.613,183.2219,55,183.2045,183.2393
2024-01-15 14:59:45.740,183.2094,245,183.2005,183.2184
2024-01-15 14:59:46.095,183.3164,405,183.31,183.3228
2024-01-15 14:59:46.924,183.2682,569,183.2496,183.2869
2024-01-15 14:59:46.977,183.1929,191,183.1802,183.2056
2024-01-15 14:59:50.214,183.1548,118,183.1461,183.1636
2024-01-15 14:59:52.320,183.1214,10,183.1131,183.1297
2024-01-15 14:59:53.355,183.1277,617,183.1224,183.133
2024-01-15 14:59:53.832,183.0115,274,183.0028,183.0202
2024-01-15 14:59:55.337,182.9427,31,182.9242,182.9612
2024-01-15 14:59:56.462,183.0537,208,183.0405,183.0669
2024-01-15 14:59:57.204,182.9641,321,182.9502,182.9781
2024-01-15 15:00:01.055,182.9388,200,182.922,182.9556
2024-01-15 15:00:01.719,182.9204,173,182.9035,182.9373
2024-01-15 15:00:03.673,182.8711,41,182.8589,182.8834
2024-01-15 15:00:03.810,182.923,68,182.9175,182.9285
2024-01-15 15:00:04.439,182.8763,59,182.8622,182.8903
2024-01-15 15:00:05.104,182.8577,36,182.8477,182.8676
2024-01-15 15:00:05.203,182.8276,213,182.8194,182.8358
2024-01-15 15:00:05.944,182.8755,101,182.864,182.887
2024-01-15 15:00:07.119,182.813,155,182.7983,182.8277
2024-01-15 15:00:07.343,182.7554,178,182.7467,182.7641
2024-01-15 15:00:08.754,182.7343,14,182.7231,182.7455
2024-01-15 15:00:10.276,182.7423,53,182.7328,182.7518
2024-01-15 15:00:10.963,182.7072,178,182.7018,182.7127
2024-01-15 15:00:11.111,182.714,516,182.7077,182.7202
2024-01-15 15:00:11.177,182.6524,685,182.6386,182.6661
2024-01-15 15:00:14.315,182.7044,246,182.6851,182.7238
2024-01-15 15:00:15.025,182.8278,374,182.8097,182.8459
2024-01-15 15:00:18.050,182.8163,158,182.801,182.8316
2024-01-15 15:00:18.267,182.7309,32,182.7168,182.745
2024-01-15 15:00:18.847,182.7125,143,182.7057,182.7193
2024-01-15 15:00:18.997,182.6801,162,182.6616,182.6985
2024-01-15 15:00:19.981,182.5759,164,182.5577,182.5942
2024-01-15 15:00:20.288,182.5732,306,182.5534,182.593
2024-01-15 15:00:26.650,182.598,230,182.5832,182.6129
2024-01-15 15:00:29.934,182.5729,156,182.5553,182.5905
2024-01-15 15:00:31.288,182.7041,47,182.6904,182.7178
2024-01-15 15:00:33.545,182.7517,207,182.7338,182.7697
2024-01-15 15:00:33.705,182.8538,200,182.8443,182.8634
2024-01-15 15:00:35.052,182.9462,182,182.9328,182.9596
2024-01-15 15:00:35.076,182.8118,10,182.7962,182.8274
2024-01-15 15:00:38.043,182.8009,100,182.7954,182.8064
2024-01-15 15:00:40.778,182.8041,381,182.7852,182.823
2024-01-15 15:00:44.540,182.9036,153,182.8867,182.9206
2024-01-15 15:00:47.303,182.9715,214,182.9523,182.9907
2024-01-15 15:00:47.405,183.0829,273,183.0638,183.102
2024-01-15 15:00:49.573,183.0266,19,183.0096,183.0436
2024-01-15 15:00:51.862,183.0275,483,183.0182,183.0368
2024-01-15 15:00:52.032,183.0843,108,183.0672,183.1014
2024-01-15 15:00:52.067,183.1179,243,183.1025,183.1334
2024-01-15 15:00:53.190,183.0819,34,183.0694,183.0944
2024-01-15 15:01:02.393,183.1581,71,183.1435,183.1727
2024-01-15 15:01:05.325,183.1732,93,183.1563,183.1902
2024-01-15 15:01:06.759,183.3494,299,183.3328,183.366
2024-01-15 15:01:06.901,183.454,212,183.4343,183.4738
2024-01-15 15:01:08.292,183.4973,48,183.4817,183.5129
2024-01-15 15:01:09.146,183.533,45,183.5157,183.5503
2024-01-15 15:01:10.248,183.4276,372,183.4118,183.4434
2024-01-15 15:01:11.744,183.4667,104,183.4551,183.4784
2024-01-15 15:01:12.223,183.4367,72,183.4246,183.4489
2024-01-15 15:01:12.421,183.4407,583,183.4293,183.4522
2024-01-15 15:01:12.541,183.3877,319,183.3738,183.4016
2024-01-15 15:01:14.052,183.3371,274,183.323,183.3513
2024-01-15 15:01:16.053,183.324,266,183.3169,183.331
2024-01-15 15:01:18.037,183.3631,40,183.3568,183.3693
2024-01-15 15:01:19.213,183.3272,412,183.3135,183.3408
2024-01-15 15:01:19.412,183.2587,89,183.2418,183.2755
2024-01-15 15:01:25.786,183.2577,244,183.2454,183.27
2024-01-15 15:01:26.005,183.3651,425,183.3501,183.3802
2024-01-15 15:01:26.778,183.3928,4,183.3773,183.4082
2024-01-15 15:01:27.742,183.3532,2,183.338,183.3684
2024-01-15 15:01:30.383,183.2631,234,183.2477,183.2785
2024-01-15 15:01:31.866,183.2724,38,183.2658,183.2791
2024-01-15 15:01:32.820,183.246,303,183.2311,183.2609
2024-01-15 15:01:35.801,183.1793,301,183.17,183.1886
2024-01-15 15:01:37.937,183.2229,54,183.2035,183.2423
2024-01-15 15:01:40.589,183.2422,676,183.232,183.2524
2024-01-15 15:01:41.150,183.134,356,183.1251,183.1429
2024-01-15 15:01:43.768,183.1029,105,183.0971,183.1087
2024-01-15 15:01:45.373,183.0964,36,183.09,183.1027
2024-01-15 15:01:47.414,183.2215,413,183.2026,183.2403
2024-01-15 15:01:47.519,183.2123,219,183.2059,183.2187
2024-01-15 15:01:50.556,183.3228,29,183.305,183.3406
2024-01-15 15:01:53.804,183.2836,227,183.2658,183.3014
2024-01-15 15:01:54.325,183.2996,698,183.2901,183.3092
2024-01-15 15:01:56.094,183.2782,1,183.2681,183.2883
2024-01-15 15:01:56.105,183.2312,186,183.217,183.2454
2024-01-15 15:01:56.821,183.195,22,183.1826,183.2074
2024-01-15 15:01:57.513,183.2568,335,183.2385,183.2751
2024-01-15 15:01:58.052,183.3748,54,183.3554,183.3942
2024-01-15 15:01:58.541,183.3262,18,183.3189,183.3335
2024-01-15 15:02:00.484,183.2819,193,183.2728,183.2909
2024-01-15 15:02:05.809,183.2546,23,183.2402,183.269
2024-01-15 15:02:06.622,183.2469,346,183.23,183.2639
2024-01-15 15:02:08.735,183.2751,681,183.2589,183.2913
2024-01-15 15:02:12.343,183.2192,104,183.208,183.2305
2024-01-15 15:02:12.892,183.1326,30,183.1181,183.147
2024-01-15 15:02:13.517,183.1899,88,183.1734,183.2065
2024-01-15 15:02:18.420,183.0829,75,183.0629,183.1029
2024-01-15 15:02:19.513,182.988,33,182.9702,183.0058
2024-01-15 15:02:21.003,182.9687,1,182.9493,182.9881
2024-01-15 15:02:21.309,182.9679,131,182.9616,182.9743
2024-01-15 15:02:23.575,182.9237,268,182.909,182.9384
2024-01-15 15:02:25.672,182.8349,79,182.8164,182.8534
2024-01-15 15:02:30.326,182.817,388,182.8102,182.8237
2024-01-15 15:02:30.629,182.8142,1,182.7984,182.83
2024-01-15 15:02:30.633,182.7815,545,182.7735,182.7894
2024-01-15 15:02:31.353,182.7814,113,182.7655,182.7973
2024-01-15 15:02:32.164,182.8998,189,182.8932,182.9064
2024-01-15 15:02:35.067,182.8738,34,182.8598,182.8878
2024-01-15 15:02:35.480,182.8655,96,182.8562,182.8748
2024-01-15 15:02:35.606,182.8513,125,182.8357,182.8669
2024-01-15 15:02:36.346,182.9066,61,182.8934,182.9197
2024-01-15 15:02:36.928,182.9172,50,182.9042,182.9302
2024-01-15 15:02:40.078,182.854,289,182.8388,182.8693
2024-01-15 15:02:42.223,182.9843,403,182.9784,182.9902
2024-01-15 15:02:45.949,182.9862,29,182.9686,183.0038
2024-01-15 15:02:46.832,183.1112,266,183.1013,183.121
2024-01-15 15:02:48.013,183.1918,364,183.1766,183.207
2024-01-15 15:02:51.137,183.1593,140,183.1439,183.1747
2024-01-15 15:02:52.227,183.1909,22,183.1764,183.2053
2024-01-15 15:02:54.212,183.1971,98,183.1913,183.2029
2024-01-15 15:02:56.485,183.1451,40,183.1313,183.1588
2024-01-15 15:02:58.444,183.1554,368,183.1422,183.1687
2024-01-15 15:02:59.769,183.1407,27,183.1355,183.1459
2024-01-15 15:03:00.627,183.0927,505,183.0781,183.1073
2024-01-15 15:03:04.989,182.9737,48,182.958,182.9894
2024-01-15 15:03:07.605,182.8526,85,182.8447,182.8605
2024-01-15 15:03:08.233,182.798,322,182.7851,182.811
2024-01-15 15:03:09.460,182.7412,327,182.7286,182.7537
2024-01-15 15:03:10.450,182.7947,1786,182.7824,182.807
2024-01-15 15:03:12.774,182.8586,50,182.8392,182.878
2024-01-15 15:03:14.586,182.8342,294,182.821,182.8474
2024-01-15 15:03:15.677,182.7764,197,182.7577,182.7951
2024-01-15 15:03:16.967,182.6534,104,182.6461,182.6607
2024-01-15 15:03:19.812,182.6477,14,182.6361,182.6594
2024-01-15 15:03:20.835,182.6844,500,182.6712,182.6976
2024-01-15 15:03:20.930,182.7696,634,182.7553,182.7839
2024-01-15 15:03:22.803,182.8497,468,182.83,182.8695
2024-01-15 15:03:23.030,183.0046,77,182.9885,183.0206
2024-01-15 15:03:25.160,182.9524,196,182.943,182.9619
2024-01-15 15:03:28.030,182.9697,59,182.9519,182.9875
2024-01-15 15:03:32.258,182.9881,198,182.9815,182.9948
2024-01-15 15:03:33.086,182.9803,195,182.9727,182.9879
2024-01-15 15:03:34.522,183.0874,243,183.0752,183.0997
2024-01-15 15:03:34.932,183.0141,620,183.0049,183.0233
2024-01-15 15:03:35.117,182.9861,558,182.9801,182.9922
2024-01-15 15:03:36.551,183.0008,259,182.9867,183.015
2024-01-15 15:03:37.536,183.0497,193,183.0394,183.06
2024-01-15 15:03:39.684,183.0314,525,183.012,183.0508
2024-01-15 15:03:40.763,183.0028,264,182.9876,183.018
2024-01-15 15:03:40.916,183.023,265,183.0057,183.0402
2024-01-15 15:03:42.973,183.0121,206,182.9965,183.0277
2024-01-15 15:03:45.265,183.0335,96,183.0182,183.0489
2024-01-15 15:03:45.892,183.1286,104,183.1118,183.1453
2024-01-15 15:03:46.612,183.1896,65,183.1842,183.195
2024-01-15 15:03:48.894,183.1513,858,183.1363,183.1663
2024-01-15 15:03:50.991,183.1326,122,183.1168,183.1484
2024-01-15 15:03:52.199,183.2334,248,183.2173,183.2495
2024-01-15 15:03:53.927,183.27,1216,183.263,183.2771
2024-01-15 15:03:56.729,183.3615,417,183.3487,183.3743
2024-01-15 15:03:57.607,183.3823,136,183.3649,183.3996
2024-01-15 15:03:57.942,183.4012,157,183.3853,183.4171
2024-01-15 15:04:00.488,183.3306,31,183.3132,183.348
2024-01-15 15:04:06.246,183.2626,908,183.2457,183.2795
2024-01-15 15:04:12.366,183.2979,81,183.279,183.3169
2024-01-15 15:04:15.527,183.2834,163,183.273,183.2937
2024-01-15 15:04:17.523,183.2732,114,183.2602,183.2861
2024-01-15 15:04:21.806,183.2912,133,183.2764,183.3061
2024-01-15 15:04:22.726,183.319,39,183.3101,183.3279
2024-01-15 15:04:24.074,183.3438,471,183.3361,183.3515
2024-01-15 15:04:33.338,183.3004,236,183.2857,183.315
2024-01-15 15:04:34.235,183.3396,43,183.3266,183.3525
2024-01-15 15:04:35.805,183.3029,95,183.2857,183.3201
2024-01-15 15:04:41.551,183.2605,209,183.2427,183.2783
2024-01-15 15:04:42.513,183.3512,46,183.344,183.3584
2024-01-15 15:04:43.353,183.3583,277,183.3463,183.3703
2024-01-15 15:04:45.575,183.4531,176,183.4481,183.4582
2024-01-15 15:04:46.206,183.5162,43,183.4983,183.5341
2024-01-15 15:04:46.216,183.5606,512,183.5524,183.5687
2024-01-15 15:04:46.270,183.5701,280,183.5588,183.5813
2024-01-15 15:04:46.504,183.5725,8,183.5606,183.5843
2024-01-15 15:04:47.040,183.5891,115,183.5816,183.5966
2024-01-15 15:04:47.796,183.7045,292,183.6891,183.7198
2024-01-15 15:04:49.261,183.8141,131,183.806,183.8221
2024-01-15 15:04:50.251,183.7391,21,183.7227,183.7555
2024-01-15 15:04:50.655,183.7906,24,183.7856,183.7957
2024-01-15 15:04:54.499,183.6828,52,183.6739,183.6916
2024-01-15 15:04:54.551,183.6519,60,183.6423,183.6615
2024-01-15 15:04:56.792,183.7469,468,183.7395,183.7543
2024-01-15 15:04:56.952,183.7815,10,183.7648,183.7982
2024-01-15 15:05:00.680,183.8996,26,183.8903,183.9088
2024-01-15 15:05:02.739,183.9234,250,183.9136,183.9332
2024-01-15 15:05:03.732,183.96,142,183.9529,183.967
2024-01-15 15:05:05.332,183.8704,49,183.8509,183.8898
2024-01-15 15:05:05.698,183.771,128,183.7514,183.7905
2024-01-15 15:05:06.626,183.7156,8,183.7038,183.7273
2024-01-15 15:05:06.892,183.6379,284,183.6292,183.6466
2024-01-15 15:05:08.735,183.6791,5,183.6708,183.6874
2024-01-15 15:05:09.499,183.6791,418,183.6623,183.6959
2024-01-15 15:05:10.765,183.6365,218,183.619,183.654
2024-01-15 15:05:11.016,183.5033,39,183.4914,183.5153
2024-01-15 15:05:15.269,183.5524,304,183.5419,183.5629
2024-01-15 15:05:15.881,183.5213,11,183.5103,183.5323
2024-01-15 15:05:17.241,183.4794,243,183.4736,183.4853
2024-01-15 15:05:17.553,183.4207,129,183.4078,183.4337
2024-01-15 15:05:18.840,183.3681,47,183.3511,183.3851
2024-01-15 15:05:18.930,183.4182,57,183.4096,183.4269
2024-01-15 15:05:20.420,183.3994,807,183.3891,183.4097
2024-01-15 15:05:21.965,183.4186,123,183.4074,183.4298
2024-01-15 15:05:24.747,183.4505,61,183.4326,183.4683
2024-01-15 15:05:25.156,183.3771,122,183.3583,183.3959
2024-01-15 15:05:26.275,183.3635,55,183.3489,183.3781
2024-01-15 15:05:27.280,183.3873,415,183.3677,183.4068
2024-01-15 15:05:27.381,183.3511,452,183.3455,183.3567
2024-01-15 15:05:30.800,183.3063,477,183.2941,183.3184
2024-01-15 15:05:34.551,183.2961,51,183.2901,183.3021
2024-01-15 15:05:36.588,183.2544,174,183.2451,183.2637
2024-01-15 15:05:36.769,183.3216,8,183.3081,183.3351
2024-01-15 15:05:38.933,183.2891,160,183.2728,183.3053
2024-01-15 15:05:39.695,183.2033,20,183.1871,183.2194
2024-01-15 15:05:42.259,183.1065,560,183.088,183.125
2024-01-15 15:05:42.606,183.1312,248,183.1192,183.1432
2024-01-15 15:05:42.611,183.0871,114,183.0699,183.1043
2024-01-15 15:05:46.855,183.135,18,183.1209,183.149
2024-01-15 15:05:49.494,183.2213,176,183.2038,183.2387
2024-01-15 15:05:49.611,183.2533,1,183.2381,183.2685
2024-01-15 15:05:49.898,183.206,80,183.1898,183.2222
2024-01-15 15:05:50.424,183.2647,279,183.2486,183.2809
2024-01-15 15:05:57.067,183.3244,554,183.3186,183.3301
2024-01-15 15:05:58.476,183.3442,208,183.3386,183.3498
2024-01-15 15:05:59.881,183.3716,100,183.3518,183.3913
2024-01-15 15:06:00.948,183.3239,114,183.3109,183.3368
2024-01-15 15:06:01.058,183.3758,69,183.3657,183.3859
2024-01-15 15:06:02.231,183.3227,86,183.3036,183.3417
2024-01-15 15:06:04.556,183.3713,133,183.3595,183.3832
2024-01-15 15:06:05.087,183.2186,114,183.2073,183.2299
2024-01-15 15:06:05.706,182.9827,5,182.9689,182.9966
2024-01-15 15:06:06.259,182.9995,133,182.987,183.012
2024-01-15 15:06:07.232,183.0523,461,183.0448,183.0597
2024-01-15 15:06:08.602,182.9448,398,182.9293,182.9604
2024-01-15 15:06:09.339,183.071,229,183.0658,183.0762
2024-01-15 15:06:10.219,183.1713,15,183.1515,183.1912
2024-01-15 15:06:10.768,183.2036,307,183.1929,183.2143
2024-01-15 15:06:12.123,183.0937,1336,183.0745,183.1129
2024-01-15 15:06:12.180,183.1062,133,183.1005,183.1118
2024-01-15 15:06:13.866,183.1547,44,183.1426,183.1668
2024-01-15 15:06:14.514,183.2989,545,183.2928,183.3049
2024-01-15 15:06:15.440,183.2886,126,183.275,183.3022
2024-01-15 15:06:17.912,183.2973,712,183.2822,183.3124
2024-01-15 15:06:18.593,183.2378,86,183.226,183.2496
2024-01-15 15:06:21.808,183.1858,149,183.1781,183.1936
2024-01-15 15:06:21.848,183.1855,113,183.1765,183.1945
2024-01-15 15:06:22.899,183.2368,221,183.2228,183.2507
2024-01-15 15:06:23.391,183.1059,9,183.098,183.1138
2024-01-15 15:06:25.891,183.0874,477,183.0738,183.101
2024-01-15 15:06:26.843,183.0711,194,183.0557,183.0864
2024-01-15 15:06:27.890,183.0613,116,183.0522,183.0704
2024-01-15 15:06:28.227,183.0261,166,183.0111,183.041
2024-01-15 15:06:31.282,183.0485,1,183.0412,183.0559
2024-01-15 15:06:31.436,183.0056,148,182.9877,183.0235
2024-01-15 15:06:33.123,183.0635,69,183.0458,183.0811
2024-01-15 15:06:33.390,183.0998,71,183.0937,183.1059
2024-01-15 15:06:35.177,183.1107,43,183.0932,183.1282
2024-01-15 15:06:35.354,183.0736,183,183.054,183.0932
2024-01-15 15:06:36.636,182.9785,94,182.968,182.9889
2024-01-15 15:06:37.584,183.0754,6,183.0579,183.0929
2024-01-15 15:06:40.245,183.0484,11,183.0354,183.0615
2024-01-15 15:06:42.167,182.9127,12,182.9035,182.9218
2024-01-15 15:06:42.585,182.8237,3,182.8052,182.8422
2024-01-15 15:06:44.488,182.8116,518,182.8006,182.8225
2024-01-15 15:06:45.394,182.898,83,182.8928,182.9033
2024-01-15 15:06:51.132,182.9331,128,182.9147,182.9515
2024-01-15 15:06:51.394,182.9954,434,182.9853,183.0056
2024-01-15 15:06:54.093,183.0282,118,183.0127,183.0436
2024-01-15 15:06:54.143,183.0704,110,183.0653,183.0755
2024-01-15 15:06:54.630,183.041,930,183.0334,183.0486
2024-01-15 15:06:54.837,183.0479,158,183.0296,183.0663
2024-01-15 15:06:58.071,182.9735,30,182.9653,182.9817
2024-01-15 15:06:59.416,182.9609,114,182.9477,182.9742
2024-01-15 15:07:04.506,183.0974,163,183.0883,183.1065
2024-01-15 15:07:08.545,183.0792,210,183.0674,183.0911
2024-01-15 15:07:08.820,183.1238,938,183.1138,183.1339
2024-01-15 15:07:09.819,183.1046,95,183.0913,183.1179
2024-01-15 15:07:10.141,183.1072,303,183.0894,183.1251
2024-01-15 15:07:11.243,183.0888,98,183.0833,183.0943
2024-01-15 15:07:12.960,183.0379,75,183.0212,183.0547
2024-01-15 15:07:15.164,183.0579,31,183.0495,183.0662
2024-01-15 15:07:15.210,182.9471,68,182.9345,182.9596
2024-01-15 15:07:15.425,182.9053,20,182.8922,182.9184
2024-01-15 15:07:18.195,183.0117,262,183.0011,183.0222
2024-01-15 15:07:19.997,182.9995,214,182.9919,183.007
2024-01-15 15:07:20.961,183.0234,653,183.0037,183.0432
2024-01-15 15:07:21.302,183.1083,93,183.0902,183.1264
2024-01-15 15:07:23.012,183.1364,44,183.124,183.1487
2024-01-15 15:07:23.755,183.1803,523,183.1712,183.1893
2024-01-15 15:07:24.434,183.0876,65,183.0733,183.1019
2024-01-15 15:07:24.586,183.0546,1311,183.0419,183.0673
2024-01-15 15:07:26.671,183.0092,106,182.9968,183.0217
2024-01-15 15:07:29.119,183.0469,146,183.0294,183.0643
2024-01-15 15:07:29.922,183.0469,3,183.0349,183.0588
2024-01-15 15:07:33.198,183.0818,103,183.066,183.0977
2024-01-15 15:07:33.987,183.049,1084,183.0424,183.0556
2024-01-15 15:07:35.892,182.9993,18,182.9901,183.0085
2024-01-15 15:07:37.145,182.9784,132,182.9589,182.998
2024-01-15 15:07:39.101,182.9791,293,182.9672,182.991
2024-01-15 15:07:40.819,182.9904,120,182.9789,183.0019
2024-01-15 15:07:41.647,182.9655,62,182.9475,182.9835
2024-01-15 15:07:44.492,182.946,64,182.9407,182.9514
2024-01-15 15:07:46.765,183.0012,209,182.9855,183.0169
2024-01-15 15:07:47.477,182.9793,25,182.9638,182.9948
2024-01-15 15:07:51.402,182.8771,345,182.8605,182.8936
2024-01-15 15:07:54.391,182.8129,123,182.8042,182.8216
2024-01-15 15:07:54.559,182.8264,350,182.813,182.8398
2024-01-15 15:07:55.579,182.8339,225,182.8224,182.8454
2024-01-15 15:07:56.990,182.868,800,182.8553,182.8806
2024-01-15 15:07:57.121,182.8751,242,182.8683,182.8819
2024-01-15 15:07:57.359,182.8831,191,182.8632,182.9031
2024-01-15 15:08:03.372,182.8476,102,182.8403,182.8548
2024-01-15 15:08:06.527,182.8792,150,182.869,182.8893
2024-01-15 15:08:07.323,182.8674,178,182.8623,182.8724
2024-01-15 15:08:08.848,182.8669,61,182.8529,182.881
2024-01-15 15:08:09.651,182.8465,36,182.838,182.8549
2024-01-15 15:08:09.972,182.7896,767,182.7739,182.8054
2024-01-15 15:08:10.996,182.8304,322,182.8203,182.8406
2024-01-15 15:08:11.124,182.9045,344,182.8864,182.9226
2024-01-15 15:08:11.729,182.8928,193,182.8855,182.9001
2024-01-15 15:08:12.473,183.0133,200,182.9968,183.0297
2024-01-15 15:08:14.707,182.9408,200,182.9238,182.9578
2024-01-15 15:08:18.637,182.8251,103,182.812,182.8383
2024-01-15 15:08:19.941,182.8069,120,182.7892,182.8246
2024-01-15 15:08:24.105,182.9261,642,182.9203,182.9319
2024-01-15 15:08:25.504,182.9582,65,182.9508,182.9656
2024-01-15 15:08:26.207,183.1061,434,183.1003,183.1119
2024-01-15 15:08:27.714,183.0954,37,183.0784,183.1124
2024-01-15 15:08:28.272,183.0171,253,183.0049,183.0293
2024-01-15 15:08:28.315,183.093,544,183.0768,183.1092
2024-01-15 15:08:29.477,183.0604,10,183.0516,183.0692
2024-01-15 15:08:29.909,183.0913,280,183.0845,183.0981
2024-01-15 15:08:30.939,183.1038,52,183.085,183.1225
2024-01-15 15:08:32.039,183.0951,293,183.0788,183.1114
2024-01-15 15:08:34.531,183.0404,127,183.0297,183.0511
2024-01-15 15:08:36.617,183.0373,26,183.0286,183.0461
2024-01-15 15:08:38.388,182.9929,252,182.9748,183.011
2024-01-15 15:08:40.746,182.979,14,182.9683,182.9896
2024-01-15 15:08:42.073,182.9627,96,182.9518,182.9735
2024-01-15 15:08:45.376,182.925,76,182.9123,182.9377
2024-01-15 15:08:50.332,182.8654,36,182.8549,182.876
2024-01-15 15:08:50.480,182.9688,24,182.9633,182.9743
2024-01-15 15:08:52.354,182.9577,52,182.9521,182.9633
2024-01-15 15:08:53.772,182.9612,25,182.9446,182.9779
2024-01-15 15:08:54.785,183.0224,80,183.0166,183.0283
2024-01-15 15:08:55.541,182.9375,145,182.9196,182.9555
2024-01-15 15:08:57.108,182.9542,156,182.9368,182.9717
2024-01-15 15:08:57.483,182.851,405,182.841,182.8609
2024-01-15 15:09:00.756,182.8797,59,182.8672,182.8922
2024-01-15 15:09:01.003,182.8976,126,182.8876,182.9076
2024-01-15 15:09:01.797,182.8844,54,182.8717,182.8971
2024-01-15 15:09:04.684,182.8998,227,182.8813,182.9184
2024-01-15 15:09:04.737,182.9,123,182.8939,182.906
2024-01-15 15:09:04.969,182.951,440,182.9326,182.9694
2024-01-15 15:09:05.912,182.8631,63,182.8515,182.8747
2024-01-15 15:09:06.068,182.8185,107,182.8026,182.8344
2024-01-15 15:09:06.834,182.8574,631,182.8453,182.8696
2024-01-15 15:09:07.355,182.8327,90,182.8166,182.8489
2024-01-15 15:09:08.694,182.8532,24,182.8381,182.8684
2024-01-15 15:09:08.761,182.9348,327,182.9197,182.9499
2024-01-15 15:09:09.220,183.0012,44,182.989,183.0134
2024-01-15 15:09:09.291,182.9727,745,182.964,182.9814
2024-01-15 15:09:11.279,183.1264,124,183.1093,183.1434
2024-01-15 15:09:12.016,183.0801,140,183.0701,183.0901
2024-01-15 15:09:13.574,183.0306,209,183.0242,183.0369
2024-01-15 15:09:14.426,183.0259,98,183.0085,183.0433
2024-01-15 15:09:14.464,183.0583,208,183.0419,183.0747
2024-01-15 15:09:15.764,183.0963,104,183.0821,183.1105
2024-01-15 15:09:15.907,183.1717,229,183.1652,183.1781
2024-01-15 15:09:16.406,183.0861,277,183.0762,183.096
2024-01-15 15:09:16.756,183.063,1147,183.048,183.0779
2024-01-15 15:09:18.544,183.0612,49,183.0496,183.0728
2024-01-15 15:09:18.970,183.0511,18,183.0458,183.0563
2024-01-15 15:09:24.916,183.1329,213,183.1241,183.1416
2024-01-15 15:09:27.165,183.1533,496,183.1359,183.1706
2024-01-15 15:09:28.398,183.1389,433,183.1245,183.1532
2024-01-15 15:09:29.560,183.1246,394,183.1094,183.1397
2024-01-15 15:09:32.808,183.1057,27,183.0911,183.1203
2024-01-15 15:09:33.717,183.1671,64,183.1583,183.1759
2024-01-15 15:09:34.628,183.1554,335,183.1504,183.1605
2024-01-15 15:09:35.097,183.128,213,183.1184,183.1375
2024-01-15 15:09:36.412,183.1451,133,183.1251,183.1651
2024-01-15 15:09:36.883,183.052,3,183.0465,183.0575
2024-01-15 15:09:41.201,183.0008,516,182.9928,183.0088
2024-01-15 15:09:41.332,182.9446,48,182.9273,182.9619
2024-01-15 15:09:43.310,182.9523,541,182.9426,182.9621
2024-01-15 15:09:46.881,182.8974,9,182.887,182.9078
2024-01-15 15:09:46.946,182.785,351,182.7744,182.7956
2024-01-15 15:09:47.198,182.8804,7,182.8644,182.8964
2024-01-15 15:09:49.002,182.8685,195,182.8489,182.8881
2024-01-15 15:09:49.381,182.9201,382,182.9132,182.927
2024-01-15 15:09:49.707,182.9978,336,182.9792,183.0164
2024-01-15 15:09:54.471,182.9155,338,182.8959,182.9351
2024-01-15 15:09:55.057,182.9224,160,182.9052,182.9397
2024-01-15 15:09:55.692,182.9084,120,182.8943,182.9225
2024-01-15 15:09:56.064,182.8246,472,182.8073,182.8419
2024-01-15 15:09:56.989,182.7604,145,182.745,182.7758
2024-01-15 15:09:57.338,182.9176,8,182.9018,182.9335
2024-01-15 15:09:59.051,182.9682,144,182.9587,182.9778
2024-01-15 15:09:59.320,182.9453,220,182.9302,182.9604
2024-01-15 15:09:59.320,183.0251,101,183.0083,183.0419
2024-01-15 15:10:00.275,183.0432,37,183.0278,183.0587
2024-01-15 15:10:00.617,183.059,115,183.0449,183.0731
2024-01-15 15:10:01.712,183.0209,564,183.0044,183.0373
2024-01-15 15:10:03.424,183.0304,12,183.0166,183.0442
2024-01-15 15:10:03.919,183.0635,69,183.0577,183.0692
2024-01-15 15:10:04.738,183.1393,14,183.1311,183.1475
2024-01-15 15:10:04.946,183.1641,458,183.1518,183.1764
2024-01-15 15:10:06.215,183.1213,27,183.1087,183.1339
2024-01-15 15:10:06.356,183.1979,313,183.1816,183.2141
2024-01-15 15:10:09.219,183.3346,496,183.3163,183.353
2024-01-15 15:10:11.058,183.4051,203,183.392,183.4182
2024-01-15 15:10:16.023,183.4802,134,183.4647,183.4958
2024-01-15 15:10:16.172,183.5367,139,183.5307,183.5427
2024-01-15 15:10:18.978,183.5335,160,183.5174,183.5495
2024-01-15 15:10:25.018,183.6514,314,183.6456,183.6573
2024-01-15 15:10:29.051,183.7462,158,183.7277,183.7646
2024-01-15 15:10:29.974,183.8037,203,183.7982,183.8091
2024-01-15 15:10:31.581,183.8658,34,183.8587,183.8729
2024-01-15 15:10:33.640,183.8539,166,183.8413,183.8665
2024-01-15 15:10:33.813,183.929,545,183.9152,183.9428
2024-01-15 15:10:36.933,184.0043,99,183.997,184.0116
2024-01-15 15:10:37.057,184.0653,376,184.0579,184.0727
2024-01-15 15:10:39.619,184.0771,177,184.0705,184.0836
2024-01-15 15:10:41.411,184.0717,109,184.0634,184.08
2024-01-15 15:10:41.715,184.0325,230,184.0223,184.0426
2024-01-15 15:10:43.271,184.0742,83,184.0668,184.0816
2024-01-15 15:10:43.470,184.0099,358,183.9946,184.0252
2024-01-15 15:10:43.556,184.1058,3,184.0877,184.124
2024-01-15 15:10:47.503,183.993,5,183.982,184.0039
2024-01-15 15:10:55.865,184.0957,153,184.077,184.1143
2024-01-15 15:10:56.348,184.1006,128,184.0941,184.1071
2024-01-15 15:10:57.051,184.1613,241,184.1505,184.1721
2024-01-15 15:10:58.868,184.2751,343,184.264,184.2862
2024-01-15 15:11:00.641,184.3083,1086,184.2928,184.3238
2024-01-15 15:11:02.705,184.3525,1229,184.3414,184.3635
2024-01-15 15:11:05.717,184.3284,154,184.3097,184.3471
2024-01-15 15:11:07.217,184.3048,27,184.297,184.3126
2024-01-15 15:11:08.271,184.3214,10,184.311,184.3319
2024-01-15 15:11:08.711,184.3624,260,184.348,184.3768
2024-01-15 15:11:08.765,184.1546,268,184.1404,184.1688
2024-01-15 15:11:10.144,184.1881,163,184.1704,184.2057
2024-01-15 15:11:10.371,184.1441,573,184.1255,184.1627
2024-01-15 15:11:10.936,184.051,449,184.0432,184.0588
2024-01-15 15:11:11.507,184.0964,141,184.0765,184.1164
2024-01-15 15:11:14.542,184.0927,71,184.0818,184.1036
2024-01-15 15:11:14.813,184.1895,544,184.1706,184.2084
2024-01-15 15:11:15.508,184.2753,394,184.2638,184.2867
2024-01-15 15:11:16.589,184.3345,55,184.3276,184.3414
2024-01-15 15:11:17.769,184.3944,49,184.3833,184.4055
2024-01-15 15:11:19.455,184.5203,124,184.5036,184.537
2024-01-15 15:11:20.035,184.3757,243,184.3626,184.3889
2024-01-15 15:11:21.049,184.3704,6,184.3527,184.388
2024-01-15 15:11:21.413,184.3476,276,184.3301,184.365
2024-01-15 15:11:24.657,184.3257,773,184.3073,184.344
2024-01-15 15:11:24.754,184.2833,476,184.2749,184.2917
2024-01-15 15:11:25.547,184.2446,139,184.2302,184.259
2024-01-15 15:11:26.451,184.3025,96,184.2937,184.3113
2024-01-15 15:11:28.155,184.2387,222,184.2303,184.247
2024-01-15 15:11:31.001,184.2734,144,184.2638,184.283
2024-01-15 15:11:32.379,184.2656,37,184.2523,184.279
2024-01-15 15:11:35.098,184.248,1017,184.2362,184.2598
2024-01-15 15:11:38.483,184.273,44,184.2597,184.2864
2024-01-15 15:11:43.594,184.2234,42,184.214,184.2329
2024-01-15 15:11:44.247,184.2453,269,184.234,184.2565
2024-01-15 15:11:45.655,184.3276,130,184.3192,184.3361
2024-01-15 15:11:48.376,184.4233,218,184.4061,184.4405
2024-01-15 15:11:48.507,184.477,165,184.464,184.49
2024-01-15 15:11:50.933,184.4947,158,184.4887,184.5007
2024-01-15 15:11:51.125,184.52,28,184.5042,184.5358
2024-01-15 15:11:56.196,184.4568,259,184.4452,184.4684
2024-01-15 15:11:58.944,184.3769,246,184.3607,184.3931
2024-01-15 15:11:59.851,184.3336,195,184.3271,184.3401
2024-01-15 15:12:01.078,184.2591,37,184.2431,184.275
2024-01-15 15:12:01.232,184.1793,654,184.1598,184.1987
2024-01-15 15:12:02.264,184.2057,71,184.196,184.2154
2024-01-15 15:12:02.332,184.1964,422,184.179,184.2138
2024-01-15 15:12:05.714,184.2163,167,184.1998,184.2328
2024-01-15 15:12:07.182,184.1894,2,184.1762,184.2026
2024-01-15 15:12:09.738,184.1902,301,184.1807,184.1997
2024-01-15 15:12:12.239,184.1084,4,184.0972,184.1196
2024-01-15 15:12:13.333,184.1921,3,184.1842,184.1999
2024-01-15 15:12:15.972,184.0509,89,184.042,184.0599
2024-01-15 15:12:16.256,184.08,419,184.0668,184.0933
2024-01-15 15:12:17.885,184.0442,56,184.0243,184.0642
2024-01-15 15:12:18.577,184.0321,127,184.0148,184.0494
2024-01-15 15:12:20.193,184.0994,23,184.0885,184.1104
2024-01-15 15:12:27.131,184.1878,330,184.173,184.2026
2024-01-15 15:12:28.739,184.084,78,184.0665,184.1014
2024-01-15 15:12:29.770,184.0153,61,184.0083,184.0223
2024-01-15 15:12:31.428,183.9066,6,183.8934,183.9197
2024-01-15 15:12:31.607,183.9076,222,183.8922,183.9229
2024-01-15 15:12:32.160,183.8912,212,183.8801,183.9022
2024-01-15 15:12:36.252,183.8539,100,183.8396,183.8682
2024-01-15 15:12:37.381,183.8376,628,183.8243,183.8509
2024-01-15 15:12:38.615,183.8334,62,183.8264,183.8404
2024-01-15 15:12:38.828,183.8841,389,183.8756,183.8925
2024-01-15 15:12:39.256,183.9199,962,183.9129,183.9269
2024-01-15 15:12:39.794,183.8708,82,183.8547,183.8869
2024-01-15 15:12:41.688,183.817,941,183.7993,183.8348
2024-01-15 15:12:42.825,183.7817,33,183.7687,183.7948
2024-01-15 15:12:45.078,183.8452,1672,183.8261,183.8644
2024-01-15 15:12:49.275,183.957,162,183.9419,183.9721
2024-01-15 15:12:49.533,183.9009,260,183.8929,183.9088
2024-01-15 15:12:51.868,183.8727,165,183.8574,183.8879
2024-01-15 15:12:51.999,183.8185,15,183.8034,183.8337
2024-01-15 15:12:52.289,183.8382,30,183.8195,183.857
2024-01-15 15:12:54.022,183.9267,110,183.9152,183.9382
2024-01-15 15:12:54.591,184.0226,534,184.0088,184.0364
2024-01-15 15:12:56.457,184.1121,356,184.1042,184.12
2024-01-15 15:12:56.909,183.9914,389,183.982,184.0009
2024-01-15 15:12:57.659,183.9835,65,183.9692,183.9977
2024-01-15 15:13:02.803,183.9611,327,183.9478,183.9745
2024-01-15 15:13:03.471,184.0148,303,183.9969,184.0327
2024-01-15 15:13:04.682,184.1121,1,184.1049,184.1192
2024-01-15 15:13:05.578,184.1104,39,184.1001,184.1207
2024-01-15 15:13:08.253,184.1826,309,184.1673,184.198
2024-01-15 15:13:08.367,184.1947,347,184.182,184.2074
2024-01-15 15:13:12.557,184.1156,106,184.1085,184.1226
2024-01-15 15:13:12.747,184.1581,182,184.1527,184.1635
2024-01-15 15:13:14.340,184.1739,26,184.1564,184.1913
2024-01-15 15:13:15.408,184.1944,477,184.1829,184.206
2024-01-15 15:13:15.929,184.246,199,184.2404,184.2516
2024-01-15 15:13:16.825,184.2064,55,184.1945,184.2182
2024-01-15 15:13:22.570,184.1536,44,184.1394,184.1678
2024-01-15 15:13:24.711,184.1783,192,184.168,184.1887
2024-01-15 15:13:25.583,184.2299,120,184.2198,184.2401
2024-01-15 15:13:26.914,184.2643,502,184.2476,184.2811
2024-01-15 15:13:28.605,184.1892,186,184.177,184.2014
2024-01-15 15:13:28.683,184.2446,41,184.2327,184.2566
2024-01-15 15:13:30.619,184.1728,271,184.1583,184.1874
2024-01-15 15:13:35.200,184.1478,110,184.1418,184.1538
2024-01-15 15:13:36.447,184.2048,353,184.1925,184.2171
2024-01-15 15:13:38.789,184.2289,475,184.2177,184.24
2024-01-15 15:13:41.183,184.2105,81,184.2039,184.2172
2024-01-15 15:13:41.663,184.2115,250,184.1967,184.2263
2024-01-15 15:13:41.749,184.2023,49,184.1863,184.2182
2024-01-15 15:13:44.303,184.2627,112,184.2568,184.2687
2024-01-15 15:13:45.372,184.2774,221,184.2616,184.2931
2024-01-15 15:13:46.735,184.1734,42,184.1575,184.1893
2024-01-15 15:13:48.731,184.0891,36,184.0802,184.098
2024-01-15 15:13:50.010,184.1167,107,184.1048,184.1287
2024-01-15 15:13:50.578,184.0454,84,184.0309,184.06
2024-01-15 15:13:51.432,184.0004,519,183.9883,184.0124
2024-01-15 15:13:53.679,184.1084,221,184.101,184.1157
2024-01-15 15:13:58.377,184.2029,187,184.188,184.2179
2024-01-15 15:14:00.764,184.2862,89,184.269,184.3033
2024-01-15 15:14:03.747,184.3366,58,184.3244,184.3488
2024-01-15 15:14:08.800,184.2126,386,184.1989,184.2263
2024-01-15 15:14:10.684,184.2767,323,184.2685,184.2849
2024-01-15 15:14:10.815,184.2527,33,184.2358,184.2696
2024-01-15 15:14:11.402,184.2253,342,184.2097,184.2409
2024-01-15 15:14:15.209,184.263,1,184.2442,184.2818
2024-01-15 15:14:17.428,184.317,67,184.3115,184.3225
2024-01-15 15:14:20.682,184.2736,113,184.2547,184.2926
2024-01-15 15:14:20.859,184.3379,764,184.3183,184.3575
2024-01-15 15:14:20.877,184.2977,306,184.2886,184.3068
2024-01-15 15:14:21.592,184.2789,1,184.2654,184.2923
2024-01-15 15:14:21.869,184.3009,139,184.281,184.3207
2024-01-15 15:14:25.958,184.3151,421,184.3091,184.3211
2024-01-15 15:14:30.095,184.3306,413,184.3206,184.3405
2024-01-15 15:14:31.797,184.2932,1016,184.2843,184.3021
2024-01-15 15:14:35.445,184.3633,96,184.345,184.3815
2024-01-15 15:14:36.617,184.3504,1080,184.3403,184.3604
2024-01-15 15:14:37.298,184.2789,130,184.272,184.2858
2024-01-15 15:14:39.661,184.1567,176,184.1394,184.1741
2024-01-15 15:14:40.158,184.1413,342,184.1299,184.1526
2024-01-15 15:14:42.975,184.0676,161,184.0486,184.0866
2024-01-15 15:14:43.056,184.0656,262,184.0562,184.0749
2024-01-15 15:14:44.388,184.1355,63,184.119,184.152
2024-01-15 15:14:47.425,184.1534,385,184.1453,184.1614
2024-01-15 15:14:49.997,184.1402,295,184.1227,184.1578
2024-01-15 15:14:50.027,184.1222,42,184.1054,184.139
2024-01-15 15:14:50.055,184.2221,92,184.2099,184.2342
2024-01-15 15:14:50.446,184.2053,122,184.1965,184.214
2024-01-15 15:14:52.825,184.2293,82,184.2181,184.2404
2024-01-15 15:14:53.695,184.2279,68,184.2133,184.2425
2024-01-15 15:14:56.048,184.2177,62,184.205,184.2303
2024-01-15 15:14:56.914,184.2328,493,184.2223,184.2434
2024-01-15 15:14:58.222,184.2759,143,184.262,184.2899
2024-01-15 15:15:01.316,184.1491,223,184.14,184.1582
2024-01-15 15:15:02.178,184.1016,98,184.0855,184.1177
2024-01-15 15:15:02.665,184.0863,22,184.0767,184.0958
2024-01-15 15:15:03.463,184.1144,40,184.0997,184.1291
2024-01-15 15:15:04.223,184.1839,687,184.1781,184.1897
2024-01-15 15:15:06.532,184.145,87,184.1399,184.15
2024-01-15 15:15:08.080,184.0978,416,184.0802,184.1154
2024-01-15 15:15:08.974,184.1232,817,184.116,184.1304
2024-01-15 15:15:10.996,184.2088,511,184.1976,184.2201
2024-01-15 15:15:11.536,184.3084,268,184.2951,184.3217
2024-01-15 15:15:13.206,184.331,31,184.3149,184.3471
2024-01-15 15:15:16.786,184.264,322,184.2581,184.2699
2024-01-15 15:15:17.730,184.3288,300,184.323,184.3346
2024-01-15 15:15:18.345,184.3452,447,184.3383,184.3521
2024-01-15 15:15:18.423,184.2564,37,184.2489,184.2638
2024-01-15 15:15:22.285,184.2023,275,184.1899,184.2147
2024-01-15 15:15:26.042,184.1739,6,184.1653,184.1825
2024-01-15 15:15:26.943,184.1608,555,184.1549,184.1666
2024-01-15 15:15:28.188,184.0748,408,184.0641,184.0855
2024-01-15 15:15:29.901,184.0449,144,184.035,184.0548
2024-01-15 15:15:30.704,184.0921,94,184.083,184.1013
2024-01-15 15:15:31.226,184.1876,196,184.1791,184.196
2024-01-15 15:15:31.460,184.2443,685,184.2271,184.2614
2024-01-15 15:15:32.167,184.157,446,184.1393,184.1746
2024-01-15 15:15:33.435,184.2835,187,184.271,184.2959
2024-01-15 15:15:35.801,184.2534,21,184.2422,184.2647
2024-01-15 15:15:39.495,184.1563,150,184.1504,184.1623
2024-01-15 15:15:46.103,184.1619,93,184.1508,184.1729
2024-01-15 15:15:48.743,184.1207,593,184.1099,184.1314
2024-01-15 15:15:50.136,184.2489,228,184.2315,184.2663
2024-01-15 15:15:51.179,184.2731,230,184.2609,184.2854
2024-01-15 15:15:51.306,184.1783,265,184.1592,184.1973
2024-01-15 15:15:52.827,184.1225,28,184.1093,184.1357
2024-01-15 15:15:52.884,183.9451,41,183.9336,183.9567
2024-01-15 15:15:53.289,183.9582,8,183.9506,183.9658
2024-01-15 15:15:53.904,183.9571,1,183.9396,183.9746
2024-01-15 15:15:58.989,183.9757,144,183.9569,183.9945
2024-01-15 15:16:01.258,183.8818,261,183.8767,183.8868
2024-01-15 15:16:02.321,183.8067,286,183.7983,183.8152
2024-01-15 15:16:06.226,183.8679,193,183.8621,183.8738
2024-01-15 15:16:07.887,183.8518,320,183.841,183.8627
2024-01-15 15:16:09.216,183.7425,283,183.7372,183.7477
2024-01-15 15:16:09.784,183.57,2,183.5619,183.5781
2024-01-15 15:16:14.384,183.6182,682,183.608,183.6284
2024-01-15 15:16:15.484,183.6114,524,183.6031,183.6197
2024-01-15 15:16:15.818,183.5227,299,183.5087,183.5368
2024-01-15 15:16:16.317,183.5941,221,183.5742,183.614
2024-01-15 15:16:19.479,183.5956,47,183.5903,183.6009
2024-01-15 15:16:19.621,183.6856,148,183.6769,183.6943
2024-01-15 15:16:20.479,183.7349,40,183.7277,183.7422
2024-01-15 15:16:22.934,183.6632,196,183.6467,183.6797
2024-01-15 15:16:24.218,183.6415,196,183.6228,183.6602
2024-01-15 15:16:24.481,183.6254,122,183.6178,183.633
2024-01-15 15:16:25.651,183.6131,182,183.6018,183.6245
2024-01-15 15:16:29.997,183.6409,128,183.6343,183.6476
2024-01-15 15:16:30.014,183.597,26,183.5868,183.6072
2024-01-15 15:16:32.774,183.6006,191,183.5917,183.6095
2024-01-15 15:16:34.770,183.5964,564,183.5779,183.6149
2024-01-15 15:16:34.811,183.5202,458,183.5038,183.5366
2024-01-15 15:16:36.499,183.4448,3,183.4297,183.4598
2024-01-15 15:16:37.213,183.356,72,183.3372,183.3747
2024-01-15 15:16:40.623,183.2634,47,183.2507,183.2761
2024-01-15 15:16:41.093,183.2705,689,183.2653,183.2756
2024-01-15 15:16:41.985,183.3168,278,183.2984,183.3352
2024-01-15 15:16:45.197,183.3576,539,183.3473,183.3679
2024-01-15 15:16:45.630,183.3683,213,183.3523,183.3844
2024-01-15 15:16:46.998,183.4805,50,183.4705,183.4904
2024-01-15 15:16:47.774,183.5309,549,183.5127,183.5491
2024-01-15 15:16:51.966,183.4966,82,183.4775,183.5157
2024-01-15 15:16:53.658,183.4637,200,183.4539,183.4735
2024-01-15 15:16:56.565,183.4002,138,183.3941,183.4063
2024-01-15 15:16:56.834,183.3366,40,183.3262,183.3469
2024-01-15 15:16:56.943,183.2342,107,183.2225,183.246
2024-01-15 15:16:58.089,183.1506,30,183.1451,183.1561
2024-01-15 15:16:58.324,183.1784,306,183.163,183.1939
2024-01-15 15:17:00.295,183.1842,52,183.1705,183.1978
2024-01-15 15:17:01.869,183.2485,252,183.2367,183.2603
2024-01-15 15:17:04.439,183.1094,521,183.103,183.1157
2024-01-15 15:17:04.588,183.1096,5,183.092,183.1272
2024-01-15 15:17:05.153,183.1708,113,183.1581,183.1836
2024-01-15 15:17:09.878,183.0938,60,183.0767,183.1108
2024-01-15 15:17:12.517,183.1005,494,183.0944,183.1066
2024-01-15 15:17:13.307,183.1379,62,183.1181,183.1578
2024-01-15 15:17:14.149,183.0168,99,182.9979,183.0356
2024-01-15 15:17:14.700,183.0775,1,183.0585,183.0964
2024-01-15 15:17:15.739,183.1117,156,183.0963,183.1272
2024-01-15 15:17:24.742,183.0904,22,183.0844,183.0964
2024-01-15 15:17:27.933,183.1601,306,183.1537,183.1665
2024-01-15 15:17:28.493,183.1115,482,183.0959,183.1272
2024-01-15 15:17:37.631,183.0526,234,183.0383,183.067
2024-01-15 15:17:38.609,182.9889,477,182.9837,182.994
2024-01-15 15:17:38.821,183.0514,170,183.0399,183.0629
2024-01-15 15:17:43.102,183.0541,8,183.0409,183.0672
2024-01-15 15:17:43.224,183.0253,997,183.0188,183.0317
2024-01-15 15:17:46.351,182.9681,37,182.9531,182.983
2024-01-15 15:17:48.190,182.9669,12,182.9509,182.9829
2024-01-15 15:17:50.781,182.9164,17,182.9036,182.9293
2024-01-15 15:17:51.034,182.8287,61,182.8213,182.8361
2024-01-15 15:17:54.495,182.7187,200,182.701,182.7364
2024-01-15 15:17:57.892,182.7888,20,182.7816,182.7961
2024-01-15 15:18:00.947,182.7323,670,182.7221,182.7425
2024-01-15 15:18:04.756,182.7839,334,182.771,182.7969
2024-01-15 15:18:07.159,182.7393,29,182.7284,182.7503
2024-01-15 15:18:07.672,182.7938,451,182.7885,182.7991
2024-01-15 15:18:09.579,182.8415,458,182.8328,182.8502
2024-01-15 15:18:10.862,182.8201,208,182.808,182.8322
2024-01-15 15:18:11.742,182.7601,4,182.7509,182.7693
2024-01-15 15:18:12.981,182.7067,36,182.6934,182.7201
2024-01-15 15:18:15.140,182.6613,943,182.6486,182.674
2024-01-15 15:18:15.641,182.5624,107,182.5468,182.5779
2024-01-15 15:18:16.027,182.5512,310,182.5371,182.5652
2024-01-15 15:18:16.152,182.6438,224,182.6318,182.6558
2024-01-15 15:18:19.404,182.7061,372,182.6936,182.7186
2024-01-15 15:18:19.631,182.7492,74,182.7308,182.7675
2024-01-15 15:18:19.637,182.6723,32,182.6579,182.6867
2024-01-15 15:18:21.991,182.672,13,182.665,182.679
2024-01-15 15:18:27.138,182.6428,254,182.6228,182.6628
2024-01-15 15:18:27.738,182.6548,3,182.6428,182.6668
2024-01-15 15:18:28.310,182.5519,52,182.5371,182.5668
2024-01-15 15:18:28.917,182.5556,541,182.5393,182.572
2024-01-15 15:18:33.886,182.5725,284,182.5526,182.5924
2024-01-15 15:18:35.658,182.489,53,182.4821,182.496
2024-01-15 15:18:37.086,182.5637,555,182.5444,182.5831
2024-01-15 15:18:37.219,182.5808,58,182.563,182.5987
2024-01-15 15:18:39.196,182.566,116,182.5522,182.5798
2024-01-15 15:18:40.407,182.4827,45,182.4747,182.4906
2024-01-15 15:18:40.642,182.4691,315,182.4559,182.4823
2024-01-15 15:18:40.977,182.3165,258,182.301,182.3319
2024-01-15 15:18:42.004,182.3538,124,182.3481,182.3595
2024-01-15 15:18:43.235,182.4588,132,182.4508,182.4668
2024-01-15 15:18:46.677,182.4883,280,182.48,182.4965
2024-01-15 15:18:47.815,182.4532,648,182.4475,182.4589
2024-01-15 15:18:47.949,182.4464,121,182.4402,182.4525
2024-01-15 15:18:51.309,182.4798,788,182.4642,182.4954
2024-01-15 15:18:54.180,182.5954,59,182.5835,182.6072
2024-01-15 15:18:54.801,182.5702,393,182.5571,182.5832
2024-01-15 15:18:54.989,182.5119,36,182.4972,182.5266
2024-01-15 15:18:55.835,182.5324,294,182.5161,182.5487
2024-01-15 15:18:57.233,182.5179,189,182.4982,182.5376
2024-01-15 15:18:57.976,182.502,111,182.4831,182.5209
2024-01-15 15:19:01.373,182.4892,311,182.4761,182.5023
2024-01-15 15:19:03.389,182.5103,90,182.4972,182.5233
2024-01-15 15:19:04.020,182.5227,4,182.5097,182.5357
2024-01-15 15:19:05.839,182.5921,74,182.5769,182.6073
2024-01-15 15:19:07.477,182.5716,43,182.5651,182.578
2024-01-15 15:19:07.735,182.5954,1067,182.5817,182.6091
2024-01-15 15:19:11.242,182.599,2,182.5916,182.6064
2024-01-15 15:19:11.347,182.5179,31,182.5101,182.5258
2024-01-15 15:19:14.992,182.5627,60,182.5443,182.581
2024-01-15 15:19:15.080,182.5176,245,182.5055,182.5297
2024-01-15 15:19:15.919,182.5774,163,182.5618,182.5929
2024-01-15 15:19:16.977,182.6367,336,182.625,182.6483
2024-01-15 15:19:17.440,182.605,27,182.5889,182.621
2024-01-15 15:19:20.801,182.5317,139,182.5223,182.541
2024-01-15 15:19:21.825,182.5379,52,182.5232,182.5527
2024-01-15 15:19:27.617,182.443,40,182.4337,182.4522
2024-01-15 15:19:31.042,182.4551,525,182.4495,182.4606
2024-01-15 15:19:31.662,182.4665,159,182.4592,182.4737
2024-01-15 15:19:31.936,182.3122,101,182.3019,182.3225
2024-01-15 15:19:31.997,182.2288,238,182.2219,182.2356
2024-01-15 15:19:32.891,182.329,95,182.3092,182.3489
2024-01-15 15:19:35.100,182.1848,651,182.1686,182.201
2024-01-15 15:19:35.537,182.2904,925,182.2793,182.3015
2024-01-15 15:19:38.380,182.258,63,182.2508,182.2652
2024-01-15 15:19:38.597,182.3057,159,182.2997,182.3117
2024-01-15 15:19:42.125,182.3296,281,182.3236,182.3356
2024-01-15 15:19:43.044,182.292,975,182.2864,182.2975
2024-01-15 15:19:45.110,182.2391,71,182.2265,182.2517
2024-01-15 15:19:45.574,182.3307,1,182.318,182.3433
2024-01-15 15:19:45.889,182.2773,27,182.2578,182.2969
2024-01-15 15:19:48.861,182.2706,65,182.2553,182.2859
2024-01-15 15:19:51.898,182.2471,79,182.236,182.2581
2024-01-15 15:19:54.227,182.2059,359,182.1984,182.2134
2024-01-15 15:19:56.837,182.1403,281,182.1332,182.1474
2024-01-15 15:20:02.216,182.2629,89,182.2539,182.2719
2024-01-15 15:20:03.248,182.192,430,182.1834,182.2005
2024-01-15 15:20:04.053,182.1665,456,182.1561,182.177
2024-01-15 15:20:06.619,182.1343,87,182.1211,182.1475
2024-01-15 15:20:06.849,182.0916,122,182.0719,182.1114
2024-01-15 15:20:07.240,182.0888,217,182.0713,182.1063
2024-01-15 15:20:08.699,182.1703,242,182.1541,182.1865
2024-01-15 15:20:09.567,181.9697,727,181.9644,181.9751
2024-01-15 15:20:09.610,181.9655,55,181.9581,181.973
2024-01-15 15:20:13.815,182.0264,40,182.0179,182.035
2024-01-15 15:20:16.182,181.8649,140,181.8595,181.8703
2024-01-15 15:20:16.751,181.7511,137,181.7379,181.7643
2024-01-15 15:20:31.744,181.6989,401,181.6821,181.7156
2024-01-15 15:20:32.875,181.7737,69,181.7672,181.7802
2024-01-15 15:20:33.573,181.5417,431,181.5361,181.5473
2024-01-15 15:20:33.657,181.4511,98,181.4408,181.4614
2024-01-15 15:20:33.851,181.502,79,181.4946,181.5094
2024-01-15 15:20:34.207,181.4552,59,181.4468,181.4636
2024-01-15 15:20:34.479,181.4472,47,181.4307,181.4637
2024-01-15 15:20:36.284,181.3565,256,181.3436,181.3694
2024-01-15 15:20:42.834,181.4262,393,181.4071,181.4454
2024-01-15 15:20:44.538,181.4019,65,181.3961,181.4076
2024-01-15 15:20:47.794,181.3181,160,181.3004,181.3358
2024-01-15 15:20:48.619,181.2913,610,181.286,181.2965
2024-01-15 15:20:49.075,181.1911,234,181.1849,181.1973
2024-01-15 15:20:50.977,181.226,157,181.2179,181.2341
2024-01-15 15:20:52.596,181.0482,117,181.0293,181.0672
2024-01-15 15:20:53.533,181.0298,94,181.0179,181.0418
2024-01-15 15:20:55.195,181.0568,53,181.0381,181.0754
2024-01-15 15:20:57.895,181.0009,289,180.9913,181.0105
2024-01-15 15:21:06.139,181.0065,273,180.9877,181.0253
2024-01-15 15:21:06.748,181.0411,188,181.028,181.0541
2024-01-15 15:21:08.121,180.9708,155,180.9552,180.9863
2024-01-15 15:21:10.694,181.0316,252,181.018,181.0451
2024-01-15 15:21:12.709,180.9302,94,180.9104,180.9501
2024-01-15 15:21:16.989,180.9357,270,180.9189,180.9526
2024-01-15 15:21:17.647,180.9431,100,180.9273,180.9588
2024-01-15 15:21:17.997,180.9051,251,180.8894,180.9208
2024-01-15 15:21:23.132,180.9394,40,180.9307,180.948
2024-01-15 15:21:25.283,180.8916,441,180.8856,180.8975
2024-01-15 15:21:28.004,180.942,48,180.927,180.9569
2024-01-15 15:21:29.454,180.9099,587,180.899,180.9207
2024-01-15 15:21:30.157,180.9266,203,180.9075,180.9456
2024-01-15 15:21:34.512,180.9402,99,180.9204,180.9601
2024-01-15 15:21:34.763,180.912,243,180.9069,180.9171
2024-01-15 15:21:37.063,181.0523,440,181.0424,181.0622
2024-01-15 15:21:37.114,180.9814,176,180.972,180.9907
2024-01-15 15:21:41.087,180.9703,180,180.951,180.9895
2024-01-15 15:21:42.517,181.0408,41,181.0259,181.0557
2024-01-15 15:21:42.855,180.9796,82,180.9737,180.9855
2024-01-15 15:21:43.542,180.9526,239,180.9343,180.971
2024-01-15 15:21:46.931,180.9877,41,180.9755,181.0
2024-01-15 15:21:47.504,180.9154,21,180.8976,180.9332
2024-01-15 15:21:50.038,180.8126,28,180.8039,180.8212
2024-01-15 15:21:50.446,180.6938,602,180.6861,180.7015
2024-01-15 15:21:51.195,180.7278,292,180.7145,180.7411
2024-01-15 15:21:51.492,180.7662,68,180.7605,180.7718
2024-01-15 15:21:51.762,180.7534,27,180.7404,180.7664
2024-01-15 15:21:53.022,180.6915,526,180.6833,180.6998
2024-01-15 15:21:55.134,180.7298,98,180.7161,180.7436
2024-01-15 15:21:55.919,180.761,182,180.7549,180.7671
2024-01-15 15:21:57.957,180.849,39,180.8388,180.8593
2024-01-15 15:21:58.519,180.7512,73,180.7445,180.758
2024-01-15 15:21:59.460,180.6612,70,180.6456,180.6768
2024-01-15 15:22:00.607,180.777,137,180.7593,180.7946
2024-01-15 15:22:02.185,180.8889,11,180.8722,180.9055
2024-01-15 15:22:02.909,180.9705,264,180.9528,180.9882
2024-01-15 15:22:03.822,180.9067,64,180.9005,180.9129
2024-01-15 15:22:04.143,180.8785,122,180.8591,180.8978
2024-01-15 15:22:04.729,180.9237,117,180.9053,180.9421
2024-01-15 15:22:05.078,180.971,2,180.9546,180.9874
2024-01-15 15:22:05.256,180.9311,132,180.9215,180.9406
2024-01-15 15:22:05.633,180.9371,381,180.9282,180.9459
2024-01-15 15:22:06.695,180.9308,83,180.9238,180.9378
2024-01-15 15:22:08.047,181.0065,19,180.9954,181.0175
2024-01-15 15:22:10.844,181.0008,275,180.9875,181.0142
2024-01-15 15:22:11.727,180.9799,85,180.9666,180.9931
2024-01-15 15:22:11.785,180.9144,178,180.904,180.9248
2024-01-15 15:22:13.818,180.8626,90,180.8464,180.8789
2024-01-15 15:22:15.417,180.9876,197,180.9762,180.999
2024-01-15 15:22:16.644,180.9839,216,180.9756,180.9922
2024-01-15 15:22:17.250,180.9233,19,180.9055,180.941
2024-01-15 15:22:17.388,180.9636,625,180.947,180.9801
2024-01-15 15:22:19.315,180.9629,60,180.9575,180.9683
2024-01-15 15:22:19.519,180.8022,581,180.7836,180.8208
2024-01-15 15:22:22.028,180.7357,104,180.7168,180.7546
2024-01-15 15:22:28.407,180.7271,156,180.7117,180.7424
2024-01-15 15:22:31.647,180.8181,133,180.8061,180.83
2024-01-15 15:22:31.991,180.7708,349,180.7654,180.7762
2024-01-15 15:22:37.500,180.7615,242,180.7517,180.7713
2024-01-15 15:22:42.457,180.6789,34,180.6703,180.6875
2024-01-15 15:22:46.195,180.7341,319,180.7282,180.74
2024-01-15 15:22:46.772,180.7878,278,180.7816,180.7941
2024-01-15 15:22:47.514,180.6953,85,180.6828,180.7077
2024-01-15 15:22:47.736,180.6904,38,180.6766,180.7041
2024-01-15 15:22:50.420,180.7029,458,180.6872,180.7186
2024-01-15 15:22:52.253,180.6224,31,180.6085,180.6362
2024-01-15 15:22:56.013,180.5431,63,180.5235,180.5627
2024-01-15 15:23:00.793,180.6148,1,180.6057,180.6239
2024-01-15 15:23:00.957,180.5075,12,180.4989,180.516
2024-01-15 15:23:01.813,180.5146,58,180.5016,180.5277
2024-01-15 15:23:04.262,180.4998,3,180.4941,180.5055
2024-01-15 15:23:08.081,180.5005,73,180.4903,180.5107
2024-01-15 15:23:08.288,180.4008,75,180.3949,180.4067
2024-01-15 15:23:10.710,180.3144,930,180.3023,180.3266
2024-01-15 15:23:11.485,180.2861,721,180.2693,180.303
2024-01-15 15:23:12.993,180.2255,314,180.2071,180.2438
2024-01-15 15:23:15.560,180.3098,88,180.2978,180.3218
2024-01-15 15:23:22.332,180.3485,99,180.3315,180.3655
2024-01-15 15:23:23.770,180.3265,319,180.3066,180.3463
2024-01-15 15:23:24.265,180.3155,102,180.3093,180.3217
2024-01-15 15:23:24.500,180.2082,127,180.2018,180.2147
2024-01-15 15:23:27.188,180.1956,464,180.1858,180.2055
2024-01-15 15:23:31.205,180.2164,115,180.2065,180.2264
2024-01-15 15:23:34.018,180.1985,49,180.1917,180.2054
2024-01-15 15:23:36.772,180.2588,710,180.2434,180.2742
2024-01-15 15:23:37.098,180.3115,355,180.3033,180.3198
2024-01-15 15:23:44.132,180.3442,2040,180.3265,180.362
2024-01-15 15:23:44.542,180.3728,128,180.3552,180.3904
2024-01-15 15:23:45.563,180.369,48,180.3638,180.3742
2024-01-15 15:23:46.998,180.3337,447,180.3248,180.3425
2024-01-15 15:23:47.884,180.4296,557,180.4184,180.4408
2024-01-15 15:23:48.137,180.4245,259,180.4151,180.4338
2024-01-15 15:23:51.839,180.3754,310,180.3608,180.3899
2024-01-15 15:23:52.588,180.4234,725,180.4149,180.432
2024-01-15 15:23:53.814,180.2906,89,180.2788,180.3024
2024-01-15 15:23:55.088,180.3638,193,180.3585,180.369
2024-01-15 15:23:57.965,180.2859,273,180.2725,180.2994
2024-01-15 15:24:00.181,180.3324,176,180.3222,180.3427
2024-01-15 15:24:00.674,180.3236,292,180.3177,180.3295
2024-01-15 15:24:00.714,180.3104,8,180.291,180.3297
2024-01-15 15:24:02.091,180.2816,611,180.2706,180.2927
2024-01-15 15:24:03.224,180.2391,45,180.2336,180.2446
2024-01-15 15:24:06.874,180.2231,502,180.206,180.2403
2024-01-15 15:24:10.348,180.2217,27,180.213,180.2304
2024-01-15 15:24:11.152,180.2447,838,180.2292,180.2603
2024-01-15 15:24:17.309,180.2524,240,180.2418,180.263
2024-01-15 15:24:18.486,180.2001,114,180.1931,180.2072
2024-01-15 15:24:21.984,180.1912,151,180.1775,180.205
2024-01-15 15:24:23.785,180.1486,39,180.1363,180.1608
2024-01-15 15:24:24.837,180.1697,190,180.1597,180.1798
2024-01-15 15:24:25.166,180.1266,296,180.1072,180.1461
2024-01-15 15:24:25.277,180.2063,176,180.1877,180.2249
2024-01-15 15:24:26.178,180.2307,43,180.2135,180.2479
2024-01-15 15:24:29.863,180.3476,77,180.3336,180.3617
2024-01-15 15:24:30.297,180.2908,105,180.2815,180.3
2024-01-15 15:24:31.523,180.2865,123,180.2754,180.2976
2024-01-15 15:24:31.862,180.3304,175,180.3171,180.3437
2024-01-15 15:24:34.037,180.4643,539,180.4519,180.4767
2024-01-15 15:24:39.534,180.4322,194,180.4175,180.4469
2024-01-15 15:24:41.866,180.4954,146,180.4766,180.5141
2024-01-15 15:24:42.066,180.5542,346,180.5369,180.5715
2024-01-15 15:24:44.822,180.5413,64,180.5265,180.5561
2024-01-15 15:24:45.010,180.6595,114,180.6495,180.6694
2024-01-15 15:24:47.553,180.7087,62,180.6988,180.7186
2024-01-15 15:24:56.075,180.6869,32,180.6703,180.7035
2024-01-15 15:24:56.968,180.7603,33,180.7526,180.768
2024-01-15 15:25:00.349,180.7308,152,180.7253,180.7364
2024-01-15 15:25:02.956,180.6615,660,180.6497,180.6732
2024-01-15 15:25:03.459,180.5592,172,180.543,180.5754
2024-01-15 15:25:04.866,180.5559,24,180.5377,180.5741
2024-01-15 15:25:08.745,180.5753,157,180.5694,180.5811
2024-01-15 15:25:09.387,180.565,56,180.5527,180.5772
2024-01-15 15:25:09.811,180.513,21,180.5054,180.5205
2024-01-15 15:25:14.929,180.4889,134,180.4727,180.5051
2024-01-15 15:25:15.848,180.4087,413,180.3972,180.4203
2024-01-15 15:25:16.210,180.4099,362,180.3949,180.4248
2024-01-15 15:25:16.835,180.4649,97,180.457,180.4728
2024-01-15 15:25:18.893,180.4114,91,180.3998,180.4229
2024-01-15 15:25:21.596,180.3463,560,180.3274,180.3653
2024-01-15 15:25:21.851,180.4055,93,180.3941,180.4169
2024-01-15 15:25:23.415,180.4884,204,180.478,180.4988
2024-01-15 15:25:23.741,180.5601,38,180.5492,180.5709
2024-01-15 15:25:25.072,180.4207,586,180.4129,180.4285
2024-01-15 15:25:25.419,180.5156,63,180.5026,180.5286
2024-01-15 15:25:29.410,180.561,273,180.5495,180.5725
2024-01-15 15:25:30.737,180.4196,248,180.4138,180.4253
2024-01-15 15:25:33.582,180.5338,1,180.5263,180.5414
2024-01-15 15:25:35.789,180.5093,222,180.4908,180.5277
2024-01-15 15:25:36.788,180.4764,270,180.4619,180.4908
2024-01-15 15:25:37.093,180.456,7,180.4407,180.4713
2024-01-15 15:25:39.928,180.5325,167,180.5185,180.5466
2024-01-15 15:25:41.766,180.4868,92,180.4698,180.5038
2024-01-15 15:25:42.234,180.4952,59,180.4899,180.5004
2024-01-15 15:25:45.209,180.4089,300,180.4008,180.4169
2024-01-15 15:25:46.698,180.4872,256,180.4749,180.4995
2024-01-15 15:25:50.046,180.505,149,180.4924,180.5177
2024-01-15 15:25:51.314,180.4136,501,180.3956,180.4315
2024-01-15 15:25:52.111,180.3897,499,180.3749,180.4044
2024-01-15 15:25:54.614,180.3153,321,180.3,180.3307
2024-01-15 15:25:58.965,180.2899,115,180.273,180.3069
2024-01-15 15:26:01.865,180.3734,27,180.3681,180.3788
2024-01-15 15:26:02.265,180.4471,195,180.4389,180.4553
2024-01-15 15:26:03.782,180.4372,30,180.4246,180.4499
2024-01-15 15:26:09.116,180.3466,115,180.3415,180.3518
2024-01-15 15:26:12.033,180.4055,158,180.3936,180.4173
2024-01-15 15:26:12.261,180.3104,867,180.2905,180.3302
2024-01-15 15:26:12.410,180.4148,135,180.4007,180.4289
2024-01-15 15:26:14.260,180.4201,305,180.4111,180.4291
2024-01-15 15:26:17.924,180.42,80,180.4108,180.4292
2024-01-15 15:26:20.212,180.4363,71,180.4164,180.4563
2024-01-15 15:26:21.249,180.3744,75,180.3632,180.3855
2024-01-15 15:26:23.786,180.4138,1,180.4081,180.4194
2024-01-15 15:26:24.087,180.4962,75,180.4842,180.5083
2024-01-15 15:26:26.363,180.5285,11,180.5151,180.5418
2024-01-15 15:26:28.747,180.5339,121,180.5224,180.5454
2024-01-15 15:26:32.907,180.5337,568,180.5212,180.5461
2024-01-15 15:26:35.684,180.5818,4,180.5648,180.5988
2024-01-15 15:26:42.374,180.595,403,180.5832,180.6067
2024-01-15 15:26:44.026,180.6512,480,180.6431,180.6592
2024-01-15 15:26:46.207,180.6791,14,180.6682,180.69
2024-01-15 15:26:46.525,180.6918,44,180.6756,180.7079
2024-01-15 15:26:47.429,180.6764,43,180.6578,180.6951
2024-01-15 15:26:47.523,180.7352,665,180.7196,180.7509
2024-01-15 15:26:47.925,180.6598,152,180.6537,180.6659
2024-01-15 15:26:53.755,180.5694,302,180.5528,180.586
2024-01-15 15:26:55.164,180.5366,118,180.5216,180.5516
2024-01-15 15:26:59.725,180.5555,51,180.5356,180.5753
2024-01-15 15:27:00.947,180.5673,213,180.5588,180.5758
2024-01-15 15:27:02.643,180.5063,1,180.4871,180.5255
2024-01-15 15:27:05.550,180.4098,124,180.3995,180.4201
2024-01-15 15:27:06.034,180.28,96,180.273,180.2871
2024-01-15 15:27:06.129,180.3769,988,180.3653,180.3885
2024-01-15 15:27:09.148,180.3869,70,180.3789,180.3949
2024-01-15 15:27:09.911,180.4071,141,180.4014,180.4129
2024-01-15 15:27:10.223,180.4212,103,180.4022,180.4403
2024-01-15 15:27:10.360,180.4363,50,180.4299,180.4426
2024-01-15 15:27:11.026,180.4315,154,180.4155,180.4475
2024-01-15 15:27:11.718,180.359,1,180.3502,180.3679
2024-01-15 15:27:13.261,180.3533,21,180.3442,180.3625
2024-01-15 15:27:14.046,180.3416,101,180.3294,180.3537
2024-01-15 15:27:18.995,180.294,742,180.2784,180.3095
2024-01-15 15:27:19.178,180.346,142,180.3274,180.3645
2024-01-15 15:27:23.655,180.3651,53,180.3535,180.3766
2024-01-15 15:27:23.856,180.3998,15,180.3838,180.4158
2024-01-15 15:27:25.025,180.363,223,180.3439,180.382
2024-01-15 15:27:26.186,180.3101,244,180.3033,180.3169
2024-01-15 15:27:31.657,180.3479,187,180.3364,180.3594
2024-01-15 15:27:33.183,180.2975,315,180.2861,180.3088
2024-01-15 15:27:33.209,180.2445,716,180.2319,180.2572
2024-01-15 15:27:36.751,180.2262,209,180.2147,180.2377
2024-01-15 15:27:37.564,180.3265,62,180.3206,180.3324
2024-01-15 15:27:40.765,180.3611,121,180.356,180.3661
2024-01-15 15:27:41.526,180.359,218,180.3458,180.3722
2024-01-15 15:27:42.796,180.2895,212,180.2838,180.2953
2024-01-15 15:27:43.329,180.2419,113,180.2368,180.2469
2024-01-15 15:27:44.934,179.9942,26,179.9887,179.9996
2024-01-15 15:27:47.727,179.9721,59,179.9577,179.9866
2024-01-15 15:27:49.815,180.0347,209,180.0209,180.0484
2024-01-15 15:27:50.138,180.0896,20,180.0758,180.1034
2024-01-15 15:27:51.576,179.969,276,179.9587,179.9793
2024-01-15 15:27:56.039,180.0833,546,180.0706,180.0959
2024-01-15 15:27:56.336,180.1688,223,180.1568,180.1808
2024-01-15 15:28:00.422,180.0856,126,180.0706,180.1006
2024-01-15 15:28:00.609,180.0969,342,180.0822,180.1117
2024-01-15 15:28:02.390,180.1277,202,180.1199,180.1355
2024-01-15 15:28:02.951,180.13,227,180.1111,180.1489
2024-01-15 15:28:03.679,180.1091,363,180.0907,180.1275
2024-01-15 15:28:05.235,180.0983,500,180.0826,180.114
2024-01-15 15:28:07.918,180.1058,307,180.0985,180.113
2024-01-15 15:28:07.998,180.1374,357,180.1256,180.1493
2024-01-15 15:28:08.363,180.0986,19,180.0816,180.1157
2024-01-15 15:28:10.259,180.1311,72,180.1124,180.1497
2024-01-15 15:28:12.320,180.1553,239,180.1474,180.1632
2024-01-15 15:28:13.825,180.1173,32,180.1067,180.1278
2024-01-15 15:28:15.280,180.2087,7,180.1913,180.226
2024-01-15 15:28:15.342,180.1666,266,180.1587,180.1745
2024-01-15 15:28:16.586,180.2516,165,180.2429,180.2603
2024-01-15 15:28:19.356,180.2284,164,180.2099,180.2469
2024-01-15 15:28:19.605,180.3633,377,180.3477,180.3788
2024-01-15 15:28:21.802,180.315,20,180.3091,180.3209
2024-01-15 15:28:22.005,180.2901,148,180.2764,180.3038
2024-01-15 15:28:22.622,180.2689,99,180.25,180.2878
2024-01-15 15:28:26.060,180.2041,27,180.1917,180.2165
2024-01-15 15:28:27.635,180.2087,67,180.2009,180.2165
2024-01-15 15:28:30.600,180.146,192,180.1345,180.1575
2024-01-15 15:28:31.852,180.1235,204,180.112,180.135
2024-01-15 15:28:33.590,180.1249,90,180.1129,180.1369
2024-01-15 15:28:36.172,180.0676,348,180.051,180.0841
2024-01-15 15:28:38.534,180.1294,123,180.119,180.1398
2024-01-15 15:28:44.155,180.1768,46,180.1716,180.1821
2024-01-15 15:28:46.156,180.0809,428,180.0634,180.0983
2024-01-15 15:28:47.440,179.9584,63,179.9518,179.965
2024-01-15 15:28:47.971,179.9667,267,179.9518,179.9816
2024-01-15 15:28:48.839,179.9319,135,179.9126,179.9512
2024-01-15 15:28:49.574,180.0003,295,179.9821,180.0185
2024-01-15 15:28:52.723,179.9479,118,179.9287,179.967
2024-01-15 15:28:57.513,179.9893,205,179.9833,179.9953
2024-01-15 15:29:01.436,179.8838,114,179.8706,179.8971
2024-01-15 15:29:02.938,179.8832,897,179.8776,179.8888
2024-01-15 15:29:03.059,179.8218,454,179.803,179.8405
2024-01-15 15:29:03.367,179.8827,146,179.868,179.8975
2024-01-15 15:29:05.932,179.8743,53,179.8672,179.8814
2024-01-15 15:29:07.415,179.909,30,179.8956,179.9224
2024-01-15 15:29:08.183,179.9303,99,179.9246,179.936
2024-01-15 15:29:09.154,179.9673,214,179.9525,179.9821
2024-01-15 15:29:10.340,180.0701,717,180.0507,180.0895
2024-01-15 15:29:11.393,180.1193,87,180.1015,180.1371
2024-01-15 15:29:13.018,180.1521,159,180.1332,180.1711
2024-01-15 15:29:16.568,180.154,11,180.1445,180.1635
2024-01-15 15:29:18.385,180.1955,49,180.1874,180.2035
2024-01-15 15:29:19.658,180.0914,404,180.0743,180.1084
2024-01-15 15:29:21.418,180.0562,459,180.0503,180.0621
2024-01-15 15:29:21.456,180.0551,684,180.0492,180.061
2024-01-15 15:29:22.356,180.2163,80,180.2001,180.2326
2024-01-15 15:29:23.763,180.1361,232,180.1263,180.1458
2024-01-15 15:29:24.058,180.1139,515,180.0971,180.1306
2024-01-15 15:29:24.990,180.0775,52,180.0598,180.0952
2024-01-15 15:29:29.583,179.9165,199,179.9088,179.9241
2024-01-15 15:29:29.834,179.9741,101,179.9602,179.988
2024-01-15 15:29:34.787,179.916,5,179.9084,179.9236
2024-01-15 15:29:40.457,179.9386,108,179.9203,179.9568
2024-01-15 15:29:40.704,179.921,192,179.9064,179.9355
2024-01-15 15:29:41.158,179.8462,43,179.8368,179.8557
2024-01-15 15:29:43.962,179.8845,324,179.8743,179.8947
2024-01-15 15:29:44.288,179.9554,4,179.9365,179.9743
2024-01-15 15:29:44.352,180.0247,120,180.0056,180.0438
2024-01-15 15:29:45.531,180.0386,96,180.024,180.0531
2024-01-15 15:29:46.127,179.9884,975,179.9777,179.9991
2024-01-15 15:29:46.599,180.0594,52,180.0436,180.0752
2024-01-15 15:29:46.953,180.0303,65,180.0228,180.0378
2024-01-15 15:29:55.730,180.1057,222,180.0992,180.1123
2024-01-15 15:29:56.912,180.0048,142,179.9896,180.0201
2024-01-15 15:29:58.061,179.9591,58,179.9405,179.9777
2024-01-15 15:29:58.494,179.9839,18,179.9757,179.9921
2024-01-15 15:29:59.293,180.0821,69,180.0678,180.0964
2024-01-15 15:30:01.969,180.0162,143,180.0017,180.0308
2024-01-15 15:30:02.301,180.1259,626,180.1113,180.1405
2024-01-15 15:30:04.487,180.2301,276,180.2224,180.2379
2024-01-15 15:30:04.711,180.2559,267,180.2374,180.2745
2024-01-15 15:30:06.264,180.1928,145,180.1815,180.204
2024-01-15 15:30:06.465,180.2379,74,180.227,180.2487
2024-01-15 15:30:09.369,180.2382,122,180.2298,180.2466
2024-01-15 15:30:10.746,180.2193,238,180.2083,180.2304
2024-01-15 15:30:11.471,180.2146,70,180.2046,180.2245
2024-01-15 15:30:13.151,180.1836,315,180.1703,180.1969
2024-01-15 15:30:13.789,180.1266,224,180.1204,180.1328
2024-01-15 15:30:16.714,180.1022,295,180.0942,180.1102
2024-01-15 15:30:20.048,179.9876,170,179.9767,179.9984
2024-01-15 15:30:20.859,180.0374,89,180.0227,180.0521
2024-01-15 15:30:23.335,179.9378,1322,179.927,179.9486
2024-01-15 15:30:24.122,179.8957,685,179.8848,179.9066
2024-01-15 15:30:26.082,179.8821,746,179.8731,179.8912
2024-01-15 15:30:27.092,179.8655,653,179.8557,179.8753
2024-01-15 15:30:27.671,179.8761,80,179.8588,179.8933
2024-01-15 15:30:33.410,179.9306,52,179.9202,179.9411
2024-01-15 15:30:44.291,179.9193,21,179.9038,179.9348
2024-01-15 15:30:44.967,179.8694,85,179.8636,179.8752
2024-01-15 15:30:45.996,179.8919,48,179.8828,179.9009
2024-01-15 15:30:49.812,179.8866,27,179.8712,179.9021
2024-01-15 15:30:49.894,179.9399,193,179.9235,179.9563
2024-01-15 15:30:52.694,179.9396,111,179.9344,179.9449
2024-01-15 15:30:52.756,179.9316,33,179.9186,179.9446
2024-01-15 15:30:53.026,180.0531,316,180.0429,180.0632
2024-01-15 15:30:55.042,180.0943,452,180.0889,180.0997
2024-01-15 15:30:55.575,180.1637,51,180.1558,180.1717
2024-01-15 15:30:58.592,180.2682,232,180.2585,180.2779
2024-01-15 15:30:59.902,180.2693,307,180.2497,180.2889
2024-01-15 15:30:59.972,180.2947,88,180.2782,180.3113
2024-01-15 15:31:00.006,180.372,373,180.3621,180.3818
2024-01-15 15:31:02.569,180.299,214,180.29,180.3079
2024-01-15 15:31:03.537,180.3639,396,180.3497,180.3782
2024-01-15 15:31:04.746,180.2465,306,180.2409,180.252
2024-01-15 15:31:10.636,180.2457,33,180.2277,180.2638
2024-01-15 15:31:15.728,180.2821,242,180.2751,180.2892
2024-01-15 15:31:16.722,180.3397,36,180.3296,180.3498
2024-01-15 15:31:18.110,180.348,40,180.3421,180.3539
2024-01-15 15:31:19.644,180.2679,458,180.255,180.2807
2024-01-15 15:31:20.018,180.1749,881,180.169,180.1809
2024-01-15 15:31:21.008,180.2402,391,180.2277,180.2528
2024-01-15 15:31:27.406,180.2814,93,180.2758,180.287
2024-01-15 15:31:29.339,180.3096,463,180.3041,180.3152
2024-01-15 15:31:29.432,180.3312,638,180.3126,180.3498
2024-01-15 15:31:32.635,180.3901,105,180.3767,180.4036
2024-01-15 15:31:32.780,180.4791,271,180.47,180.4883
2024-01-15 15:31:34.510,180.5347,35,180.5194,180.5501
2024-01-15 15:31:35.841,180.5014,135,180.4949,180.5079
2024-01-15 15:31:38.400,180.5338,1145,180.5265,180.5412
2024-01-15 15:31:39.580,180.5125,49,180.5015,180.5235
2024-01-15 15:31:44.110,180.4398,236,180.4265,180.4532
2024-01-15 15:31:46.285,180.4098,210,180.3912,180.4284
2024-01-15 15:31:47.278,180.3835,163,180.3757,180.3913
2024-01-15 15:31:47.576,180.2294,238,180.212,180.2468
2024-01-15 15:31:50.032,180.2985,128,180.2857,180.3113
2024-01-15 15:31:50.224,180.2866,46,180.2711,180.302
2024-01-15 15:31:57.382,180.3356,383,180.3206,180.3506
2024-01-15 15:31:57.669,180.4828,19,180.4633,180.5023
2024-01-15 15:31:59.304,180.5411,292,180.523,180.5593
2024-01-15 15:31:59.356,180.5451,107,180.5282,180.562
2024-01-15 15:31:59.783,180.5208,122,180.5091,180.5325
2024-01-15 15:32:00.077,180.5974,30,180.5794,180.6154
2024-01-15 15:32:01.020,180.6326,462,180.6231,180.6421
2024-01-15 15:32:03.185,180.66,167,180.6446,180.6755
2024-01-15 15:32:03.678,180.6966,226,180.6908,180.7023
2024-01-15 15:32:07.415,180.6164,71,180.6053,180.6274
2024-01-15 15:32:10.973,180.5892,414,180.5735,180.6048
2024-01-15 15:32:15.115,180.6466,37,180.6343,180.6589
2024-01-15 15:32:18.927,180.6281,535,180.6104,180.6458
2024-01-15 15:32:20.602,180.5594,129,180.5455,180.5733
2024-01-15 15:32:22.066,180.5382,103,180.5185,180.5578
2024-01-15 15:32:22.608,180.5312,195,180.5197,180.5427
2024-01-15 15:32:22.844,180.6104,309,180.5937,180.6271
2024-01-15 15:32:24.221,180.5743,186,180.5588,180.5899
2024-01-15 15:32:26.471,180.5615,84,180.5445,180.5785
2024-01-15 15:32:26.603,180.5881,27,180.5714,180.6048
2024-01-15 15:32:26.777,180.5261,157,180.5148,180.5375
2024-01-15 15:32:29.879,180.5061,258,180.4865,180.5258
2024-01-15 15:32:30.105,180.5743,495,180.5546,180.594
2024-01-15 15:32:30.454,180.6289,13,180.6213,180.6364
2024-01-15 15:32:34.250,180.6189,723,180.6031,180.6347
2024-01-15 15:32:36.032,180.6516,190,180.632,180.6713
2024-01-15 15:32:37.601,180.7087,364,180.6929,180.7244
2024-01-15 15:32:37.773,180.726,144,180.7163,180.7358
2024-01-15 15:32:39.394,180.7723,100,180.7591,180.7856
2024-01-15 15:32:40.776,180.8851,341,180.871,180.8992
2024-01-15 15:32:40.828,180.8272,4,180.8117,180.8428
2024-01-15 15:32:42.066,180.7723,132,180.765,180.7796
2024-01-15 15:32:45.702,180.6736,368,180.6601,180.6871
2024-01-15 15:32:50.566,180.6829,470,180.6654,180.7004
2024-01-15 15:32:51.813,180.6482,128,180.6325,180.6638
2024-01-15 15:32:53.403,180.6071,443,180.5916,180.6226
2024-01-15 15:32:55.566,180.778,134,180.7622,180.7937
2024-01-15 15:32:59.752,180.6631,2,180.6571,180.6691
2024-01-15 15:33:00.900,180.6821,1567,180.6647,180.6995
2024-01-15 15:33:02.480,180.7306,1,180.7168,180.7445
2024-01-15 15:33:09.451,180.8123,25,180.796,180.8285
2024-01-15 15:33:09.642,180.7563,8,180.7482,180.7645
2024-01-15 15:33:23.002,180.9029,328,180.8961,180.9097
2024-01-15 15:33:25.301,181.0555,73,181.0429,181.0682
2024-01-15 15:33:29.947,181.0587,204,181.0483,181.0691
2024-01-15 15:33:33.800,180.9668,85,180.9592,180.9744
2024-01-15 15:33:34.432,180.9444,239,180.9291,180.9597
2024-01-15 15:33:39.433,180.9439,232,180.9376,180.9501
2024-01-15 15:33:39.949,180.9683,403,180.9588,180.9777
2024-01-15 15:33:40.077,181.0327,132,181.0151,181.0503
2024-01-15 15:33:40.531,180.985,22,180.9711,180.9989
2024-01-15 15:33:40.572,180.9055,65,180.8919,180.9192
2024-01-15 15:33:47.070,180.8096,22,180.8016,180.8176
2024-01-15 15:33:47.611,180.7722,815,180.7634,180.7809
2024-01-15 15:33:47.779,180.6744,311,180.6558,180.6931
2024-01-15 15:33:48.522,180.5972,190,180.578,180.6163
2024-01-15 15:33:49.069,180.7004,17,180.6821,180.7187
2024-01-15 15:33:49.895,180.7058,317,180.696,180.7156
2024-01-15 15:33:50.774,180.7385,69,180.7255,180.7515
2024-01-15 15:33:53.308,180.6914,55,180.6812,180.7016
2024-01-15 15:33:54.355,180.6879,152,180.6693,180.7065
2024-01-15 15:33:54.355,180.6148,16,180.6035,180.6261
2024-01-15 15:33:54.568,180.748,43,180.7298,180.7663
2024-01-15 15:33:55.001,175.302,143,180.7179,180.7295
2024-01-15 15:33:58.393,180.7967,428,180.7897,180.8038
2024-01-15 15:33:58.956,180.9216,218,180.9071,180.9361
2024-01-15 15:34:00.668,181.0036,96,180.9838,181.0234
2024-01-15 15:34:01.582,181.0067,208,181.0001,181.0134
2024-01-15 15:34:01.870,180.9623,59,180.9457,180.9788
2024-01-15 15:34:03.101,180.872,1376,180.866,180.878
2024-01-15 15:34:03.822,180.8714,172,180.8589,180.8839
2024-01-15 15:34:04.517,180.8875,456,180.8807,180.8943
2024-01-15 15:34:04.572,180.82,20,180.8075,180.8324
2024-01-15 15:34:06.411,180.8739,32,180.865,180.8827
2024-01-15 15:34:06.412,180.799,676,180.7908,180.8073
2024-01-15 15:34:06.552,180.6856,5,180.6754,180.6959
2024-01-15 15:34:07.605,180.7181,76,180.7128,180.7234
2024-01-15 15:34:08.004,180.719,79,180.71,180.7279
2024-01-15 15:34:08.136,180.6936,264,180.679,180.7081
2024-01-15 15:34:08.810,180.669,103,180.6516,180.6864
2024-01-15 15:34:10.019,180.568,314,180.5596,180.5764
2024-01-15 15:34:10.211,180.5718,979,180.5533,180.5902
2024-01-15 15:34:10.792,180.6718,733,180.6582,180.6854
2024-01-15 15:34:11.617,180.7197,143,180.7089,180.7305
2024-01-15 15:34:11.682,180.6372,1,180.6174,180.6569
2024-01-15 15:34:14.189,180.556,35,180.5474,180.5647
2024-01-15 15:34:14.733,180.5129,92,180.5059,180.5199
2024-01-15 15:34:17.831,180.4956,151,180.4884,180.5028
2024-01-15 15:34:19.041,180.6562,143,180.6508,180.6616
2024-01-15 15:34:19.842,180.7344,298,180.725,180.7438
2024-01-15 15:34:22.441,180.7091,307,180.6989,180.7193
2024-01-15 15:34:23.311,180.6519,218,180.6394,180.6644
2024-01-15 15:34:25.663,180.6283,659,180.6198,180.6369
2024-01-15 15:34:30.414,180.6993,57,180.6908,180.7079
2024-01-15 15:34:33.011,180.7361,997,180.719,180.7532
2024-01-15 15:34:35.017,180.7508,237,180.7423,180.7593
2024-01-15 15:34:35.349,180.6666,473,180.6535,180.6798
2024-01-15 15:34:36.498,180.6889,51,180.6691,180.7088
2024-01-15 15:34:37.994,180.702,122,180.6905,180.7135
2024-01-15 15:34:40.154,180.6919,224,180.6772,180.7065
2024-01-15 15:34:41.225,180.7452,3,180.7264,180.7639
2024-01-15 15:34:46.810,180.7849,462,180.7678,180.802
2024-01-15 15:34:48.083,180.7716,2,180.7518,180.7915
2024-01-15 15:34:49.046,180.7224,465,180.7154,180.7294
2024-01-15 15:34:55.891,180.7771,65,180.767,180.7872
2024-01-15 15:34:57.530,180.8353,182,180.8231,180.8474
2024-01-15 15:34:58.530,180.7982,94,180.7795,180.8169
2024-01-15 15:34:59.572,180.7992,155,180.7922,180.8063
2024-01-15 15:35:02.085,180.7995,146,180.7896,180.8093
2024-01-15 15:35:05.851,180.9109,84,180.895,180.9268
2024-01-15 15:35:07.996,180.9356,81,180.9239,180.9473
2024-01-15 15:35:09.519,180.8131,7,180.8004,180.8259
2024-01-15 15:35:10.101,180.8404,132,180.8281,180.8526
2024-01-15 15:35:10.742,180.862,486,180.8532,180.8708
2024-01-15 15:35:11.077,180.7833,60,180.7766,180.79
2024-01-15 15:35:11.395,180.6352,27,180.6281,180.6423
2024-01-15 15:35:12.826,180.6469,13,180.6416,180.6522
2024-01-15 15:35:13.121,180.6547,58,180.6449,180.6645
2024-01-15 15:35:13.813,180.6046,600,180.5913,180.6178
2024-01-15 15:35:17.619,180.5822,322,180.573,180.5915
2024-01-15 15:35:18.984,180.6104,196,180.5994,180.6213
2024-01-15 15:35:19.317,180.5853,372,180.5717,180.599
2024-01-15 15:35:19.531,180.5254,276,180.5177,180.5331
2024-01-15 15:35:19.804,180.4865,187,180.4792,180.4937
2024-01-15 15:35:24.718,180.4964,126,180.4839,180.5088
2024-01-15 15:35:24.872,180.5126,5,180.4965,180.5287
2024-01-15 15:35:26.504,180.4839,37,180.4725,180.4954
2024-01-15 15:35:26.843,180.5825,140,180.5674,180.5977
2024-01-15 15:35:27.991,180.6078,549,180.5979,180.6178
2024-01-15 15:35:29.487,180.4801,757,180.4654,180.4949
2024-01-15 15:35:31.765,180.4902,161,180.4773,180.5032
2024-01-15 15:35:32.138,180.4971,252,180.4781,180.516
2024-01-15 15:35:34.295,180.4022,241,180.3919,180.4126
2024-01-15 15:35:36.392,180.3112,373,180.295,180.3274
2024-01-15 15:35:37.115,180.2019,45,180.1905,180.2134
2024-01-15 15:35:37.551,180.2027,51,180.1828,180.2225
2024-01-15 15:35:38.406,180.3245,721,180.306,180.343
2024-01-15 15:35:39.613,180.3484,86,180.3353,180.3615
2024-01-15 15:35:41.080,180.3186,177,180.3126,180.3246
2024-01-15 15:35:41.876,180.2294,84,180.215,180.2437
2024-01-15 15:35:43.640,180.3089,285,180.3001,180.3177
2024-01-15 15:35:43.892,180.3357,109,180.3225,180.3489
2024-01-15 15:35:48.637,180.235,35,180.2267,180.2433
2024-01-15 15:35:52.385,180.323,76,180.3043,180.3417
2024-01-15 15:35:55.920,180.349,21,180.3344,180.3637
2024-01-15 15:35:56.468,180.3761,28,180.3563,180.396
2024-01-15 15:35:57.377,180.3547,405,180.3375,180.3718
2024-01-15 15:35:58.800,180.3442,108,180.3348,180.3535
2024-01-15 15:36:05.214,180.3337,377,180.3154,180.352
2024-01-15 15:36:06.307,180.3722,445,180.3653,180.3791
2024-01-15 15:36:07.291,180.3735,11,180.3567,180.3902
2024-01-15 15:36:09.259,180.2788,140,180.2611,180.2964
2024-01-15 15:36:10.668,180.2832,298,180.273,180.2934
2024-01-15 15:36:11.299,180.1981,15,180.1835,180.2127
2024-01-15 15:36:12.189,180.2818,155,180.2644,180.2991
2024-01-15 15:36:18.055,180.374,93,180.3613,180.3866
2024-01-15 15:36:18.768,180.313,107,180.2964,180.3297
2024-01-15 15:36:20.631,180.3036,455,180.2926,180.3146
2024-01-15 15:36:20.988,180.3319,140,180.3165,180.3472
2024-01-15 15:36:23.278,180.2434,237,180.2351,180.2517
2024-01-15 15:36:24.553,180.2533,12,180.2428,180.2638
2024-01-15 15:36:25.436,180.2479,71,180.2327,180.2631
2024-01-15 15:36:28.755,180.161,75,180.1493,180.1728
2024-01-15 15:36:30.388,180.1412,664,180.1302,180.1521
2024-01-15 15:36:34.877,180.2506,643,180.2368,180.2644
2024-01-15 15:36:39.928,180.243,60,180.2252,180.2609
2024-01-15 15:36:40.031,180.2614,114,180.2484,180.2745
2024-01-15 15:36:42.485,180.3137,394,180.2979,180.3295
2024-01-15 15:36:46.740,180.2905,247,180.274,180.3069
2024-01-15 15:36:48.040,180.282,494,180.2664,180.2976
2024-01-15 15:36:49.718,180.3041,19,180.2846,180.3237
2024-01-15 15:36:52.124,180.2472,201,180.23,180.2643
2024-01-15 15:36:53.628,180.2311,57,180.2158,180.2464
2024-01-15 15:36:54.839,180.2128,39,180.2021,180.2234
2024-01-15 15:36:55.639,180.2306,290,180.2217,180.2396
2024-01-15 15:36:59.259,180.4384,244,180.4231,180.4538
2024-01-15 15:36:59.307,180.5102,329,180.4921,180.5284
2024-01-15 15:36:59.772,180.5808,499,180.5749,180.5867
2024-01-15 15:37:03.239,180.5635,410,180.5523,180.5748
2024-01-15 15:37:04.273,180.5584,44,180.5421,180.5747
2024-01-15 15:37:06.804,180.5124,86,180.5033,180.5214
2024-01-15 15:37:06.817,180.5885,127,180.5724,180.6046
2024-01-15 15:37:08.776,180.6212,176,180.6088,180.6336
2024-01-15 15:37:10.243,180.6765,227,180.6643,180.6887
2024-01-15 15:37:15.841,180.6722,380,180.6596,180.6848
2024-01-15 15:37:16.985,180.698,527,180.6882,180.7078
2024-01-15 15:37:17.683,180.7101,55,180.6968,180.7233
2024-01-15 15:37:18.081,180.7105,283,180.6998,180.7213
2024-01-15 15:37:18.170,180.7962,169,180.7882,180.8042
2024-01-15 15:37:18.557,180.7281,166,180.7089,180.7472
2024-01-15 15:37:19.673,180.7538,293,180.7468,180.7607
2024-01-15 15:37:21.577,180.826,1218,180.809,180.843
2024-01-15 15:37:21.839,180.7811,255,180.7662,180.796
2024-01-15 15:37:29.567,180.7262,347,180.7172,180.7353
2024-01-15 15:37:29.623,180.7728,11,180.7613,180.7843
2024-01-15 15:37:29.983,180.7867,124,180.7729,180.8006
2024-01-15 15:37:31.894,180.7334,34,180.7202,180.7466
2024-01-15 15:37:33.730,180.7923,115,180.7786,180.806
2024-01-15 15:37:40.702,180.7464,634,180.7361,180.7567
2024-01-15 15:37:40.960,180.7866,108,180.771,180.8022
2024-01-15 15:37:41.289,180.8449,607,180.8291,180.8608
2024-01-15 15:37:47.335,180.9413,243,180.9306,180.9519
2024-01-15 15:37:47.670,180.9918,264,180.9777,181.006
2024-01-15 15:37:48.230,181.0497,235,181.038,181.0614
2024-01-15 15:37:48.679,181.1419,43,181.1327,181.1512
2024-01-15 15:37:48.687,181.1784,59,181.1662,181.1906
2024-01-15 15:37:51.578,181.1322,428,181.1174,181.147
2024-01-15 15:37:56.883,181.2514,121,181.2409,181.2618
2024-01-15 15:37:58.718,181.3017,170,181.2903,181.313
2024-01-15 15:37:59.860,181.3663,468,181.3516,181.381
2024-01-15 15:38:00.556,181.4297,191,181.4216,181.4378
2024-01-15 15:38:01.659,181.3737,544,181.3683,181.3791
2024-01-15 15:38:03.182,181.267,1119,181.2612,181.2729
2024-01-15 15:38:04.945,181.3282,365,181.3123,181.3441
2024-01-15 15:38:05.437,181.2808,47,181.2665,181.2951
2024-01-15 15:38:07.077,181.2715,119,181.2601,181.283
2024-01-15 15:38:08.031,181.2517,79,181.2397,181.2636
2024-01-15 15:38:08.352,181.2462,471,181.2368,181.2556
2024-01-15 15:38:11.333,181.2545,174,181.244,181.2651
2024-01-15 15:38:12.770,181.2498,178,181.2426,181.257
2024-01-15 15:38:15.236,181.266,501,181.2581,181.2739
2024-01-15 15:38:17.014,181.2648,132,181.2534,181.2761
2024-01-15 15:38:18.627,181.3144,16,181.3088,181.3199
2024-01-15 15:38:19.395,181.2558,259,181.2498,181.2618
2024-01-15 15:38:25.396,181.203,66,181.1934,181.2127
2024-01-15 15:38:26.967,181.1922,124,181.177,181.2075
2024-01-15 15:38:28.196,181.1924,83,181.1856,181.1991
2024-01-15 15:38:28.325,181.2479,80,181.2378,181.2581
2024-01-15 15:38:28.434,181.2295,21,181.2165,181.2425
2024-01-15 15:38:33.801,181.2256,309,181.2118,181.2393
2024-01-15 15:38:37.031,181.2869,182,181.2777,181.2962
2024-01-15 15:38:38.122,181.2625,18,181.2477,181.2772
2024-01-15 15:38:38.280,181.3466,232,181.3368,181.3564
2024-01-15 15:38:38.333,181.3274,673,181.3116,181.3431
2024-01-15 15:38:39.178,181.415,78,181.3973,181.4327
2024-01-15 15:38:39.289,181.4191,332,181.4127,181.4255
2024-01-15 15:38:39.527,181.3211,53,181.3121,181.3301
2024-01-15 15:38:40.655,181.3264,523,181.3074,181.3454
2024-01-15 15:38:40.685,181.4173,150,181.3998,181.4348
2024-01-15 15:38:40.836,181.4728,57,181.4672,181.4783
2024-01-15 15:38:43.609,181.4093,156,181.3967,181.4219
2024-01-15 15:38:44.772,181.4887,342,181.4775,181.4999
2024-01-15 15:38:47.165,181.5237,9,181.5144,181.533
2024-01-15 15:38:49.299,181.5228,423,181.5091,181.5364
2024-01-15 15:38:49.321,181.4422,342,181.4232,181.4613
2024-01-15 15:38:51.110,181.4706,40,181.4643,181.4769
2024-01-15 15:38:51.470,181.5231,129,181.5176,181.5285
2024-01-15 15:38:52.337,181.516,10,181.5061,181.5258
2024-01-15 15:38:52.395,181.5403,678,181.5205,181.5602
2024-01-15 15:38:56.129,181.6279,1,181.6163,181.6395
2024-01-15 15:38:56.394,181.6738,97,181.665,181.6825
2024-01-15 15:38:56.791,181.6447,91,181.6291,181.6603
2024-01-15 15:38:58.219,181.6542,138,181.6353,181.673
2024-01-15 15:38:58.937,181.6528,30,181.6467,181.6589
2024-01-15 15:39:00.045,181.6811,105,181.6673,181.6949
2024-01-15 15:39:00.344,181.6846,76,181.6717,181.6975
2024-01-15 15:39:02.306,181.7019,103,181.6823,181.7216
2024-01-15 15:39:03.703,181.5933,394,181.5734,181.6132
2024-01-15 15:39:05.595,181.5971,629,181.5815,181.6127
2024-01-15 15:39:07.686,181.5394,195,181.5213,181.5575
2024-01-15 15:39:10.238,181.6314,625,181.6164,181.6464
2024-01-15 15:39:10.407,181.6117,1,181.5991,181.6243
2024-01-15 15:39:12.145,181.6606,205,181.6548,181.6663
2024-01-15 15:39:13.027,181.6221,35,181.6129,181.6313
2024-01-15 15:39:14.148,181.6114,145,181.6041,181.6187
2024-01-15 15:39:14.308,181.6878,116,181.6772,181.6984
2024-01-15 15:39:14.524,181.7235,254,181.7151,181.7319
2024-01-15 15:39:16.193,181.6383,86,181.6285,181.6481
2024-01-15 15:39:16.709,181.6656,9,181.6471,181.6842
2024-01-15 15:39:17.432,181.7105,73,181.6943,181.7268
2024-01-15 15:39:19.305,181.6297,9,181.6239,181.6355
2024-01-15 15:39:19.480,181.5895,111,181.5732,181.6058
2024-01-15 15:39:20.740,181.7136,116,181.6997,181.7275
2024-01-15 15:39:21.085,181.7314,23,181.7186,181.7441
2024-01-15 15:39:21.963,181.8079,10,181.7923,181.8235
2024-01-15 15:39:23.757,181.7549,209,181.7466,181.7632
2024-01-15 15:39:24.985,181.8227,131,181.814,181.8314
2024-01-15 15:39:25.202,181.7763,37,181.7696,181.783
2024-01-15 15:39:28.280,181.8385,84,181.824,181.853
2024-01-15 15:39:28.457,181.9016,193,181.8924,181.9107
2024-01-15 15:39:28.755,181.8619,60,181.8438,181.8801
2024-01-15 15:39:28.989,181.7945,514,181.7846,181.8043
2024-01-15 15:39:29.558,181.8702,115,181.8545,181.8859
2024-01-15 15:39:32.739,181.8184,41,181.8091,181.8276
2024-01-15 15:39:35.468,181.8117,51,181.8044,181.8191
2024-01-15 15:39:35.555,181.8696,123,181.8615,181.8777
2024-01-15 15:39:35.757,181.9415,10,181.9233,181.9597
2024-01-15 15:39:38.278,181.9131,834,181.9012,181.925
2024-01-15 15:39:40.308,181.8587,42,181.8504,181.867
2024-01-15 15:39:44.177,181.6765,297,181.6647,181.6884
2024-01-15 15:39:46.533,181.6156,49,181.5985,181.6327
2024-01-15 15:39:48.823,181.6273,190,181.61,181.6445
2024-01-15 15:39:49.277,181.5296,36,181.5204,181.5387
2024-01-15 15:39:50.707,181.5481,62,181.5406,181.5557
2024-01-15 15:39:56.588,181.5339,92,181.5221,181.5457
2024-01-15 15:39:58.427,181.6552,160,181.6422,181.6682
2024-01-15 15:40:00.481,181.7324,218,181.7238,181.741
2024-01-15 15:40:04.446,181.55,160,181.5353,181.5647
2024-01-15 15:40:05.575,181.4088,483,181.4002,181.4175
2024-01-15 15:40:06.557,181.4196,112,181.4101,181.4291
2024-01-15 15:40:09.057,181.4717,249,181.4638,181.4797
2024-01-15 15:40:10.146,181.5548,218,181.5488,181.5608
2024-01-15 15:40:13.219,181.4736,347,181.456,181.4912
2024-01-15 15:40:13.736,181.5151,69,181.5098,181.5203
2024-01-15 15:40:14.254,181.5473,38,181.5323,181.5623
2024-01-15 15:40:17.171,181.5808,418,181.5731,181.5884
2024-01-15 15:40:17.423,181.5013,285,181.484,181.5185
2024-01-15 15:40:18.718,181.3358,9,181.3254,181.3462
2024-01-15 15:40:20.034,181.3821,6,181.3715,181.3928
2024-01-15 15:40:23.879,181.3712,92,181.3605,181.3818
2024-01-15 15:40:26.004,181.3924,536,181.3791,181.4058
2024-01-15 15:40:28.026,181.5218,140,181.5059,181.5377
2024-01-15 15:40:31.176,181.4728,163,181.4624,181.4832
2024-01-15 15:40:32.653,181.4707,366,181.4527,181.4887
2024-01-15 15:40:34.115,181.4067,195,181.3997,181.4138
2024-01-15 15:40:36.153,181.4273,515,181.4222,181.4324
2024-01-15 15:40:37.172,181.3579,92,181.3401,181.3756
2024-01-15 15:40:39.911,181.283,94,181.2764,181.2896
2024-01-15 15:40:40.957,181.3375,108,181.3281,181.3469
2024-01-15 15:40:41.256,181.3914,162,181.3803,181.4025
2024-01-15 15:40:42.031,181.4559,107,181.4493,181.4625
2024-01-15 15:40:44.444,181.4148,160,181.4068,181.4229
2024-01-15 15:40:44.722,181.407,217,181.3906,181.4234
2024-01-15 15:40:44.737,181.4278,136,181.4125,181.443
2024-01-15 15:40:49.203,181.5277,133,181.5185,181.537
2024-01-15 15:40:49.817,181.6114,113,181.6004,181.6224
2024-01-15 15:40:51.461,181.6389,119,181.63,181.6477
2024-01-15 15:40:52.379,181.7159,103,181.7024,181.7293
2024-01-15 15:40:54.971,181.6763,177,181.667,181.6856
2024-01-15 15:41:00.176,181.6946,45,181.686,181.7032
2024-01-15 15:41:00.789,181.7276,164,181.7108,181.7444
2024-01-15 15:41:02.357,181.6721,814,181.6617,181.6826
2024-01-15 15:41:04.613,181.6723,620,181.6654,181.6792
2024-01-15 15:41:04.979,181.7008,136,181.6821,181.7195
2024-01-15 15:41:05.193,181.7256,211,181.7141,181.737
2024-01-15 15:41:05.768,181.7577,74,181.7465,181.7689
2024-01-15 15:41:06.249,181.7507,419,181.7407,181.7606
2024-01-15 15:41:06.964,181.731,114,181.7163,181.7457
2024-01-15 15:41:09.177,181.6119,22,181.6039,181.6199
2024-01-15 15:41:12.213,181.646,396,181.6388,181.6533
2024-01-15 15:41:12.857,181.6814,87,181.6707,181.6921
2024-01-15 15:41:15.698,181.7086,70,181.6983,181.719
2024-01-15 15:41:19.259,181.6623,129,181.6476,181.677
2024-01-15 15:41:19.718,181.7406,166,181.7248,181.7565
2024-01-15 15:41:20.262,181.6405,451,181.6324,181.6486
2024-01-15 15:41:20.293,181.6359,47,181.623,181.6487
2024-01-15 15:41:20.485,181.5926,137,181.5774,181.6077
2024-01-15 15:41:23.669,181.5204,70,181.5032,181.5376
2024-01-15 15:41:24.022,181.5351,96,181.5187,181.5515
2024-01-15 15:41:24.102,181.6826,112,181.6764,181.6888
2024-01-15 15:41:24.516,181.699,100,181.6898,181.7081
2024-01-15 15:41:25.611,181.702,265,181.6959,181.708
2024-01-15 15:41:27.762,181.7251,163,181.7197,181.7305
2024-01-15 15:41:28.153,181.7025,30,181.6862,181.7188
2024-01-15 15:41:34.989,181.5949,1,181.5887,181.6012
2024-01-15 15:41:35.003,181.6489,124,181.6317,181.666
2024-01-15 15:41:36.196,181.8371,37,181.8181,181.8561
2024-01-15 15:41:36.925,181.8154,95,181.8068,181.824
2024-01-15 15:41:37.089,181.7588,324,181.7452,181.7724
2024-01-15 15:41:39.072,181.6892,368,181.6833,181.6951
2024-01-15 15:41:39.992,181.7425,401,181.7229,181.7621
2024-01-15 15:41:40.102,181.6853,482,181.6714,181.6992
2024-01-15 15:41:45.122,181.6424,35,181.632,181.6527
2024-01-15 15:41:45.273,181.6555,300,181.6466,181.6645
2024-01-15 15:41:49.317,181.6847,177,181.6654,181.704
2024-01-15 15:41:50.612,181.6984,87,181.6834,181.7134
2024-01-15 15:41:54.778,181.7753,492,181.7684,181.7822
2024-01-15 15:41:54.780,181.7804,75,181.7622,181.7987
2024-01-15 15:41:55.224,181.7726,220,181.753,181.7922
2024-01-15 15:41:55.696,181.8055,30,181.795,181.816
2024-01-15 15:41:55.758,181.7586,57,181.7463,181.7709
2024-01-15 15:41:57.029,181.6537,106,181.6422,181.6653
2024-01-15 15:41:59.720,181.6948,1546,181.6756,181.714
2024-01-15 15:42:01.341,181.6781,74,181.6643,181.6918
2024-01-15 15:42:05.595,181.6455,170,181.6295,181.6614
2024-01-15 15:42:05.778,181.5953,741,181.5854,181.6052
2024-01-15 15:42:08.352,181.5601,548,181.5479,181.5723
2024-01-15 15:42:09.479,181.593,100,181.5809,181.6051
2024-01-15 15:42:09.501,181.5989,406,181.5859,181.6119
2024-01-15 15:42:12.455,181.618,156,181.6106,181.6253
2024-01-15 15:42:12.656,181.6231,320,181.6178,181.6283
2024-01-15 15:42:16.520,181.5524,147,181.5378,181.5671
2024-01-15 15:42:17.343,181.547,562,181.5313,181.5627
2024-01-15 15:42:17.507,181.5337,154,181.5251,181.5423
2024-01-15 15:42:18.582,181.46,22,181.4472,181.4728
2024-01-15 15:42:18.826,181.5307,8,181.5215,181.5398
2024-01-15 15:42:20.019,181.5511,284,181.5398,181.5625
2024-01-15 15:42:26.522,181.4994,158,181.4812,181.5175
2024-01-15 15:42:27.698,181.5619,8,181.5554,181.5683
2024-01-15 15:42:28.936,181.6122,184,181.5966,181.6278
2024-01-15 15:42:29.484,181.61,54,181.5905,181.6296
2024-01-15 15:42:29.782,181.5113,61,181.5061,181.5164
2024-01-15 15:42:29.830,181.4706,83,181.4629,181.4784
2024-01-15 15:42:31.853,181.569,449,181.5614,181.5766
2024-01-15 15:42:32.069,181.5782,61,181.5636,181.5927
2024-01-15 15:42:32.971,181.5017,154,181.4921,181.5113
2024-01-15 15:42:34.380,181.5468,28,181.5414,181.5522
2024-01-15 15:42:34.543,181.5483,122,181.5308,181.5658
2024-01-15 15:42:37.982,181.4969,173,181.4911,181.5028
2024-01-15 15:42:38.282,181.3516,10,181.3348,181.3685
2024-01-15 15:42:40.175,181.3938,90,181.3879,181.3997
2024-01-15 15:42:40.521,181.3862,127,181.3665,181.4058
2024-01-15 15:42:45.944,181.3473,356,181.3296,181.3649
2024-01-15 15:42:46.676,181.3497,400,181.3385,181.3608
2024-01-15 15:42:48.383,181.3007,31,181.2811,181.3202
2024-01-15 15:42:49.376,181.3571,351,181.3412,181.373
2024-01-15 15:42:50.286,181.4403,7,181.4326,181.448
2024-01-15 15:42:51.719,181.4642,175,181.4487,181.4797
2024-01-15 15:42:52.023,181.504,403,181.4854,181.5227
2024-01-15 15:42:52.797,181.488,304,181.4802,181.4958
2024-01-15 15:43:00.738,181.5838,41,181.5723,181.5954
2024-01-15 15:43:03.577,181.6223,54,181.6042,181.6405
2024-01-15 15:43:03.660,181.5756,42,181.5694,181.5818
2024-01-15 15:43:03.790,181.5616,409,181.5484,181.5748
2024-01-15 15:43:05.209,181.5533,185,181.5383,181.5682
2024-01-15 15:43:07.442,181.5756,249,181.5676,181.5836
2024-01-15 15:43:07.904,181.6085,17,181.5968,181.6202
2024-01-15 15:43:08.490,181.6708,215,181.6626,181.6789
2024-01-15 15:43:08.793,181.7153,209,181.7038,181.7268
2024-01-15 15:43:09.980,181.6951,23,181.6769,181.7134
2024-01-15 15:43:10.168,181.7219,22,181.7026,181.7412
2024-01-15 15:43:11.243,181.6751,508,181.6632,181.6869
2024-01-15 15:43:15.226,181.7469,361,181.7368,181.7571
2024-01-15 15:43:16.339,181.7564,61,181.7408,181.772
2024-01-15 15:43:16.947,181.7949,15,181.778,181.8117
2024-01-15 15:43:17.009,181.8133,175,181.8039,181.8227
2024-01-15 15:43:18.194,181.7894,86,181.7727,181.8062
2024-01-15 15:43:20.591,181.7609,18,181.7452,181.7766
2024-01-15 15:43:22.625,181.7845,6,181.7647,181.8042
2024-01-15 15:43:22.949,181.706,334,181.6929,181.7192
2024-01-15 15:43:28.570,181.5758,530,181.5618,181.5897
2024-01-15 15:43:29.422,181.5768,6,181.5712,181.5824
2024-01-15 15:43:29.680,181.617,315,181.6046,181.6293
2024-01-15 15:43:30.715,181.6056,135,181.5931,181.618
2024-01-15 15:43:32.330,181.5638,633,181.5494,181.5781
2024-01-15 15:43:33.901,181.5896,76,181.5715,181.6078
2024-01-15 15:43:35.185,181.5549,65,181.5461,181.5637
2024-01-15 15:43:35.261,181.566,201,181.5591,181.5728
2024-01-15 15:43:36.069,181.4956,411,181.4783,181.5129
2024-01-15 15:43:36.373,181.5517,2,181.538,181.5654
2024-01-15 15:43:39.955,181.5402,277,181.528,181.5524
2024-01-15 15:43:40.217,181.598,120,181.5927,181.6033
2024-01-15 15:43:44.604,181.63,473,181.613,181.6469
2024-01-15 15:43:45.717,181.565,185,181.5512,181.5788
2024-01-15 15:43:49.575,181.5683,20,181.5521,181.5845
2024-01-15 15:43:49.802,181.5218,108,181.5048,181.5389
2024-01-15 15:43:50.384,181.5797,37,181.5638,181.5957
2024-01-15 15:43:55.267,181.6394,10,181.6292,181.6497
2024-01-15 15:43:55.740,181.6202,305,181.6019,181.6384
2024-01-15 15:43:56.306,181.6174,100,181.6013,181.6335
2024-01-15 15:43:56.320,181.6787,70,181.6719,181.6855
2024-01-15 15:43:59.558,181.6414,6,181.6262,181.6566
2024-01-15 15:44:00.024,181.5352,206,181.5187,181.5516
2024-01-15 15:44:01.116,181.5947,186,181.5799,181.6095
2024-01-15 15:44:02.739,181.4858,6,181.4791,181.4925
2024-01-15 15:44:03.132,181.5202,19,181.5004,181.54
2024-01-15 15:44:08.134,181.404,604,181.392,181.416
2024-01-15 15:44:08.146,181.4936,318,181.4791,181.5081
2024-01-15 15:44:09.388,181.5463,368,181.5304,181.5621
2024-01-15 15:44:11.216,181.6175,95,181.5995,181.6354
2024-01-15 15:44:11.675,181.6844,57,181.6772,181.6917
2024-01-15 15:44:12.223,181.6682,367,181.6542,181.6821
2024-01-15 15:44:13.921,181.747,238,181.7364,181.7575
2024-01-15 15:44:15.344,181.7955,147,181.7779,181.8131
2024-01-15 15:44:16.308,181.7865,278,181.774,181.799
2024-01-15 15:44:17.252,181.8819,538,181.8712,181.8926
2024-01-15 15:44:17.872,181.8666,115,181.8581,181.8751
2024-01-15 15:44:19.826,181.8222,82,181.8084,181.8361
2024-01-15 15:44:21.040,181.8426,19,181.8261,181.8592
2024-01-15 15:44:21.669,181.7641,14,181.7584,181.7698
2024-01-15 15:44:23.376,181.8046,2,181.7915,181.8178
2024-01-15 15:44:23.450,181.7821,119,181.7713,181.7928
2024-01-15 15:44:24.430,181.8771,49,181.8571,181.8971
2024-01-15 15:44:28.145,181.7936,269,181.7879,181.7993
2024-01-15 15:44:28.571,181.7133,26,181.7,181.7267
2024-01-15 15:44:29.803,181.6607,644,181.6509,181.6704
2024-01-15 15:44:29.919,181.6887,129,181.6774,181.7
2024-01-15 15:44:35.543,181.6454,83,181.6263,181.6645
2024-01-15 15:44:38.319,181.6953,114,181.6779,181.7127
2024-01-15 15:44:38.666,181.8115,1,181.7959,181.8272
2024-01-15 15:44:38.820,181.839,46,181.8215,181.8565
2024-01-15 15:44:39.577,181.8442,165,181.8362,181.8523
2024-01-15 15:44:45.705,181.8346,654,181.816,181.8532
2024-01-15 15:44:47.550,181.8004,201,181.7951,181.8058
2024-01-15 15:44:53.939,181.8575,204,181.8457,181.8693
2024-01-15 15:44:54.203,181.9783,266,181.9712,181.9853
2024-01-15 15:44:54.975,182.0021,642,181.9936,182.0107
2024-01-15 15:44:55.819,181.9758,87,181.9626,181.989
2024-01-15 15:44:56.675,181.9337,241,181.9156,181.9519
2024-01-15 15:44:56.849,181.9684,243,181.9551,181.9818
2024-01-15 15:44:57.118,182.0567,150,182.0369,182.0766
2024-01-15 15:44:57.465,182.1338,394,182.1167,182.1509
2024-01-15 15:44:57.599,182.1503,961,182.1437,182.157
2024-01-15 15:44:58.904,182.1501,78,182.1359,182.1642
2024-01-15 15:44:59.000,182.1092,115,182.0984,182.12
2024-01-15 15:44:59.083,182.0774,238,182.064,182.0907
2024-01-15 15:44:59.918,182.0824,75,182.0629,182.1018
2024-01-15 15:45:00.076,182.0815,23,182.0616,182.1013
2024-01-15 15:45:01.946,182.1838,113,182.1669,182.2006
2024-01-15 15:45:02.302,182.3175,199,182.3016,182.3334
2024-01-15 15:45:02.365,182.2735,204,182.2662,182.2808
2024-01-15 15:45:07.837,182.2593,84,182.2426,182.276
2024-01-15 15:45:07.997,182.1915,33,182.1839,182.199
2024-01-15 15:45:11.817,182.1906,606,182.1718,182.2094
2024-01-15 15:45:11.834,182.2476,7,182.2403,182.2549
2024-01-15 15:45:12.005,182.3149,329,182.3064,182.3233
2024-01-15 15:45:12.849,182.2369,63,182.2295,182.2442
2024-01-15 15:45:13.601,182.1873,9,182.1687,182.2059
2024-01-15 15:45:13.643,182.2383,253,182.2278,182.2488
2024-01-15 15:45:14.242,182.393,133,182.3783,182.4076
2024-01-15 15:45:14.866,182.4022,320,182.3962,182.4082
2024-01-15 15:45:14.876,182.487,361,182.472,182.5019
2024-01-15 15:45:23.014,182.631,28,182.6234,182.6386
2024-01-15 15:45:23.572,182.6024,260,182.5871,182.6177
2024-01-15 15:45:24.327,182.6209,76,182.6141,182.6277
2024-01-15 15:45:26.821,182.7355,203,182.7187,182.7523
2024-01-15 15:45:27.392,182.6896,164,182.6699,182.7092
2024-01-15 15:45:27.467,182.6262,660,182.6127,182.6397
2024-01-15 15:45:27.738,182.5894,195,182.5725,182.6062
2024-01-15 15:45:28.570,182.5559,64,182.5389,182.573
2024-01-15 15:45:28.620,182.519,52,182.5002,182.5378
2024-01-15 15:45:36.736,182.3588,177,182.3467,182.3709
2024-01-15 15:45:37.013,182.3546,104,182.3446,182.3645
2024-01-15 15:45:41.779,182.3569,404,182.347,182.3668
2024-01-15 15:45:42.024,182.3273,370,182.3176,182.337
2024-01-15 15:45:43.083,182.326,93,182.3084,182.3436
2024-01-15 15:45:43.740,182.4468,133,182.4381,182.4554
2024-01-15 15:45:44.627,182.3143,155,182.2954,182.3332
2024-01-15 15:45:45.978,182.4276,578,182.4105,182.4446
2024-01-15 15:45:47.703,182.4148,62,182.4085,182.4212
2024-01-15 15:45:48.367,182.4737,98,182.4582,182.4893
2024-01-15 15:45:48.471,182.5053,120,182.4855,182.5251
2024-01-15 15:45:50.718,182.5304,10,182.5162,182.5447
2024-01-15 15:45:52.199,182.5015,16,182.4818,182.5212
2024-01-15 15:45:53.117,182.4729,162,182.4662,182.4795
2024-01-15 15:45:53.789,182.4092,28,182.4028,182.4156
2024-01-15 15:45:53.967,182.4184,42,182.4072,182.4295
2024-01-15 15:45:54.018,182.4591,171,182.4527,182.4654
2024-01-15 15:45:58.563,182.4843,59,182.4739,182.4948
2024-01-15 15:46:00.334,182.4546,219,182.4484,182.4608
2024-01-15 15:46:02.064,182.2846,285,182.2678,182.3014
2024-01-15 15:46:03.807,182.4304,305,182.4227,182.4381
2024-01-15 15:46:05.870,182.5209,613,182.5083,182.5336
2024-01-15 15:46:05.884,182.5191,88,182.506,182.5322
2024-01-15 15:46:06.239,182.5111,51,182.5004,182.5217
2024-01-15 15:46:08.665,182.4707,880,182.4617,182.4797
2024-01-15 15:46:08.936,182.5282,198,182.5129,182.5435
2024-01-15 15:46:13.874,182.6287,92,182.6118,182.6455
2024-01-15 15:46:14.165,182.6312,313,182.6167,182.6457
2024-01-15 15:46:17.577,182.6129,279,182.6031,182.6228
2024-01-15 15:46:21.306,182.5351,538,182.5253,182.545
2024-01-15 15:46:21.666,182.6056,100,182.5969,182.6143
2024-01-15 15:46:21.668,182.6709,557,182.6646,182.6772
2024-01-15 15:46:27.436,182.7604,127,182.7541,182.7666
2024-01-15 15:46:27.763,182.7822,127,182.7748,182.7896
2024-01-15 15:46:28.057,182.7409,53,182.7239,182.7578
2024-01-15 15:46:28.354,182.686,145,182.6687,182.7033
2024-01-15 15:46:31.347,182.6106,806,182.5945,182.6268
2024-01-15 15:46:32.046,182.5349,4,182.5162,182.5536
2024-01-15 15:46:32.171,182.4602,112,182.4446,182.4758
2024-01-15 15:46:33.532,182.4613,314,182.4515,182.4711
2024-01-15 15:46:34.407,182.492,162,182.4769,182.5071
2024-01-15 15:46:34.908,182.4443,13,182.4271,182.4615
2024-01-15 15:46:35.167,182.4124,512,182.3994,182.4254
2024-01-15 15:46:36.868,182.2618,14,182.2447,182.2788
2024-01-15 15:46:37.036,182.3265,244,182.321,182.3319
2024-01-15 15:46:40.249,182.3419,159,182.3365,182.3473
2024-01-15 15:46:40.869,182.3866,29,182.3717,182.4015
2024-01-15 15:46:44.126,182.3597,165,182.348,182.3715
2024-01-15 15:46:44.320,182.3463,57,182.3265,182.3661
2024-01-15 15:46:45.614,182.3041,44,182.2911,182.3171
2024-01-15 15:46:46.771,182.2795,496,182.2662,182.2928
2024-01-15 15:46:46.801,182.2516,219,182.2351,182.2681
2024-01-15 15:46:50.838,182.3269,64,182.3189,182.3349
2024-01-15 15:46:53.737,182.4212,126,182.4144,182.4281
2024-01-15 15:46:55.150,182.4139,170,182.4067,182.4212
2024-01-15 15:46:56.626,182.4881,473,182.4731,182.5032
2024-01-15 15:46:58.387,182.5666,229,182.5543,182.5789
2024-01-15 15:46:58.867,182.5712,19,182.5568,182.5856
2024-01-15 15:46:59.761,182.552,351,182.5467,182.5574
2024-01-15 15:47:00.893,182.5562,369,182.5494,182.5629
2024-01-15 15:47:03.253,182.541,32,182.5305,182.5515
2024-01-15 15:47:03.881,182.5251,327,182.5111,182.539
2024-01-15 15:47:06.218,182.4642,110,182.4524,182.4759
2024-01-15 15:47:06.790,182.4255,105,182.4184,182.4327
2024-01-15 15:47:07.289,182.5296,94,182.5244,182.5349
2024-01-15 15:47:07.921,182.6066,366,182.5936,182.6195
2024-01-15 15:47:09.770,182.5601,201,182.5424,182.5777
2024-01-15 15:47:09.904,182.5444,19,182.5253,182.5636
2024-01-15 15:47:10.193,182.5654,135,182.5505,182.5804
2024-01-15 15:47:13.621,182.5716,245,182.5603,182.5829
2024-01-15 15:47:15.497,182.5512,232,182.5365,182.5659
2024-01-15 15:47:17.485,182.5267,675,182.5147,182.5387
2024-01-15 15:47:20.783,182.5534,478,182.5385,182.5683
2024-01-15 15:47:21.381,182.5332,153,182.5201,182.5464
2024-01-15 15:47:22.650,182.5902,56,182.5798,182.6007
2024-01-15 15:47:22.925,182.5681,281,182.5504,182.5857
2024-01-15 15:47:24.087,182.6051,483,182.5938,182.6164
2024-01-15 15:47:25.719,182.4947,390,182.4801,182.5093
2024-01-15 15:47:29.518,182.5415,36,182.5287,182.5544
2024-01-15 15:47:33.912,182.5132,244,182.4988,182.5275
2024-01-15 15:47:35.740,182.6185,33,182.6037,182.6332
2024-01-15 15:47:44.228,182.6128,5,182.601,182.6245
2024-01-15 15:47:46.452,182.505,226,182.4955,182.5146
2024-01-15 15:47:51.991,182.454,220,182.4385,182.4695
2024-01-15 15:47:52.472,182.4576,27,182.4488,182.4663
2024-01-15 15:47:53.877,182.4563,247,182.4378,182.4748
2024-01-15 15:47:54.278,182.4106,478,182.4,182.4211
2024-01-15 15:47:54.927,182.3974,143,182.3849,182.4098
2024-01-15 15:47:54.938,182.458,63,182.4446,182.4714
2024-01-15 15:47:55.169,182.4268,148,182.4175,182.4361
2024-01-15 15:47:58.292,182.4178,509,182.401,182.4345
2024-01-15 15:47:58.453,182.4708,167,182.4516,182.4901
2024-01-15 15:47:59.730,182.4659,11,182.4568,182.4749
2024-01-15 15:48:00.198,182.5802,66,182.568,182.5924
2024-01-15 15:48:01.854,182.514,208,182.4974,182.5306
2024-01-15 15:48:01.923,182.5098,424,182.5035,182.516
2024-01-15 15:48:02.271,182.5279,75,182.5165,182.5392
2024-01-15 15:48:02.614,182.541,6,182.5322,182.5499
2024-01-15 15:48:05.014,182.6089,1,182.5956,182.6223
2024-01-15 15:48:07.263,182.639,193,182.6283,182.6497
2024-01-15 15:48:07.359,182.5684,96,182.5577,182.5791
2024-01-15 15:48:08.115,182.6125,407,182.6075,182.6175
2024-01-15 15:48:11.855,182.5985,161,182.5917,182.6054
2024-01-15 15:48:12.589,182.6264,42,182.6084,182.6443
2024-01-15 15:48:12.690,182.6769,82,182.6676,182.6862
2024-01-15 15:48:15.409,182.7854,176,182.7678,182.8029
2024-01-15 15:48:17.070,182.8201,77,182.8091,182.8312
2024-01-15 15:48:17.402,182.8035,443,182.7867,182.8203
2024-01-15 15:48:17.654,182.7946,105,182.7852,182.8041
2024-01-15 15:48:18.330,182.7543,567,182.743,182.7657
2024-01-15 15:48:20.674,182.8024,117,182.7924,182.8124
2024-01-15 15:48:24.480,182.8464,9,182.8311,182.8618
2024-01-15 15:48:24.496,182.8532,790,182.8467,182.8598
2024-01-15 15:48:24.612,182.9099,182,182.8986,182.9212
2024-01-15 15:48:24.957,182.9209,102,182.9036,182.9383
2024-01-15 15:48:28.385,182.8797,941,182.8686,182.8909
2024-01-15 15:48:28.664,182.8893,240,182.8791,182.8996
2024-01-15 15:48:32.135,182.7535,63,182.7339,182.7731
2024-01-15 15:48:32.901,182.7852,403,182.7679,182.8025
2024-01-15 15:48:34.899,182.7884,64,182.769,182.8078
2024-01-15 15:48:35.475,182.859,218,182.8524,182.8656
2024-01-15 15:48:36.457,182.782,85,182.7647,182.7994
2024-01-15 15:48:37.183,182.8702,320,182.8527,182.8878
2024-01-15 15:48:38.001,182.8778,57,182.8595,182.8962
2024-01-15 15:48:38.901,182.9037,16,182.8986,182.9088
2024-01-15 15:48:38.939,182.9526,478,182.9355,182.9697
2024-01-15 15:48:38.977,182.8824,34,182.8766,182.8882
2024-01-15 15:48:39.977,182.9179,138,182.8995,182.9362
2024-01-15 15:48:40.015,182.885,157,182.8791,182.8908
2024-01-15 15:48:41.507,182.8251,58,182.8135,182.8367
2024-01-15 15:48:47.365,182.9001,234,182.8864,182.9137
2024-01-15 15:48:47.475,182.85,97,182.836,182.864
2024-01-15 15:48:48.592,182.8522,26,182.841,182.8634
2024-01-15 15:48:48.876,182.7906,504,182.7766,182.8046
2024-01-15 15:48:49.158,182.8182,356,182.8099,182.8265
2024-01-15 15:48:49.740,182.8671,58,182.8576,182.8765
2024-01-15 15:48:50.072,182.7827,416,182.7652,182.8001
2024-01-15 15:48:50.396,182.7279,688,182.7123,182.7434
2024-01-15 15:49:00.411,182.8056,108,182.7858,182.8254
2024-01-15 15:49:04.912,182.8963,34,182.8833,182.9092
2024-01-15 15:49:05.771,182.8073,49,182.791,182.8237
2024-01-15 15:49:05.927,182.809,3,182.8014,182.8165
2024-01-15 15:49:06.498,182.7945,51,182.7749,182.814
2024-01-15 15:49:06.662,182.8357,84,182.8267,182.8447
2024-01-15 15:49:06.666,182.7998,83,182.7912,182.8083
2024-01-15 15:49:06.899,182.7944,153,182.7824,182.8064
2024-01-15 15:49:09.423,182.7918,46,182.7868,182.7968
2024-01-15 15:49:10.153,182.8461,183,182.8329,182.8592
2024-01-15 15:49:12.235,182.7972,319,182.7866,182.8078
2024-01-15 15:49:14.950,182.8393,111,182.8318,182.8468
2024-01-15 15:49:16.531,182.8333,32,182.818,182.8485
2024-01-15 15:49:17.764,182.8381,232,182.8218,182.8543
2024-01-15 15:49:18.479,182.8014,252,182.7949,182.808
2024-01-15 15:49:21.820,182.7547,424,182.7388,182.7706
2024-01-15 15:49:22.768,182.8065,84,182.797,182.8161
2024-01-15 15:49:24.574,182.8502,434,182.8376,182.8629
2024-01-15 15:49:24.684,182.779,40,182.7604,182.7976
2024-01-15 15:49:29.278,182.8069,108,182.7896,182.8241
2024-01-15 15:49:31.214,182.8487,1152,182.843,182.8543
2024-01-15 15:49:31.943,182.7765,124,182.7633,182.7897
2024-01-15 15:49:35.642,182.7806,636,182.7676,182.7936
2024-01-15 15:49:36.570,182.7167,50,182.7062,182.7271
2024-01-15 15:49:37.542,182.6001,123,182.59,182.6102
2024-01-15 15:49:40.661,182.6021,825,182.5957,182.6084
2024-01-15 15:49:41.196,182.6645,97,182.658,182.6711
2024-01-15 15:49:44.743,182.6992,473,182.6839,182.7146
2024-01-15 15:49:44.772,182.7344,10,182.7176,182.7512
2024-01-15 15:49:49.590,182.7144,368,182.6958,182.733
2024-01-15 15:49:49.629,182.6816,136,182.6705,182.6926
2024-01-15 15:49:50.004,182.7966,174,182.778,182.8151
2024-01-15 15:49:50.934,182.8707,70,182.8642,182.8773
2024-01-15 15:49:51.159,182.8877,232,182.8769,182.8984
2024-01-15 15:49:51.602,182.9627,17,182.9483,182.9771
2024-01-15 15:49:53.795,182.866,56,182.8534,182.8786
2024-01-15 15:49:55.669,182.9394,63,182.9221,182.9568
2024-01-15 15:49:55.727,183.0245,14,183.0104,183.0385
2024-01-15 15:49:56.905,183.0977,166,183.0829,183.1126
2024-01-15 15:49:59.224,183.0509,711,183.0378,183.0639
2024-01-15 15:50:01.474,183.0398,400,183.0274,183.0522
2024-01-15 15:50:04.125,183.0418,115,183.0277,183.0558
2024-01-15 15:50:11.593,182.9099,220,182.9004,182.9193
2024-01-15 15:50:12.775,183.049,155,183.0332,183.0648
2024-01-15 15:50:13.480,182.9965,100,182.9872,183.0058
2024-01-15 15:50:13.702,182.9758,9,182.9612,182.9904
2024-01-15 15:50:14.205,182.883,44,182.8694,182.8966
2024-01-15 15:50:16.616,182.9053,187,182.8925,182.9182
2024-01-15 15:50:19.132,182.9889,208,182.9757,183.0022
2024-01-15 15:50:21.458,183.0002,184,182.995,183.0055
2024-01-15 15:50:23.370,182.9993,241,182.9892,183.0094
2024-01-15 15:50:23.426,183.0174,43,183.0076,183.0272
2024-01-15 15:50:26.459,182.9762,245,182.9617,182.9906
2024-01-15 15:50:27.922,182.983,644,182.9655,183.0006
2024-01-15 15:50:29.280,183.0151,84,183.0004,183.0298
2024-01-15 15:50:30.107,182.9308,162,182.9187,182.9428
2024-01-15 15:50:32.450,182.9562,452,182.9416,182.9707
2024-01-15 15:50:32.573,182.9866,1,182.9724,183.0008
2024-01-15 15:50:32.847,182.9614,156,182.9546,182.9682
2024-01-15 15:50:33.053,182.9344,220,182.9167,182.9522
2024-01-15 15:50:34.307,182.9737,70,182.9568,182.9906
2024-01-15 15:50:34.579,182.9753,206,182.962,182.9886
2024-01-15 15:50:34.985,182.8018,291,182.7932,182.8103
2024-01-15 15:50:36.978,182.8137,41,182.8034,182.8241
2024-01-15 15:50:39.513,182.7731,251,182.7625,182.7837
2024-01-15 15:50:39.693,182.7773,165,182.7654,182.7891
2024-01-15 15:50:41.014,182.6632,432,182.6555,182.6708
2024-01-15 15:50:43.445,182.7565,187,182.7468,182.7662
2024-01-15 15:50:44.061,182.781,393,182.7732,182.7889
2024-01-15 15:50:44.357,182.8493,60,182.8418,182.8568
2024-01-15 15:50:51.876,182.9081,54,182.9001,182.9161
2024-01-15 15:50:53.982,182.9333,465,182.9157,182.9509
2024-01-15 15:50:56.661,183.0526,174,183.0398,183.0654
2024-01-15 15:50:56.733,183.1156,46,183.1091,183.1222
2024-01-15 15:50:59.148,183.0748,457,183.0617,183.0879
2024-01-15 15:50:59.885,182.9695,81,182.9612,182.9778
2024-01-15 15:51:03.032,182.9515,268,182.9434,182.9597
2024-01-15 15:51:04.096,182.9416,419,182.9254,182.9579
2024-01-15 15:51:07.300,182.8772,12,182.872,182.8823
2024-01-15 15:51:07.721,182.874,139,182.8673,182.8806
2024-01-15 15:51:11.191,182.7934,7,182.7801,182.8068
2024-01-15 15:51:12.477,182.8418,510,182.8257,182.8579
2024-01-15 15:51:16.618,182.7868,36,182.7741,182.7995
2024-01-15 15:51:18.456,182.6981,744,182.6885,182.7076
2024-01-15 15:51:19.295,182.8049,535,182.7894,182.8205
2024-01-15 15:51:19.406,182.8664,22,182.8555,182.8774
2024-01-15 15:51:24.951,182.8113,333,182.802,182.8207
2024-01-15 15:51:25.162,182.7986,401,182.7847,182.8124
2024-01-15 15:51:26.061,182.6716,499,182.6568,182.6863
2024-01-15 15:51:30.073,182.5801,762,182.573,182.5872
2024-01-15 15:51:32.005,182.6377,590,182.6235,182.6519
2024-01-15 15:51:32.266,182.6647,307,182.656,182.6734
2024-01-15 15:51:33.525,182.7227,129,182.715,182.7303
2024-01-15 15:51:37.826,182.6574,289,182.6446,182.6702
2024-01-15 15:51:42.032,182.617,87,182.5991,182.6349
2024-01-15 15:51:43.616,182.6562,49,182.646,182.6665
2024-01-15 15:51:44.618,182.7262,25,182.7156,182.7367
2024-01-15 15:51:48.584,182.7457,149,182.7369,182.7546
2024-01-15 15:51:49.080,182.8063,102,182.7983,182.8143
2024-01-15 15:51:49.653,182.8527,27,182.8452,182.8601
2024-01-15 15:51:51.986,182.8277,545,182.8081,182.8473
2024-01-15 15:51:53.146,182.7947,101,182.7897,182.7997
2024-01-15 15:51:53.442,182.8486,671,182.8335,182.8636
2024-01-15 15:51:54.231,182.8131,1094,182.803,182.8232
2024-01-15 15:51:54.247,182.9374,697,182.9272,182.9476
2024-01-15 15:51:54.273,182.898,273,182.8898,182.9063
2024-01-15 15:51:59.100,183.0496,209,183.0325,183.0666
2024-01-15 15:52:00.053,183.075,652,183.0693,183.0807
2024-01-15 15:52:00.533,183.0222,142,183.0158,183.0286
2024-01-15 15:52:01.459,182.938,278,182.9325,182.9435
2024-01-15 15:52:02.534,182.956,175,182.9375,182.9746
2024-01-15 15:52:03.745,182.9547,361,182.9417,182.9678
2024-01-15 15:52:05.598,183.0133,32,183.0051,183.0214
2024-01-15 15:52:07.626,182.9781,53,182.959,182.9972
2024-01-15 15:52:07.661,182.965,225,182.9578,182.9721
2024-01-15 15:52:11.948,182.872,477,182.852,182.892
2024-01-15 15:52:14.645,182.8962,263,182.8796,182.9128
2024-01-15 15:52:16.724,182.9335,315,182.9243,182.9428
2024-01-15 15:52:27.364,182.9332,21,182.9238,182.9426
2024-01-15 15:52:29.333,182.8071,233,182.7926,182.8216
2024-01-15 15:52:30.235,182.8444,169,182.8251,182.8637
2024-01-15 15:52:31.634,182.8304,58,182.8161,182.8446
2024-01-15 15:52:34.817,182.791,130,182.7753,182.8067
2024-01-15 15:52:38.137,182.8612,376,182.8461,182.8764
2024-01-15 15:52:39.490,182.8823,23,182.8708,182.8937
2024-01-15 15:52:43.805,182.7918,64,182.7732,182.8104
2024-01-15 15:52:43.831,182.7845,100,182.7794,182.7896
2024-01-15 15:52:48.949,182.8713,153,182.8611,182.8815
2024-01-15 15:52:50.623,182.8724,211,182.8668,182.8781
2024-01-15 15:52:52.679,182.8094,347,182.7921,182.8266
2024-01-15 15:52:53.525,182.7844,153,182.7722,182.7967
2024-01-15 15:52:53.562,182.777,77,182.7644,182.7896
2024-01-15 15:52:56.501,182.787,114,182.7682,182.8058
2024-01-15 15:52:57.852,182.8806,312,182.8674,182.8938
2024-01-15 15:53:01.676,182.9017,862,182.8915,182.912
2024-01-15 15:53:02.024,182.8606,69,182.8543,182.8669
2024-01-15 15:53:04.674,182.8953,275,182.8814,182.9091
2024-01-15 15:53:06.138,182.9148,133,182.8953,182.9344
2024-01-15 15:53:07.165,183.0004,82,182.992,183.0087
2024-01-15 15:53:07.851,183.0094,1077,182.9903,183.0286
2024-01-15 15:53:10.737,183.0435,680,183.0245,183.0625
2024-01-15 15:53:12.071,183.0903,132,183.0838,183.0968
2024-01-15 15:53:12.152,183.1186,99,183.1018,183.1355
2024-01-15 15:53:12.583,183.1567,231,183.1501,183.1633
2024-01-15 15:53:12.817,183.1076,563,183.089,183.1262
2024-01-15 15:53:13.004,183.2224,29,183.2062,183.2386
2024-01-15 15:53:13.750,183.2179,22,183.1986,183.2371
2024-01-15 15:53:15.169,183.2019,92,183.1951,183.2087
2024-01-15 15:53:15.772,183.1799,49,183.1682,183.1917
2024-01-15 15:53:17.893,183.2207,389,183.2147,183.2267
2024-01-15 15:53:20.138,183.1372,332,183.132,183.1425
2024-01-15 15:53:20.282,183.1475,69,183.1384,183.1566
2024-01-15 15:53:21.373,183.123,30,183.1077,183.1383
2024-01-15 15:53:27.025,183.1197,319,183.1101,183.1294
2024-01-15 15:53:29.179,183.1027,56,183.084,183.1213
2024-01-15 15:53:31.489,183.0605,48,183.0505,183.0706
2024-01-15 15:53:34.891,183.0921,122,183.0739,183.1103
2024-01-15 15:53:37.446,183.1369,89,183.1283,183.1456
2024-01-15 15:53:38.630,183.2434,43,183.2347,183.2522
2024-01-15 15:53:39.052,183.2676,244,183.2547,183.2804
2024-01-15 15:53:39.281,183.217,85,183.1979,183.2361
2024-01-15 15:53:39.804,183.2131,144,183.1952,183.231
2024-01-15 15:53:42.825,183.2105,175,183.1977,183.2234
2024-01-15 15:53:43.252,183.1351,5,183.1176,183.1525
2024-01-15 15:53:43.294,183.1616,627,183.1445,183.1787
2024-01-15 15:53:43.773,183.0994,382,183.0843,183.1144
2024-01-15 15:53:53.618,183.1908,315,183.1783,183.2032
2024-01-15 15:53:54.014,183.1986,67,183.1866,183.2105
2024-01-15 15:53:54.036,183.1587,936,183.1486,183.1689
2024-01-15 15:53:56.960,183.1502,26,183.1303,183.17
2024-01-15 15:53:58.747,183.1263,1236,183.1085,183.1441
2024-01-15 15:53:59.788,183.1607,429,183.145,183.1765
2024-01-15 15:53:59.978,183.1469,53,183.1382,183.1556
2024-01-15 15:54:00.364,183.1989,189,183.1834,183.2144
2024-01-15 15:54:01.223,183.251,541,183.2381,183.2639
2024-01-15 15:54:01.854,183.2183,24,183.2046,183.2321
2024-01-15 15:54:02.999,183.2971,288,183.2898,183.3044
2024-01-15 15:54:04.843,183.3462,408,183.3344,183.3579
2024-01-15 15:54:06.984,183.3368,144,183.3282,183.3454
2024-01-15 15:54:10.494,183.2827,26,183.2631,183.3023
2024-01-15 15:54:11.698,183.3408,90,183.3247,183.357
2024-01-15 15:54:13.156,183.3741,110,183.3634,183.3849
2024-01-15 15:54:14.847,183.2687,44,183.2581,183.2793
2024-01-15 15:54:15.564,183.2169,7,183.2074,183.2264
2024-01-15 15:54:16.498,183.1201,112,183.1014,183.1389
2024-01-15 15:54:21.023,183.0954,44,183.0831,183.1077
2024-01-15 15:54:22.476,183.0835,1,183.0782,183.0888
2024-01-15 15:54:25.977,183.0383,13,183.0266,183.0501
2024-01-15 15:54:26.027,183.0781,81,183.0587,183.0974
2024-01-15 15:54:26.137,183.0402,130,183.0338,183.0466
2024-01-15 15:54:26.211,183.0219,53,183.0138,183.0299
2024-01-15 15:54:26.845,183.0583,369,183.0503,183.0664
2024-01-15 15:54:28.976,183.1294,108,183.1178,183.1411
2024-01-15 15:54:30.294,183.1953,88,183.1754,183.2152
2024-01-15 15:54:33.489,183.2304,244,183.2161,183.2447
2024-01-15 15:54:34.080,183.3487,436,183.3327,183.3648
2024-01-15 15:54:34.193,183.4307,399,183.4163,183.4452
2024-01-15 15:54:34.985,183.4048,258,183.3921,183.4176
2024-01-15 15:54:35.189,183.402,98,183.3874,183.4165
2024-01-15 15:54:35.775,183.4294,243,183.4127,183.446
2024-01-15 15:54:36.675,183.3554,195,183.346,183.3647
2024-01-15 15:54:39.098,183.2995,365,183.2807,183.3183
2024-01-15 15:54:40.008,183.2926,394,183.2749,183.3104
2024-01-15 15:54:40.535,183.2818,593,183.2632,183.3004
2024-01-15 15:54:41.537,183.3022,99,183.2942,183.3102
2024-01-15 15:54:44.950,183.372,192,183.363,183.381
2024-01-15 15:54:47.255,183.4528,81,183.4352,183.4704
2024-01-15 15:54:48.877,183.4494,310,183.4439,183.455
2024-01-15 15:54:49.332,183.5584,68,183.5515,183.5653
2024-01-15 15:54:51.097,183.4701,92,183.4638,183.4764
2024-01-15 15:54:53.039,183.4739,117,183.4584,183.4894
2024-01-15 15:54:53.535,183.545,318,183.5328,183.5572
2024-01-15 15:54:55.759,183.4381,321,183.4221,183.454
2024-01-15 15:54:57.915,183.4307,604,183.4189,183.4425
2024-01-15 15:54:59.064,183.4699,294,183.4617,183.4781
2024-01-15 15:55:00.813,183.3667,263,183.3501,183.3834
2024-01-15 15:55:01.033,183.3271,311,183.3164,183.3377
2024-01-15 15:55:05.931,183.3279,277,183.3174,183.3384
2024-01-15 15:55:07.882,183.44,29,183.4208,183.4593
2024-01-15 15:55:11.106,183.4192,135,183.4103,183.4282
2024-01-15 15:55:12.658,183.5807,370,183.5747,183.5866
2024-01-15 15:55:13.399,183.5093,348,183.5027,183.5158
2024-01-15 15:55:14.205,183.5545,618,183.5394,183.5697
2024-01-15 15:55:14.506,183.5285,606,183.5089,183.5481
2024-01-15 15:55:16.560,183.6158,291,183.6058,183.6258
2024-01-15 15:55:17.965,183.6728,46,183.6599,183.6857
2024-01-15 15:55:18.461,183.6871,332,183.678,183.6962
2024-01-15 15:55:18.494,183.6167,323,183.6026,183.6308
2024-01-15 15:55:18.569,183.5988,59,183.5935,183.6042
2024-01-15 15:55:20.215,183.4756,87,183.4622,183.4889
2024-01-15 15:55:21.014,183.4252,79,183.4103,183.44
2024-01-15 15:55:21.891,183.494,175,183.4867,183.5012
2024-01-15 15:55:22.642,183.5127,11,183.5035,183.5219
2024-01-15 15:55:23.091,183.5369,337,183.5197,183.5542
2024-01-15 15:55:24.074,183.5986,563,183.589,183.6081
2024-01-15 15:55:24.092,183.6379,279,183.6221,183.6538
2024-01-15 15:55:24.952,183.6403,192,183.6265,183.6541
2024-01-15 15:55:25.076,183.5861,176,183.5777,183.5946
2024-01-15 15:55:25.611,183.5298,137,183.5194,183.5402
2024-01-15 15:55:27.027,183.5278,188,183.5138,183.5419
2024-01-15 15:55:29.776,183.4709,412,183.4581,183.4838
2024-01-15 15:55:30.063,183.4451,246,183.4351,183.4551
2024-01-15 15:55:30.162,183.3657,268,183.3564,183.3749
2024-01-15 15:55:32.568,183.3783,659,183.3695,183.3871
2024-01-15 15:55:34.407,183.4676,310,183.4596,183.4757
2024-01-15 15:55:37.604,183.5002,295,183.4916,183.5088
2024-01-15 15:55:37.897,183.6341,23,183.6186,183.6495
2024-01-15 15:55:38.073,183.5886,212,183.5747,183.6025
2024-01-15 15:55:42.967,183.6267,266,183.6138,183.6395
2024-01-15 15:55:43.323,183.6381,376,183.6238,183.6523
2024-01-15 15:55:43.776,183.7826,856,183.775,183.7901
2024-01-15 15:55:45.444,183.8275,292,183.8157,183.8392
2024-01-15 15:55:45.753,183.8811,1,183.8709,183.8912
2024-01-15 15:55:49.636,183.8851,251,183.8797,183.8905
2024-01-15 15:55:49.719,183.8602,8,183.8424,183.8779
2024-01-15 15:55:56.387,183.8515,76,183.8357,183.8672
2024-01-15 15:56:00.241,183.8533,273,183.8408,183.8658
2024-01-15 15:56:01.103,183.9749,172,183.9577,183.9921
2024-01-15 15:56:01.460,183.9065,204,183.893,183.9201
2024-01-15 15:56:02.671,183.9209,715,183.9041,183.9376
2024-01-15 15:56:02.704,183.9531,137,183.9459,183.9604
2024-01-15 15:56:06.904,184.0477,177,184.0382,184.0573
2024-01-15 15:56:09.869,184.0623,409,184.049,184.0757
2024-01-15 15:56:10.997,184.0777,95,184.0656,184.0899
2024-01-15 15:56:13.174,184.0565,29,184.0424,184.0707
2024-01-15 15:56:15.516,183.9578,514,183.9443,183.9714
2024-01-15 15:56:17.465,184.0982,82,184.0812,184.1153
2024-01-15 15:56:21.071,184.0948,459,184.0825,184.1072
2024-01-15 15:56:21.412,184.1233,123,184.1072,184.1394
2024-01-15 15:56:21.468,184.0609,156,184.0553,184.0665
2024-01-15 15:56:21.494,184.1038,128,184.0911,184.1166
2024-01-15 15:56:22.341,184.1041,59,184.0976,184.1106
2024-01-15 15:56:23.362,184.1625,233,184.1555,184.1695
2024-01-15 15:56:24.805,184.1024,257,184.0969,184.1079
2024-01-15 15:56:24.942,184.0702,371,184.0646,184.0759
2024-01-15 15:56:28.091,184.1388,169,184.1337,184.144
2024-01-15 15:56:29.776,184.0275,118,184.0127,184.0424
2024-01-15 15:56:29.888,184.0837,54,184.0701,184.0973
2024-01-15 15:56:31.020,184.0743,46,184.0603,184.0883
2024-01-15 15:56:33.026,184.1823,77,184.1656,184.1991
2024-01-15 15:56:33.067,184.3226,121,184.3124,184.3327
2024-01-15 15:56:33.913,184.3607,302,184.3455,184.3759
2024-01-15 15:56:34.114,184.1899,342,184.1734,184.2063
2024-01-15 15:56:34.412,184.1554,518,184.1423,184.1684
2024-01-15 15:56:35.704,184.1657,60,184.148,184.1834
2024-01-15 15:56:36.486,184.1662,464,184.1577,184.1747
2024-01-15 15:56:37.107,184.239,652,184.2245,184.2536
2024-01-15 15:56:39.446,184.1268,470,184.111,184.1427
2024-01-15 15:56:40.079,184.0866,459,184.0669,184.1063
2024-01-15 15:56:42.170,184.0457,100,184.0347,184.0566
2024-01-15 15:56:44.832,183.9796,433,183.9725,183.9867
2024-01-15 15:56:47.209,183.8579,166,183.8413,183.8745
2024-01-15 15:56:47.732,183.9122,488,183.9056,183.9187
2024-01-15 15:56:48.977,183.8429,21,183.8317,183.8541
2024-01-15 15:56:49.910,183.7855,125,183.7802,183.7907
2024-01-15 15:56:52.531,183.9202,118,183.9002,183.9401
2024-01-15 15:56:55.186,183.9253,496,183.9174,183.9332
2024-01-15 15:56:56.583,183.8805,14,183.8686,183.8923
2024-01-15 15:56:56.948,183.8706,429,183.8556,183.8856
2024-01-15 15:57:00.000,183.824,215,183.8131,183.835
2024-01-15 15:57:03.477,183.92,222,183.9056,183.9344
2024-01-15 15:57:04.847,183.9751,159,183.9666,183.9836
2024-01-15 15:57:06.592,183.9865,231,183.9716,184.0013
2024-01-15 15:57:10.652,184.077,443,184.066,184.088
2024-01-15 15:57:11.003,183.9993,60,183.9933,184.0053
2024-01-15 15:57:12.986,184.0226,102,184.0127,184.0325
2024-01-15 15:57:15.813,183.9237,16,183.9108,183.9365
2024-01-15 15:57:15.829,183.9428,689,183.9272,183.9585
2024-01-15 15:57:17.782,183.9118,402,183.8953,183.9282
2024-01-15 15:57:18.530,183.9831,93,183.9753,183.9909
2024-01-15 15:57:20.026,183.9805,198,183.9682,183.9928
2024-01-15 15:57:23.525,184.0803,291,184.0753,184.0853
2024-01-15 15:57:24.184,184.1186,81,184.1072,184.1301
2024-01-15 15:57:25.922,184.2409,585,184.2261,184.2556
2024-01-15 15:57:26.500,184.3262,1142,184.3097,184.3427
2024-01-15 15:57:27.058,184.2785,351,184.2593,184.2978
2024-01-15 15:57:29.160,184.4288,158,184.4195,184.438
2024-01-15 15:57:30.384,184.4713,11,184.4567,184.486
2024-01-15 15:57:30.948,184.491,1184,184.4846,184.4974
2024-01-15 15:57:31.631,184.4233,55,184.4053,184.4413
2024-01-15 15:57:36.181,184.4113,330,184.3961,184.4265
2024-01-15 15:57:36.535,184.3772,387,184.3605,184.3938
2024-01-15 15:57:36.812,184.3436,7,184.3383,184.349
2024-01-15 15:57:38.725,184.3902,461,184.3785,184.4019
2024-01-15 15:57:39.134,184.4142,135,184.3964,184.4321
2024-01-15 15:57:40.207,184.3551,10,184.3383,184.3719
2024-01-15 15:57:41.984,184.4071,144,184.3946,184.4195
2024-01-15 15:57:42.357,184.44,531,184.4344,184.4456
2024-01-15 15:57:42.561,184.3833,193,184.3692,184.3974
2024-01-15 15:57:44.746,184.2886,138,184.2739,184.3033
2024-01-15 15:57:45.682,184.2962,221,184.2832,184.3091
2024-01-15 15:57:45.918,184.3413,133,184.3267,184.3559
2024-01-15 15:57:46.539,184.3292,91,184.3108,184.3476
2024-01-15 15:57:46.730,184.3039,248,184.2913,184.3166
2024-01-15 15:57:52.148,184.3339,137,184.317,184.3509
2024-01-15 15:57:58.936,184.2887,361,184.2741,184.3033
2024-01-15 15:58:00.115,184.363,34,184.3445,184.3816
2024-01-15 15:58:02.269,184.4291,156,184.4178,184.4403
2024-01-15 15:58:04.706,184.4399,103,184.4258,184.4539
2024-01-15 15:58:05.955,184.4396,1260,184.4341,184.4451
2024-01-15 15:58:06.291,184.4931,501,184.4733,184.5129
2024-01-15 15:58:07.211,184.5703,133,184.5554,184.5852
2024-01-15 15:58:08.535,184.6193,647,184.6036,184.635
2024-01-15 15:58:11.897,184.6674,78,184.6547,184.6801
2024-01-15 15:58:13.659,184.6628,365,184.6511,184.6744
2024-01-15 15:58:15.087,184.6934,96,184.6743,184.7126
2024-01-15 15:58:17.435,184.7059,81,184.6878,184.7239
2024-01-15 15:58:19.332,184.7591,81,184.75,184.7682
2024-01-15 15:58:19.487,184.724,68,184.71,184.7381
2024-01-15 15:58:20.514,184.785,844,184.7696,184.8004
2024-01-15 15:58:22.030,184.7302,142,184.7215,184.739
2024-01-15 15:58:22.680,184.6911,642,184.6751,184.7071
2024-01-15 15:58:23.300,184.5345,150,184.5189,184.55
2024-01-15 15:58:23.434,184.6031,385,184.5894,184.6167
2024-01-15 15:58:25.677,184.5233,272,184.5079,184.5387
2024-01-15 15:58:26.578,184.5246,405,184.5108,184.5384
2024-01-15 15:58:26.829,184.5488,40,184.5361,184.5615
2024-01-15 15:58:27.761,184.5615,132,184.5504,184.5726
2024-01-15 15:58:32.848,184.4956,136,184.49,184.5011
2024-01-15 15:58:34.164,184.547,139,184.5332,184.5607
2024-01-15 15:58:35.658,184.4914,185,184.4738,184.5091
2024-01-15 15:58:36.597,184.4579,8,184.4521,184.4637
2024-01-15 15:58:36.626,184.412,502,184.3984,184.4257
2024-01-15 15:58:36.997,184.4106,72,184.3918,184.4295
2024-01-15 15:58:37.275,184.4449,12,184.4379,184.452
2024-01-15 15:58:40.125,184.423,17,184.4032,184.4427
2024-01-15 15:58:46.419,184.493,472,184.479,184.507
2024-01-15 15:58:46.765,184.5329,150,184.5188,184.5469
2024-01-15 15:58:47.290,184.6255,477,184.6121,184.6388
2024-01-15 15:58:47.894,184.6225,1435,184.6155,184.6295
2024-01-15 15:58:49.705,184.7271,552,184.7169,184.7374
2024-01-15 15:58:49.986,184.7314,60,184.723,184.7398
2024-01-15 15:58:58.605,184.7221,11,184.7064,184.7379
2024-01-15 15:59:02.010,184.6873,38,184.6736,184.701
2024-01-15 15:59:03.454,184.6073,80,184.5949,184.6197
2024-01-15 15:59:06.328,184.5564,420,184.5403,184.5725
2024-01-15 15:59:08.897,184.5473,255,184.5281,184.5664
2024-01-15 15:59:13.078,184.6236,446,184.6125,184.6346
2024-01-15 15:59:20.378,184.7304,106,184.7229,184.7379
2024-01-15 15:59:21.519,184.7041,254,184.6886,184.7195
2024-01-15 15:59:22.158,184.7217,93,184.7085,184.7349
2024-01-15 15:59:25.815,184.6099,58,184.6026,184.6172
2024-01-15 15:59:26.809,184.5054,67,184.4999,184.5109
2024-01-15 15:59:26.934,184.4566,301,184.4381,184.4752
2024-01-15 15:59:35.876,184.3817,11,184.3621,184.4014
2024-01-15 15:59:36.931,184.3016,146,184.29,184.3132
2024-01-15 15:59:37.009,184.2744,345,184.258,184.2908
2024-01-15 15:59:37.151,184.1945,449,184.1872,184.2018
2024-01-15 15:59:37.837,184.2247,177,184.2104,184.239
2024-01-15 15:59:38.327,184.2253,119,184.2145,184.2361
2024-01-15 15:59:39.396,184.051,127,184.0322,184.0697
2024-01-15 15:59:42.108,183.9347,285,183.918,183.9514
2024-01-15 15:59:43.542,183.8478,328,183.8372,183.8584
2024-01-15 15:59:46.166,183.8644,31,183.8501,183.8787
2024-01-15 15:59:50.263,183.8628,43,183.8493,183.8764
2024-01-15 15:59:50.791,183.9136,59,183.9038,183.9233
2024-01-15 15:59:51.090,183.9435,273,183.9317,183.9553
2024-01-15 15:59:52.517,183.9389,155,183.9324,183.9453
2024-01-15 15:59:53.402,183.8484,309,183.8405,183.8564
2024-01-15 15:59:54.018,183.9298,159,183.9133,183.9464
2024-01-15 15:59:54.050,183.8606,393,183.8481,183.873
2024-01-15 15:59:55.068,183.8749,75,183.8657,183.8841
2024-01-15 15:59:55.386,183.773,77,183.757,183.7889
2024-01-15 15:59:55.903,183.7293,72,183.7108,183.7477
2024-01-15 15:59:57.559,183.788,29,183.7716,183.8044
2024-01-15 15:59:57.715,183.7406,17,183.7263,183.755
2024-01-15 15:59:58.594,183.7334,724,183.7272,183.7396
2024-01-15 15:59:59.337,183.7458,308,183.7308,183.7608
