timestamp,open,high,low,close,volume,quote_volume,trade_count,taker_buy_vol,taker_buy_quote_vol
1609459200000,28948.19,29668.86,28627.12,29337.16,210716.398,6157505024.08511,1511793,101247.902,2960175587.62208
1609545600000,29337.15,33480.0,28958.24,32199.91,545541.08,17122938614.7061,3514545,273388.463,8578964529.70894
1609632000000,32198.41,34832.25,32000.02,33054.53,487486.989,16389111411.5276,3325307,238761.657,8029365512.72767
1609718400000,33053.93,33653.56,27800.0,32031.07,506128.023,15879195836.25302,3470951,242947.199,7626162910.4066
1609804800000,32029.55,34500.0,29900.0,33999.52,433720.833,13959353458.55198,3077140,214417.082,6904989558.83828
1609891200000,33999.51,37037.51,33356.46,36823.68,444019.83,15515216052.16546,3343780,221236.888,7735680984.28917
1609977600000,36825.77,40565.62,36337.36,39498.92,520147.908,19955559504.79166,3936708,257944.968,9900486395.62111
1610064000000,39498.32,42125.51,36539.77,40637.23,518080.826,20667265854.49486,4247011,254344.167,10152865266.04328
1610150400000,40638.91,41539.88,38733.28,40136.04,260882.805,10520523013.40685,2489926,126105.315,5086880791.19798
1610236800000,40136.05,41412.12,35268.0,38221.67,436759.048,17027093434.55105,3699058,211717.223,8261995935.20996
1610323200000,38200.01,38322.18,30448.0,35408.46,906275.651,30742156595.35393,7483656,443696.59,15052872048.13838
1610409600000,35406.92,36693.44,32600.0,34056.9,449065.693,15590695938.85224,4292644,222279.828,7719925265.67209
1610496000000,34065.53,37880.0,32420.0,37421.07,398188.088,13803091615.05157,3801367,199377.684,6916994865.68764
1610582400000,37416.34,40189.39,36764.33,39163.31,353142.386,13663753723.40309,3501513,175843.746,6805766674.20038
1610668800000,39163.31,39790.0,34478.0,36755.24,437610.113,16148530126.35195,4212641,215685.402,7958729167.12342
1610755200000,36755.25,38000.0,35366.0,36025.66,301102.477,11103654689.8084,3011057,146509.381,5406319579.73528
1610841600000,36025.65,36898.0,33863.5,35869.83,287686.129,10206002445.01776,2832554,142749.218,5067322177.93342
1610928000000,35875.72,37547.94,34808.47,36686.86,253386.703,9167208119.70183,2509593,126929.278,4593293225.33017
1611014400000,36690.0,37961.0,35850.0,35891.03,257889.419,9530202433.37249,2463060,127747.175,4722978204.94744
1611100800000,35891.74,36461.44,33403.0,35500.0,329192.419,11521126165.52288,3069181,160202.354,5609941255.6082
1611187200000,35499.23,35636.17,30069.9,30879.97,550562.277,17863845664.01804,4767974,269649.681,8750951225.90137
1611273600000,30875.77,33831.52,28880.0,32986.34,453568.538,14265924156.72767,4072699,225783.671,7105649881.87084
1611360000000,32990.08,33495.0,31405.0,32086.48,256776.411,8300485557.20308,2533905,126744.171,4098792684.45926
1611446400000,32086.48,33125.75,30914.2,32275.63,212107.044,6824806447.15319,2205550,106443.006,3426090935.55021
1611532800000,32274.88,34880.0,31921.47,32253.68,316687.524,10588161978.70822,2871028,157598.395,5269771249.60753
1611619200000,32253.68,32950.0,30810.0,32474.14,346861.707,11060562208.1513,3088089,172363.344,5498592866.30905
1611705600000,32474.81,32562.2,29240.0,30381.04,431022.839,13269633440.99824,3665833,213394.744,6569777789.60455
1611792000000,30382.96,33778.95,29843.33,33399.75,311528.373,9909261735.25709,2824829,158511.479,5044260580.57025
1611878400000,33399.99,38641.1,31960.0,34269.35,713579.785,25293550971.74301,5920737,355439.304,12607381324.40294
1611964800000,34267.04,34988.88,32849.06,34289.85,267861.872,9109013883.23461,2754794,133627.383,4545355581.08445
1612051200000,34284.76,34393.22,32193.04,33126.21,211293.891,7052326918.52193,2233259,103318.718,3448995451.58184
1612137600000,33125.11,34720.0,32322.47,33546.09,240632.325,8121385637.13714,2421173,122660.726,4140348904.80228
1612224000000,33546.08,36041.0,33450.0,35504.06,239856.23,8364687573.37923,2345193,123537.063,4307892154.68184
1612310400000,35504.07,37700.0,35410.0,37652.51,240308.078,8788925454.96376,2331826,121022.039,4426236187.28981
1612396800000,37651.92,38833.0,36233.0,36976.93,306715.022,11507154016.35826,2825262,150086.367,5633298481.01459
1612483200000,36975.19,38411.82,36586.68,38362.65,196277.444,7395595524.77548,2144343,97203.231,3663358803.14247
1612569600000,38357.17,40992.4,38269.0,39249.54,310826.315,12369698321.04784,3050313,154728.277,6158712068.9744
1612656000000,39249.53,39757.87,37403.27,38849.25,296721.925,11466152232.53475,2896234,143721.734,5556013185.10293
1612742400000,38849.24,47146.0,38037.0,46451.32,440167.093,18769855154.62719,4374347,223454.335,9531054201.64643
1612828800000,46451.32,48266.36,45057.65,46492.54,381477.426,17820342806.81088,3957333,185490.943,8668372535.76928
1612915200000,46492.53,47475.0,43770.0,44850.0,334979.017,15286260787.69888,3259151,163672.458,7471185203.89336
1613001600000,44850.0,48810.0,44038.97,48060.21,330540.045,15468624715.76271,3326357,164596.168,7703204734.55109
1613088000000,48060.21,49278.98,46121.0,47361.03,259186.288,12341281000.02568,2862051,127514.459,6074419175.14162
1613174400000,47364.0,48290.0,46252.1,47221.62,199965.397,9438075938.38798,2253613,97689.069,4611739861.20951
1613260800000,47221.63,49875.16,47093.16,48655.21,241935.666,11797051402.90574,2598883,119727.737,5838366527.84185
1613347200000,48655.21,49100.0,45349.21,47981.58,248960.404,11872149326.83184,2721739,119328.817,5693484067.17141
1613433600000,47981.6,50953.44,47101.02,49197.94,343592.011,16865499630.28187,3477742,170702.582,8383271303.03656
1613520000000,49197.93,52800.0,49029.62,52194.62,312007.458,15897490858.65766,3332737,157467.485,8026680480.35362
1613606400000,52194.62,52640.0,50948.0,51619.7,185489.89,9627115933.97444,2199927,88315.345,4584365118.70008
1613692800000,51612.46,56582.0,50800.0,56004.1,257911.872,13784775685.92855,2913704,129990.325,6952543903.37133
1613779200000,56005.85,57699.0,53905.0,55917.41,240296.308,13529409884.87238,2830372,115701.933,6517025362.77697
1613865600000,55908.45,58472.14,55564.5,57487.43,196820.573,11254047090.53712,2277504,97912.556,5599464711.05343
1613952000000,57475.5,57591.87,47751.42,54121.1,480660.187,25951996709.77277,4903878,228365.294,12342132886.7966
1614038400000,54125.55,54260.12,44893.82,48930.0,748737.462,36297078764.52196,8009736,368110.652,17851832105.3483
1614124800000,48930.01,51435.58,47000.0,49702.03,333415.219,16590055728.58514,3748411,165014.334,8212207708.16425
1614211200000,49702.05,52134.96,46685.43,47089.37,349943.016,17447887799.89135,3922104,172353.771,8600369481.86736
1614297600000,47087.97,48438.01,44100.0,46313.13,440670.32,20499678357.29738,4687978,217772.731,10135954016.12082
1614384000000,46313.12,48476.05,44926.77,46102.63,256027.074,12038528819.38199,2956397,126959.956,5969498435.10788
1614470400000,46097.09,46678.0,43002.05,45163.36,370358.825,16549302262.98406,4080209,183636.78,8206337628.79557
1614556800000,45162.64,49800.0,44972.49,49592.7,315659.931,15061638936.4441,3611436,158078.422,7544487587.25809
1614643200000,49594.99,50221.77,47058.06,48450.57,273100.435,13251422043.06818,2970983,133977.099,6501372777.38002
1614729600000,48454.21,52681.51,48110.66,50373.75,350311.234,17795826816.36179,3781970,176625.272,8973331373.35146
1614816000000,50373.75,51800.0,47500.0,48385.77,387428.957,19138827120.97486,4199301,188509.044,9316363162.0446
1614902400000,48385.77,49470.0,46320.0,48770.57,354602.756,16912469978.52838,3864290,175791.28,8385994290.72248
1614988800000,48772.68,49253.63,47090.0,48908.21,215092.91,10381734354.30114,2557063,106587.185,5145716456.27842
1615075200000,48908.21,51480.0,48908.21,50995.27,248398.116,12500440245.10043,2883079,125296.257,6305916043.13975
1615161600000,50991.35,52450.0,49310.0,52429.43,308339.866,15655716338.59208,3279581,155092.51,7877090707.62844
1615248000000,52429.43,54950.0,51880.0,54917.78,285604.798,15409273884.4457,3312320,140878.102,7601587041.40018
1615334400000,54917.78,57500.92,53061.0,55947.98,401159.493,22279865576.81882,4457083,197030.813,10945834708.3222
1615420800000,55949.3,58283.0,54356.44,57844.52,364681.318,20569039537.4537,4355363,177889.476,10037536966.99869
1615507200000,57842.64,58186.33,55074.3,57291.03,335495.042,19043301948.5384,4054963,163059.636,9258204347.64983
1615593600000,57291.04,61950.0,56136.0,61267.41,320322.173,18993462517.01946,3901445,163088.218,9672335710.00012
1615680000000,61267.41,61798.0,59005.0,59037.12,231991.901,14012489135.14827,2783273,111414.603,6732127310.64745
1615766400000,59037.11,60740.0,54517.28,55646.61,448820.83,25683051451.71488,4839296,216862.556,12413877922.53143
1615852800000,55646.61,56988.0,53335.0,56954.19,339718.202,18756792660.06864,4041818,167192.901,9235749666.02367
1615939200000,56953.23,59078.79,54154.93,58959.0,339397.712,19076274044.57065,3916228,168453.582,9472373944.11505
1616025600000,58959.01,60510.0,57072.0,57700.01,305100.026,17876750420.56641,3505186,146854.697,8607128783.55504
1616112000000,57700.01,59550.0,56301.27,58089.11,259039.479,15107378224.02806,3136922,128071.253,7471941657.80573
1616198400000,58089.11,59948.0,57881.0,58145.61,203680.149,12000524068.54844,2543381,100819.551,5941806972.7423
1616284800000,58144.44,58638.7,55403.55,57415.18,237518.696,13576194106.98524,2940088,115249.868,6588584990.97905
1616371200000,57415.19,58500.0,53635.81,54129.56,293062.947,16556509289.78695,3557593,140398.942,7936406259.2297
1616457600000,54129.56,55890.68,52981.4,54400.0,276199.041,15088688822.77058,3202573,134532.639,7351102130.74858
1616544000000,54400.0,57234.79,51666.0,52311.54,394172.526,21637316948.63563,4140709,189909.676,10427034831.44092
1616630400000,52307.89,53255.2,50452.08,51325.21,416848.091,21627711387.30238,4302154,204849.29,10630602356.39878
1616716800000,51325.21,55123.0,51260.0,55030.0,271957.842,14483003307.72439,2948225,136780.445,7286122829.28683
1616803200000,55030.0,56658.76,54001.0,55828.0,234435.346,12939134315.65276,2589316,117057.48,6461486294.95898
1616889600000,55828.0,56588.31,54694.91,55805.08,200603.768,11188756872.79973,2260517,97635.468,5446627096.1074
1616976000000,55804.16,58490.11,54931.15,57677.64,277215.268,15858571872.53349,3043409,138125.585,7902278216.89052
1617062400000,57676.14,59560.0,57110.0,58794.16,232824.065,13629362092.38509,2568718,115846.127,6782192557.11194
1617148800000,58794.17,59920.0,56812.0,58807.24,337038.349,19776038991.85102,3429371,165663.891,9722384780.61966
1617235200000,58810.99,59592.22,58002.0,58794.01,196332.114,11561694922.60452,2133428,94680.735,5576910250.62599
1617321600000,58797.56,60397.85,58490.03,59031.36,189391.958,11251166314.77901,2130064,92589.845,5501759219.26745
1617408000000,59028.99,59925.0,56900.0,57134.65,198636.171,11672141257.5295,2247303,93687.055,5507316845.02153
1617494400000,57134.65,58553.0,56517.23,58234.61,152454.122,8785593781.4487,1778714,74594.627,4298930356.92053
1617580800000,58234.61,59385.0,56808.94,59243.39,174338.646,10144751892.15272,2011408,86261.207,5020733701.78477
1617667200000,59243.4,59626.18,57500.0,58059.99,165562.029,9681501016.80336,1949118,78636.425,4599489382.51682
1617753600000,58060.0,58720.0,55536.07,56018.18,265271.707,15106714000.51917,2888669,127561.23,7266072196.91067
1617840000000,56018.17,58200.0,55759.13,58122.26,161389.858,9238696877.00206,1886407,79929.236,4575915375.846
1617926400000,58122.93,58950.0,57700.0,58176.03,141690.144,8260112160.68546,1631493,68304.747,3982540627.14329
1618012800000,58176.04,61800.0,57943.95,59832.43,240907.592,14476191585.21529,2568013,119096.213,7157469285.62444
1618099200000,59832.43,60816.88,59304.02,60090.2,148499.824,8896497492.08689,1746745,72619.76,4351151151.09791
1618185600000,60093.26,61449.91,59500.0,59911.18,196147.561,11824507197.55324,2141177,95108.161,5734975155.22372
1618272000000,59911.19,63850.0,59873.01,63649.71,279389.492,17408986053.32569,2892252,140923.132,8780939219.37818
1618358400000,63645.05,64986.11,61404.0,63019.1,323454.88,20512671253.01205,3346550,156510.701,9929585946.74859
1618444800000,63018.34,63905.83,62157.89,63232.55,178604.198,11249310339.67892,2024715,87075.284,5485022345.59523
1618531200000,63232.56,63600.0,60100.0,61424.67,255765.893,15740427372.09463,2804338,121036.23,7449257284.08417
1618617600000,61424.67,62610.0,59620.0,60090.14,194112.299,11862499746.34749,2207548,93148.597,5693534487.52435
1618704000000,60090.14,60450.0,50050.0,56140.05,522006.276,29025717493.56943,6123918,252168.822,14018811988.55912
1618790400000,56140.05,57532.7,54200.0,55634.39,285041.716,15980367367.83548,3236025,143616.601,8051128791.40327
1618876800000,55634.38,57060.0,53330.82,56410.56,324494.085,17936263515.6146,3582497,162242.595,8971427492.43393
1618963200000,56411.25,56756.78,53610.0,53800.0,252601.972,13965417339.88797,2845696,123964.306,6854806169.00296
1619049600000,53794.72,55470.51,50534.34,51714.61,453489.185,24205456559.06127,4873286,221218.308,11813566887.35889
1619136000000,51714.62,52152.0,47546.16,51122.62,554666.026,27531602634.09058,6054609,274558.141,13629077944.53636
1619222400000,51122.63,51183.51,48690.0,50092.4,299663.131,14965045326.88724,3282516,149703.941,7477472717.86995
1619308800000,50094.27,50577.9,46930.43,49063.94,310306.501,15286993330.1604,3435937,153656.562,7571006217.21005
1619395200000,49063.94,54364.89,48763.0,53984.33,390494.148,20594394185.15647,4041188,197841.645,10431552962.91697
1619481600000,53984.34,55500.0,53225.14,55006.25,225440.361,12306057432.26168,2477387,112884.676,6162834063.94718
1619568000000,55006.25,56574.13,53852.0,54861.77,263170.559,14420430887.67137,2888503,131082.5,7183518215.47213
1619654400000,54861.76,55222.02,52350.0,53558.8,257045.19,13822718178.83627,2688481,127031.172,6833291872.42656
1619740800000,53558.57,57935.0,53043.62,57684.16,294683.751,16384605220.97516,3019948,149518.525,8315079818.67337
1619827200000,57688.29,58488.17,57051.23,57836.34,207854.398,12008585817.99517,2169172,101536.816,5866748058.07978
1619913600000,57836.35,57959.97,56100.0,56630.33,203712.515,11572672993.01727,2158896,99756.992,5667719491.5747
1620000000000,56630.34,59056.59,56500.65,57214.83,271733.972,15734811253.15819,2777144,132370.598,7666370909.6023
1620086400000,57214.84,57253.76,53094.59,53263.32,388988.754,21460954657.1204,4022066,186838.898,10309863586.1052
1620172800000,53263.32,57940.0,52880.38,57497.77,317811.705,17803582010.46668,3168133,157928.022,8849371121.13764
1620259200000,57497.76,58450.0,55297.91,56435.35,275471.204,15686629190.12539,2863753,132665.788,7557562897.49729
1620345600000,56435.35,58800.0,55300.0,57350.88,256159.504,14595837163.97394,2804212,126475.962,7207953072.36045
1620432000000,57350.89,59590.96,56961.25,58924.98,264906.729,15519326694.29709,2983532,131000.734,7675508227.49895
1620518400000,58926.36,59335.19,56316.0,58292.53,245954.014,14240035980.97883,2634641,119645.903,6927804257.57439
1620604800000,58292.53,59654.0,53250.0,55869.67,396237.133,22695249844.91265,4094344,189136.115,10844077454.67398
1620691200000,55869.41,56908.66,54541.33,56710.43,267226.104,14894271373.24978,2884389,132260.278,7373159319.90101
1620777600000,56712.7,58049.99,48503.74,49595.76,472329.152,25827757899.75109,4959229,226300.237,12397437399.69988
1620864000000,49596.75,51358.0,45596.32,49707.9,652476.689,32261339754.84351,7526904,322110.313,15935570082.47099
1620950400000,49706.27,51533.0,48870.41,49873.27,319069.002,16003223041.87315,3217006,157823.335,7916975492.34399
1621036800000,49873.26,50709.43,46584.32,46793.41,442023.496,21481317002.84265,4479965,217900.451,10593652751.25961
1621123200000,46794.62,49829.39,43866.0,46429.28,604537.63,28364127431.87493,6085883,299652.078,14063688008.36275
1621209600000,46429.28,46655.0,42151.0,43566.18,809129.365,35658317191.93991,8158638,401014.247,17674388203.07161
1621296000000,43565.11,45846.61,42268.0,42882.53,590358.592,25938880316.66994,5914414,292955.199,12878099303.52242
1621382400000,42882.54,43615.93,28688.0,36689.14,1373851.849,52959873009.79825,14748747,669982.224,25845935628.43135
1621468800000,36689.14,42460.0,34882.0,40500.3,775185.113,30672617975.08359,9532573,394043.218,15593739946.04254
1621555200000,40500.0,42270.42,33400.0,37211.02,930671.747,35509680104.40348,10769140,469515.149,17925522942.5518
1621641600000,37210.01,38851.34,35201.11,37432.58,588166.784,21993863634.95327,6992444,297486.129,11127660763.09632
1621728000000,37436.0,38261.71,31096.7,34651.6,996815.017,34118866979.40657,11641510,506715.498,17345904702.89521
1621814400000,34656.53,39917.09,34366.0,38779.66,707903.071,26315302276.99865,7477510,360446.724,13400814836.74986
1621900800000,38783.58,39790.05,36439.32,38326.84,598836.411,22712004628.95159,6334066,298979.695,11341036451.33269
1621987200000,38326.84,40900.0,37804.76,39224.2,577032.81,22649858073.55562,5587876,282381.294,11086961304.74953
1622073600000,39224.21,40438.82,37133.22,38527.38,543338.566,21083767719.11829,5251225,271687.677,10546081512.4864
1622160000000,38527.38,38888.35,34689.57,35670.99,832363.425,30299787311.85723,7510187,412404.682,15015237037.52811
1622246400000,35670.99,37375.0,33650.0,34611.94,733902.825,25787790806.9165,7000689,367446.003,12913333052.2128
1622332800000,34611.95,36501.0,33356.0,35651.81,511834.746,18116421636.30937,4973296,257610.913,9120678575.43941
1622419200000,35651.8,37500.0,34150.0,37243.38,635082.121,22929964892.0569,5580461,321542.813,11612743466.13245
1622505600000,37244.36,37893.76,35500.0,36693.41,590822.54,21609364827.08958,5297320,291774.994,10673866023.68145
1622592000000,36694.37,38232.99,35905.0,37569.99,441719.806,16479965808.26946,4080217,223993.314,8358143926.28754
1622678400000,37570.0,39470.0,37150.15,39247.4,507429.005,19590443294.67527,4505482,254932.483,9843247414.77212
1622764800000,39247.4,39297.35,35552.51,36828.03,700625.866,25922946606.60956,6025185,345357.923,12774740375.75271
1622851200000,36828.03,37900.49,34800.0,35498.62,631028.448,22946553087.06278,5611429,314764.238,11449282806.42592
1622937600000,35497.93,36521.16,35201.86,35801.71,443601.064,15937978040.90477,3944742,223278.007,8024370238.93679
1623024000000,35801.71,36820.0,33200.0,33550.96,636735.873,22666564580.47221,5458401,310818.01,11073658295.09303
1623110400000,33550.97,34061.57,30969.0,33372.58,976693.026,31912200461.05386,8000201,498099.819,16278416362.2809
1623196800000,33372.58,37511.31,32390.0,37368.45,1031014.087,36050659489.10996,8470399,537306.363,18796151375.77446
1623283200000,37369.99,38489.0,35750.0,36669.66,803185.699,29775084407.93657,6960056,404579.353,15001513325.93235
1623369600000,36669.65,37679.54,35900.0,37300.42,586122.898,21668792470.73891,5557717,295845.744,10939750582.11919
1623456000000,37300.41,37432.95,34585.9,35537.05,623532.476,22229082760.92563,5782385,309751.368,11043722494.43351
1623542400000,35535.95,39374.18,34739.06,38993.65,647035.314,23729185499.53586,6085040,337261.471,12374577556.53247
1623628800000,38993.66,41000.0,38720.0,40489.1,704979.881,28043323953.58158,6811137,355119.315,14128754783.28046
1623715200000,40489.1,41413.0,39500.0,40132.86,632066.994,25426404028.57427,5854306,314409.675,12650483167.50543
1623801600000,40132.86,40495.0,38105.0,38344.97,673235.496,26431149487.44754,6317711,331713.202,13025303413.01145
1623888000000,38344.97,39565.0,37334.76,38060.71,603849.861,23274089670.0265,5362882,295854.255,11406245614.85416
1623974400000,38060.71,38198.0,35100.0,35811.41,790379.249,29108720481.11914,6722621,384890.019,14175092156.81465
1624060800000,35811.41,36471.8,34704.08,35483.0,642185.382,22933053073.80613,5504522,325285.229,11619914713.00306
1624147200000,35483.01,36155.0,33312.0,35588.64,829896.441,28839255734.67477,6811270,414731.625,14413500146.30341
1624233600000,35588.63,35746.28,31250.51,31606.0,1397330.662,45999742162.57469,11529993,695656.128,22900777630.75992
1624320000000,31606.0,33274.0,28780.01,32496.0,1531824.85,48118035155.63216,12592839,777675.178,24441934051.07848
1624406400000,32496.0,34867.77,31711.5,33649.0,960700.369,32385728391.32214,8005763,485348.455,16366636856.60897
1624492800000,33650.0,35406.74,32300.0,34644.64,774899.165,26142284529.30551,6393985,394437.794,13312586655.91992
1624579200000,34644.65,35500.0,31250.0,31568.07,1093051.375,36220815800.34415,8575198,541149.203,17936513486.82303
1624665600000,31569.18,32720.52,30120.0,32255.56,1091384.749,34169368151.21496,8830795,557734.296,17466170545.4379
1624752000000,32250.15,34762.0,31960.0,34687.71,897147.453,29675701648.44259,7266511,454619.868,15045295595.19429
1624838400000,34687.71,35279.38,33855.0,34487.22,706158.545,24347802821.64672,6016466,355069.274,12246040828.13715
1624924800000,34486.58,36623.0,34206.0,35911.26,806140.329,28651151982.42255,6564763,409013.437,14537250410.0221
1625011200000,35910.64,36089.96,34042.74,35031.39,719742.983,25089717253.91246,5747819,356802.679,12438366589.28018
1625097600000,35031.39,35044.98,32672.04,33489.96,758966.493,25510026886.15879,5725261,375106.718,12606410327.93259
1625184000000,33489.96,33960.0,32684.0,33760.94,664923.202,22117194903.82862,5408686,340677.815,11334703899.01985
1625270400000,33760.94,34948.16,33296.98,34652.94,510614.258,17523073397.64332,3994573,260819.897,8950980444.32045
1625356800000,34653.32,35955.55,34340.75,35280.16,451001.556,15913944818.06252,3486378,226888.582,8006374310.35749
1625443200000,35280.17,35281.55,33032.0,33672.72,736706.409,25080538853.9889,5192876,360470.052,12271202611.23374
1625529600000,33672.72,35120.0,33500.0,34206.01,644229.007,22007603921.1366,5169120,322753.561,11027629244.3437
1625616000000,34206.0,35089.56,33756.48,33845.64,456218.909,15756590092.29847,4023843,227742.653,7867728707.26984
1625702400000,33845.63,33910.0,32066.0,32852.04,650317.664,21360817082.62111,5260499,323160.995,10615570597.9929
1625788800000,32855.0,34100.0,32250.0,33805.01,485662.879,16088319381.03029,4150223,250884.926,8312998964.20329
1625875200000,33805.01,34248.58,33010.0,33497.98,410271.979,13822726226.60229,3501607,204915.729,6906014551.50074
1625961600000,33497.98,34629.62,33306.03,34253.81,343905.35,11640701255.89198,3000523,176940.803,5990846866.86341
1626048000000,34253.88,34662.73,32650.0,33070.87,502747.758,16891641370.32395,4018132,245962.609,8265506238.32986
1626134400000,33070.86,33336.0,32186.99,32709.09,466567.713,15294563607.10545,3656943,234107.388,7675802680.57234
1626220800000,32708.66,33176.47,31556.02,32803.01,521140.41,16871855472.03737,4012431,262021.05,8485513802.58707
1626307200000,32803.0,33170.0,31140.0,31866.43,539111.667,17249306209.93983,4036910,263010.043,8416797835.08934
1626393600000,31865.53,32245.0,31018.59,31382.95,516577.743,16377889184.44778,3914018,262402.614,8320877289.58821
1626480000000,31382.96,31945.0,31150.02,31496.65,422650.418,13327067038.85016,3259417,215057.568,6782243444.37977
1626566400000,31496.65,32435.93,31075.1,31767.0,412189.401,13084053080.66186,3159782,206750.025,6564247416.45307
1626652800000,31765.23,31890.0,30358.77,30823.62,486305.627,15114690213.58257,3696993,239872.092,7457837382.74176
1626739200000,30823.62,31050.0,29242.24,29775.9,602688.19,17961608394.43468,4318098,300341.487,8950176484.83061
1626825600000,29775.89,32883.9,29472.41,32120.0,787077.39,24708991011.44716,5398212,408430.273,12814699908.94617
1626912000000,32120.0,32583.48,31700.0,32268.11,397258.936,12754500028.76495,3291672,200967.505,6453550589.50494
1626998400000,32268.12,33650.0,31970.82,33634.46,404650.016,13173247545.9248,3284595,209327.397,6819041424.33657
1627084800000,33631.74,34471.0,33379.81,34230.0,376046.028,12732082908.68063,3121090,190979.219,6467135429.17749
1627171200000,34230.0,35400.0,33812.0,35370.66,404114.844,13893942170.58207,3362822,207376.594,7134453269.4537
1627257600000,35370.67,48168.6,35185.49,37218.09,1162332.857,44475672628.66526,9156876,586176.914,22425600825.52282
1627344000000,37218.09,39546.34,36384.31,39442.33,675104.157,25492243891.00927,5881831,340143.342,12848462227.13766
1627430400000,39448.06,40894.0,38753.0,40003.08,736196.234,29337785847.17598,6959669,365704.726,14579463697.26577
1627516800000,40003.08,40665.0,39203.83,40012.9,463917.872,18494873369.9317,4559744,233268.288,9302179707.59268
1627603200000,40012.89,42316.6,38320.0,42203.25,561474.309,22382077430.50685,5291572,284487.227,11351258183.49808
1627689600000,42202.6,42494.0,41030.19,41448.11,381521.899,15885174209.01891,3846882,186824.054,7779977716.89137
1627776000000,41448.1,42614.98,39350.4,39846.78,487529.044,20123271133.84008,4662543,237744.158,9821130502.65732
1627862400000,39846.78,40450.0,38658.0,39147.48,451872.128,17868768676.14336,4318497,222510.659,8801433868.58386
1627948800000,39147.47,39774.93,37600.0,38203.26,517219.517,19870811472.42814,4801837,254829.126,9792216851.03109
1628035200000,38201.33,39975.32,37500.0,39731.31,479560.473,18566815767.50786,4413240,240426.769,9310224823.65381
1628121600000,39731.31,41350.0,37291.0,40882.4,746249.712,29293280083.50881,6512116,371863.38,14601667628.04093
1628208000000,40882.39,43400.0,39849.82,42825.43,653451.154,27084444322.36515,6108565,331004.461,13721544659.93005
1628294400000,42825.43,44753.01,42395.2,44601.11,583750.891,25434912724.49232,5973520,295584.445,12883268256.66359
1628380800000,44601.11,45350.0,43265.0,43787.71,553684.698,24546996022.15984,5639557,276106.656,12243631779.9059
1628467200000,43787.71,46483.0,42785.0,46259.7,626220.503,28215980001.728,6262199,316796.461,14276727540.04512
1628553600000,46259.7,46800.0,44670.05,45589.99,460478.861,20993395642.65772,4679043,226898.781,10347321972.82084
1628640000000,45589.99,46754.27,45354.0,45522.12,390660.571,18016171890.37027,3948283,194652.975,8978680567.4774
1628726400000,45522.13,46226.67,43800.0,44385.09,468276.056,21002449071.36338,4731727,230524.439,10342004426.97416
1628812800000,44385.09,47980.69,44208.88,47792.52,438025.46,20268188738.82734,4397367,224999.55,10413063530.06627
1628899200000,47792.52,48300.0,46000.0,47083.74,374368.796,17592436753.37547,3874327,184208.521,8659821371.3951
1628985600000,47083.75,47388.75,45480.0,47006.02,370950.807,17184325858.98103,3856811,182320.165,8446265394.7841
1629072000000,47006.02,48074.23,45682.03,45926.23,412537.605,19341043030.76062,4045954,201112.169,9431523717.39454
1629158400000,45926.23,47194.0,44412.01,44704.84,474316.4,21777823959.04203,4617189,230091.679,10569169050.4301
1629244800000,44704.85,46050.0,44227.32,44714.09,395836.158,17865646754.68377,4068589,198145.782,8945317255.97245
1629331200000,44714.09,47100.0,43938.38,46772.0,439402.162,19883402232.55334,4289786,221338.968,10021661857.69602
1629417600000,46772.0,49500.0,46650.0,49332.74,401499.081,19242378733.46022,3984145,205499.228,9850869343.91272
1629504000000,49332.99,49833.0,48250.0,48848.29,347594.451,17049427213.4425,3387346,173433.357,8507712124.16355
1629590400000,48846.11,49556.2,48075.81,49273.28,294672.223,14395479952.62928,2925925,146268.093,7147255100.99184
1629676800000,49273.28,50600.0,49075.01,49523.91,355733.496,17745733776.00453,3345792,175956.297,8778713187.66257
1629763200000,49523.23,49888.88,47600.0,47719.36,398682.002,19450210328.35084,3585585,193775.029,9455239479.13845
1629849600000,47719.37,49297.8,47130.57,48992.65,389100.384,18737744219.73293,3410366,194689.116,9377561685.95746
1629936000000,48992.65,49380.0,46280.0,46853.06,475183.123,22473235582.72602,4109457,230104.076,10882546865.84612
1630022400000,46854.22,49220.0,46359.97,49083.98,403667.012,19245054649.6343,3627060,205164.652,9784560548.71865
1630108800000,49082.13,49333.0,48395.65,48931.99,222793.024,10891802522.97636,2305599,109948.674,5376041357.07675
1630195200000,48931.99,49769.2,47741.31,48795.41,315105.499,15338512478.0667,2921430,155344.998,7564561738.66223
1630281600000,48795.42,48916.25,46876.49,47024.7,351830.754,16883434689.08808,3200639,169917.924,8155152972.32927
1630368000000,47024.69,48298.0,46731.03,47150.32,365548.209,17331998427.24321,3297842,181913.89,8626841720.98086
1630454400000,47150.32,49160.79,46550.99,48842.94,350108.374,16740393336.66525,3281474,175891.948,8411757819.98881
1630540800000,48842.93,50420.0,48631.2,49299.14,361863.055,17997935761.14562,3429775,179442.573,8925896891.22235
1630627200000,49299.14,51111.0,48333.0,50027.08,430326.386,21513177165.61612,3937764,215451.423,10774514331.29711
1630713600000,50027.09,50582.08,49360.0,49940.74,274956.842,13759937547.8914,2715890,136190.266,6816489865.12176
1630800000000,49942.2,51950.0,49462.59,51799.57,288984.124,14588935796.41607,2959186,148048.724,7476811101.85916
1630886400000,51799.56,52830.0,51040.0,52683.97,297734.284,15423250787.26498,2960058,152032.163,7878007501.94202
1630972800000,52683.98,52950.0,42088.0,46864.39,764140.139,37281067593.00847,6793714,364036.276,17766872118.19381
1631059200000,46864.38,47347.0,44431.0,46062.29,435803.011,20085515480.72311,4352909,214784.769,9901190268.13891
1631145600000,46060.02,47400.0,45500.0,46413.88,309015.75,14346157049.46551,3136000,152282.069,7071663571.91131
1631232000000,46413.88,47037.5,44120.0,44860.83,343533.069,15708080883.28685,3380700,167338.043,7655525177.57464
1631318400000,44860.83,45999.0,44737.4,45193.78,194144.115,8807681962.10374,2214791,97883.696,4441300872.20317
1631404800000,45194.19,46512.2,44746.51,46046.73,223534.63,10201271595.70855,2321178,113248.808,5169330709.00293
1631491200000,46048.02,46933.89,43323.93,44975.96,448942.068,20131171676.0145,4145907,220554.171,9893624870.94141
1631577600000,44975.96,47272.98,44692.9,47087.18,277925.721,12831694974.04345,2897568,141470.816,6533364437.31527
1631664000000,47087.18,48440.93,46675.0,48106.12,244226.37,11624351579.75172,2516058,125186.65,5959025457.47176
1631750400000,48106.13,48488.0,47038.21,47745.55,260044.727,12433719043.28008,2620820,129615.057,6198461875.58339
1631836800000,47745.55,48150.0,46750.0,47303.11,226193.34,10742174762.67011,2357112,111793.653,5310355895.92158
1631923200000,47303.11,48850.0,47044.32,48285.15,207900.413,10031215317.91942,2155659,104344.769,5035054849.54531
1632009600000,48284.61,48364.64,46840.0,47256.91,212631.933,10122579342.97277,2174041,103064.05,4907156041.61025
1632096000000,47256.92,47345.0,42467.86,43026.6,600764.629,26601166549.81395,5157870,290520.904,12860508090.0522
1632182400000,43026.61,43629.6,39503.58,40726.1,683242.002,28674205460.24377,5802228,336573.263,14133698112.39341
1632268800000,40727.83,43989.98,40551.49,43520.0,400849.752,17055828172.61599,3884352,205402.776,8740895418.59424
1632355200000,43520.0,44976.48,43056.0,44828.29,330253.525,14552188970.80982,3230032,166949.881,7357628110.33826
1632441600000,44828.29,45134.33,40650.0,42798.49,608595.52,25937929795.8751,5382969,306893.32,13080834457.95401
1632528000000,42798.49,42950.0,41630.26,42651.58,277084.795,11773712808.98387,2664046,139117.235,5912069594.41739
1632614400000,42646.84,43940.0,40725.01,43150.0,354393.916,15063801544.28196,3234331,182613.319,7764041426.33353
1632700800000,43150.01,44350.0,42059.13,42122.69,285311.606,12386098075.29085,2858510,141202.027,6132508167.04597
1632787200000,42122.69,42749.0,40854.0,41006.32,359745.538,15049002596.37617,3336982,179946.127,7529633837.17685
1632873600000,41002.96,42576.8,40708.73,41499.71,293307.589,12246762409.51776,2890161,147987.157,6179983475.24985
1632960000000,41499.7,44100.0,41387.78,43796.57,389185.646,16818655330.04175,3595137,199661.066,8627989992.36717
1633046400000,43799.49,48450.0,43260.01,48123.94,449491.768,20816747005.41754,4182441,237198.964,10983522889.38438
1633132800000,48123.93,48338.68,47410.0,47626.61,182565.988,8730132627.52512,2094016,91641.538,4382722276.41995
1633219200000,47626.62,49304.12,47071.26,48187.3,212410.375,10220431021.74645,2555217,108484.936,5221311705.00741
1633305600000,48187.99,49544.48,46885.29,49198.22,324424.837,15638433546.81931,3491003,163699.666,7893607987.33083
1633392000000,49199.78,51888.0,49009.21,51455.12,314043.813,15777204363.85077,3327967,163037.976,8195154460.39123
1633478400000,51460.22,56416.02,50410.0,55321.6,418731.748,22242398945.29027,4406727,217635.741,11565636546.33099
1633564800000,55327.45,55337.8,53374.34,53814.99,262974.545,14289443599.2762,3228490,129986.407,7064371239.00069
1633651200000,53814.99,56208.73,53647.3,53975.0,255210.035,13956986828.05278,3022362,124309.101,6799056207.49623
1633737600000,53974.99,55589.0,53656.66,54960.77,167495.393,9179243466.66163,2142375,82817.693,4539518213.85989
1633824000000,54960.79,56789.0,54101.0,54700.0,289072.818,15966267341.69028,3209899,141914.606,7841470781.0759
1633910400000,54700.0,57880.0,54458.0,57500.01,314868.05,17849826167.23144,3488893,158591.466,8991066910.61986
1633996800000,57500.01,57756.52,53750.0,56011.84,349147.775,19709191747.56351,3760362,169177.726,9555231702.42022
1634083200000,56011.83,57822.38,54271.24,57393.65,327714.318,18304667791.64031,3544345,163755.891,9150172604.312
1634169600000,57393.65,58586.67,56800.0,57378.19,254719.751,14692446487.46952,3039506,127191.107,7338107346.09419
1634256000000,57377.12,63997.61,56900.0,61702.33,493366.513,29726367096.88279,5189976,250096.36,15071113500.61863
1634342400000,61702.33,62444.23,60220.0,60925.56,213251.899,13067491173.4585,2733733,102926.854,6308309773.50951
1634428800000,60925.56,61796.47,58850.0,61571.45,240132.514,14569391373.15171,2991800,117033.301,7104061882.0383
1634515200000,61571.45,62800.0,59897.61,62037.92,333278.481,20556521574.84721,3859785,160428.138,9896142972.34015
1634601600000,62037.92,64500.0,61300.0,64316.7,379243.718,23836964137.71631,4058114,186440.595,11722199698.29009
1634688000000,64314.75,67150.0,63518.81,66064.24,324737.868,21256679160.97886,3807997,163461.369,10700895988.07604
1634774400000,66064.25,66750.0,62000.0,62260.33,478610.458,30800550148.00219,5154202,228594.054,14714788401.44987
1634860800000,62260.33,63796.2,60011.9,60734.27,350359.527,21694368337.15083,3806113,168894.903,10459587326.76214
1634947200000,60734.28,61780.0,59622.0,61325.11,222553.478,13592218440.15612,2490240,108858.031,6650429687.93421
1635033600000,61325.09,61550.0,59504.46,60902.82,245816.821,14885043274.31098,2594160,120985.809,7326564923.14887
1635120000000,60902.82,63795.98,60701.0,63127.04,234201.1,14692569106.66627,2616705,118071.63,7407571081.30492
1635206400000,63129.25,63362.06,59838.05,60358.75,252256.924,15638312967.08455,2733730,119855.116,7433679519.31845
1635292800000,60358.74,61550.0,57865.0,58449.36,329112.396,19537339454.97683,3358588,157815.018,9370675789.47701
1635379200000,58449.36,62641.26,57550.0,60622.03,333323.116,20097525760.43563,3473122,165070.318,9956674240.54491
1635465600000,60622.02,63069.71,60222.0,62308.22,218355.773,13443682100.82851,2463370,107416.947,6613779694.2691
1635552000000,62308.21,62415.85,60631.23,61895.19,156041.523,9612679322.81911,1843670,76104.489,4688899644.69936
1635638400000,61895.19,62462.99,60008.0,61348.61,183599.524,11207623543.6644,1990247,89771.335,5480349726.70364
1635724800000,61347.14,62543.58,59400.0,60942.87,246158.361,15074399515.22613,2574208,118207.15,7241237255.35586
1635811200000,60942.87,64349.55,60659.58,63266.69,217592.062,13660618219.95169,2578549,109358.299,6865885437.33123
1635897600000,63266.69,63613.0,60300.0,62946.45,211190.183,13219637045.22856,2546692,101629.502,6363283387.19096
1635984000000,62946.45,63149.0,60703.0,61431.86,184677.079,11399249536.47138,2147665,88063.233,5436038718.13772
1636070400000,61433.9,62671.48,60762.0,61006.0,157569.637,9697454173.43093,2048592,76782.035,4726186362.31993
1636156800000,61006.0,61645.75,60100.0,61511.3,154919.118,9432009426.66797,1861601,74901.484,4561628069.01644
1636243200000,61511.3,63377.58,61368.26,63316.4,142878.208,8884101795.93602,1799395,72436.712,4505154135.94304
1636329600000,63316.4,67932.89,63308.7,67606.96,274932.146,18088392666.76962,3272069,138123.266,9088964487.46092
1636416000000,67606.96,68675.16,66300.0,67009.98,231843.834,15654216547.79626,3087341,113027.881,7632872051.52297
1636502400000,67010.65,69198.7,62400.51,64920.13,347835.573,23147498978.96334,4348447,167504.328,11153704219.72579
1636588800000,64920.13,65646.98,64147.12,64831.3,178279.275,11575850111.67905,2510140,85507.216,5552676940.17532
1636675200000,64831.2,65500.0,62313.0,64156.08,264576.325,16915954847.28551,3146724,128278.242,8204338383.71814
1636761600000,64156.08,65073.24,63430.01,64427.0,124466.493,7984348166.02606,1585473,60958.991,3910386610.34791
1636848000000,64426.99,65569.99,63640.0,65568.39,146424.701,9450438558.31633,1786912,71887.542,4640017893.44743
1636934400000,65568.38,66395.05,63351.58,63654.49,210026.602,13656636971.01954,2387155,100563.649,6540622131.52179
1637020800000,63654.49,63655.77,58397.14,60106.03,475025.706,28862014876.13343,4669206,224511.744,13643618102.72353
1637107200000,60106.03,60848.85,58336.68,60366.96,287388.873,17181720172.69431,3416114,141373.327,8454514072.49209
1637193600000,60366.97,60999.0,56505.48,56921.05,412021.672,24129304002.96715,4629293,197043.864,11544350322.35408
1637280000000,56921.04,58333.0,55604.0,58069.51,245356.121,14001797579.95711,3004657,120093.418,6854083185.16372
1637366400000,58069.52,59873.84,57372.0,59716.29,173697.342,10188245162.44803,2257300,86276.801,5061792239.51011
1637452800000,59716.28,60052.82,58518.88,58661.39,143887.271,8509909811.76275,2034106,70920.127,4194883690.36431
1637539200000,58648.87,59624.56,55600.0,56268.31,326184.881,18717910073.27998,3832413,157891.639,9061871742.37365
1637625600000,56268.31,57888.0,55250.0,57574.23,267790.325,15216816647.77958,3319305,132836.803,7550762185.07776
1637712000000,57574.24,57775.27,55900.0,57165.08,194683.757,11043276126.5089,2459067,96162.017,5455012742.85175
1637798400000,57165.09,59449.62,57029.0,58988.21,191912.653,11190941838.07731,2413373,94976.186,5538480385.66315
1637884800000,58988.36,59186.41,53500.0,53755.65,378650.919,20945137179.71787,4127437,179444.109,9927176141.66771
1637971200000,53755.66,55300.0,53640.69,54738.77,155119.117,8478100940.1226,1975864,75350.439,4118537151.22613
1638057600000,54738.77,57474.76,53245.0,57315.73,213600.615,11739217936.70817,2393952,105577.874,5807266281.2311
1638144000000,57315.72,58924.21,56715.0,57827.98,215111.466,12407120858.33198,2447845,107231.421,6185979722.43663
1638230400000,57827.97,59224.99,55900.0,56975.0,337624.148,19388577718.16696,3850454,163076.665,9367882842.6457
1638316800000,56978.06,59100.0,56500.0,57209.29,273959.104,15768296334.55757,3149322,134469.846,7739580278.53539
1638403200000,57209.28,57428.49,55800.0,56513.57,249985.255,14156805566.29961,2673918,120880.601,6846143099.54111
1638489600000,56513.56,57670.0,50604.0,53612.0,374132.016,20620928587.23005,3755786,174865.975,9652327938.8376
1638576000000,53611.86,53889.69,40888.89,49135.66,598774.989,28876836071.52302,5884109,283256.182,13656398416.92694
1638662400000,49135.66,49699.49,47755.0,49376.6,286434.382,14016018237.14839,3163309,144632.547,7078863270.45965
1638748800000,49373.83,50888.0,47000.0,50424.72,357711.029,17416560141.64795,3868686,181750.447,8851924336.00435
1638835200000,50424.72,51929.0,50012.0,50577.2,224670.618,11455372238.68916,2571721,112692.075,5747025418.32783
1638921600000,50577.2,51210.6,48533.33,50455.61,238229.884,11927549317.95012,2569992,118448.493,5931994643.83371
1639008000000,50459.61,50773.03,47312.89,47539.76,273086.086,13331462595.9486,3003376,135275.03,6604812871.76073
1639094400000,47539.34,50188.42,46828.23,47136.35,302974.429,14624324088.15633,3440326,149973.846,7241734548.93565
1639180800000,47132.31,49499.05,46724.35,49381.15,210959.992,10208756470.20068,2548340,106748.623,5166291977.15889
1639267200000,49379.51,50768.0,48616.16,50057.01,183434.285,9106252724.30474,2352164,93049.562,4620556018.70059
1639353600000,50057.02,50180.0,45600.0,46679.93,348551.322,16649825351.91293,4064300,171595.893,8200400644.81935
1639440000000,46679.93,48657.92,46255.6,48324.04,266213.627,12568719899.92738,3361316,135879.102,6417175900.91752
1639526400000,48324.0,49479.75,46518.73,48870.48,345239.891,16608174001.39206,4121320,173212.468,8334284462.88775
1639612800000,48870.48,49439.79,47500.0,47624.5,215874.187,10475553466.87223,2699044,107345.166,5210025326.09925
1639699200000,47629.1,47988.27,45373.11,46125.33,326458.135,15254949355.93811,3900693,159111.359,7437957215.85854
1639785600000,46125.33,47336.99,45438.43,46815.99,191006.415,8888783519.25989,2717062,95918.104,4464301287.65608
1639872000000,46815.99,48461.17,46399.37,46668.63,241698.541,11424734107.71985,2869025,120156.154,5681140108.43914
1639958400000,46668.65,47533.42,45530.67,46898.14,273804.259,12694248816.63036,3385680,136115.389,6311962625.51175
1640044800000,46896.82,49298.78,46650.0,48875.15,260008.358,12591846630.47555,3368367,132298.47,6407147392.71888
1640131200000,48875.88,49599.0,48420.02,48569.69,208463.689,10204294033.10858,2632960,103012.088,5043152336.27347
1640217600000,48569.69,51377.74,48020.0,50817.92,255885.48,12639718706.13498,2830824,128696.325,6356989973.32774
1640304000000,50817.94,51805.0,50379.25,50808.55,220208.725,11239397651.05684,2359503,109811.663,5605710625.65142
1640390400000,50809.37,51190.0,50105.0,50403.64,147662.438,7493948259.92037,1640853,72934.601,3702189299.10163
1640476800000,50403.64,51300.0,49350.0,50765.73,184800.616,9267956168.27748,1947977,89518.393,4490933872.73911
1640563200000,50765.73,52134.0,50450.0,50707.72,216225.263,11061080417.43167,2265011,106262.002,5437046524.75261
1640649600000,50707.72,50713.56,47290.0,47522.03,336083.34,16407080716.16083,3423898,160404.199,7831850133.88932
1640736000000,47522.02,48125.97,46000.0,46436.54,274795.378,13014511681.30992,2740566,134721.808,6382437890.1136
1640822400000,46436.53,47911.68,45880.0,47095.02,229931.288,10818483277.72078,2203374,115635.442,5441754134.38133
1640908800000,47095.02,48575.0,45650.0,46210.56,287186.003,13567843473.42067,2742753,143410.36,6776924725.33501
1640995200000,46210.57,47943.77,46210.55,47704.35,179433.584,8461832661.65729,1823098,89986.219,4244107640.95769
1641081600000,47704.35,48000.0,46605.68,47280.0,184795.093,8730148323.6079,1845244,91981.313,4345497571.9247
1641168000000,47280.01,47575.22,45665.4,46445.81,244781.793,11434725784.02273,2367718,119053.258,5562586943.21086
1641254400000,46445.8,47524.36,45445.57,45833.42,292149.75,13573606756.16807,2763606,143286.209,6658055531.9641
1641340800000,45833.41,47075.29,42270.0,43421.69,485477.569,21959888820.89765,4438181,232575.543,10530136221.52532
1641427200000,43421.7,43766.0,42385.83,43080.01,299509.851,12890924257.87606,2967072,148906.155,6409866996.18912
1641513600000,43080.01,43135.0,40456.56,41553.86,473214.849,19783906992.59905,4387523,233270.71,9755157295.13677
1641600000000,41553.87,42335.0,40500.0,41688.05,283737.224,11779922567.4038,2952768,143063.594,5941237582.43974
1641686400000,41688.05,42773.85,41170.0,41851.22,223134.952,9347759287.48888,2349047,112664.922,4720862306.99739
1641772800000,41851.22,42219.84,39610.0,41801.55,453644.116,18676770270.33546,4253158,225243.622,9278756804.74256
1641859200000,41801.55,43118.0,41255.0,42700.68,323760.691,13657150777.60344,3210875,163255.397,6888351821.6783
1641945600000,42700.69,44300.0,42415.0,43880.72,281339.294,12189347664.02133,2653237,144555.452,6265026420.65346
1642032000000,43880.72,44396.68,42301.16,42534.32,289289.18,12536916955.57177,2842230,139605.73,6051428420.24045
1642118400000,42538.72,43450.0,41666.0,43042.4,272517.077,11620761638.67808,2711286,136435.116,5819888447.95418
1642204800000,43042.4,43800.0,42530.64,43070.51,184649.157,7962625061.63067,2162077,93161.362,4018431693.83108
1642291200000,43070.51,43464.71,42531.69,43060.66,177450.475,7638792723.4354,2004334,88227.295,3798720150.47739
1642377600000,43060.66,43159.32,41523.68,42176.34,232748.345,9870740739.62078,2576335,113249.87,4804102715.23005
1642464000000,42176.34,42680.0,41260.0,42337.58,267472.465,11189671439.34784,2605464,134653.499,5634574099.94608
1642550400000,42337.58,42545.0,41115.64,41657.89,333952.095,13989826398.11288,3093452,166540.108,6977645792.3958
1642636800000,41656.9,43495.0,40550.0,40661.69,399818.052,16867468374.30662,3649340,198970.276,8399082947.70126
1642723200000,40662.06,41095.76,35380.92,36425.98,790320.909,30302616543.91132,7112977,376964.65,14456023178.52374
1642809600000,36426.46,36817.74,33950.0,35043.73,676272.904,23906967843.02501,6139534,335231.726,11853619488.37564
1642896000000,35043.73,36496.92,34588.8,36230.01,369372.903,13097400243.75661,3421563,191345.791,6787213744.83486
1642982400000,36230.0,37528.0,32853.83,36648.31,823000.702,28523818659.37716,7379240,421032.595,14607063858.08697
1643068800000,36648.3,37561.03,35693.0,36934.26,409535.517,14967474932.81879,4251175,209227.784,7648737468.90603
1643155200000,36934.26,38886.58,36232.42,36787.43,554457.384,20858872853.19313,5467829,280710.342,10563037380.73863
1643241600000,36787.42,37200.0,35471.53,37131.0,422006.922,15328505621.72229,4341962,214001.652,7775003101.57465
1643328000000,37131.0,38000.0,36149.02,37696.21,367509.143,13594591900.12492,3780617,186916.622,6916297723.63023
1643414400000,37696.22,38750.94,37252.0,38150.01,238657.764,9034176250.23326,2643842,121845.333,4613941217.06507
1643500800000,38150.0,38420.3,37334.83,37870.01,195029.125,7393111440.65068,2182990,98182.72,3722724839.67337
1643587200000,37870.0,38741.73,36620.0,38439.04,318440.392,11976940218.20276,3180130,165301.213,6220095145.29994
1643673600000,38439.04,39260.26,37969.0,38680.51,353354.121,13632595784.2999,3602863,180866.324,6979819150.13159
1643760000000,38680.51,38834.18,36529.81,36892.03,337570.934,12748099870.64242,3238066,164072.198,6196721695.96285
1643846400000,36892.05,37395.0,36204.3,37289.86,318656.228,11697089175.17526,3020061,162221.171,5956154008.33303
1643932800000,37287.33,41741.76,37011.0,41550.0,520105.77,20278655698.32346,4876035,275803.541,10758798987.91476
1644019200000,41550.0,41922.0,40920.0,41374.69,242184.07,10047968021.9499,2728847,121299.575,5033451774.66454
1644105600000,41374.68,42656.8,41100.0,42361.35,215323.95,8973046762.87637,2197115,113028.37,4712592361.59851
1644192000000,42361.34,44541.16,41609.76,43829.99,418053.774,18066735189.2121,4078430,216232.398,9347732308.55036
1644278400000,43829.99,45600.0,42641.0,44021.57,468015.421,20510408716.12763,4649391,238431.389,10454389415.56951
1644364800000,44021.58,44826.0,43089.08,44358.08,300270.062,13182555302.94626,3214990,150266.938,6598136177.9524
1644451200000,44358.09,45847.5,43136.96,43471.29,563922.075,25056911387.52332,5369837,283192.141,12587357588.63411
1644537600000,43471.3,43900.0,41914.23,42366.0,414646.193,17859967569.9422,4498402,205984.41,8873652827.96224
1644624000000,42365.99,42980.0,41540.0,42199.87,256269.325,10831014104.34159,2871604,128560.041,5435427212.76879
1644710400000,42199.88,42755.97,41850.0,42041.13,192068.012,8127109308.94153,2148957,96534.906,4085624252.3671
1644796800000,42041.12,42888.0,41526.0,42525.14,303990.933,12843945742.38583,3037236,155102.932,6554734287.03529
1644883200000,42525.14,44777.0,42406.23,44529.6,276735.421,12150999143.33453,2782170,141960.771,6232177010.23817
1644969600000,44529.7,44536.8,43277.8,43860.7,255790.287,11231548897.34829,2543753,123063.564,5404504528.22352
1645056000000,43860.8,44150.0,40020.1,40491.7,433958.984,18306714686.34452,4093325,205849.905,8686458829.57907
1645142400000,40491.8,40944.1,39422.0,39966.8,377679.782,15188089909.73473,3531150,189988.366,7642098216.36807
1645228800000,39966.8,40438.7,39610.3,40052.6,185624.675,7424908673.12969,1963483,94227.797,3769729264.41352
1645315200000,40052.6,40100.1,37905.0,38368.1,329740.444,12741245042.82211,2965260,162142.068,6263355154.13587
1645401600000,38367.9,39510.0,36762.0,36986.4,646391.815,24685541251.61848,5359508,323510.035,12357892937.19487
1645488000000,36986.4,38450.0,36310.1,38212.0,465313.497,17408326520.91108,4341079,239400.96,8961110656.69595
1645574400000,38212.1,39250.0,36963.2,37227.8,408056.255,15594144071.8888,3541556,203182.176,7767432889.70376
1645660800000,37227.9,40376.1,34303.7,38315.1,919820.907,33179251056.85041,8122647,476179.434,17190527389.77624
1645747200000,38316.2,39750.0,37999.2,39205.4,416316.366,16181393771.15972,4273206,214578.302,8342805836.53681
1645833600000,39205.4,40441.1,38561.7,39099.3,251892.201,9879223598.44196,2697306,126646.153,4968994506.10465
1645920000000,39099.3,39868.6,36934.6,37672.0,423197.247,16317550913.22295,4101060,208674.497,8051469599.96961
1646006400000,37672.1,44341.0,37414.4,43155.0,615391.161,24659800737.31436,5894312,325067.945,13040469950.07912
1646092800000,43155.0,44935.0,42765.4,44394.1,448483.646,19622069856.81384,4610393,224953.573,9845412243.9429
1646179200000,44393.6,45350.0,43321.0,43885.7,407603.721,17988671380.99431,4239890,201900.492,8912250169.65875
1646265600000,43885.8,44080.0,41831.0,42449.5,365565.832,15701873990.90735,3803308,178271.807,7658691829.64036
1646352000000,42449.6,42525.3,38521.0,39127.7,469138.374,19124060705.42543,4908804,224732.415,9164678047.45366
1646438400000,39127.7,39580.0,38547.6,39375.1,198747.893,7774650477.29027,2212218,99499.609,3893169344.91897
1646524800000,39375.0,39690.0,38056.0,38401.1,311705.26,12109833925.17119,3162831,155049.377,6024750486.35739
1646611200000,38401.1,39550.0,37134.0,37963.8,490254.516,18764725860.73588,4747049,245476.829,9399768499.87249
1646697600000,37963.7,39340.5,37853.0,38709.9,421462.367,16295438564.50412,4243987,211159.834,8166154990.01377
1646784000000,38709.9,42647.5,38638.7,41937.5,462059.811,19171096064.11704,4564168,239808.874,9942980211.1505
1646870400000,41939.5,42034.3,38512.0,39407.2,520645.186,20592964929.86937,5039014,253340.705,10017462324.28944
1646956800000,39407.1,40242.0,38200.1,38713.0,467078.892,18251508270.53395,4566236,232506.827,9089386517.83602
1647043200000,38713.1,39578.4,38630.0,38792.6,172494.825,6738409306.12123,1916408,84494.947,3301617500.43773
1647129600000,38792.7,39300.0,37500.0,37743.7,236623.694,9151745126.66911,2373595,113382.543,4387268932.96517
1647216000000,37743.0,39989.0,37522.1,39653.8,360058.358,13971397117.54385,3346589,186200.399,7227009176.29933
1647302400000,39651.6,39901.8,38073.8,39271.0,345019.243,13464944694.45397,3198153,173958.812,6790794646.38622
1647388800000,39270.9,41804.0,38700.0,41105.8,650589.661,26187353348.45998,6249052,330044.562,13289195220.51592
1647475200000,41105.9,41498.4,40442.8,40898.1,243988.794,9978203719.84016,2446187,119438.818,4885750148.3643
1647561600000,40898.0,42322.8,40084.2,41751.5,299134.443,12263436409.42434,2791205,152862.915,6269914962.13193
1647648000000,41751.6,42446.6,41500.0,42188.2,186459.954,7807076596.94564,1729803,92717.011,3882702294.89361
1647734400000,42188.2,42269.3,40900.0,41261.0,235774.129,9789547363.38173,2023810,115063.658,4777488314.86478
1647820800000,41261.0,41544.4,40430.0,40982.0,308396.46,12653661229.586,2575120,153571.609,6301813626.97718
1647907200000,40982.0,43517.7,40852.0,42349.8,374297.674,15892694388.65686,3429191,190906.344,8106579947.45263
1647993600000,42349.9,43051.0,41731.3,42867.9,282631.74,11938814869.12358,2643858,140287.08,5927575915.69937
1648080000000,42867.8,44200.0,42525.0,43973.4,331440.057,14365660202.82174,3127793,169016.924,7328650630.23292
1648166400000,43973.2,45142.0,43575.1,44290.6,348620.122,15463641455.42722,3146493,179058.651,7944202064.30179
1648252800000,44290.6,44785.0,44041.0,44489.2,140712.587,6243407332.87603,1476070,70101.602,3110763312.3971
1648339200000,44489.3,47047.0,44416.0,46820.8,269280.228,12238392163.90325,2526390,142291.838,6471034012.54201
1648425600000,46820.9,48200.0,46651.2,47121.9,317565.782,15043239939.14575,3149233,158315.138,7501313546.37197
1648512000000,47121.8,48100.0,46911.0,47418.5,259040.835,12315667516.20554,2407067,128874.336,6128028301.90366
1648598400000,47418.5,47688.6,46535.0,47053.2,235009.892,11089386781.04892,2279014,114751.08,5415931115.11833
1648684800000,47053.1,47619.4,45185.0,45506.0,299837.61,13933431988.82722,2704524,144645.28,6724731548.36598
1648771200000,45505.9,46700.0,44206.2,46266.2,360734.553,16398107293.59809,3077896,176970.211,8048236087.32689
1648857600000,46266.2,47236.8,45600.0,45794.6,226413.357,10506397608.90616,2087086,110594.856,5133171820.23934
1648944000000,45792.3,47448.0,45501.0,46392.4,212589.013,9869048181.66671,2007773,105889.709,4916726417.68304
1649030400000,46392.3,46895.5,45094.0,46580.9,272796.541,12550005434.18833,2435925,134448.286,6187032094.31339
1649116800000,46580.9,47188.0,45300.0,45477.4,257524.639,11905271460.90981,2349083,124189.733,5743113246.44133
1649203200000,45477.5,45494.2,43100.0,43159.7,384359.375,17045609346.28906,3589835,185087.192,8210011668.95328
1649289600000,43159.8,43888.0,42685.0,43417.1,229567.98,9962663417.59556,2352054,114175.005,4955907367.11699
1649376000000,43417.1,43968.1,42074.0,42229.2,310095.829,13392061160.35177,3039074,151870.348,6562148813.84376
1649462400000,42229.1,42796.7,42100.3,42727.7,119722.654,5079062857.24372,1398153,60625.388,2572357922.51607
1649548800000,42727.8,43399.4,41838.0,42140.4,181904.47,7757900433.72425,1922058,90479.719,3860641604.37861
1649635200000,42140.3,42399.9,39136.7,39505.6,439530.02,17947558294.57257,4212901,210958.799,8617467658.24843
1649721600000,39505.6,40700.0,39224.0,40060.7,349883.631,13983036683.03152,3292065,176382.292,7050426723.83981
1649808000000,40060.7,41580.0,39569.8,41129.8,324910.931,13171291934.155,3176539,164889.315,6686430663.74002
1649894400000,41129.8,41474.8,39522.0,39915.9,261966.391,10618983519.56311,2615945,126691.353,5137338771.65509
1649980800000,39915.9,40888.0,39734.2,40529.5,194680.671,7834169294.24891,1968852,100228.258,4034162822.39085
1650067200000,40529.6,40700.0,39944.9,40361.0,127705.057,5151896754.87278,1336108,62852.122,2535949864.09599
1650153600000,40360.9,40574.1,39510.0,39649.1,170331.824,6844928574.60225,1664402,83177.705,3343878636.45648
1650240000000,39649.1,41310.0,38465.7,40785.6,362435.319,14385834912.73849,3387459,183521.703,7287869045.64219
1650326400000,40785.7,41788.0,40543.7,41472.9,214404.271,8812710770.66012,2272668,109958.378,4520223293.91714
1650412800000,41472.9,42166.8,40800.0,41327.7,257382.427,10680662830.57433,2731896,128505.899,5333510697.05479
1650499200000,41326.0,42966.0,39630.0,40449.8,393149.956,16394716249.55895,4300495,195482.007,8159331733.00812
1650585600000,40449.7,40786.1,39133.0,39674.2,314935.753,12603399105.64393,3578572,153243.946,6133327111.82953
1650672000000,39674.3,40000.0,39259.0,39415.1,125046.817,4956239492.1091,1602703,60384.746,2393782171.43678
1650758400000,39413.8,39930.6,38884.1,39433.4,180371.762,7132438711.67396,1944480,89041.707,3521742624.82166
1650844800000,39433.4,40650.0,38111.0,40411.0,448877.893,17582505297.76194,4399875,225551.744,8839607170.15768
1650931200000,40411.0,40800.0,37671.8,38093.7,453132.198,17745663524.02774,4384061,219430.714,8598209300.37219
1651017600000,38093.7,39470.0,37844.5,39209.0,385645.365,14987444127.37106,3726498,194782.655,7571295409.04315
1651104000000,39209.0,40376.6,38861.8,39732.5,413543.408,16383567774.30766,3928985,212487.794,8420075655.20082
1651190400000,39732.5,39924.8,38160.0,38572.2,308116.375,12006054616.68173,3106694,149995.703,5846323258.32934
1651276800000,38572.2,38782.6,37550.0,37614.5,181810.382,6968090176.2822,2037497,87311.284,3347792961.76304
1651363200000,37614.4,38680.6,37350.0,38440.5,236549.462,9004710658.66057,2621618,119490.583,4550054643.79293
1651449600000,38440.2,39222.0,38032.2,38525.6,336845.365,13024319963.6059,3521802,171326.168,6626641364.79161
1651536000000,38525.5,38674.7,37500.1,37712.9,248986.222,9498898382.60297,2698667,120399.802,4594729066.59885
1651622400000,37713.0,40071.7,37655.2,39684.0,424498.818,16546422734.7687,4133946,218910.753,8534144799.42717
1651708800000,39684.1,39845.0,35388.0,36534.7,547209.0,20498697692.95448,5070147,257378.598,9642295699.54402
1651795200000,36533.7,36679.3,35200.0,35995.3,431979.24,15553837185.83251,3998315,212472.085,7651498444.60366
1651881600000,35995.2,36138.0,34700.0,35466.7,200264.833,7130599918.44936,2212165,96358.495,3432790044.54833
1651968000000,35466.7,35504.0,33665.0,34032.0,426872.584,14710577345.50726,4516970,209322.877,7215539688.2741
1652054400000,34032.1,34243.3,30003.6,30056.6,1078779.712,34585085018.41368,9184779,529648.506,16980832689.9699
1652140800000,30056.0,32650.0,29701.4,31002.1,863178.961,27002792322.99196,8033585,441097.464,13801867509.93179
1652227200000,31002.1,32197.6,27651.0,29074.7,1101875.972,33432659604.67081,9995578,549801.472,16695936719.06452
1652313600000,29077.9,30257.0,26631.0,29020.7,964475.589,27412613954.5816,9545187,486953.99,13851651044.07687
1652400000000,29020.8,31072.6,28730.4,29274.3,507620.105,15321440645.11955,5507009,257439.299,7773218697.70025
1652486400000,29274.2,30352.2,28602.3,30079.8,315756.895,9273623685.28461,3756979,160185.624,4706531893.2513
1652572800000,30079.5,31462.0,29448.0,31324.4,336773.139,10189057495.68176,3738894,174011.077,5267576264.58959
1652659200000,31324.3,31327.4,29052.3,29866.7,507243.166,15148324200.34817,5014012,248355.687,7416907426.82871
1652745600000,29866.4,30794.0,29420.0,30437.0,398624.519,12050567026.40218,4083135,200330.709,6057559839.25479
1652832000000,30437.0,30700.0,28629.6,28700.6,426700.457,12571901286.27471,4172681,209079.876,6161402093.68154
1652918400000,28700.6,30550.0,28670.5,30319.9,448856.724,13313042275.77401,4384132,233083.144,6913941140.19686
1653004800000,30319.9,30784.4,28702.0,29188.9,485439.171,14409462581.90292,4396626,237120.291,7041826708.8267
1653091200000,29188.9,29650.0,28927.0,29427.4,202804.089,5951830742.03713,2179630,102525.196,3009605190.41796
1653177600000,29427.4,30500.0,29223.6,30284.0,297116.44,8892178256.39475,2699817,151877.775,4545607220.23846
1653264000000,30284.0,30658.0,28840.7,29097.7,475720.75,14259460842.85488,4234598,231479.991,6943549143.59054
1653350400000,29097.8,29887.3,28637.6,29643.1,382124.449,11175809569.67527,3486602,191207.298,5594071219.1061
1653436800000,29643.0,30246.7,29330.0,29536.7,413459.484,12302779677.74162,3644948,206173.418,6136151262.28871
1653523200000,29536.7,29877.0,27952.1,29194.0,602137.086,17570547237.68192,4998028,297696.37,8691503875.50555
1653609600000,29194.0,29387.0,28259.6,28623.2,506638.884,14627232915.19134,4601526,251293.452,7257750269.225
1653696000000,28623.3,29265.7,28520.0,29018.8,193644.283,5593154078.34822,1892856,99244.558,2867055553.48944
1653782400000,29018.8,29595.2,28825.0,29452.8,215139.934,6278945105.68035,2143741,110733.028,3232327319.37081
1653868800000,29452.6,32307.6,29301.1,31726.5,502712.176,15459298501.15428,4335582,264493.669,8133349668.03916
1653955200000,31726.5,32427.5,31222.0,31797.8,383688.265,12177347048.90632,3584533,192655.591,6115572255.93436
1654041600000,31797.9,31986.1,29300.0,29796.9,556992.756,17126731271.82858,4628699,266892.166,8208326299.59455
1654128000000,29796.9,30750.0,29566.1,30437.1,370924.687,11143387488.16196,3538451,190106.534,5712967445.2342
1654214400000,30437.1,30693.2,29220.0,29682.8,357110.377,10664927716.29938,3436609,175177.137,5231800424.6203
1654300800000,29682.8,29988.0,29456.0,29848.4,187520.534,5568229841.96672,2016136,95847.165,2846599938.10753
1654387200000,29848.5,30250.0,29524.0,29909.9,205385.831,6129273442.52063,2136355,104178.6,3109491455.00742
1654473600000,29910.0,31780.0,29876.2,31361.2,436522.874,13627289855.03024,4199213,228713.513,7138430241.73666
1654560000000,31361.2,31599.0,29190.0,31118.1,691714.985,20938600076.18326,5975164,344850.185,10445850232.83736
1654646400000,31118.0,31325.0,29825.0,30192.5,455686.637,13872254798.76627,4067735,227938.703,6940024261.68324
1654732800000,30192.6,30691.9,29914.5,30093.3,307312.175,9291136221.99843,2788244,152020.496,4597088158.94522
1654819200000,30093.4,30374.1,28805.0,29077.7,445928.659,13179453292.83278,3965215,217605.374,6434251048.58982
1654905600000,29077.7,29427.9,28080.0,28416.7,391367.814,11234144827.43019,3598306,190254.013,5462478827.79632
1654992000000,28416.6,28530.3,26538.7,26564.7,560834.131,15462378090.80452,5008490,275522.077,7598747056.08886
1655078400000,26564.7,26877.0,21900.0,22471.5,1622521.56,39289035377.13508,12474566,808922.576,19587101537.3654
1655164800000,22471.4,23424.2,20823.0,22122.7,1247609.796,27599590726.80712,10260084,636517.595,14086090287.98455
1655251200000,22122.7,22800.0,20100.2,22567.5,1509301.169,32006546659.5817,11845837,766093.474,16252404428.73667
1655337600000,22567.5,23000.0,20222.0,20387.4,882634.22,18813838459.83841,7395505,438845.74,9358819428.41525
1655424000000,20387.4,21388.0,20228.0,20457.3,776153.257,16088733040.23459,6079947,390751.817,8102212528.45203
1655510400000,20457.3,20768.4,17593.2,18959.7,1268591.388,24038549203.46261,9583930,627736.52,11892010865.20583
1655596800000,18959.7,20821.0,17935.9,20564.2,1089275.674,21080192131.22859,8877056,567256.465,10983667422.862
1655683200000,20564.3,21099.9,19630.0,20570.1,935816.13,19052030813.46172,7771043,477009.714,9713039776.67864
1655769600000,20570.0,21740.0,20337.8,20713.1,787173.936,16577758368.34692,6702766,401063.387,8448891011.58595
1655856000000,20713.1,20888.0,19745.7,19977.4,812184.193,16485504375.38122,6720501,405419.654,8231715496.98479
1655942400000,19977.5,21250.0,19874.0,21096.6,698753.04,14372398242.68264,5727746,363287.369,7474903888.02636
1656028800000,21096.6,21563.5,20732.5,21231.2,645450.778,13621335706.92468,5442506,325953.212,6880090140.80511
1656115200000,21231.2,21627.6,20894.0,21481.9,434117.447,9228742005.28791,3865063,221738.793,4715085379.63822
1656201600000,21481.9,21888.0,20952.0,21029.1,442787.736,9467563440.88587,3675374,219846.381,4702514595.56624
1656288000000,21029.1,21560.0,20500.0,20730.0,539335.009,11319059806.09479,4297480,268184.568,5630365765.24998
1656374400000,20730.0,21198.0,20188.0,20268.6,582916.108,12074564681.68627,4540284,289152.792,5992326388.83073
1656460800000,20268.7,20430.0,19817.2,20109.9,608905.99,12250941435.49509,4327664,303678.065,6110582431.77157
1656547200000,20109.9,20165.0,18563.0,19923.5,859981.415,16548226768.84932,5502182,428761.393,8250602211.03182
1656633600000,19923.3,20926.4,18948.8,19272.0,915399.363,17973277787.04804,6152298,457870.747,8992956700.07802
1656720000000,19272.0,19456.0,18959.0,19240.9,382851.525,7361597905.72379,2976646,193273.081,3716917943.2666
1656806400000,19241.0,19645.4,18780.1,19305.9,449508.331,8622450486.1063,3298282,228761.251,4389214837.80957
1656892800000,19306.0,20350.0,19046.3,20226.6,633310.187,12445691915.01023,4682514,329571.738,6479246965.72408
1656979200000,20226.3,20749.2,19291.6,20170.0,854238.867,17057063374.95285,6376734,433546.901,8659958016.15215
1657065600000,20170.1,20667.6,19753.0,20554.1,682076.458,13764942073.2418,5228369,350174.613,7068962780.45838
1657152000000,20554.2,21830.0,20244.9,21613.4,699841.616,14673528816.01675,5246264,365938.179,7675710992.49503
1657238400000,21614.5,22579.9,21175.2,21587.9,848144.495,18441993286.35933,6407442,430769.022,9370219065.80679
1657324800000,21587.8,22000.0,21309.6,21580.0,393372.366,8503827622.59832,3425448,197426.333,4268843706.04637
1657411200000,21580.0,21594.2,20600.0,20853.8,468176.539,9870330890.15699,3946140,225863.473,4762691068.32378
1657497600000,20853.8,20853.9,19870.0,19954.3,561245.987,11469156941.09009,4722282,277127.043,5664894593.32809
1657584000000,19954.3,20048.9,19228.3,19322.9,640560.723,12632186362.87899,5243512,318941.145,6291289463.4974
1657670400000,19322.9,20401.6,18901.0,20220.1,975938.165,19099701219.32481,6940192,502395.361,9836048774.08444
1657756800000,20220.1,20900.0,19600.0,20578.6,765989.53,15457229421.45097,6321440,394919.459,7972657572.17557
1657843200000,20578.6,21200.0,20364.3,20823.1,626763.692,13043523984.48886,5299398,321760.576,6698195613.75099
1657929600000,20823.1,21580.0,20471.0,21183.5,539206.87,11321826058.55016,4376025,274309.123,5762096976.22678
1658016000000,21183.6,21674.1,20742.0,20794.4,485537.728,10308826275.78109,4320211,241994.482,5139611016.91506
1658102400000,20794.4,22800.0,20764.4,22423.9,982867.734,21581852762.64478,7506531,502237.731,11029703030.23339
1658188800000,22423.5,23817.9,21575.0,23385.9,1124029.082,25470793400.12995,8573585,573618.441,13010727087.5888
1658275200000,23385.9,24277.0,22912.4,23221.5,946647.815,22329424219.08293,7875414,478526.288,11292381194.49016
1658361600000,23221.5,23441.1,22340.2,23144.5,723543.466,16553246183.50506,6390688,361069.429,8262213487.24296
1658448000000,23144.5,23750.0,22500.0,22675.1,633907.934,14697003018.10593,5619564,314534.426,7295453013.56864
1658534400000,22675.0,22990.0,21933.5,22440.2,505887.673,11353416591.58139,4466638,251796.476,5652210925.56101
1658620800000,22440.1,22999.0,22256.4,22570.6,462958.953,10486872827.38728,4140624,235244.65,5329663607.14576
1658707200000,22570.6,22656.8,21232.0,21300.0,695770.655,15241930778.39496,5988694,339528.753,7440826220.76552
1658793600000,21300.0,21334.4,20689.6,21241.0,552498.903,11607460262.67674,4637727,278338.701,5848844122.42733
1658880000000,21241.0,23100.0,21031.0,22941.1,753370.303,16528529868.30713,5568859,392984.212,8626304357.91047
1658966400000,22941.1,24194.6,22583.1,23836.2,756741.836,17665500374.48079,6067958,389997.993,9105030295.73183
1659052800000,23836.2,24500.0,23426.3,23771.1,642337.051,15337312726.27532,5285059,321717.107,7683498505.70307
1659139200000,23771.0,24700.0,23505.0,23629.9,493824.816,11889274245.47064,4311161,248529.15,5985486981.64209
1659225600000,23630.0,24187.3,23222.0,23290.1,385969.85,9142633001.95407,3727790,191060.344,4526888395.89684
1659312000000,23290.1,23497.0,22836.2,23257.6,498378.292,11554380879.33471,4196160,248287.068,5756820273.98665
1659398400000,23257.6,23448.7,22603.0,22975.1,625227.912,14363033396.88062,5225422,314974.04,7237898749.15211
1659484800000,22975.1,23650.0,22665.3,22801.5,569261.768,13201647982.58276,4736297,285742.749,6630016173.39801
1659571200000,22801.5,23211.3,22370.0,22608.9,548268.816,12515146172.92225,4301796,266422.651,6082802050.8254
1659657600000,22608.9,23450.0,22580.6,23298.1,593992.13,13716626797.39787,4688940,303297.553,7004186732.84069
1659744000000,23298.0,23341.8,22883.6,22943.3,227659.394,5272174727.75062,2033387,112010.019,2594314504.53776
1659830400000,22943.2,23400.0,22830.9,23167.8,271512.062,6267656688.48691,2243169,138063.836,3187781792.34214
1659916800000,23167.9,24243.0,23153.1,23804.4,565084.219,13485945119.50385,4381367,290711.934,6937570126.91333
1660003200000,23804.3,23913.4,22850.0,23140.2,498286.943,11634879431.41769,4053437,234067.613,5465910484.8506
1660089600000,23140.1,24235.2,22608.0,23940.9,760738.204,17921041663.21249,5430716,386654.055,9112675459.95638
1660176000000,23941.0,24972.0,23840.6,23917.2,760455.245,18562187367.96329,5828288,380384.846,9287688737.49963
1660262400000,23917.3,24438.8,23560.0,24387.5,477734.045,11446334088.8081,3938014,238157.702,5707776512.08516
1660348800000,24387.5,24879.0,24267.5,24429.0,431093.659,10577167655.58233,3636684,218017.011,5350024107.63232
1660435200000,24429.0,25065.0,24138.0,24294.1,437314.32,10730828908.19903,3508473,216230.429,5308055649.87659
1660521600000,24294.1,25200.0,23762.0,24085.2,739390.721,17992336053.67933,4717341,363943.421,8862214342.61711
1660608000000,24085.2,24234.0,23650.0,23843.0,460919.994,11027935215.31227,3324655,225612.821,5398706947.75417
1660694400000,23843.0,24437.0,23170.0,23333.1,640600.903,15186136927.96825,4655088,314117.594,7449071015.65654
1660780800000,23333.1,23595.0,23101.0,23185.1,347699.006,8134736996.02001,3008405,173493.81,4059388361.29574
1660867200000,23185.0,23200.0,20760.0,20824.9,906609.825,19700159303.89833,6096867,434933.69,9445139888.70489
1660953600000,20825.0,21368.9,20742.9,21127.8,490507.042,10362322320.64405,3787390,248229.044,5244620327.69371
1661040000000,21127.7,21804.6,21055.0,21505.6,424282.424,9076418907.61454,3349745,216117.318,4624092343.948
1661126400000,21505.6,21550.0,20858.6,21387.0,588764.597,12492356305.43505,4392197,296697.395,6296473364.49458
1661212800000,21387.0,21667.2,20874.8,21518.2,609745.27,13030512975.03382,4519094,311756.342,6664068390.19394
1661299200000,21518.2,21925.6,21132.3,21354.9,502728.198,10795887952.94642,3744140,255093.78,5479736293.8669
1661385600000,21355.0,21810.9,21295.3,21548.3,415757.992,8976368825.999,3095016,211440.778,4565400059.52464
1661472000000,21548.3,21867.6,20100.0,20228.7,896474.356,18923645109.31387,5958792,433699.343,9161000066.25186
1661558400000,20228.7,20367.7,19744.0,20023.9,469598.024,9430185077.10662,3707229,232241.515,4664165020.0015
1661644800000,20024.0,20155.0,19508.0,19547.5,386405.195,7703477819.25788,3056487,191001.847,3809445606.11134
1661731200000,19547.5,20440.0,19539.4,20275.5,598076.669,11969489778.36106,4169607,311295.499,6230320867.11469
1661817600000,20275.5,20574.0,19524.4,19803.1,767714.993,15387324341.7651,4871684,382116.483,7660494114.50529
1661904000000,19803.2,20496.0,19787.9,20041.5,711639.339,14364997156.93659,4852465,364579.78,7360489411.80172
1661990400000,20041.4,20198.3,19555.0,20122.5,691594.721,13771147297.87754,4343667,341914.232,6809499797.99447
1662076800000,20122.6,20434.3,19736.0,19941.0,669047.816,13442087838.13621,3954198,336630.234,6765470953.16647
1662163200000,19941.0,20050.0,19628.7,19820.7,285240.989,5652779448.41072,2032791,138912.088,2753179000.329
1662249600000,19820.7,20022.4,19570.0,19992.7,396798.184,7853749068.4689,2433253,199528.194,3950115120.2255
1662336000000,19992.7,20046.7,19620.2,19784.9,446706.41,8837636837.41192,2695518,219740.749,4348179310.2221
1662422400000,19784.9,20174.7,18600.0,18781.5,945489.142,18444352721.94751,5177737,450523.54,8796057332.05423
1662508800000,18781.4,19455.0,18500.0,19287.0,595636.693,11283513643.93365,3479725,303498.827,5751839244.93214
1662595200000,19287.0,19450.0,19003.8,19309.3,537268.644,10329897060.9389,3241570,272993.856,5249436479.9257
1662681600000,19309.3,21666.0,19283.0,21352.0,992497.1,20595406252.57019,5787957,528955.645,10970699434.80109
1662768000000,21352.0,21825.0,21112.2,21639.5,491543.206,10528881955.93716,3297829,252484.409,5409495112.42106
1662854400000,21639.5,21883.4,21336.0,21820.3,420979.326,9093590170.7937,2862590,212886.577,4599568487.79556
1662940800000,21820.3,22474.0,21540.0,22386.0,818601.932,18100462871.90017,5450349,420842.904,9307043800.99161
1663027200000,22386.0,22850.0,19840.0,20162.5,1218769.927,26055120562.0565,7515217,599588.316,12833567145.90944
1663113600000,20162.6,20528.5,19600.0,20217.0,661802.597,13338081191.69107,4375732,329481.944,6641753742.63175
1663200000000,20217.0,20315.0,19453.0,19690.8,665862.067,13275371720.98828,4397144,328684.391,6554276545.21465
1663286400000,19690.8,19878.0,19300.0,19792.5,544608.804,10699906720.22641,3356440,271043.98,5326076544.09165
1663372800000,19792.4,20182.6,19739.4,20102.0,334678.558,6678646550.85602,2252934,172033.441,3433449035.40582
1663459200000,20102.0,20105.3,19325.8,19404.5,499916.474,9879306624.60703,2840410,241263.602,4768913541.4587
1663545600000,19404.5,19686.3,18215.0,19528.6,993776.352,18855643585.82462,5806574,493706.408,9370889022.86226
1663632000000,19528.6,19625.0,18690.1,18866.8,794623.932,15185745305.0411,4564101,394662.254,7543721734.78889
1663718400000,18866.7,20154.1,18084.3,18447.5,1168068.979,22278202291.21906,7384253,586476.532,11192760454.95797
1663804800000,18447.5,19504.8,18345.2,19392.5,852898.391,16203598692.71296,5135005,436415.563,8292996335.17888
1663891200000,19392.5,19492.0,18518.5,19280.7,838493.746,15886090825.79674,4776176,419156.857,7942948597.53281
1663977600000,19280.7,19304.5,18798.0,18911.0,377158.215,7188116884.43088,2453806,187487.653,3573771842.2023
1664064000000,18910.9,19196.0,18621.0,18799.7,410461.603,7774394534.94385,2538628,202102.868,3829009598.4603
1664150400000,18799.7,19311.5,18671.0,19216.3,777807.518,14803230763.46802,4660592,396520.305,7548197856.49394
1664236800000,19216.3,20375.0,18801.5,19070.1,1300566.158,25574742142.98837,7464455,654545.023,12878705155.46234
1664323200000,19070.1,19787.6,18460.0,19407.3,1141222.772,21809407277.4523,6549142,575412.786,11002704914.10101
1664409600000,19407.4,19648.8,18827.2,19582.5,991678.224,19151664008.3373,5608316,498754.47,9634187683.44537
1664496000000,19582.5,20172.7,19066.0,19411.7,1071462.934,20985538466.48879,5922595,534904.355,10479387729.28653
1664582400000,19411.6,19474.0,19140.0,19304.0,294457.009,5685550297.42183,1939854,144185.532,2784246476.8974
1664668800000,19304.0,19389.0,18896.0,19049.4,414970.451,7957458596.47117,2498575,202621.19,3886043189.8318
1664755200000,19049.3,19723.7,18950.8,19622.0,621816.329,12026295294.53641,3795723,321432.703,6217228235.30711
1664841600000,19621.9,20500.0,19480.1,20333.0,796678.762,15931560832.40438,4715325,416652.855,8333408104.57493
1664928000000,20332.9,20356.1,19707.0,20150.0,719577.149,14444920350.12968,4213991,358823.385,7204033674.27286
1665014400000,20149.9,20443.9,19843.3,19954.0,782034.669,15747127411.81796,4650712,389002.932,7834334570.65109
1665100800000,19954.0,20067.0,19304.4,19520.9,673407.102,13256159671.11093,4051050,323986.884,6379195001.6047
1665187200000,19520.9,19619.6,19200.0,19406.2,253257.201,4925720956.06823,1749051,123754.239,2407418552.309
1665273600000,19406.3,19550.0,19310.0,19430.0,267178.795,5194156496.34906,1739249,135041.1,2625493919.81136
1665360000000,19430.0,19513.0,19000.0,19124.0,560920.904,10812283652.88902,3300957,271613.126,5236399001.5686
1665446400000,19124.1,19260.0,18850.0,19055.0,603358.324,11498533040.99648,3341536,301534.208,5747189040.2871
1665532800000,19055.0,19240.0,18924.3,19148.0,406770.288,7770793558.69373,2465034,204842.683,3913553340.16073
1665619200000,19148.1,19498.6,17917.8,19365.5,1104615.001,20803755671.58129,5965822,548317.372,10332779983.60187
1665705600000,19365.4,19947.9,19059.6,19164.6,861453.21,16828184593.54722,4735908,429107.424,8385720727.06833
1665792000000,19164.6,19218.8,18966.0,19060.4,241520.185,4616795782.81949,1540108,118014.949,2256135138.1209
1665878400000,19060.4,19415.9,19058.0,19251.9,267921.192,5145257703.0476,1691004,134085.564,2575168424.2901
1665964800000,19251.8,19666.0,19148.0,19540.6,502319.759,9769309074.28858,2887591,259733.128,5051559982.45648
1666051200000,19540.7,19706.4,19081.0,19320.9,634343.154,12327590621.92813,3459125,310203.329,6029736437.4722
1666137600000,19320.9,19349.8,19050.0,19116.7,404370.458,7760139097.5399,2416553,196266.973,3767015670.0882
1666224000000,19116.6,19350.0,18882.4,19034.7,537627.048,10277064463.57478,2877859,261819.691,5005173988.24583
1666310400000,19034.8,19240.0,18600.0,19150.9,581878.905,11058978810.26926,2984842,289151.867,5497390082.03491
1666396800000,19151.0,19250.0,19103.5,19195.1,174055.042,3337193018.901,1079976,88690.436,1700596744.9864
1666483200000,19195.1,19690.0,19050.0,19560.7,358611.542,6943907525.50088,1947148,188795.43,3656463717.11928
1666569600000,19560.6,19593.3,19146.0,19318.1,476676.536,9216319528.28483,2450024,232513.239,4495883147.477
1666656000000,19318.1,20415.0,19228.0,20068.3,777306.534,15400549183.34802,4132715,403731.355,7999850052.08242
1666742400000,20068.3,21030.0,20041.1,20758.3,841864.982,17352691191.05276,4594814,425235.003,8765776252.23314
1666828800000,20758.4,20863.7,20170.0,20285.5,614910.045,12645404154.35179,3746823,296534.203,6100035333.432
1666915200000,20285.6,20740.0,19951.0,20582.8,595538.882,12129765185.26634,3464429,297991.899,6071710763.19442
1667001600000,20582.7,21088.0,20547.8,20796.7,482217.17,10032159490.8777,2764585,240831.261,5011025623.65917
1667088000000,20796.7,20925.2,20503.0,20615.6,295389.69,6114966321.62948,1859492,145513.555,3013119568.5483
1667174400000,20615.5,20838.7,20225.4,20482.0,478797.266,9815305143.42379,2823774,235335.712,4825462674.5819
1667260800000,20482.1,20687.0,20320.0,20472.1,314676.187,6448795091.82572,1937679,156085.396,3199168629.38093
1667347200000,20472.1,20796.0,20050.0,20140.1,651535.761,13312093111.48019,3539726,324205.203,6625901142.71293
1667433600000,20140.2,20400.0,20026.0,20199.7,372121.061,7526916784.08875,2000313,185931.45,3761375643.753
1667520000000,20199.8,21297.0,20171.6,21137.6,824515.215,17139316861.70927,4051389,421800.646,8768710759.88774
1667606400000,21137.6,21473.7,21071.1,21289.9,303983.372,6482077789.53821,1973421,153861.129,3280961716.88031
1667692800000,21289.8,21355.8,20863.3,20900.0,277148.646,5867597250.95476,1654568,132682.069,2809748144.4081
1667779200000,20900.0,21062.6,20374.0,20578.6,554408.316,11501587222.14423,3049391,268943.792,5580764313.7752
1667865600000,20578.5,20685.0,16830.0,18534.0,2046476.313,39317019209.93521,10670666,996475.056,19150744714.54398
1667952000000,18533.9,18574.9,15462.6,15905.0,2065606.412,35439309964.8887,12234814,994054.311,17061073283.65767
1668038400000,15905.0,18230.0,15730.0,17588.0,1497093.602,25510406114.43922,9507944,762434.255,12996605641.60776
1668124800000,17588.0,17678.0,16343.0,17058.3,955344.602,16277121145.55291,6729390,478490.175,8154856435.62334
1668211200000,17058.4,17110.8,16623.8,16806.9,304455.717,5128002410.89517,2462955,154268.458,2598752238.66803
1668297600000,16806.9,16950.0,16210.3,16321.2,349742.836,5801587266.16716,2521646,170553.271,2829566179.88424
1668384000000,16321.3,17188.0,15805.5,16605.2,934392.484,15414723480.12307,6045427,470329.645,7762122383.11117
1668470400000,16605.3,17127.2,16516.7,16888.3,649349.458,10938869739.93734,4117920,328279.885,5530694580.00536
1668556800000,16888.3,17007.4,16358.0,16650.6,537241.645,8944296635.42915,3478826,266222.725,4433336578.20557
1668643200000,16650.7,16741.7,16403.3,16682.1,408989.285,6784537154.32738,2605870,205691.358,3412432571.32574
1668729600000,16682.1,16984.4,16541.1,16689.7,388612.842,6506820289.13927,2336444,197146.935,3301435563.80423
1668816000000,16689.7,16814.5,16543.8,16692.9,171822.915,2861333541.4962,1141671,86114.175,1434045898.6149
1668902400000,16693.0,16743.9,16167.1,16272.6,327599.214,5406658335.48391,1896705,159651.534,2635111226.6187
1668988800000,16272.7,16304.3,15443.2,15773.0,790219.365,12615525683.34995,4284344,387859.776,6193711202.09852
1669075200000,15772.9,16309.0,15610.3,16220.6,579333.644,9247607752.32879,3438309,298913.634,4772492195.87961
1669161600000,16220.5,16703.4,16155.5,16595.8,546714.91,9010060479.37584,3319572,280154.178,4617585054.31714
1669248000000,16595.8,16800.0,16450.0,16592.4,351024.418,5829469816.57378,2224179,176391.185,2929822123.48014
1669334400000,16592.5,16639.9,16331.7,16516.1,306560.116,5053312513.9595,1798061,152812.182,2519424576.1873
1669420800000,16516.2,16699.1,16369.1,16449.2,253401.659,4194530429.9317,1518627,126629.776,2096469025.5548
1669507200000,16449.2,16594.2,16396.0,16422.6,189370.345,3128892691.8766,1165521,95297.449,1574638605.1632
1669593600000,16422.5,16475.0,15984.1,16204.5,497137.869,8055102077.13727,2736780,247420.181,4009316678.038
1669680000000,16204.6,16543.0,16088.0,16433.2,391410.854,6420893173.50274,2098706,200297.135,3286258934.01994
1669766400000,16433.3,17248.3,16421.5,17153.3,620324.95,10484678949.19782,3197448,324532.119,5484868596.62088
1669852800000,17153.4,17348.5,16851.2,16970.5,411051.309,7012379504.74513,2195426,203203.47,3467383896.1683
1669939200000,16970.5,17096.3,16760.0,17083.0,335039.215,5677269598.4332,1885103,169750.685,2877006307.6971
1670025600000,17083.0,17160.0,16850.1,16879.5,185257.242,3142125597.7286,1120052,91150.269,1546125066.8714
1670112000000,16879.5,17206.2,16874.1,17099.5,292090.868,4972708169.3658,1618863,153355.38,2611199881.5211
1670198400000,17099.5,17430.0,16860.6,16958.3,519961.39,8927523671.51991,2926850,255808.742,4393254058.16398
1670284800000,16958.2,17100.0,16899.9,17078.6,321330.613,5459567210.6866,1999108,163623.517,2780385201.0178
1670371200000,17078.7,17130.0,16655.0,16828.0,337778.925,5692590254.44704,1894001,162494.52,2738398161.1937
1670457600000,16828.0,17294.9,16710.4,17216.0,402157.335,6833210695.12541,2123523,212725.266,3615373453.22581
1670544000000,17216.0,17365.4,17052.0,17122.0,290231.183,4985683348.1939,1628630,145233.326,2495336272.1422
1670630400000,17122.0,17228.6,17081.0,17120.0,141895.207,2433765605.0113,868846,72264.377,1239539864.609
1670716800000,17120.1,17265.0,17060.0,17077.3,171004.111,2932155202.0391,1012706,84191.709,1443762775.8499
1670803200000,17077.3,17237.9,16865.0,17200.0,335856.258,5711628347.72763,1742321,169725.38,2887096959.1176
1670889600000,17200.0,18100.0,17076.0,17777.1,596851.291,10490862496.70048,3060185,312688.716,5496071258.2506
1670976000000,17777.1,18400.0,17659.4,17803.9,627511.699,11268618570.91463,3317163,320955.657,5765108789.94941
1671062400000,17804.0,17849.5,17258.0,17351.8,437284.037,7667339751.05844,2399085,207475.11,3638418054.3391
1671148800000,17351.9,17528.0,16521.1,16624.1,622150.245,10567832471.04395,3252339,300805.629,5110619125.9195
1671235200000,16624.1,16790.0,16571.8,16768.0,248465.273,4146359913.8303,1457086,127451.595,2127052153.9593
1671321600000,16768.1,16872.0,16656.0,16730.3,185898.213,3110497440.0705,1129837,95900.13,1604846475.8108
1671408000000,16730.4,16809.6,16210.0,16429.2,344728.552,5726008366.05374,1920621,165589.71,2751191820.4059
1671494400000,16429.2,17049.6,16390.3,16887.2,476171.098,7997345166.42257,2490230,244941.416,4113556006.20877
1671580800000,16887.3,16924.2,16694.2,16819.6,227752.335,3830411850.77234,1277706,112775.443,1896896801.7935
1671667200000,16819.7,16861.9,16556.1,16815.5,306610.961,5129865155.4518,1576864,152999.217,2559938347.8128
1671753600000,16815.5,16960.0,16690.0,16776.4,264553.42,4451798691.0348,1351547,134466.878,2263072963.8695
1671840000000,16776.3,16859.9,16774.4,16828.9,82410.79,1386327837.9178,492881,41552.085,698998308.8899
1671926400000,16829.0,16850.0,16700.0,16824.4,144075.843,2419698734.4932,772341,71656.287,1203499336.3318
1672012800000,16824.5,16936.8,16781.1,16912.9,148128.699,2495552248.1392,806616,76793.753,1293884898.4676
1672099200000,16912.8,16968.0,16580.0,16698.2,262828.564,4408009231.4954,1303236,127575.521,2139679714.6757
1672185600000,16698.2,16778.3,16455.6,16539.0,344649.858,5727799258.57904,1597488,169600.703,2818905683.9262
1672272000000,16538.9,16659.0,16485.1,16630.3,208591.531,3460146192.0415,1012505,106311.864,1763493003.2009
1672358400000,16630.3,16666.6,16320.0,16601.2,295630.49,4881195596.8533,1311988,145078.787,2395678437.6654
1672444800000,16601.2,16640.0,16461.8,16537.6,134462.156,2227238361.6692,685007,65822.96,1090387416.1032
1672531200000,16537.5,16618.8,16488.0,16610.3,105502.965,1746449849.7392,594299,52617.509,871082706.8239
1672617600000,16610.4,16799.0,16541.2,16666.0,215161.176,3591354304.35244,1020015,108472.125,1810723970.13864
1672704000000,16665.9,16774.0,16600.3,16667.2,203070.205,3387368709.5144,966813,100250.318,1672393018.3905
1672790400000,16667.3,16984.6,16645.7,16842.1,349747.838,5888326801.78923,1618311,177753.125,2992643471.11553
1672876800000,16842.2,16872.8,16740.4,16823.8,176369.347,2966302291.7523,892815,87831.439,1477299560.3838
1672963200000,16823.8,17030.0,16664.8,16943.8,316973.629,5333655035.26937,1370628,160309.587,2697892780.65753
1673049600000,16943.9,16973.6,16900.1,16936.5,77973.105,1320072681.1707,454642,39351.115,666198018.8261
1673136000000,16936.5,17181.1,16905.0,17124.7,157717.318,2677202628.9964,775585,83397.144,1416053066.9068
1673222400000,17124.6,17387.8,17098.2,17169.7,400277.809,6899176604.98138,1767631,200363.146,3453729372.60018
1673308800000,17169.6,17485.4,17140.4,17428.8,297320.371,5146868921.9222,1362100,152579.704,2641360695.8252
1673395200000,17428.8,18013.2,17306.4,17935.7,386277.106,6776699165.64645,1720123,201937.656,3544334744.07425
1673481600000,17935.6,19120.0,17902.4,18838.0,1040334.76,19148363107.05267,4582821,534948.464,9849293315.59601
1673568000000,18838.1,19997.8,18711.0,19924.2,806807.832,15537710427.37066,3959376,415740.616,8009378312.84056
1673654400000,19924.3,21544.0,19882.6,20962.8,1010666.683,20998726724.36468,5289343,511124.909,10618826164.95763
1673740800000,20962.8,21073.8,20556.0,20882.7,428486.559,8913057374.28152,2666812,212910.07,4429332007.81896
1673827200000,20882.7,21498.0,20606.6,21188.3,666148.201,14032617401.17082,4013906,333915.315,7036062363.27304
1673913600000,21188.2,21640.0,20827.8,21130.9,547390.593,11615613152.77241,3216496,275473.368,5847336700.47464
1674000000000,21130.8,21672.0,20386.0,20680.0,813785.517,17129538788.44014,4880532,405610.78,8540377443.09691
1674086400000,20680.1,21183.9,20659.9,21068.3,374733.617,7822342459.57356,2261529,189723.812,3961007029.48296
1674172800000,21068.3,22750.0,20856.4,22661.1,723645.2,15661806602.12429,3903593,378591.737,8198235121.79229
1674259200000,22661.0,23390.0,22422.0,22781.9,764681.1,17543885761.9696,4452486,381737.848,8759143952.97486
1674345600000,22781.8,23080.2,22287.0,22704.6,482529.811,10978562431.79006,2934952,237240.175,5398756637.50525
1674432000000,22704.7,23193.1,22500.0,22913.1,525802.84,12012842979.87915,3132952,262293.92,5993269939.03665
1674518400000,22913.3,23158.7,22450.0,22627.4,505615.816,11572452898.66944,2961877,244865.087,5605458866.79081
1674604800000,22627.5,23837.4,22310.5,23060.6,692786.607,15838682593.16114,4069945,348568.69,7972068165.63309
1674691200000,23060.6,23278.7,22843.8,23001.9,427760.786,9860266068.50203,2768278,210791.528,4859341223.04126
1674777600000,23001.9,23500.0,22516.6,23068.0,509920.307,11736116589.73221,3045131,253654.606,5839612114.14752
1674864000000,23068.1,23185.0,22870.8,23015.9,186400.943,4287806004.0492,1452787,93351.471,2147538148.8465
1674950400000,23016.0,23962.7,22961.5,23740.3,562028.231,13203229115.48447,3749129,289228.274,6795194980.08346
1675036800000,23740.2,23804.6,22484.2,22819.9,572537.407,13260710938.80389,3732017,272331.712,6308946580.9058
1675123200000,22819.9,23330.0,22715.3,23119.4,403726.966,9282622250.26382,2753125,203885.894,4688836595.77872
1675209600000,23119.5,23852.4,22747.0,23730.0,571429.711,13276728610.62969,3732189,287213.19,6675085949.25407
1675296000000,23730.1,24281.4,23365.0,23493.1,615740.338,14672020690.5787,4136628,304399.567,7255687181.68452
1675382400000,23493.0,23719.9,23201.0,23424.7,470831.438,11047679446.9572,3231984,232037.85,5445353439.87534
1675468800000,23424.7,23591.4,23250.0,23322.6,197118.393,4613381157.5632,1515159,97925.022,2292235317.28
1675555200000,23322.6,23436.0,22741.0,22929.2,356665.034,8235110913.12042,2413892,168478.328,3890523800.8999
1675641600000,22929.3,23159.4,22600.0,22757.7,417160.143,9551236526.98696,2671329,205648.867,4709593003.06291
1675728000000,22757.8,23368.6,22742.4,23234.1,447273.494,10297159070.8913,2811376,227838.755,5246060241.38648
1675814400000,23234.1,23450.0,22662.9,22955.9,383465.481,8824616946.18832,2432733,188193.359,4331860417.2792
1675900800000,22955.9,23007.8,21684.7,21793.4,732295.35,16381601662.80056,4168493,352383.973,7884131203.56675
1675987200000,21793.3,21933.8,21405.0,21618.6,439986.497,9560010537.24584,2754970,218401.918,4746056750.4795
1676073600000,21618.6,21891.9,21594.4,21851.3,189249.667,4107550899.473,1293121,97140.493,2108626609.715
1676160000000,21851.2,22080.9,21618.0,21771.1,276787.093,6050172252.9127,1829939,137801.412,3012674101.98673
1676246400000,21771.0,21888.0,21338.0,21766.2,511595.693,11064385171.50844,3063623,254937.184,5514335125.55216
1676332800000,21766.1,22320.0,21485.2,22187.4,598791.509,13138446771.27616,3582749,301714.763,6620555834.92226
1676419200000,22187.4,24420.0,22038.5,24332.6,824676.471,19105717014.29069,4773998,438095.939,10150489392.24219
1676505600000,24332.7,25290.0,23518.0,23526.6,959463.159,23594991207.78344,6066350,476025.725,11713610216.77922
1676592000000,23526.6,25043.2,23350.0,24581.5,922717.148,22269729549.78749,5941536,466655.784,11265293279.35803
1676678400000,24581.3,24887.5,24430.6,24636.9,261555.556,6441713215.92101,2200570,130552.462,3215740824.08061
1676764800000,24636.8,25200.0,24179.4,24265.9,543506.628,13409130913.30667,3533276,263715.507,6508964121.49515
1676851200000,24265.9,25140.0,23827.0,24849.9,646401.072,15954258831.2622,4489943,325756.247,8042075424.60315
1676937600000,24849.9,25347.6,24150.0,24443.4,729290.575,17996162952.26349,4820541,357778.843,8833009456.17446
1677024000000,24443.3,24468.5,23572.0,24171.3,730414.101,17500937832.07492,5090139,352155.899,8438976506.53682
1677110400000,24171.3,24588.0,23590.0,23928.8,751339.414,18066676937.66089,5244513,369788.469,8893367081.65688
1677196800000,23928.7,24138.6,22800.0,23175.6,731577.942,17176351552.41237,4944260,350601.005,8234014172.71578
1677283200000,23175.5,23210.5,22700.0,23146.2,310795.648,7149097149.93959,2424080,151634.042,3488785432.40751
1677369600000,23146.2,23675.0,23050.0,23545.3,371395.056,8663022665.24848,2819306,189099.315,4411672661.35098
1677456000000,23545.2,23888.0,23088.0,23480.0,576754.966,13533218116.93548,4171455,286691.878,6728538499.90897
1677542400000,23480.0,23592.8,23010.0,23129.6,456919.838,10669916658.50471,3350674,221073.577,5163282472.253
1677628800000,23129.7,24022.7,23008.4,23619.8,617250.311,14566071875.52603,4206389,314962.841,7433802213.0885
1677715200000,23619.8,23790.5,23183.0,23457.1,419256.601,9812612221.27088,3015967,206750.719,4839526748.2583
1677801600000,23457.1,23468.5,21883.2,22342.8,608518.137,13631210171.56995,3866916,283462.569,6347417060.56692
1677888000000,22342.8,22400.0,22147.5,22335.7,175309.211,3909987751.0262,1305968,88103.197,1965194667.7109
1677974400000,22335.8,22650.0,22174.9,22419.4,282261.745,6328721520.6235,1874867,143873.702,3226160540.5217
1678060800000,22419.3,22594.5,22240.1,22397.1,298976.397,6702364485.6129,2012422,147055.495,3296881966.4401
1678147200000,22397.1,22550.0,21908.0,22187.1,548494.099,12196490218.23626,3202168,270677.072,6020127655.34381
1678233600000,22187.1,22276.4,21540.5,21695.4,547867.967,12052988553.6567,3276230,263516.807,5799355284.3335
1678320000000,21695.3,21823.0,20003.5,20348.3,951903.36,20058296300.05462,5290521,451515.553,9520938436.9108
1678406400000,20348.4,20351.8,19521.6,20140.3,1238135.265,24701622102.4386,6670105,613446.983,12240445784.38266
1678492800000,20140.3,20674.5,19752.5,20447.3,753479.558,15236396244.00332,4855620,385590.707,7798516747.10955
1678579200000,20447.3,22184.0,20262.2,21986.2,881522.402,18488877763.69799,5400565,462807.905,9711424272.47629
1678665600000,21986.2,24517.2,21804.0,24119.5,1534982.176,35400848297.96145,10210273,792707.751,18280845428.45666
1678752000000,24119.5,26489.9,23951.0,24682.5,1572562.635,39411234190.48011,11299346,787298.568,19735183976.84621
1678838400000,24682.5,25200.0,23888.0,24288.0,1102056.429,27097556193.83353,8302944,550068.277,13527752107.95273
1678924800000,24287.9,25167.9,24120.5,24990.4,735446.946,18170050595.51308,6238982,368306.41,9101111741.13063
1679011200000,24990.5,27763.4,24875.3,27384.0,1341159.064,35443530287.65108,10192241,692742.466,18307537966.5674
1679097600000,27383.9,27726.4,26555.5,26907.0,740232.316,20184491452.70674,6453518,362122.498,9877028394.80117
1679184000000,26907.0,28397.0,26815.9,27955.7,759367.078,20977139675.99659,6421005,385924.863,10663327634.68572
1679270400000,27955.8,28483.2,27120.6,27704.1,937223.448,26103780621.31453,7758928,463901.53,12924206254.85234
1679356800000,27704.1,28460.0,27288.0,28091.1,685487.714,19152913743.53478,6537638,341214.282,9535776429.15329
1679443200000,28091.1,28881.0,26590.0,27233.8,1080393.27,30186741704.76973,8635170,536538.588,14999230711.37439
1679529600000,27233.8,28777.0,27101.0,28284.1,808174.047,22583147907.22827,6394495,411445.582,11498503263.01036
1679616000000,28284.0,28369.1,26960.0,27438.9,696075.37,19369885616.52528,5519306,338210.882,9414918125.99339
1679702400000,27439.0,27788.0,27131.8,27447.3,335674.055,9219228887.09329,3026808,166700.041,4579168625.36854
1679788800000,27447.2,28186.9,27400.0,27954.3,399756.985,11110815846.83666,3281476,202591.082,5631661123.28706
1679875200000,27954.3,28019.4,26480.0,27112.0,642434.822,17542947640.15402,5064388,309890.679,8462580599.71231
1679961600000,27112.0,27500.0,26610.0,27249.7,585080.772,15806950765.76132,4777546,292760.916,7911119288.16518
1680048000000,27249.7,28649.9,27223.6,28338.5,655852.971,18472646921.01927,5388434,336722.192,9482580881.81991
1680134400000,28338.6,29184.8,27654.1,28015.0,770966.1,21882841599.42791,6177264,381217.0,10823868916.86587
1680220800000,28015.0,28675.3,27500.0,28454.9,611557.29,17241323711.94637,5207648,307763.883,8679287555.29
1680307200000,28454.8,28845.3,28180.0,28443.8,256487.222,7298340524.07105,2401480,127870.841,3639363641.61016
1680393600000,28443.7,28516.5,27820.0,28161.2,316658.67,8922911429.0644,2802195,153621.035,4329266889.29578
1680480000000,28161.3,28540.0,27166.0,27786.1,741665.563,20745208330.25454,5406685,362467.885,10142224927.2093
1680566400000,27786.1,28450.0,27650.2,28155.2,432370.612,12148930975.14344,3984245,217893.823,6123096292.81752
1680652800000,28155.1,28800.0,27775.0,28154.0,543712.838,15395006484.55794,4531402,271962.292,7702654694.54489
1680739200000,28154.0,28175.0,27684.2,28022.8,355916.782,9953310708.79362,3071514,173330.31,4847803106.43654
1680825600000,28022.9,28096.0,27755.0,27890.7,219250.178,6118045792.5145,1917751,107602.684,3002745520.7111
1680912000000,27890.7,28153.6,27850.1,27924.9,159129.56,4453733138.91332,1314182,79060.895,2212908144.45924
1680998400000,27924.9,28539.1,27762.8,28309.4,305861.88,8589117716.66099,2214631,156920.895,4408179639.25343
1681084800000,28309.4,29840.0,28153.6,29623.1,580061.925,16759574206.41599,4123452,307108.653,8875711866.48355
1681171200000,29623.1,30564.0,29573.9,30185.1,628978.491,18933421282.50967,4729571,320948.789,9662923739.48705
1681257600000,30185.1,30480.0,29620.0,29875.0,563668.43,16925990333.74135,4387682,274095.011,8232888836.54609
1681344000000,29874.9,30648.9,29836.7,30362.7,436182.494,13196552183.52759,3715786,221110.303,6690678820.49995
1681430400000,30362.7,31059.0,29925.0,30453.1,615391.615,18803216668.181,5129517,305214.369,9328551186.23577
1681516800000,30453.0,30599.9,30186.0,30280.4,180234.082,5470537724.74858,1830086,88235.857,2678489804.56793
1681603200000,30280.4,30560.0,30102.0,30286.6,210226.019,6372172002.43268,1979267,104891.341,3179663431.59551
1681689600000,30286.6,30307.4,29219.9,29420.0,455518.548,13503235174.14893,3560659,216409.834,6414429315.19702
1681776000000,29420.1,30480.0,29078.1,30365.8,533189.27,16000595786.75336,4274050,268618.874,8062491742.44141
1681862400000,30365.8,30410.0,28557.3,28795.1,643866.11,18890822746.77531,5132636,304917.003,8946658537.96385
1681948800000,28795.0,29078.0,27983.0,28229.9,639179.286,18268559026.79414,5539024,312317.655,8928741908.61007
1682035200000,28229.9,28368.9,27100.0,27252.5,687832.833,19154822175.12687,5562056,335401.125,9343883615.18001
1682121600000,27252.6,27888.0,27126.0,27807.2,345549.021,9486931563.8422,2977249,176885.971,4857095933.51294
1682208000000,27807.2,27807.3,27279.7,27576.0,332082.355,9148054894.69136,3098041,162384.617,4473558049.47598
1682294400000,27575.9,28000.0,26919.3,27497.5,581268.268,15953818918.34071,5618420,286930.069,7877560164.3812
1682380800000,27497.4,28379.9,27176.6,28286.7,508254.515,14045812538.45073,4735859,262433.053,7254921517.45639
1682467200000,28286.7,30048.2,27200.0,28395.9,1284924.668,36973550164.94095,8966446,646460.662,18605129887.66778
1682553600000,28396.0,29898.0,28365.3,29459.0,952584.739,27782772896.56456,8339857,482300.814,14069917959.83486
1682640000000,29459.0,29591.1,28870.0,29300.0,508350.155,14879300727.03726,5098353,251881.846,7373806020.86186
1682726400000,29300.0,29443.9,29000.4,29212.7,218013.244,6381226955.68392,2326398,106970.978,3131356693.5631
1682812800000,29212.7,29950.0,29067.4,29223.0,417798.846,12308569143.22655,3831415,209537.432,6174181640.74801
1682899200000,29223.0,29325.5,27650.0,28054.4,624974.488,17715530181.15137,5751299,299961.517,8502177382.2138
1682985600000,28054.5,28888.0,27854.0,28656.5,513546.269,14563151413.11936,5054283,261246.324,7410061314.6964
1683072000000,28656.4,29258.4,28080.0,29018.4,676466.23,19317326412.84522,6377432,342465.824,9782198497.49407
1683158400000,29018.4,29380.0,28660.0,28826.0,426425.584,12351553435.64055,4742919,210626.637,6102163251.10883
1683244800000,28826.0,29693.0,28618.3,29491.5,578485.177,16927223730.86086,5470394,295386.667,8645297072.35527
1683331200000,29491.5,29840.0,28333.0,28837.8,475628.901,13798897391.83881,4534010,230364.328,6685476928.26591
1683417600000,28837.9,29137.0,28370.0,28419.4,308410.643,8896354660.35729,3445261,150881.809,4353309036.01683
1683504000000,28419.5,28624.6,27250.0,27659.8,658188.777,18339478036.73547,6208727,317479.47,8846487495.8237
1683590400000,27659.8,27815.6,27316.8,27610.2,367664.686,10141376746.46744,4277816,184389.401,5086790813.76146
1683676800000,27610.2,28297.0,26666.6,27582.9,722502.676,20001892800.24953,6667421,357840.011,9910309901.39146
1683763200000,27583.0,27630.0,26688.8,26956.4,538822.363,14649119359.74357,5661571,263065.114,7153190242.43016
1683849600000,26956.4,27090.0,25751.0,26785.1,615645.508,16266529977.65859,6231218,300548.409,7943454570.29941
1683936000000,26785.2,27051.5,26674.9,26762.7,242694.929,6509153676.52752,2852715,122878.742,3296101657.4184
1684022400000,26762.8,27200.0,26557.0,26901.9,247579.427,6656688171.93944,2846819,126373.637,3398259039.07971
1684108800000,26901.9,27650.0,26694.4,27152.5,450263.076,12295451723.86526,4715118,225840.552,6168206273.31608
1684195200000,27152.5,27284.7,26832.0,27024.8,373172.951,10093411170.41688,3880211,183965.66,4976612587.32298
1684281600000,27024.7,27500.0,26527.5,27395.8,490065.218,13216351846.61259,4463922,247031.532,6664812636.09984
1684368000000,27395.7,27482.7,26335.3,26809.3,544971.979,14727436133.81543,4707522,265355.239,7173661710.66004
1684454400000,26809.4,27180.0,26611.2,26870.1,324097.956,8708772764.36967,3022112,160983.349,4326514370.02405
1684540800000,26870.1,27144.4,26813.5,27089.5,137515.354,3707697281.1093,1513513,71584.598,1930327353.1779
1684627200000,27089.6,27288.0,26642.0,26732.8,238776.425,6431869877.90651,2166741,114149.339,3075500274.48755
1684713600000,26732.8,27097.8,26500.0,26840.2,328030.52,8796130693.48035,2928004,166204.584,4457297988.88282
1684800000000,26840.2,27527.5,26782.6,27209.9,369176.618,10055521160.75082,3213050,188440.253,5132744740.45744
1684886400000,27209.9,27212.9,26060.0,26313.8,535191.677,14198721097.42495,4225865,254297.783,6744783768.63836
1684972800000,26313.9,26644.0,25850.0,26461.8,394535.225,10368530938.48118,3050516,198963.797,5230703062.81819
1685059200000,26461.7,26925.0,26313.9,26689.9,324475.546,8633310426.32368,2735645,164118.278,4367405284.22828
1685145600000,26689.8,26890.0,26528.6,26841.6,163681.935,4371514145.40532,1542894,83391.193,2227519288.18362
1685232000000,26841.6,28252.8,26746.0,28055.7,440115.394,12079775165.95981,3490620,234226.791,6429682406.18465
1685318400000,28055.8,28442.0,27513.5,27722.0,411290.549,11464529935.57118,3347963,203499.742,5673038300.78283
1685404800000,27722.1,28038.6,27530.0,27680.1,334379.313,9289854388.3587,3054868,163458.305,4541755326.11208
1685491200000,27680.0,27825.0,26826.0,27201.1,471381.89,12797264657.29916,3775159,226645.195,6152291752.05734
1685577600000,27201.1,27347.9,26600.0,26805.3,404787.572,10888995134.74279,3436492,198133.029,5330281294.56847
1685664000000,26805.3,27290.0,26477.6,27227.8,391110.093,10565372872.49042,3377626,194556.455,5256641187.84103
1685750400000,27227.8,27340.2,26900.0,27054.9,182464.1,4951602182.2861,1666845,89636.349,2432826796.1636
1685836800000,27054.9,27460.0,26935.3,27102.4,218271.544,5933883455.85455,1885379,111312.095,3026397324.91527
1685923200000,27102.4,27125.0,25360.1,25714.7,700502.548,18357609610.21765,5160197,327803.659,8590914005.19361
1686009600000,25714.6,27358.1,25321.6,27221.5,731445.649,19197033011.63045,5795668,379390.882,9963167231.59221
1686096000000,27221.5,27394.4,26111.0,26325.9,660044.537,17580869410.88071,5598399,323613.299,8620928437.71628
1686182400000,26325.9,26800.0,26195.4,26485.9,333104.839,8818214857.61013,3335964,166478.53,4407620734.27519
1686268800000,26486.0,26775.0,26236.0,26468.1,283719.198,7524310651.84534,2997060,141906.325,3763936707.9045
1686355200000,26468.2,26525.0,25300.0,25826.6,608917.569,15698931318.50649,5206226,294120.11,7582028394.08697
1686441600000,25826.6,26199.0,25621.3,25909.9,279365.563,7227089796.30363,2860609,139779.833,3616474290.59514
1686528000000,25910.0,26097.7,25600.0,25894.8,298900.468,7727691958.70051,3328055,149288.623,3860155175.81692
1686614400000,25894.8,26430.5,25708.0,25918.0,434536.754,11308944583.66133,4396395,218491.456,5686948583.8739
1686700800000,25918.0,26099.3,24796.8,25115.9,464681.602,11881929860.74104,4132452,221420.452,5665046499.92456
1686787200000,25115.9,25750.0,24777.0,25586.1,473971.375,11936022995.7639,4258512,237713.113,5987195055.9676
1686873600000,25586.0,26526.9,25142.1,26336.0,533144.956,13781333096.97194,4701378,274629.941,7102173273.84859
1686960000000,26335.9,26900.0,26170.8,26508.9,305738.396,8106952525.28539,2987144,156475.286,4149942186.19615
1687046400000,26508.8,26709.4,26230.9,26329.7,241977.484,6411604568.41224,2592992,119732.659,3173106623.5822
1687132800000,26329.6,27077.0,26241.2,26828.5,400533.758,10651201162.61209,3819087,203794.841,5420543390.38124
1687219200000,26828.6,28397.8,26633.9,28290.6,758176.297,20786331287.82493,6731059,395772.351,10855446383.54249
1687305600000,28290.7,30822.0,28236.4,29988.5,1123474.427,33165677031.81134,9265710,581214.692,17155805442.79453
1687392000000,29988.5,30488.0,29500.1,29875.0,561051.742,16856175550.40033,5633897,277243.344,8330878657.60704
1687478400000,29875.0,31500.0,29792.0,30673.4,699073.071,21421175144.69206,6452824,356076.567,10913706651.31869
1687564800000,30673.5,30796.5,30222.0,30524.2,279539.288,8546756825.90515,3251722,137317.493,4198907744.4826
1687651200000,30524.2,31053.2,30252.6,30458.0,301533.154,9236905464.93146,3399190,149888.559,4592764929.8394
1687737600000,30458.0,30667.3,29890.1,30260.1,415099.356,12562149789.70421,4416524,203410.601,6157177915.98473
1687824000000,30260.1,30998.5,30213.0,30683.2,406073.348,12421440922.16078,4326474,203324.1,6219800032.79922
1687910400000,30683.2,30701.8,29804.6,30066.3,416656.434,12598592811.65844,4000324,201233.626,6085170656.40759
1687996800000,30066.3,30837.0,30036.1,30439.9,382072.846,11648327668.80449,3628731,193794.917,5908416358.03994
1688083200000,30439.9,31300.0,29500.0,30460.2,809331.305,24662962533.50455,6203315,399225.344,12168565748.27174
1688169600000,30460.2,30668.2,30311.3,30573.6,135520.246,4133098990.12844,1590686,67492.25,2058436884.58546
1688256000000,30573.6,30800.0,30149.9,30612.7,231866.188,7079342099.35315,2085396,114887.432,3508161448.67612
1688342400000,30612.7,31395.2,30559.4,31149.0,370293.236,11455001608.3097,3142550,190651.257,5898343125.06834
1688428800000,31149.0,31319.4,30600.0,30756.1,300832.26,9313935624.33744,2628058,146764.589,4544451268.02329
1688515200000,30756.1,30875.2,30175.8,30488.4,294896.578,8991870910.78812,2593078,142172.294,4334972733.45975
1688601600000,30488.4,31568.0,29818.0,29874.4,721267.219,22070224345.63387,5400645,352481.399,10791706209.59854
1688688000000,29874.3,30443.6,29680.0,30327.9,337801.654,10184988283.5844,2996758,167599.954,5053815379.01882
1688774400000,30328.0,30380.0,30026.8,30269.3,138734.493,4191064151.51028,1435489,69726.478,2106595335.57206
1688860800000,30269.2,30443.4,30042.0,30147.8,162296.263,4910685209.23742,1724025,78952.884,2389152954.27674
1688947200000,30147.8,31040.0,29928.8,30396.9,429115.537,13041797875.98727,3641213,215576.274,6553065724.44769
1689033600000,30396.9,30804.9,30261.4,30608.4,298904.747,9119181979.08487,2909176,149847.078,4572301256.1251
1689120000000,30608.3,30980.5,30186.0,30368.9,425058.257,13009902129.34863,3657507,210415.824,6441051320.09102
1689206400000,30368.9,31850.0,30233.0,31441.7,696023.51,21574885298.97106,5143221,357741.915,11090202372.28133
1689292800000,31441.6,31640.0,29876.6,30293.3,538692.246,16570590022.18309,4534212,255020.318,7847006074.03268
1689379200000,30293.3,30380.0,30220.2,30276.4,111622.474,3381748954.15686,1290744,53712.592,1627422637.45136
1689465600000,30276.5,30441.6,30050.0,30216.8,173805.94,5260328370.6608,1678837,84384.358,2554167448.64656
1689552000000,30216.9,30329.7,29630.0,30126.1,344113.427,10348549509.48323,3054669,166025.109,4993811600.30937
1689638400000,30126.0,30227.5,29400.0,29845.6,337396.417,10078127136.72446,3129615,163290.524,4878520240.56572
1689724800000,29845.7,30178.5,29745.0,29895.5,298418.854,8941549015.88861,2697671,147856.002,4430676287.48177
1689811200000,29895.5,30420.0,29468.8,29791.0,410263.764,12295839232.23674,3328318,200648.876,6015005101.38979
1689897600000,29791.0,30056.2,29705.9,29891.4,221145.074,6601525560.44956,1993532,108699.528,3245184747.63478
1689984000000,29891.5,29986.0,29602.2,29783.5,143375.956,4278958894.21528,1331022,70822.324,2113721182.2155
1690070400000,29783.5,30368.2,29718.9,30070.8,224713.846,6742455119.06672,1953437,117355.884,3521432839.90066
1690156800000,30070.9,30091.7,28830.0,29163.8,434182.417,12739148029.69294,3450766,208034.404,6102444959.26272
1690243200000,29163.8,29379.5,29033.0,29216.3,196438.618,5733864849.27923,1797943,100298.496,2927975433.58373
1690329600000,29216.2,29670.5,29083.0,29336.0,318527.582,9342519728.59463,2570927,160070.531,4695735562.44441
1690416000000,29336.0,29558.4,29065.5,29209.7,223376.534,6549775823.23634,2016131,111542.753,3270852118.70144
1690502400000,29209.8,29535.7,29112.8,29299.9,221299.867,6485251844.3234,1932211,112240.463,3289324515.99032
1690588800000,29300.0,29397.9,29237.5,29339.1,87100.719,2552974723.6625,895190,44071.975,1291770329.4734
1690675200000,29339.1,29442.5,29006.0,29271.1,169901.253,4971420690.30703,1438817,83278.757,2436755637.6779
1690761600000,29271.2,29525.8,29100.0,29220.8,230381.722,6752624719.92772,1998716,115578.265,3387957802.12382
1690848000000,29220.8,29735.0,28550.0,29701.2,442328.643,12851250046.85139,3339266,221882.504,6450047847.18607
1690934400000,29701.2,30059.9,28906.3,29170.1,491725.492,14482383687.34577,3847942,238648.722,7030134406.9197
1691020800000,29170.2,29440.0,28955.4,29180.2,251967.942,7357451848.69498,2207681,123472.495,3605738754.72678
1691107200000,29180.1,29323.8,28780.0,29101.1,229395.673,6681106341.50991,1978005,111254.721,3240830018.53478
1691193600000,29101.1,29145.0,28960.0,29057.7,82508.624,2396889615.43942,918789,40766.797,1184357168.27242
1691280000000,29057.7,29199.0,28978.5,29075.9,103094.44,2997426571.5375,1025663,51472.485,1496624248.9518
1691366400000,29075.9,29274.5,28682.3,29202.7,297752.439,8642375892.18842,2447107,148860.265,4321116179.88611
1691452800000,29202.7,30250.0,29132.4,29759.0,459269.801,13599577748.60257,3526450,240202.606,7113900215.65543
1691539200000,29758.9,30149.7,29362.0,29572.8,362009.701,10756925627.79187,2785756,178555.799,5306968152.2511
1691625600000,29572.9,29729.8,29303.7,29443.7,234546.038,6922645509.59273,2026750,115230.163,3401446424.3664
1691712000000,29443.7,29565.1,29220.0,29415.5,179044.008,5265186188.14472,1429875,88423.189,2600611749.95184
1691798400000,29415.5,29470.0,29360.0,29420.7,56238.035,1654106361.1419,582075,28814.601,847528024.3006
1691884800000,29420.8,29463.0,29256.6,29293.3,84190.505,2472829612.6647,766936,40100.62,1177827495.3593
1691971200000,29293.3,29686.7,29070.0,29419.5,295035.383,8677120731.75313,2235064,147796.69,4347419271.95404
1692057600000,29419.5,29492.1,29050.0,29188.8,191289.959,5604668799.70402,1548283,92794.87,2719077508.7602
1692144000000,29188.9,29257.4,28705.1,28714.4,272023.138,7903933631.97155,2185324,129400.59,3761312663.6682
1692230400000,28714.4,28775.9,24581.0,26609.7,868508.22,23892373364.35867,6081888,404833.686,11130416161.33796
1692316800000,26609.7,26818.0,25600.0,26042.1,522375.316,13701338877.41335,4646103,254129.696,6666529307.57693
1692403200000,26042.0,26269.4,25783.4,26088.3,202219.153,5259138403.39374,1944552,97242.835,2529330050.2402
1692489600000,26088.4,26285.0,25948.5,26175.9,141089.85,3684280536.48474,1398230,69192.184,1807032266.86384
1692576000000,26175.9,26280.0,25800.0,26115.4,232505.265,6052756159.68538,2113709,113423.308,2953229324.68786
1692662400000,26115.4,26128.2,25280.0,26044.4,313113.576,8099008037.07027,2670842,154599.135,4000115522.06117
1692748800000,26044.5,26806.0,25800.0,26419.2,412969.028,10844866911.05113,3387282,209031.027,5489668012.00871
1692835200000,26419.2,26568.3,25835.0,26164.6,286753.337,7517625485.57741,2528622,142054.02,3724778724.03136
1692921600000,26164.6,26300.0,25754.4,26051.7,274830.494,7151164304.37309,2435810,136225.91,3544996132.1971
1693008000000,26051.7,26129.4,25969.0,26004.3,63925.862,1664151835.8984,686474,31589.486,822422020.5679
1693094400000,26004.3,26173.6,25955.6,26087.7,86505.398,2255661579.44877,945488,43815.989,1142530666.31617
1693180800000,26087.6,26244.6,25850.4,26106.5,219992.051,5728245334.03454,2034199,109259.071,2844967503.225
1693267200000,26106.5,28168.0,25905.2,27700.1,700233.946,19063888802.78101,5095886,359112.466,9774025451.52869
1693353600000,27700.1,27758.2,26950.0,27290.4,315313.916,8611722669.03794,2868554,153659.355,4196978727.47524
1693440000000,27290.4,27674.3,25617.8,25928.0,502906.277,13374373720.159,4108957,242515.16,6452052642.39265
1693526400000,25928.0,26151.6,25312.0,25795.6,361184.924,9314832822.37795,3414721,180488.71,4655865487.86106
1693612800000,25795.6,25975.0,25740.6,25855.8,107642.864,2780278800.436,1335781,53671.502,1386371344.5941
1693699200000,25855.8,26135.2,25777.0,25962.1,133016.832,3448807040.90302,1530423,66887.107,1734637690.97104
1693785600000,25962.1,26099.3,25610.0,25814.0,173147.873,4476150022.96639,1917437,84103.786,2174598492.23596
1693872000000,25814.0,25900.0,25531.2,25779.7,186639.945,4801841760.65064,1993037,93238.333,2399002456.92618
1693958400000,25779.7,26052.0,25326.0,25747.4,251122.66,6451012388.43805,2404620,124310.307,3193837018.62409
1694044800000,25747.4,26451.0,25602.3,26240.7,257349.902,6683838708.83606,2609838,132934.158,3453464303.19888
1694131200000,26240.7,26437.5,25630.0,25899.8,249269.761,6476749865.05496,2723220,121841.513,3166020428.26558
1694217600000,25899.9,25940.6,25781.5,25892.6,67909.81,1756326250.4234,902910,34217.008,884994548.7205
1694304000000,25892.6,26037.3,25508.7,25828.4,162972.413,4203882568.6831,1790427,81967.899,2114888979.83764
1694390400000,25828.4,25895.0,24888.0,25150.4,427216.374,10833054059.77662,4186513,208470.984,5286750269.26554
1694476800000,25150.4,26580.0,25116.4,25825.8,592049.678,15363954424.52744,5168542,305085.164,7916288656.6658
1694563200000,25825.8,26400.0,25750.0,26209.9,335252.718,8752833623.09691,3465389,171304.942,4472677923.94791
1694649600000,26209.9,26880.0,26106.6,26510.3,380666.471,10081082095.72619,3806217,191608.892,5075166702.61775
1694736000000,26510.3,26890.0,26206.6,26591.1,251656.77,6669561598.24096,2598616,128322.454,3401550680.05322
1694822400000,26591.1,26763.5,26430.0,26546.9,140482.465,3729905321.7588,1446323,66039.01,1753710305.8176
1694908800000,26547.0,26614.3,26377.4,26514.2,114239.394,3027518454.4446,1246715,53324.583,1413327371.6223
1694995200000,26514.2,27397.0,26358.6,26749.9,472539.032,12722651442.18257,4379742,240451.011,6473666094.16553
1695081600000,26749.9,27480.0,26653.2,27196.0,433511.747,11764014197.82195,4082920,216474.712,5875095229.98899
1695168000000,27195.9,27381.0,26740.0,27107.7,348921.447,9453380064.9792,3431688,173398.437,4698594413.0848
1695254400000,27107.7,27149.0,26360.1,26552.6,317992.869,8489071729.18165,3104803,156286.801,4172236437.038
1695340800000,26552.6,26737.7,26452.9,26566.7,173534.648,4616219481.9717,1777923,85262.371,2268242223.2308
1695427200000,26566.7,26620.6,26492.2,26563.1,57836.484,1536234764.7418,698719,27762.124,737412726.7147
1695513600000,26563.0,26739.9,26081.0,26232.4,146632.773,3882520896.41624,1365933,70597.939,1870273655.0322
1695600000000,26232.4,26440.0,25965.0,26290.5,268385.836,7028826209.2632,2519801,136047.296,3563525983.36408
1695686400000,26290.5,26388.0,26073.8,26208.8,180491.169,4732077914.06044,1788056,92050.691,2413433258.464
1695772800000,26208.7,26849.9,26050.0,26359.6,353002.84,9328178302.68859,3158728,178232.953,4711220214.31189
1695859200000,26359.6,27308.7,26325.2,27011.8,429587.858,11511420032.6491,3925365,220056.731,5896465635.4317
1695945600000,27011.7,27231.5,26625.0,26890.9,277397.643,7472678754.10716,2795717,137424.353,3702375381.57978
1696032000000,26890.9,27085.0,26870.4,26950.9,92317.154,2489538716.4701,1113176,46816.901,1262556928.5336
1696118400000,26951.0,28365.2,26939.0,27981.4,240382.946,6597423569.0926,2313010,128236.139,3521919101.10306
1696204800000,27981.4,28613.0,27255.0,27477.6,593277.72,16636546184.94729,5080027,295044.931,8277110001.66044
1696291200000,27477.7,27665.0,27123.0,27412.0,283077.899,7764002370.30097,2975893,140083.881,3842502810.86736
1696377600000,27412.0,27830.0,27163.9,27759.8,280784.322,7725687370.07408,2880715,142924.232,3932562144.89526
1696464000000,27759.7,28110.0,27333.5,27398.4,370190.087,10248367834.29458,3222885,183067.126,5069414370.79611
1696550400000,27398.3,28450.0,27156.0,27916.3,438445.904,12148383610.73177,4030623,224431.299,6220626846.35605
1696636800000,27916.3,28018.7,27822.1,27943.0,117049.145,3267342158.1076,1333428,57424.596,1603120003.6168
1696723200000,27943.0,28082.0,27671.0,27901.2,178380.307,4975001729.5113,1940245,88788.113,2476625132.50288
1696809600000,27901.2,27977.0,27250.0,27578.3,314316.581,8665868960.69567,3091697,154566.795,4261653342.4594
1696896000000,27578.4,27727.3,27281.0,27381.2,239779.496,6587799296.3111,2416501,117705.794,3234093021.81418
1696982400000,27381.3,27467.6,26525.0,26864.5,388186.571,10465119996.4274,3676146,186764.342,5034602541.5362
1697068800000,26864.5,26939.0,26534.8,26744.0,220279.04,5889875524.20162,2306297,108281.012,2895470068.76912
1697155200000,26744.0,27120.8,26670.1,26849.8,243222.154,6531230809.70284,2249396,120801.824,3244089837.46692
1697241600000,26849.7,26986.4,26773.1,26836.3,82164.781,2208107023.81852,912735,40634.451,1092119620.8824
1697328000000,26836.4,27456.1,26790.4,27139.8,160000.462,4324470125.81482,1521199,84768.5,2291813893.98944
1697414400000,27139.8,30720.0,27095.4,28486.3,823003.782,23288253085.66756,6854221,423876.937,11994611443.8319
1697500800000,28486.3,28605.0,28055.0,28381.9,314189.758,8911627202.91139,3419721,154668.336,4387170011.70336
1697587200000,28382.0,29100.0,28126.6,28307.1,297176.628,8454733708.39205,3101732,149433.375,4252369450.35617
1697673600000,28307.2,28933.4,28076.0,28696.9,333673.207,9523779728.80222,3353875,166642.583,4757052570.59342
1697760000000,28697.0,30243.0,28560.0,29653.0,551005.327,16251872830.69389,5390533,286339.629,8445771407.53565
1697846400000,29653.0,30374.6,29443.5,29895.4,258195.956,7714008513.63393,2913921,133151.029,3978697592.35373
1697932800000,29895.4,30229.7,29606.6,29981.5,198602.758,5938982672.49338,2402842,98711.081,2952207924.051
1698019200000,29981.4,35981.9,29869.4,33074.0,987741.536,31143119218.83396,9516564,514370.855,16226351845.69938
1698105600000,33074.0,35300.0,32833.5,33917.0,921993.063,31438800457.07022,10856672,463292.225,15796970746.76308
1698192000000,33917.0,35154.3,33660.6,34487.7,465367.144,16013137764.07121,6530411,233671.848,8042649670.78944
1698278400000,34487.8,34828.7,33750.0,34154.0,339552.964,11632500642.20401,4528633,165392.541,5666641885.91917
1698364800000,34154.0,34253.3,33350.0,33893.1,278052.978,9431378767.25107,3613726,133928.514,4543534000.94928
1698451200000,33893.2,34535.8,33867.4,34086.6,138314.932,4721192040.5172,1952090,69561.154,2374568045.68067
1698537600000,34086.7,34773.8,33933.0,34528.6,175897.55,6052162692.45699,2463878,88952.02,3060266315.06112
1698624000000,34528.6,34888.2,34050.0,34483.8,281841.348,9712557953.95943,3517907,137520.137,4740097194.1429
1698710400000,34483.8,34744.7,34016.8,34651.4,272450.567,9367740893.9104,3318578,137432.937,4725999183.95524
1698796800000,34651.4,35734.0,34076.0,35437.4,469214.787,16310840373.51904,5043007,235433.671,8188069606.32684
1698883200000,35437.5,35999.9,34300.0,34940.1,410221.727,14411069440.58643,4240505,195704.868,6876495562.4818
1698969600000,34940.1,34944.9,34123.0,34700.4,306048.199,10557775671.82227,3278797,149201.899,5146880328.30816
1699056000000,34700.5,35270.0,34571.6,35069.7,140746.874,4903087436.09509,1581510,73473.65,2560499905.03807
1699142400000,35069.7,35455.2,34356.0,35025.5,231363.339,8104514852.65571,2483235,114206.6,4001834169.31893
1699228800000,35025.5,35299.9,34743.2,35057.4,202227.215,7084946768.0661,2332675,100743.041,3529757876.13835
1699315200000,35057.5,35921.7,34520.3,35406.5,343525.95,12064060090.68823,3475930,171377.818,6021304746.37207
1699401600000,35406.5,36150.0,35073.0,35626.7,334779.449,11899393604.89829,3098481,167858.729,5968118352.82227
1699488000000,35626.7,38499.9,35304.0,36719.5,778877.937,28650466494.87653,7145218,397604.298,14631150233.75849
1699574400000,36719.6,37570.0,36350.0,37330.4,299373.892,11076896066.60177,3260186,145926.285,5400078760.11308
1699660800000,37330.3,37422.2,36588.0,37162.1,159239.284,5903428289.9594,1853148,77724.269,2881997016.08958
1699747200000,37162.1,37258.4,36753.6,37085.5,118890.045,4409373212.1171,1417328,59200.216,2195767164.70499
1699833600000,37085.6,37464.8,36350.0,36486.2,257075.648,9473874020.94803,2791229,124933.697,4605371454.38504
1699920000000,36486.2,36779.9,34446.3,35559.0,397265.8,14314693961.9118,3817622,188122.019,6781867049.73538
1700006400000,35559.1,38000.0,35388.0,37885.6,423818.57,15581195427.04667,4117459,218179.036,8022577792.90326
1700092800000,37885.5,37956.5,35486.1,36176.0,434444.366,15963485688.09104,4430141,209563.839,7702160580.38708
1700179200000,36176.0,37020.5,35868.3,36621.9,319943.051,11629773626.22051,3392377,158800.677,5773619881.351
1700265600000,36621.9,36900.0,36196.0,36580.9,121720.922,4446623778.62677,1559774,59945.203,2190096532.04466
1700352000000,36580.9,37528.2,36380.0,37375.9,154713.007,5695092295.31787,1707461,81103.115,2985985224.69178
1700438400000,37375.8,37784.7,36600.0,37462.5,310504.037,11585755433.13282,3145401,151546.418,5656032175.81179
1700524800000,37462.6,37675.0,35720.0,35737.0,450731.16,16617512774.69305,4177874,214766.382,7922810217.89473
1700611200000,35737.0,37880.0,35610.7,37413.4,338189.618,12443659325.49277,3431728,173920.996,6400961018.26049
1700697600000,37413.5,37650.0,36856.3,37294.3,185369.931,6912924978.37547,2192283,92092.564,3434735828.58206
1700784000000,37294.4,38425.0,37257.3,37706.3,351031.723,13275238103.95441,3459708,176394.591,6672258090.21117
1700870400000,37706.3,37886.5,37570.9,37766.6,82589.329,3116830221.06905,1090709,40804.412,1539982685.32292
1700956800000,37766.7,37807.6,37126.0,37437.9,173758.644,6511523445.85111,1851041,83650.862,3134654054.00506
1701043200000,37437.9,37560.0,36700.0,37234.3,266112.699,9864595980.22536,2709326,129505.027,4801276041.95802
1701129600000,37234.4,38395.0,36856.0,37812.1,318426.327,11989725382.60476,2849494,161183.178,6069345038.6028
1701216000000,37812.0,38500.0,37551.8,37837.1,261631.881,9929131546.05138,2577159,131208.813,4980271370.23214
1701302400000,37837.2,38132.0,37442.9,37716.8,191188.871,7217490282.26007,2095004,94614.923,3572214115.76825
1701388800000,37716.9,38989.0,37600.0,38660.0,342361.994,13165741479.13575,3053861,175399.909,6746310427.71475
1701475200000,38659.9,39900.0,38613.5,39435.0,213210.311,8343797522.28991,2036997,111247.354,4355227204.95264
1701561600000,39435.1,40410.1,39255.2,39979.7,221917.905,8809720241.44514,2176911,113115.685,4491571908.67447
1701648000000,39979.8,42440.0,39970.4,41993.1,602492.859,24973172580.45416,4914848,309653.48,12832793790.74897
1701734400000,41993.1,44528.1,41393.5,44081.7,575038.041,24684026724.28502,4957181,293613.701,12606208706.41785
1701820800000,44081.7,44349.8,43377.0,43774.8,383957.738,16855439556.37356,3312344,189313.948,8312419039.08001
1701907200000,43775.1,44066.7,42815.0,43296.0,346421.958,15052072255.7809,3139944,167869.668,7294723155.23818
1701993600000,43296.0,44779.3,43100.0,44209.5,281880.593,12354864659.75649,2689393,141987.204,6223424596.24878
1702080000000,44209.6,44389.2,43555.0,43734.3,189339.656,8331208461.23936,2008104,91986.898,4048303794.51515
1702166400000,43734.2,44099.2,43552.5,43810.0,144548.259,6336935031.6078,1625045,71693.869,3143532367.57372
1702252800000,43810.1,43833.4,40228.3,41271.0,620753.439,25927086771.59747,5535071,298564.648,12464090729.38179
1702339200000,41271.1,42125.0,40711.0,41515.0,356541.118,14804780111.22747,3541062,178480.429,7411400940.53889
1702425600000,41514.9,43517.6,40556.0,42875.0,396710.296,16618328876.25431,3740055,198023.379,8296092906.06892
1702512000000,42875.0,43450.1,41140.0,43032.4,361628.325,15456710755.29236,3556744,179049.547,7656008118.31044
1702598400000,43032.3,43098.0,41668.0,41968.0,257177.013,10899991321.40501,2891215,125660.846,5325707013.21401
1702684800000,41968.0,42756.7,41638.1,42287.4,160549.459,6792519091.8989,1874171,79904.113,3380908758.58106
1702771200000,42287.4,42476.0,41248.3,41396.5,224722.851,9421985303.21506,2557926,108887.464,4566790592.12974
1702857600000,41396.6,42795.3,40553.8,42671.7,375385.675,15562426218.22632,4005918,188893.603,7833963224.8221
1702944000000,42671.8,43550.0,41835.4,42298.3,315311.844,13457649560.46984,3465516,157288.146,6714209013.68883
1703030400000,42298.2,44384.6,42218.3,43708.9,377008.923,16393157759.03438,3892858,192098.077,8351837064.6893
1703116800000,43708.9,44287.2,43317.2,43896.3,276922.155,12123140366.35172,3069295,137520.09,6021500040.18053
1703203200000,43896.4,44484.0,43430.4,43999.2,238341.933,10452147024.44062,2681930,117622.666,5159324687.78561
1703289600000,43999.2,44023.0,43304.2,43725.2,120792.199,5275597701.9703,1456500,58914.808,2573285959.17493
1703376000000,43725.2,43994.8,42550.0,43008.4,179967.251,7820621575.19171,2012652,85895.372,3733335729.04416
1703462400000,43008.4,43850.0,42755.4,43611.9,184210.274,7998973036.56107,2121238,94560.236,4106260428.59181
1703548800000,43611.9,43635.1,41597.0,42538.5,295583.678,12579682837.18391,2919456,138762.82,5904982759.29667
1703635200000,42538.6,43700.0,42145.7,43453.8,251351.538,10800417570.90282,2605702,126804.896,5449295761.85111
1703721600000,43453.8,43850.0,42320.5,42600.1,257515.182,11056852869.47034,2747859,126847.513,5446789288.72854
1703808000000,42600.1,43171.9,41283.2,42095.1,337421.865,14290101442.75712,3300161,162512.91,6885187252.36289
1703894400000,42095.1,42654.6,41550.0,42174.2,183890.67,7750535197.76647,1910363,91329.738,3849562064.15121
1703980800000,42174.3,42951.0,42001.0,42314.0,173508.289,7373114617.21853,1835399,85439.891,3631343913.33205
1704067200000,42314.0,44266.0,42207.9,44230.2,206424.144,8897557996.51846,2197331,107259.562,4626093916.74846
1704153600000,44230.3,45950.0,44200.9,44979.8,459798.523,20799115632.46685,4584899,226772.856,10258435145.7801
1704240000000,44979.7,45582.3,40333.0,42849.5,595855.225,25726152649.43654,5484694,285738.095,12338124587.28819
1704326400000,42849.5,44840.8,42625.0,44143.8,333923.098,14582787988.83859,3778259,167326.171,7309089936.81672
1704412800000,44143.8,44500.0,42300.0,44145.4,374967.791,16383172715.24129,4299469,186384.897,8145555060.07347
1704499200000,44145.3,44214.6,43391.3,43956.7,138542.797,6067670136.35873,1908679,69273.603,3034149465.65284
1704585600000,43956.6,44486.9,43557.5,43916.9,180710.714,7960341657.87697,2426450,89031.035,3922357252.9761
1704672000000,43916.9,47312.0,43158.1,46972.7,495087.983,22401426143.93918,5552927,252368.827,11423109451.98725
1704758400000,46972.6,48100.0,44417.2,46114.0,513362.773,23864636393.45204,5975796,255356.407,11878102002.28864
1704844800000,46113.9,47699.3,44291.5,46662.9,668657.474,30628280360.85305,7930762,328241.395,15042252558.57851
1704931200000,46663.0,49027.5,45600.0,46337.8,596698.379,28052864785.47425,8147634,294954.12,13871354323.06593
1705017600000,46337.9,46536.2,41370.0,42788.9,575943.258,25506347481.11302,7339600,274714.473,12173449742.6904
1705104000000,42789.0,43273.4,42445.7,42846.4,207737.326,8903288166.33136,3284308,102338.255,4385856810.87438
1705190400000,42846.4,43096.1,41713.5,41734.9,181096.968,7710193172.30398,2586518,86225.908,3672184666.98371
1705276800000,41734.9,43376.0,41720.0,42515.0,240059.141,10237828482.80086,3393913,121327.115,5174655656.94734
1705363200000,42515.0,43589.0,42050.0,43133.0,287207.233,12326619430.2348,3591913,142496.835,6116162864.94249
1705449600000,43133.0,43198.0,42200.0,42783.4,209396.081,8935030009.19649,2896397,104380.6,4454370627.69897
1705536000000,42783.3,42932.3,40673.6,41323.1,335080.756,14029461752.96119,4381862,159993.343,6698735621.04958
1705622400000,41323.2,42197.0,40300.0,41662.2,345941.73,14252164353.07918,4485546,173561.662,7152194461.29936
1705708800000,41662.1,41883.5,41453.6,41691.8,95866.062,3989874076.29828,1350118,47395.27,1972576689.99542
1705795200000,41691.8,41880.9,41500.0,41580.0,67035.552,2795034232.08641,1011538,33267.189,1387114417.88662
1705881600000,41579.9,41692.3,39402.0,39567.0,459024.106,18601094756.09346,5215198,221559.288,8980786542.59356
1705968000000,39567.1,40172.7,38545.0,39890.0,414373.386,16262676717.26893,4996338,206872.825,8120360043.90706
1706054400000,39889.9,40560.6,39493.3,40078.7,272754.171,10898797410.02247,3577649,137526.518,5496207538.88882
1706140800000,40078.8,40300.0,39535.3,39953.3,203728.679,8134002285.16447,2660878,101721.426,4061761814.5241
1706227200000,39953.3,42239.3,39813.1,41806.4,355418.478,14627005545.1065,4170436,183407.862,7545764057.51518
1706313600000,41806.4,42187.1,41360.1,42102.2,118437.114,4949330917.72336,1602331,58359.399,2439172746.10856
1706400000000,42102.2,42836.0,41600.0,42021.2,205736.453,8694654832.16972,2623969,102732.529,4342295182.27932
1706486400000,42021.2,43340.8,41768.3,43287.7,249502.11,10615111402.26071,3264398,126814.07,5396362634.9375
1706572800000,43287.6,43888.0,42665.6,42918.3,257582.784,11174336066.69975,3279938,127240.221,5521555765.99806
1706659200000,42918.3,43748.6,42257.6,42560.5,313069.11,13443352429.15163,3894405,156366.219,6715650062.85712
1706745600000,42560.5,43288.0,41866.8,43072.6,274321.107,11658501786.30592,3366630,137388.932,5840117814.44018
1706832000000,43072.6,43480.0,42512.7,43182.0,205767.574,8854896870.13836,2609694,102857.802,4427096388.70144
1706918400000,43182.0,43372.2,42858.3,42992.4,89735.22,3867372627.98708,1184516,43576.701,1878320062.99414
1707004800000,42992.4,43112.1,42176.7,42570.3,127421.548,5453304864.80739,1639173,61808.732,2645869182.56388
1707091200000,42570.3,43580.0,42235.1,42692.9,240655.549,10308099591.89269,3020351,120655.29,5168353034.63723
1707177600000,42692.9,43378.8,42559.8,43079.1,196157.643,8429315912.62482,2349996,97614.641,4195174982.261
1707264000000,43079.1,44388.0,42763.4,44326.2,252057.708,10954644814.28782,2929944,130579.297,5675987977.2819
1707350400000,44326.3,45600.0,44306.8,45269.1,299738.288,13472865468.76801,3448195,150413.123,6761188131.9274
1707436800000,45269.2,48230.3,45218.1,47116.1,519919.419,24408544252.73436,5650447,266454.921,12508255349.16633
1707523200000,47116.1,48189.6,46836.4,47732.6,179626.604,8517076446.277,2285021,91198.273,4324631270.60389
1707609600000,47732.6,48600.0,47539.4,48303.4,209951.626,10111698916.38982,2680053,105168.316,5065428436.66205
1707696000000,48303.4,50413.2,47702.0,49943.6,450895.202,22160439674.1704,5410318,229461.763,11279389489.43873
1707782400000,49943.6,50428.8,48301.0,49696.4,382348.085,18877386934.6482,4735916,187369.079,9252322651.26047
1707868800000,49696.4,52100.0,49215.7,51823.2,395191.791,20230765100.11763,4979944,202339.246,10357567701.86297
1707955200000,51823.1,52859.0,51334.9,51898.5,392724.603,20470765163.49206,5071385,194206.651,10124718243.08555
1708041600000,51898.4,52623.0,51611.7,52148.6,259819.793,13526420001.52013,3599586,129912.166,6763851036.28675
1708128000000,52148.7,52192.8,50647.5,51679.4,222342.005,11434408252.82568,2933206,110404.236,5678326211.43959
1708214400000,51679.5,52450.0,51178.0,52175.9,166636.426,8636668534.04451,2535098,82558.355,4279808820.87837
1708300800000,52175.9,52532.9,51688.8,51813.8,196387.978,10243057368.09604,2984130,97120.2,5065816013.56385
1708387200000,51813.7,53090.9,50788.0,52297.4,388913.064,20209071433.34851,4725341,191609.587,9958190682.55356
1708473600000,52297.3,52402.3,50528.4,51877.8,308127.301,15814919137.63912,3939518,151274.425,7765226442.49357
1708560000000,51877.9,52130.8,50967.5,51316.9,244144.647,12596855772.34223,3185280,120428.135,6213980738.34822
1708646400000,51316.9,51576.3,50512.7,50771.9,215474.562,11000943935.5279,2838186,103486.305,5284377929.58768
1708732800000,50771.9,51736.6,50611.4,51602.1,104944.457,5375932540.32768,1581717,53616.22,2746901077.96253
1708819200000,51602.1,52050.0,51300.4,51764.9,122177.26,6314690489.48664,1737312,61208.274,3163965668.71564
1708905600000,51764.9,54991.8,50922.5,54511.6,393466.231,20859521852.00051,4559698,204557.843,10848941110.67955
1708992000000,54511.7,57780.0,54495.0,57074.5,511475.535,28943003745.31963,6037486,261279.379,14782114126.33708
1709078400000,57074.5,64300.0,56730.1,62487.9,1010118.442,61121395260.18302,10470544,512372.977,31009740327.25936
1709164800000,62487.9,63762.8,60452.0,61203.3,584713.883,36342923573.76713,7991451,288332.344,17923415792.93351
1709251200000,61203.3,63199.0,60844.8,62430.6,299231.827,18555341528.19973,4242562,149192.047,9251925530.42108
1709337600000,62430.6,62513.1,61605.0,62039.9,159283.629,9880073062.42179,2445321,78157.054,4848585077.14658
1709424000000,62039.9,63330.9,61339.5,63178.5,200312.503,12480586261.48198,2976490,100689.426,6275449929.04907
1709510400000,63178.5,68600.0,62299.0,68296.4,632882.144,41606992664.57328,8622486,315954.494,20769345645.10813
1709596800000,68296.5,69350.0,59112.0,63747.4,1053025.132,68785497181.28033,11587828,506125.171,33083366233.69872
1709683200000,63747.5,67729.5,62829.3,66128.1,534011.813,35282709655.61008,6780080,264966.526,17505717164.11994
1709769600000,66128.0,68101.3,65609.3,66870.0,296092.788,19831473590.1586,4405527,147654.75,9889788645.76925
1709856000000,66870.0,70330.8,66120.0,68180.2,459387.207,31244040068.19154,5980692,231568.743,15755981790.23659
1709942400000,68180.2,68608.7,67908.7,68360.1,94899.005,6480692325.8141,1537614,45581.279,3113000772.6094
1710028800000,68360.2,69999.8,68155.0,69001.8,233596.523,16185393841.67323,3375720,116161.406,8049563344.88834
1710115200000,69001.8,72890.0,67000.0,72153.8,474396.897,33718116318.4871,6424784,238156.809,16928784715.47152
1710201600000,72153.9,73370.0,68600.0,71503.2,472072.331,33679961862.9098,6616949,231739.524,16538750903.78605
1710288000000,71503.3,73755.0,71388.1,73127.6,288446.338,20996680531.98601,4413774,144767.213,10538493126.41221
1710374400000,73127.6,73881.4,68600.0,71455.5,513901.237,36716558419.97936,7086199,252641.121,18055167204.84591
1710460800000,71455.6,72500.0,65580.0,69552.2,705810.685,48272589072.43203,9432499,343300.728,23485737211.50229
1710547200000,69552.1,70097.6,64750.0,65351.0,333426.129,22541723738.08737,4728369,158811.135,10743916091.24294
1710633600000,65351.0,68972.4,64559.8,68447.9,314890.309,21028336103.89335,4441202,157746.931,10538915981.19096
1710720000000,68447.9,69044.4,66601.6,67660.0,317885.916,21525969323.10516,4929189,157518.056,10667482983.78231
1710806400000,67660.0,68178.6,61582.8,61974.1,700466.795,45022413705.43772,8883840,341387.21,21944607883.64712
1710892800000,61974.1,68140.0,60800.0,67876.4,637362.465,40691118766.89385,8081289,322745.423,20619446188.00391
1710979200000,67876.4,68293.9,64550.1,65539.9,347218.385,23114287433.97302,5314298,170701.466,11368438508.35749
1711065600000,65539.9,66691.9,62294.0,63826.0,401149.333,25742798562.87778,5610913,193242.858,12404628469.30646
1711152000000,63826.1,66050.0,63020.2,64020.3,239124.0,15454464441.79797,3255774,118901.006,7686603208.46166
1711238400000,64020.4,67700.0,63822.0,67260.9,244179.435,15988550837.61994,3674436,127453.119,8347706445.71518
1711324800000,67260.9,71228.3,66427.6,69920.5,395156.191,27232095366.19894,5616354,200494.861,13818628576.04482
1711411200000,69920.6,71649.0,69320.0,70044.1,307861.116,21669886112.75456,4470979,153843.837,10831152594.30161
1711497600000,70044.2,71888.0,68364.8,69532.6,407757.788,28488910521.65316,5478411,201598.36,14089632179.45393
1711584000000,69532.6,71636.2,68941.0,70838.7,242199.225,17098709141.38956,3691793,121791.411,8599419466.58696
1711670400000,70838.8,70976.9,69000.0,69903.6,187970.841,13153542392.49107,2898786,90312.609,6320726778.39616
1711756800000,69903.6,70388.0,69577.2,69642.1,91126.75,6381178971.24793,1469267,44861.628,3141852313.38343
1711843200000,69642.0,71495.5,69608.0,71363.0,132458.79,9355678962.74715,1955289,68649.954,4849468552.37815
1711929600000,71363.0,71388.0,68103.3,69700.0,282812.126,19638685563.10507,3855192,137263.312,9530831255.99772
1712016000000,69700.0,69731.6,64603.2,65505.3,499041.572,33033080048.77764,6306952,237161.633,15695025558.87847
1712102400000,65502.4,66940.0,64500.0,65971.9,275041.23,18154927438.74836,3716045,136386.786,9004150179.32951
1712188800000,65971.8,69329.7,65100.0,68489.9,326385.338,21993168904.27893,4218217,165264.515,11139494023.46972
1712275200000,68489.8,68787.1,65966.0,67825.7,313547.293,21110165189.20931,4246122,155082.742,10443116339.15663
1712361600000,67825.8,69708.0,67450.0,68901.6,127343.726,8691055181.73954,2044067,64920.835,4432291812.8903
1712448000000,68901.5,70395.0,68820.6,69362.7,171783.436,11941226271.93175,3094007,87513.442,6085046788.87065
1712534400000,69362.7,72890.4,69040.4,71678.4,297237.449,21244762968.03559,5294493,152755.361,10917069772.29398
1712620800000,71678.3,71820.6,68216.0,69189.3,334059.403,23375265337.43875,5431596,160558.807,11237036576.48242
1712707200000,69189.2,71412.2,67546.2,70681.7,337774.756,23325641513.82547,5376395,167241.536,11554062305.40367
1712793600000,70681.8,71387.4,69592.6,70055.7,256194.153,18046895525.55698,4391518,127153.925,8958246885.04106
1712880000000,70055.6,71297.0,65102.0,67136.4,415528.149,28466614548.62947,5589326,199599.598,13685584443.99834
1712966400000,67136.4,67975.4,59652.5,63939.7,515005.203,33367903479.68061,6679641,245812.903,15937487127.49542
1713052800000,63939.7,65822.1,62139.3,65615.9,395770.133,25338078893.58177,5695785,196030.06,12553905287.50409
1713139200000,65615.9,66874.9,62242.5,63392.7,381532.225,24677843958.38368,5541668,186902.326,12093422630.04127
1713225600000,63392.8,64356.3,61521.0,63765.0,405931.439,25471361626.3662,5816515,202402.987,12702757951.558
1713312000000,63764.9,64483.3,59625.0,61254.5,444032.992,27402345105.77818,6013417,217665.156,13434667791.21996
1713398400000,61254.5,64100.0,60763.8,63445.0,363302.394,22708533755.01486,5247504,182854.996,11431133049.65166
1713484800000,63445.0,65480.0,59541.0,63787.4,574264.058,36332133260.93782,7729583,287739.633,18209274035.11942
1713571200000,63787.4,65400.0,63045.1,64897.2,197142.262,12657413510.99301,3203773,99413.059,6383438008.33587
1713657600000,64897.2,65678.7,64214.2,64912.6,160533.948,10421155519.373,2772884,80394.915,5219698272.50876
1713744000000,64912.7,67222.0,64470.5,66778.0,246268.411,16249055489.46204,3973101,125262.792,8266508163.9547
1713830400000,66777.9,67158.9,65750.0,66386.3,178665.564,11872124257.8761,2963037,87654.874,5824990179.2597
1713916800000,66386.2,67068.2,63575.0,64250.0,280545.061,18306883252.6262,4159461,135426.134,8837738834.7265
1714003200000,64250.0,65270.6,62721.3,64478.8,275211.062,17615966077.8484,4225388,135809.911,8695083535.7401
1714089600000,64478.8,64783.1,63291.5,63748.8,202149.813,12953589145.9185,3162787,101321.07,6493095200.1216
1714176000000,63748.7,63901.4,62332.8,63421.0,167349.109,10551185173.9539,2753952,81226.942,5121532300.5187
1714262400000,63420.9,64350.0,62700.0,63088.3,126056.151,8016661482.1787,2107056,61663.9,3922114045.4061
1714348800000,63088.4,64200.0,61726.2,63842.4,228411.163,14315434994.6138,3576356,113518.04,7117036656.1318
1714435200000,63842.4,64700.0,59150.0,60651.2,408747.703,25092892151.668,5955376,198449.988,12187483940.3283
1714521600000,60651.2,60816.7,56537.7,58307.6,564108.4,32693924650.62684,7278617,274396.59,15901900816.17903
1714608000000,58307.7,59637.3,56951.6,59036.7,299229.302,17487969119.06051,4078191,149750.249,8753193227.41508
1714694400000,59036.7,63333.0,58781.3,62853.7,353606.459,21564253109.5137,4843487,181671.801,11083916767.8818
1714780800000,62853.7,64547.9,62520.0,63864.2,205205.199,13034701951.8815,3014542,104727.239,6653855320.83
1714867200000,63864.3,64644.3,62833.0,63988.0,185495.653,11834485753.5008,2839676,94388.436,6023293955.8356
1714953600000,63987.9,65500.0,62655.3,63142.8,305110.067,19505860305.1004,4263955,151440.965,9685863252.8011
1715040000000,63142.7,64392.2,62203.6,62296.0,238974.646,15159034876.2773,3591426,116629.628,7400547185.9214
1715126400000,62296.0,62994.9,60843.6,61157.9,241651.579,15009452763.9564,3494846,118665.049,7372499604.1733
1715212800000,61157.9,63447.2,60550.0,63050.1,242451.302,14981786317.7292,3421818,123009.137,7603498702.9048
1715299200000,63050.0,63446.5,60117.4,60778.1,307214.96,18938234544.3996,4062914,146348.191,9023426835.2534
1715385600000,60778.0,61491.4,60432.6,60809.2,113294.787,6901847057.2759,1791738,56345.489,3432729046.5017
1715472000000,60809.2,61849.4,60557.3,61455.8,104043.897,6368574511.4435,1640142,52092.612,3188620815.5353
1715558400000,61455.7,63440.0,60750.0,62912.1,261927.073,16330380829.2882,3639895,133130.471,8301000438.0599
1715644800000,62912.2,63099.6,60950.0,61550.5,244345.274,15109206760.3044,3486503,119397.236,7383348350.951
1715731200000,61550.5,66440.0,61316.1,66175.4,365031.68,23386517394.0322,5236031,190499.939,12212061046.0331
1715817600000,66175.4,66800.0,64567.0,65217.7,242455.324,15938380818.0105,3726304,118301.874,7779249343.0098
1715904000000,65217.7,67400.6,65061.2,66980.0,227063.919,15063429110.742,3410178,115163.56,7641361482.6845
1715990400000,66980.0,67340.5,66503.2,66884.9,96931.548,6486954858.0565,1720137,47301.883,3166040479.8179
1716076800000,66884.9,67750.0,65835.8,66239.4,148170.35,9905372922.9644,2317479,72802.783,4868303456.1778
1716163200000,66239.4,71674.6,66010.0,71466.5,366028.078,25053653945.1351,4894781,191363.961,13104053064.9761
1716249600000,71466.5,72132.8,69165.6,70168.8,263674.327,18645631790.235,3771442,128039.197,9055845428.0328
1716336000000,70168.7,70715.4,68736.8,69219.1,194160.494,13560983941.3547,2891356,96781.219,6760740175.0036
1716422400000,69219.2,70133.3,66156.6,67999.9,300093.622,20496503158.0627,3796057,147663.348,10085589035.4601
1716508800000,67999.9,69273.5,66639.0,68584.1,186681.082,12680535679.1618,2544055,92018.938,6250790249.5298
1716595200000,68584.0,69622.8,68523.7,69314.4,85113.605,5877646397.3044,1266856,43907.678,3032009642.0511
1716681600000,69314.5,69590.3,68155.0,68524.3,84069.824,5799029948.6581,1314260,40228.585,2775331360.7868
1716768000000,68524.4,70750.0,68268.7,69461.6,170291.356,11819516715.6954,2389408,86676.392,6016544788.4032
1716854400000,69461.5,69628.0,67273.0,68440.5,227838.44,15550387849.887,3195316,109660.98,7483877022.9256
1716940800000,68440.4,68983.0,67129.0,67686.7,158236.599,10750681624.4071,2408051,77869.59,5291031019.1834
1717027200000,67686.8,69568.9,67167.0,68402.5,194573.899,13292940496.7956,2697789,98357.395,6720469711.0405
1717113600000,68402.6,69080.0,66700.5,67577.9,195751.752,13295783600.0905,2633330,95439.941,6483400468.1491
1717200000000,67577.9,67936.0,67480.0,67799.2,50943.058,3450680244.5259,851468,24992.383,1693048800.1087
1717286400000,67799.2,68545.9,67296.3,67805.9,102194.718,6940423185.8599,1495288,51581.936,3503692386.4202
1717372800000,67805.9,70372.9,67642.6,68851.4,227676.93,15744535070.2934,2934117,116794.704,8076829033.9121
1717459200000,68851.3,71146.4,68595.5,70580.0,216100.016,15102623849.3892,2752219,109761.715,7672646376.4709
1717545600000,70580.0,71824.4,70423.6,71133.3,203992.034,14506723806.5747,2649339,101350.188,7207846190.6955
1717632000000,71133.3,71714.8,70101.9,70830.0,158483.564,11260906834.1424,2042004,77057.29,5476300994.7782
1717718400000,70830.0,72144.0,68405.0,69377.0,299412.37,21108000027.7301,3512756,146009.568,10298557615.927
1717804800000,69377.0,69613.6,69192.3,69346.5,65739.857,4564091530.0889,971096,31722.67,2202396921.0126
1717891200000,69346.6,69879.0,69160.0,69667.1,68024.1,4729738225.2734,950681,34212.091,2378929862.9013
1717977600000,69667.1,70222.7,69201.2,69558.7,127381.604,8872795631.3345,1604534,63460.847,4420587390.4636
1718064000000,69558.8,69600.0,66000.0,67320.7,311984.942,21038478955.2817,3601045,147314.548,9934465474.5276
1718150400000,67320.6,70028.0,66920.0,68270.3,329918.46,22649278512.31,3542192,165298.555,11349060724.631
1718236800000,68270.3,68607.7,66251.1,66786.9,248355.461,16734408853.5457,2930055,122545.812,8257428353.7952
1718323200000,66786.8,67366.5,65052.4,66039.7,239411.231,15866317033.6273,2742009,115459.583,7653161850.6002
1718409600000,66039.7,66482.6,65801.0,66213.7,72423.755,4794362622.7179,933278,35963.018,2380857318.6482
1718496000000,66213.7,66960.3,66012.1,66653.6,80361.551,5344491611.4603,971702,40709.086,2707578966.7273
1718582400000,66653.5,67280.6,65094.9,66472.1,248420.787,16425433493.3037,2862439,123564.357,8170749468.7304
1718668800000,66472.1,66558.9,64009.8,65150.0,335559.394,21816313661.7988,3702473,162733.278,10580583192.4812
1718755200000,65149.9,65711.9,64600.0,64933.6,150032.669,9773747644.9673,1865383,73128.413,4764125976.3239
1718841600000,64933.6,66467.0,64526.0,64854.0,220954.676,14443082252.526,2535825,110113.402,7198302807.5647
1718928000000,64854.0,65055.5,63361.2,64124.0,210109.601,13452781556.5892,2587691,100879.403,6459640682.8117
1719014400000,64124.1,64520.0,63915.8,64240.0,53855.862,3462300794.0067,711228,26068.831,1676053640.2216
1719100800000,64240.1,64500.0,63137.9,63194.9,72052.293,4609994525.5694,952389,34220.414,2190076315.3654
1719187200000,63194.9,63357.0,58218.0,60273.6,445903.184,27225661676.1708,4744004,210050.156,12831739591.036
1719273600000,60273.5,62448.1,60230.5,61777.8,264647.317,16245823572.755,2761391,131574.228,8078166857.8113
1719360000000,61777.9,62465.1,60696.0,60860.1,170601.18,10474223643.7333,2072190,85546.81,5252656828.9301
1719446400000,60860.1,62379.7,60605.0,61682.0,160172.482,9845346127.8742,1943987,80692.923,4959353424.9808
1719532800000,61682.1,62204.0,60038.0,60429.8,195508.125,11963155606.5777,2261011,96784.819,5922589261.4024
1719619200000,60429.8,61232.0,60400.1,60982.4,79680.289,4854467389.0233,1008124,39587.752,2411805902.6092
1719705600000,60982.5,63058.4,60705.0,62766.0,147777.915,9131797044.0735,1720176,76847.014,4748815160.5493
1719792000000,62766.1,63849.0,62502.2,62883.6,193937.938,12249759638.5501,2206156,98856.63,6244453473.6698
1719878400000,62883.7,63284.0,61800.0,62123.6,163101.243,10187608652.3055,1764087,81181.232,5071446586.9162
1719964800000,62123.5,62278.2,59299.3,60208.0,295303.265,17865344372.0136,2907975,141296.721,8547986226.4293
1720051200000,60208.0,60500.0,56560.0,57045.9,445656.277,25874210041.42714,4614925,212409.431,12331244212.69204
1720137600000,57045.9,57533.4,53329.5,56604.9,577193.595,32076653813.40088,6185480,281356.153,15637636536.36047
1720224000000,56604.9,58472.0,56000.0,58216.0,178580.022,10197761341.39678,2224590,93488.592,5341818153.85595
1720310400000,58216.0,58443.0,55688.0,55830.9,210361.981,12037823231.0966,2536176,101582.63,5814850041.48498
1720396800000,55831.0,58200.0,54243.1,56686.4,464106.957,26076935449.40952,5117256,234598.041,13184299460.76696
1720483200000,56686.4,58290.6,56256.2,58023.2,257237.048,14760474094.36112,3222670,130489.72,7489623352.56281
1720569600000,58023.1,59449.6,57125.0,57707.0,254248.937,14799666738.9434,3097510,126404.528,7359910233.2676
1720656000000,57707.0,59780.0,57030.0,57315.5,293106.959,17033276319.7474,3492811,145317.613,8448406468.75169
1720742400000,57315.7,58500.0,56500.1,57870.0,238100.616,13680239863.68945,2923358,118452.911,6807133430.50846
1720828800000,57870.0,59850.0,57728.6,59174.0,157884.322,9257369124.831,1956364,82455.792,4835688632.6682
1720915200000,59173.9,61412.4,59164.0,60766.0,208060.883,12501022268.2122,2645790,107363.688,6452845513.0856
1721001600000,60766.0,64870.7,60622.6,64680.6,352222.181,22163838850.2314,4084789,184882.612,11637580341.9153
1721088000000,64680.6,65388.0,62350.0,65010.0,375258.616,24015350736.2496,4373415,187258.135,11985560682.21
1721174400000,65010.0,66100.0,63823.0,64055.7,276656.393,17971882430.538,3334173,137074.592,8906936429.5618
1721260800000,64055.8,65173.8,63206.4,63959.9,215648.157,13840486905.3186,2570156,106962.381,6865627708.228
1721347200000,63960.0,67362.8,63266.2,66627.9,311859.805,20380653025.9215,3482778,159849.531,10449365090.7367
1721433600000,66627.9,67648.7,66159.1,67095.6,123564.406,8257377670.6534,1624502,62262.551,4161422016.7807
1721520000000,67095.6,68351.2,65750.0,68138.0,207228.372,13911463550.0015,2650858,105229.857,7066626519.7733
1721606400000,68138.0,68459.7,66538.6,67499.2,192991.391,13023877366.2714,2661310,94973.396,6409941420.0214
1721692800000,67499.2,67729.3,65416.5,65916.4,270430.68,17980471984.6793,3400476,133378.428,8866908197.6879
1721779200000,65916.3,67087.3,65040.5,65350.8,215079.421,14220076011.1729,2666558,106626.464,7051477551.4186
1721865600000,65350.7,66144.0,63456.7,65773.0,319685.441,20623007320.1934,3687826,156338.33,10090063910.1345
1721952000000,65773.0,68200.0,65688.2,67882.5,235384.526,15831346144.9649,2790292,118481.678,7969418209.2486
1722038400000,67882.5,69381.7,66624.5,67873.8,330982.647,22565690615.4286,3655226,167353.059,11413063208.5847
1722124800000,67873.7,68300.0,67037.0,68215.5,116913.935,7921123857.983,1542508,57897.212,3922606833.0004
1722211200000,68215.5,70081.0,66365.8,66750.0,372537.818,25468669202.3054,4092661,183072.335,12524894290.3187
1722297600000,66750.1,66966.6,65254.5,66159.3,246551.044,16326143659.4329,2850476,119602.533,7921508169.9156
1722384000000,66159.3,66826.3,64500.4,64601.8,246389.446,16232585005.416,2854932,120770.267,7958375610.4137
1722470400000,64601.8,65650.0,62271.2,65328.9,372654.59,23809052629.4734,4147748,179510.319,11470686441.3465
1722556800000,65329.0,65577.0,61200.2,61483.7,421628.42,26819683037.2612,5071376,203752.37,12967140245.6226
1722643200000,61483.7,62166.0,59800.0,60684.6,290469.956,17722256113.6817,3316200,141057.499,8607441768.128
1722729600000,60684.5,61089.5,57040.0,58144.5,339512.415,20115489532.05642,3601227,163061.04,9666278728.2886
1722816000000,58144.5,58286.9,48888.0,54003.1,1281982.025,67990070656.18278,13868038,628048.857,33304783725.51353
1722902400000,54003.5,56999.9,53925.3,55991.2,435953.439,24315240364.00699,6034201,219208.73,12228576458.82332
1722988800000,55991.3,57699.0,54519.8,55102.9,377442.54,21227975938.72287,4841518,187917.695,10573698082.17641
1723075200000,55102.9,62737.2,54672.4,61659.8,470117.508,27555756968.19537,5735604,248506.613,14576729758.96249
1723161600000,61659.8,61726.0,59500.0,60808.6,308674.339,18694923855.7121,3963122,154008.457,9328303610.0122
1723248000000,60808.6,61450.0,60208.5,60889.9,115593.354,7020704932.1334,1747151,57323.843,3482287683.6085
1723334400000,60889.8,62000.0,58255.4,58693.1,202539.076,12164186045.4941,2943796,98529.969,5919328311.2939
1723420800000,58693.1,60666.0,57615.0,59323.6,367126.29,21694704705.3928,4993056,183254.227,10831614291.3739
1723507200000,59323.7,61545.0,58360.0,60550.5,255934.721,15331334134.775,3666636,128789.781,7717751373.7139
1723593600000,60550.4,61839.7,58367.2,58648.1,295662.808,17731755290.8926,3825424,142977.365,8577450287.19
1723680000000,58648.1,59820.0,55969.0,57511.0,360815.946,20998288458.33781,4554481,175409.953,10209951620.29743
1723766400000,57511.1,59780.2,57062.1,58854.9,268756.529,15694579210.80159,3532377,135355.507,7905098666.6232
1723852800000,58854.9,59690.2,58769.4,59468.5,77085.532,4568442725.3616,1178380,39276.995,2327958341.6582
1723939200000,59468.5,60250.0,58352.0,58390.0,149660.264,8919704463.3393,1988701,74267.606,4427513702.076
1724025600000,58390.1,59585.4,57750.0,59398.5,214043.139,12535025781.4683,2885338,106731.684,6252212774.4482
1724112000000,59398.4,61386.0,58501.1,58982.9,287049.13,17203146261.2117,3787132,144312.524,8651274841.9809
1724198400000,58982.7,61793.9,58728.9,61120.0,270583.679,16243166180.3695,3668348,135514.303,8137724222.9875
1724284800000,61120.0,61392.0,59677.6,60349.9,211098.959,12796969148.4752,2896455,103810.037,6293056465.8095
1724371200000,60349.9,65000.0,60301.5,64019.9,382490.709,23801149141.4363,4642357,197465.519,12292542880.904
1724457600000,64020.0,64472.5,63522.7,64116.5,132741.902,8499031623.6787,1917096,66675.71,4269685167.1947
1724544000000,64116.6,65175.4,63731.3,64190.2,115546.888,7418612747.515,1638346,58769.818,3774149537.6765
1724630400000,64190.1,64455.8,62750.2,62807.6,195977.222,12456922931.3165,2669531,95792.83,6089811773.3939
1724716800000,62807.7,63196.0,57928.2,59384.5,339269.805,20779523749.7268,4148335,161112.925,9874460639.4543
1724803200000,59384.4,60197.8,57820.0,59010.0,313788.567,18562796937.106,4006168,154108.273,9117512955.7385
1724889600000,59010.0,61144.9,58655.0,59323.2,233896.685,13998969371.3328,3220101,116163.951,6954182893.4366
1724976000000,59323.3,59914.9,57525.0,59096.3,268276.469,15800867331.9045,3445930,132245.238,7790697273.1078
1725062400000,59096.4,59436.0,58700.0,58941.9,68866.674,4066497717.5845,1100926,34022.557,2009114119.1151
1725148800000,58941.9,59052.7,57123.0,57268.1,222909.914,12933895810.7382,2973388,107912.495,6262209070.8571
1725235200000,57268.1,59412.3,57093.0,59112.1,201218.384,11712610829.437,2791495,105185.507,6124490188.3406
1725321600000,59112.2,59790.0,57320.0,57451.9,230196.497,13447232675.7519,2903076,112535.989,6574135554.1586
1725408000000,57452.0,58500.0,55555.0,57944.8,326983.311,18654996691.65024,3905351,162532.536,9276036995.57787
1725494400000,57944.8,58318.9,55600.0,56145.7,294703.592,16706483191.85918,3623974,142199.828,8062405728.95297
1725580800000,56145.7,57000.0,52510.8,53927.7,479063.113,26315512592.25967,5836491,229027.842,12585336491.99278
1725667200000,53927.7,54820.2,53725.0,54134.9,127686.594,6925003321.31154,1789526,61481.961,3334529368.32578
1725753600000,54134.9,55300.0,53596.5,54839.6,162078.536,8813184978.46583,2060226,80094.047,4355839271.17598
1725840000000,54839.6,58153.2,54557.0,57010.0,313094.361,17488710008.5658,3837831,161809.297,9042217664.15334
1725926400000,57010.1,58033.2,56361.0,57609.1,228317.676,13034447010.34392,3066469,114113.817,6515452297.2729
1726012800000,57609.2,57954.4,55515.2,57306.0,338231.445,19189527027.3001,4339590,166536.314,9449054324.33177
1726099200000,57305.6,58606.6,57283.1,58097.0,261449.688,15152600210.5249,3433611,133061.371,7712560982.0533
1726185600000,58097.1,60597.0,57594.0,60456.2,277429.492,16347290879.8579,3289248,143075.046,8434334370.7754
1726272000000,60456.2,60572.9,59360.1,59964.0,102580.577,6149247444.5159,1497202,49816.107,2986387680.519
1726358400000,59963.9,60369.4,58654.0,59100.5,130524.206,7800793636.4292,1736437,63898.203,3820367680.7449
1726444800000,59100.5,59182.2,57446.3,58187.0,250699.432,14603341245.0131,3119099,124364.721,7245223849.437
1726531200000,58187.0,61345.0,57588.8,60281.0,318442.066,19038330615.6744,3715666,162650.99,9728263253.4719
1726617600000,60281.0,61765.0,59138.0,61735.3,355729.312,21417510491.0941,4185877,178557.03,10753245281.7138
1726704000000,61735.3,63830.1,61534.0,62926.9,302382.412,18960165410.2846,3599751,154468.425,9685219302.7787
1726790400000,62926.9,64126.7,62320.0,63175.7,257172.835,16250975201.0995,3091262,127396.139,8050898578.3649
1726876800000,63175.8,63546.9,62714.2,63320.6,78248.362,4936698095.0651,1073883,39389.066,2485270171.8071
1726963200000,63320.6,64000.0,62339.0,63558.4,149129.884,9395420389.8272,1916442,75059.64,4729979286.4755
1727049600000,63558.5,64724.8,62534.4,63302.0,234343.564,14896908173.8234,3034337,116291.356,7394263522.1401
1727136000000,63302.1,64666.0,62688.2,64243.1,236987.628,15055312109.7638,2854709,118461.883,7527452459.8695
1727222400000,64243.2,64800.0,62910.0,63118.4,184950.772,11776674397.8463,2269562,89579.443,5704912795.9605
1727308800000,63118.3,65800.0,62634.4,65139.2,321186.356,20718992185.678,3601296,164114.507,10590411520.5381
1727395200000,65139.1,66450.0,64788.0,65749.6,226404.021,14875897055.1134,2828264,115294.899,7576778937.0585
1727481600000,65749.5,66237.0,65368.1,65822.6,92773.553,6095989647.148,1280637,45357.404,2980985325.198
1727568000000,65822.7,66059.3,65400.0,65568.1,88131.799,5789646713.0538,1294673,44105.125,2897677866.9951
1727654400000,65568.2,65588.8,62825.0,63309.1,296848.373,18997631918.3586,3646635,142277.859,9104886260.4383
1727740800000,63309.0,64092.6,60128.2,60776.8,429817.835,26755501281.8141,5090159,202041.673,12580934070.0586
1727827200000,60776.7,62355.0,59934.9,60622.6,327001.805,19999405207.7472,4403020,165312.966,10112397461.5877
1727913600000,60622.7,61452.6,59815.0,60727.2,286137.212,17336091836.27,4070646,142442.832,8631124732.3574
1728000000000,60727.1,62457.1,60434.1,62054.4,234795.836,14447838961.2182,3191780,117924.251,7256208032.653
1728086400000,62054.3,62344.0,61648.0,62023.1,74330.781,4609154133.5222,1165143,36354.653,2254335296.5705
1728172800000,62023.1,62961.5,61778.9,62789.3,96413.453,6017121071.2754,1460205,49785.603,3107529360.2194
1728259200000,62789.2,64448.2,62091.8,62190.7,298949.375,18940835036.916,3730708,150408.794,9532075315.1921
1728345600000,62190.6,63178.7,61836.0,62131.7,226276.359,14122241997.2083,3007788,113386.113,7077131216.2053
1728432000000,62131.8,62520.9,60251.9,60606.4,217302.173,13394677570.4442,2924602,102493.086,6320292483.1031
1728518400000,60606.3,61297.0,58900.0,60293.2,262947.653,15860406266.3172,3293428,126668.725,7643262512.4768
1728604800000,60293.3,63400.0,60057.8,62509.0,263691.142,16300232843.3846,2987936,136678.025,8451830575.4878
1728691200000,62509.0,63462.6,62458.0,63176.0,102784.406,6470178939.6978,1502904,52596.644,3311003190.8358
1728777600000,63176.0,63260.0,62020.0,62839.8,129696.156,8122753016.4411,1736972,65051.714,4074161973.8931
1728864000000,62839.7,66533.0,62420.0,66064.9,338251.601,21963988365.449,4101901,178341.255,11578802686.1731
1728950400000,66064.9,67953.7,64771.7,67044.1,422005.511,27957041428.0807,5023772,212525.53,14081744812.9218
1729036800000,67044.0,68400.0,66724.2,67592.0,254153.501,17177776071.0405,3762374,129797.416,8774346244.8983
1729123200000,67592.0,67925.9,66600.0,67401.5,220272.837,14795216327.4512,3150922,108933.392,7317585990.0576
1729209600000,67401.5,69000.0,67165.0,68407.8,245301.761,16730949885.2185,3341893,124706.313,8506209999.5871
1729296000000,68407.8,68684.9,68000.0,68357.1,68632.108,4686325947.3462,1101059,33351.493,2277466859.3621
1729382400000,68357.1,69425.8,68069.8,69020.1,105939.492,7272050313.902,1491959,55143.159,3786176895.5645
1729468800000,69020.2,69566.0,66865.9,67368.8,253437.333,17221797609.5618,3394803,122912.479,8352897546.3019
1729555200000,67368.7,67825.0,66536.5,67406.4,218518.977,14691178661.737,3051273,106501.52,7161365642.6092
1729641600000,67406.5,67449.0,65222.3,66647.2,248215.058,16468539329.4864,3273578,119532.632,7931905738.8829
1729728000000,66647.3,68842.5,66482.0,68173.8,212340.722,14354067671.9537,2955244,106868.448,7226223379.452
1729814400000,68173.8,68748.0,65557.2,66662.8,348511.871,23454022803.9878,4106320,167089.238,11245950945.2394
1729900800000,66662.7,67450.0,66414.1,67071.8,94169.992,6303068381.5835,1522633,47331.442,3168535951.7001
1729987200000,67071.9,68306.1,66909.4,67992.6,88468.808,5981933235.9308,1363490,45814.326,3097899762.0521
1730073600000,67992.7,70331.0,67584.2,69940.0,256128.622,17649920563.6978,3334954,135854.89,9364715099.5875
1730160000000,69939.9,73660.0,69733.0,72739.5,382502.06,27502269768.0091,4796294,199025.299,14310964149.7651
1730246400000,72739.5,72984.9,71444.2,72349.0,227108.808,16394681792.4545,3249471,113211.086,8173511312.5496
1730332800000,72349.0,72720.3,69705.0,70321.9,256485.328,18260860195.9338,3578458,122732.5,8739091396.8422
1730419200000,70321.9,71650.0,68822.5,69495.5,352591.088,24669697590.1823,4618190,170405.189,11925042790.092
1730505600000,69495.4,69913.1,69022.8,69366.6,79314.105,5511280357.915,1401664,38567.431,2680264487.408
1730592000000,69366.6,69393.7,67446.6,68762.5,226477.376,15481140255.261,3241078,110474.573,7552569346.6532
1730678400000,68762.5,69495.3,66810.0,67834.3,244912.166,16709405013.0392,3684843,120605.019,8229317913.7059
1730764800000,67834.4,70537.4,67454.2,69353.1,273070.87,18923323986.0867,3919866,137002.02,9493699734.8534
1730851200000,69353.1,76420.0,69272.7,75579.9,677440.286,50043233600.5665,9334179,345735.567,25535530724.8428
1730937600000,75579.9,76900.0,74450.0,75859.4,280675.033,21221666454.4856,4431074,139928.414,10582872012.8322
1731024000000,75859.4,77182.9,75576.3,76482.2,230370.324,17566203957.7434,3534735,114282.624,8715326346.1631
1731110400000,76482.2,76920.0,75683.2,76675.1,117754.034,8994277678.533,1816643,59583.942,4551928443.172
1731196800000,76675.1,81699.8,76501.1,80410.0,417426.899,33139797917.8655,5763782,215382.123,17097265052.9557
1731283200000,80409.9,89800.0,80261.2,88728.9,614141.662,51921309639.7137,8091453,316223.693,26747721809.747
1731369600000,88729.0,90070.1,85159.9,87972.0,639481.584,56145246108.6286,9027355,314356.606,27606998598.8091
1731456000000,87972.0,93421.1,86180.0,90413.3,555288.297,49968681554.1639,8571385,277133.514,24945056051.6674
1731542400000,90413.3,91846.1,86714.0,87382.7,364621.68,32638189823.3326,6465556,175052.126,15674764672.4505
1731628800000,87382.6,91921.5,87111.0,91074.6,314431.908,28084223845.5762,5422261,157612.637,14079368306.9683
1731715200000,91074.6,91849.8,90120.0,90643.3,129023.447,11746506687.2478,2572935,63437.962,5776317707.03
1731801600000,90643.2,91539.6,88736.1,89899.9,167504.792,15122853835.9462,3269289,80279.079,7248836908.4183
1731888000000,89900.0,92700.0,89422.1,90507.4,333557.11,30393971318.505,5685709,165196.218,15056824948.4666
1731974400000,90507.4,93985.9,90405.6,92335.9,303532.031,27998124860.4433,5066640,154196.033,14225419074.1504
1732060800000,92335.9,94849.0,91500.0,94288.0,290044.227,27169810860.1057,4993020,145898.739,13669687515.3239
1732147200000,94288.0,99100.0,94008.7,98366.8,418383.136,40626855808.8208,6905515,213934.313,20772603446.4103
1732233600000,98366.8,99660.0,97199.9,98921.4,265774.067,26216909526.3785,4555503,130427.272,12867581114.4177
1732320000000,98921.5,98937.3,97173.5,97725.5,120358.422,11819741402.0844,2258791,57833.796,5680407129.2168
1732406400000,97725.6,98666.0,95822.1,97960.4,173118.84,16831814834.729,3273568,84519.177,8217593372.2568
1732492800000,97960.5,98999.0,92666.0,93064.0,329375.021,31634790118.7792,5330405,156656.185,15053596210.3709
1732579200000,93064.0,95064.0,90866.4,92021.4,344929.233,32058954666.3463,6021621,169186.591,15726674891.569
1732665600000,92021.5,97250.0,91864.0,95905.2,237005.987,22446169054.8116,4071168,119608.298,11331448003.0743
1732752000000,95905.2,96627.6,94700.1,95694.4,154007.026,14702795800.1606,2817181,77818.663,7429887575.1181
1732838400000,95694.4,98713.3,95404.5,97516.3,190520.949,18512741566.7861,3084809,96983.959,9425322800.4492
1732924800000,97516.2,97522.1,96150.0,96475.1,93074.218,9004708395.7383,1665673,45055.735,4359094830.7142
1733011200000,96475.2,97933.0,95736.5,97265.1,113222.99,10975143904.8559,1872343,56376.584,5466023875.9469
1733097600000,97265.0,98266.0,94400.0,95890.5,257613.911,24755123881.9079,4234044,125164.847,12027481647.3162
1733184000000,95890.6,96375.0,93605.0,95913.3,206601.98,19688305230.3451,3444469,101902.052,9712617439.8724
1733270400000,95913.3,99099.9,94650.8,98669.8,275949.205,26698552379.624,4179149,138709.043,13423074277.0678
1733356800000,98669.8,104630.4,90200.0,97001.5,580277.391,58190879933.223,9642120,287805.322,28877723631.0459
1733443200000,97001.6,101988.8,96429.5,99802.5,282369.608,27983159150.5382,4877066,138602.426,13738512102.0764
1733529600000,99802.5,100499.0,98876.9,99899.2,95858.658,9559737335.7918,1929665,46690.787,4656621659.9006
1733616000000,99899.2,101457.9,98709.4,101200.0,109755.676,10964662734.3106,2103094,54846.329,5480892590.5553
1733702400000,101200.1,101300.0,94039.7,97349.1,326973.59,32095240187.1553,5773645,154603.214,15178921296.5938
1733788800000,97349.1,98320.6,94265.5,96602.4,291490.744,28129042004.1955,5651800,145065.327,13999753767.7756
1733875200000,96602.3,101880.0,95650.0,101115.3,221807.705,21990321141.7717,4229343,114251.792,11330912751.363
1733961600000,101115.3,102538.4,99280.2,99982.4,215219.075,21703839602.3259,4129177,108312.625,10925625576.3129
1734048000000,99982.3,101869.5,99149.6,101371.9,152437.318,15327839534.2343,3042727,76027.654,7643586373.4493
1734134400000,101371.9,102638.0,100559.8,101381.0,107680.549,10931716374.3351,2229858,53113.631,5393209129.0734
1734220800000,101381.0,105374.6,101200.1,104460.4,157733.916,16239310087.6506,3101360,84467.83,8698622472.8903
1734307200000,104460.5,107777.0,103264.6,106023.2,274395.756,28967203114.5623,5278040,138944.346,14670105148.1117
1734393600000,106023.2,108366.8,105252.0,106074.6,197773.912,21115019475.6999,4179052,99997.28,10677741430.496
1734480000000,106074.6,106484.6,99951.1,100181.1,328581.935,33924249957.0183,6216898,155604.905,16069941921.9131
1734566400000,100181.2,102756.7,95681.2,97434.4,372968.463,37081222303.6621,7425449,179453.917,17848001701.1341
1734652800000,97434.3,98243.0,92272.6,97764.4,396188.795,37958727658.2742,7747092,192090.031,18404614563.6525
1734739200000,97764.5,99485.0,96375.0,97261.8,161258.48,15758501543.9687,3335893,80347.265,7853653926.3129
1734825600000,97261.7,97437.9,94200.0,95153.5,148114.735,14215963268.6506,3134938,70507.415,6767628913.8017
1734912000000,95153.4,96499.0,92464.4,94861.1,247211.855,23352438472.944,5207668,121829.032,11510199532.1842
1734998400000,94861.0,99450.0,93525.6,98627.2,211610.632,20467193731.4279,3920298,109376.056,10580880454.9762
1735084800000,98626.9,99580.7,97570.0,99379.7,124696.892,12284101310.0662,2722825,62253.484,6133707303.6393
1735171200000,99379.6,99950.0,95153.0,95751.0,194857.651,18828963496.91,3878316,95170.879,9195863626.7316
1735257600000,95750.9,97564.5,93440.0,94258.9,206008.243,19664748484.4432,4086656,102046.139,9741715105.6671
1735344000000,94258.9,95700.0,94100.0,95259.1,67991.349,6441586533.2291,1613529,35331.939,3347872125.4663
1735430400000,95259.1,95300.0,92961.8,93700.0,95047.934,8949366966.5803,1990464,44931.737,4231864476.5938
1735516800000,93699.9,95031.6,91510.0,92759.3,222343.593,20718759693.374,4401173,111061.003,10352744732.7416
1735603200000,92759.3,96254.3,92000.0,93548.9,178648.116,16839152825.5285,3535447,91654.172,8640104348.4182
