timestamp,funding_rate,mark_price
1609459200002,0.00022753,
1609488000006,0.00026336,
1609516800003,0.00034457,
1609545600000,0.0001,
1609574400000,0.00020151,
1609603200006,0.00115471,
1609632000018,0.00124058,
1609660800000,0.00114744,
1609689600002,0.00155006,
1609718400000,0.00164126,
1609747200000,0.00236482,
1609776000000,0.00056137,
1609804800020,0.00088338,
1609833600003,0.00047166,
1609862400003,0.00062904,
1609891200010,0.00127193,
1609920000003,0.00210008,
1609948800000,0.00149253,
1609977600007,0.00100316,
1610006400000,0.00142744,
1610035200004,0.00099841,
1610064000000,0.00213517,
1610092800000,0.00092044,
1610121600000,0.00131892,
1610150400009,0.00062954,
1610179200004,0.00066918,
1610208000000,0.00146942,
1610236800000,0.00145604,
1610265600005,0.00120632,
1610294400000,0.00052988,
1610323200000,0.00086486,
1610352000012,0.00081553,
1610380800000,0.00053444,
1610409600000,0.00033526,
1610438400000,0.00050855,
1610467200008,0.00054945,
1610496000001,0.00014768,
1610524800000,0.0002259,
1610553600003,0.0007053,
1610582400000,0.00078331,
1610611200012,0.00072627,
1610640000000,0.00068503,
1610668800002,0.00055628,
1610697600000,0.00064483,
1610726400004,0.00118185,
1610755200000,0.0001,
1610784000008,0.00032573,
1610812800000,0.00068496,
1610841600009,0.00033109,
1610870400000,0.00030276,
1610899200001,0.0001,
1610928000000,0.00055375,
1610956800004,0.00049321,
1610985600000,0.0010355,
1611014400000,0.0006167,
1611043200005,0.0014009,
1611072000012,0.00158467,
1611100800012,0.00088178,
1611129600001,0.00017967,
1611158400001,0.00016482,
1611187200000,0.00042078,
1611216000000,0.00048357,
1611244800004,0.00026589,
1611273600012,0.0001,
1611302400003,0.0001,
1611331200001,0.0001,
1611360000000,0.0001,
1611388800002,0.00012182,
1611417600000,0.0001,
1611446400001,0.0001,
1611475200011,0.00014368,
1611504000005,0.00041388,
1611532800007,0.0001,
1611561600012,0.00052253,
1611590400000,0.00042414,
1611619200007,0.00013506,
1611648000000,0.0001,
1611676800000,0.0001,
1611705600000,0.0001,
1611734400011,0.0001,
1611763200003,0.0001,
1611792000000,0.0001,
1611820800000,0.0001,
1611849600000,0.00022262,
1611878400009,0.0001,
1611907200000,0.00064803,
1611936000000,0.00166789,
1611964800000,0.00039208,
1611993600000,0.000332,
1612022400000,0.00052428,
1612051200009,0.00054944,
1612080000000,0.00046117,
1612108800000,0.00044234,
1612137600001,0.00013932,
1612166400014,0.00037561,
1612195200000,0.00066848,
1612224000000,0.00036787,
1612252800006,0.00044278,
1612281600000,0.00122181,
1612310400009,0.00077297,
1612339200006,0.00080805,
1612368000006,0.00075287,
1612396800005,0.00029063,
1612425600000,0.00074286,
1612454400011,0.00061936,
1612483200009,0.00056635,
1612512000004,0.00074838,
1612540800000,0.00099154,
1612569600008,0.00034782,
1612598400009,0.00069827,
1612627200000,0.00102371,
1612656000000,0.00155546,
1612684800005,0.00065121,
1612713600001,0.00106206,
1612742400000,0.00059267,
1612771200001,0.00057887,
1612800000000,0.00248993,
1612828800010,0.00131125,
1612857600006,0.00186573,
1612886400007,0.00161159,
1612915200009,0.00124313,
1612944000014,0.0017535,
1612972800005,0.00112397,
1613001600000,0.00076742,
1613030400000,0.0008307,
1613059200000,0.0017411,
1613088000000,0.00128772,
1613116800000,0.0012563,
1613145600000,0.00105533,
1613174400001,0.00139999,
1613203200003,0.00141609,
1613232000000,0.00075946,
1613260800013,0.00085048,
1613289600000,0.00146185,
1613318400008,0.00149489,
1613347200000,0.0011786,
1613376000006,0.00040617,
1613404800000,0.00068133,
1613433600001,0.000996,
1613462400000,0.00123546,
1613491200010,0.00141818,
1613520000005,0.00104066,
1613548800010,0.00093436,
1613577600008,0.00147112,
1613606400012,0.00132249,
1613635200000,0.00154303,
1613664000009,0.00125842,
1613692800010,0.00091255,
1613721600002,0.00084526,
1613750400008,0.00128791,
1613779200000,0.00156318,
1613808000009,0.00116465,
1613836800000,0.00122535,
1613865600007,0.00100357,
1613894400012,0.00099022,
1613923200001,0.0012582,
1613952000006,0.00117049,
1613980800002,0.00091782,
1614009600000,0.00077864,
1614038400000,0.00024947,
1614067200006,0.0002962,
1614096000000,0.00013281,
1614124800012,0.0001,
1614153600016,0.00051791,
1614182400011,0.00037289,
1614211200007,0.00017706,
1614240000000,0.00018247,
1614268800010,0.00034053,
1614297600000,0.0001,
1614326400025,0.0001,
1614355200010,0.0001,
1614384000001,0.00030164,
1614412800000,0.0004457,
1614441600000,0.00010038,
1614470400021,0.0001,
1614499200009,0.0001,
1614528000000,0.00037706,
1614556800000,0.00016921,
1614585600003,0.0001,
1614614400001,0.0001,
1614643200000,0.0001,
1614672000000,0.0001,
1614700800004,0.0001,
1614729600000,0.0001,
1614758400016,0.0001,
1614787200000,0.00045078,
1614816000000,0.0001,
1614844800015,0.0001,
1614873600001,0.0001,
1614902400000,0.0001,
1614931200002,0.0001,
1614960000008,0.0001,
1614988800000,0.0001,
1615017600000,0.0001,
1615046400000,0.0001,
1615075200006,0.0001,
1615104000005,0.0001,
1615132800008,0.00017606,
1615161600000,0.0001,
1615190400000,0.0001,
1615219200006,0.00024757,
1615248000000,0.00072419,
1615276800000,0.00041976,
1615305600000,0.00057038,
1615334400009,0.00024344,
1615363200006,0.00048586,
1615392000008,0.00056915,
1615420800000,0.00095931,
1615449600000,0.00099305,
1615478400014,0.00085439,
1615507200002,0.00102002,
1615536000005,0.00067147,
1615564800011,0.00051199,
1615593600000,0.00047834,
1615622400002,0.00060567,
1615651200000,0.00057114,
1615680000011,0.00081828,
1615708800000,0.00084593,
1615737600000,0.00115069,
1615766400012,0.0008201,
1615795200016,0.0010521,
1615824000030,0.00015776,
1615852800005,0.00022573,
1615881600008,0.00035862,
1615910400012,0.00040673,
1615939200010,0.00035367,
1615968000000,0.00019234,
1615996800009,0.00024575,
1616025600001,0.00030265,
1616054400000,0.00029259,
1616083200000,0.00032547,
1616112000011,0.00032006,
1616140800001,0.00012887,
1616169600000,0.0003326,
1616198400000,0.0004928,
1616227200000,0.00044452,
1616256000007,0.00048936,
1616284800000,0.00031366,
1616313600000,0.00042375,
1616342400000,0.0001,
1616371200007,0.00051919,
1616400000001,0.00045562,
1616428800000,0.00048977,
1616457600000,0.0002421,
1616486400010,0.00026619,
1616515200023,0.00042245,
1616544000002,0.00053454,
1616572800000,0.00016567,
1616601600000,0.00026422,
1616630400000,0.00011828,
1616659200000,0.0001,
1616688000000,0.0001,
1616716800008,0.00016,
1616745600000,0.0001,
1616774400012,0.0001,
1616803200018,0.0001,
1616832000000,0.0001,
1616860800001,0.0001,
1616889600000,0.0001,
1616918400000,0.0001,
1616947200005,0.0001,
1616976000003,0.0001,
1617004800000,0.0001,
1617033600000,0.00018171,
1617062400018,0.00032026,
1617091200012,0.00027258,
1617120000001,0.00083501,
1617148800000,0.00080754,
1617177600000,0.00070889,
1617206400000,0.00058414,
1617235200025,0.00109277,
1617264000011,0.00095247,
1617292800004,0.00051932,
1617321600000,0.00071058,
1617350400000,0.00106221,
1617379200000,0.0010197,
1617408000003,0.00063267,
1617436800000,0.00107843,
1617465600000,0.00101313,
1617494400000,0.0005209,
1617523200000,0.00048495,
1617552000016,0.00026521,
1617580800000,0.00039464,
1617609600001,0.00043217,
1617638400001,0.00037409,
1617667200010,0.00097189,
1617696000000,0.00057776,
1617724800003,0.00083736,
1617753600000,0.00057609,
1617782400006,0.00053749,
1617811200004,0.0005366,
1617840000013,0.00040784,
1617868800003,0.00024943,
1617897600005,0.00026225,
1617926400000,0.00019611,
1617955200004,0.00026301,
1617984000004,0.00021785,
1618012800011,0.00012959,
1618041600005,0.00148624,
1618070400000,0.00119652,
1618099200004,0.00086735,
1618128000000,0.00099427,
1618156800000,0.00105998,
1618185600001,0.00093793,
1618214400001,0.00106358,
1618243200008,0.00094343,
1618272000003,0.00084072,
1618300800008,0.00089928,
1618329600008,0.0012267,
1618358400008,0.00090508,
1618387200000,0.00108567,
1618416000012,0.00104786,
1618444800006,0.00076335,
1618473600000,0.00082082,
1618502400008,0.00110324,
1618531200008,0.00109647,
1618560000000,0.00120022,
1618588800002,0.00115519,
1618617600008,0.00054906,
1618646400000,0.00054007,
1618675200001,0.00087572,
1618704000006,0.00081624,
1618732800004,0.00058448,
1618761600000,0.0001,
1618790400000,0.0001,
1618819200000,0.0001,
1618848000009,0.0001,
1618876800004,0.0001,
1618905600000,0.0001,
1618934400001,0.0001,
1618963200013,0.0001,
1618992000001,0.0001,
1619020800002,0.0001,
1619049600000,0.0001,
1619078400000,0.0001,
1619107200001,0.0001,
1619136000002,0.0001,
1619164800009,0.00047618,
1619193600001,0.0001,
1619222400019,0.0001,
1619251200001,0.00027672,
1619280000011,0.0001676,
1619308800000,0.000217,
1619337600010,0.00038558,
1619366400000,0.0001,
1619395200003,0.0001,
1619424000002,0.0001,
1619452800004,0.0001,
1619481600000,0.0001,
1619510400000,0.0001,
1619539200009,0.0001,
1619568000000,0.0001,
1619596800000,0.0001,
1619625600001,0.0001,
1619654400004,0.0001,
1619683200013,0.0001,
1619712000003,0.0001,
1619740800004,0.0001,
1619769600019,0.0001,
1619798400003,0.0001,
1619827200002,0.00011209,
1619856000006,0.0001,
1619884800000,0.00032496,
1619913600010,0.00015819,
1619942400011,0.00045285,
1619971200007,0.00045283,
1620000000003,0.00040313,
1620028800000,0.00036188,
1620057600043,0.00067307,
1620086400004,0.00050959,
1620115200003,0.00012186,
1620144000011,0.00066426,
1620172800001,0.00044701,
1620201600007,0.00042458,
1620230400001,0.00011734,
1620259200003,0.00076121,
1620288000001,0.00059968,
1620316800000,0.0009352,
1620345600000,0.00044645,
1620374400000,0.00053313,
1620403200001,0.00017144,
1620432000006,0.0005937,
1620460800000,0.00046279,
1620489600000,0.00046426,
1620518400005,0.00048942,
1620547200016,0.00043845,
1620576000000,0.00063864,
1620604800004,0.00033531,
1620633600000,0.00090258,
1620662400013,0.00098653,
1620691200000,0.00039557,
1620720000000,0.00050874,
1620748800002,0.00025625,
1620777600004,0.00016659,
1620806400007,0.00033736,
1620835200012,0.00039761,
1620864000016,0.00011638,
1620892800000,0.0001,
1620921600008,0.00022863,
1620950400007,0.0004004,
1620979200001,0.00035219,
1621008000004,0.00015069,
1621036800022,0.0001,
1621065600014,0.00010123,
1621094400002,0.00020153,
1621123200000,0.00040248,
1621152000003,0.00016682,
1621180800002,0.00036196,
1621209600005,0.0001,
1621238400001,0.00063989,
1621267200000,0.00059294,
1621296000019,0.00054643,
1621324800001,0.00014723,
1621353600006,0.00021809,
1621382400000,0.0001,
1621411200003,0.00035813,
1621440000018,-0.00089697,
1621468800005,0.0001,
1621497600000,0.0001,
1621526400005,0.0001,
1621555200000,0.0001,
1621584000000,-1.001e-05,
1621612800001,7.546e-05,
1621641600001,-0.00024448,
1621670400002,0.0001,
1621699200005,0.0001,
1621728000006,-5.011e-05,
1621756800004,-1.059e-05,
1621785600002,4.696e-05,
1621814400007,-8.534e-05,
1621843200005,-9.905e-05,
1621872000005,2.089e-05,
1621900800000,0.0001,
1621929600014,0.0001,
1621958400000,0.0001,
1621987200022,0.0001,
1622016000018,0.0001,
1622044800004,0.0001,
1622073600000,0.0001,
1622102400017,0.0001,
1622131200000,0.0001,
1622160000005,0.0001,
1622188800009,0.0001,
1622217600000,0.0001,
1622246400006,0.0001,
1622275200000,0.0001,
1622304000000,0.00010375,
1622332800003,0.0001,
1622361600004,0.0001,
1622390400018,0.0001,
1622419200002,0.0001,
1622448000000,0.0001,
1622476800000,0.0001,
1622505600001,0.0001,
1622534400010,0.0001,
1622563200010,0.0001,
1622592000008,0.0001,
1622620800000,0.0001,
1622649600007,0.0001,
1622678400019,0.0001,
1622707200002,0.0001,
1622736000003,0.0001,
1622764800003,0.0001,
1622793600006,0.00020566,
1622822400002,0.0001,
1622851200000,0.0001,
1622880000004,0.0001,
1622908800020,0.0001,
1622937600000,0.0001,
1622966400004,0.0001,
1622995200000,0.0001,
1623024000007,0.0001,
1623052800007,0.0001,
1623081600003,0.0001,
1623110400000,0.0001,
1623139200000,1.015e-05,
1623168000002,0.0001,
1623196800009,0.0001,
1623225600002,-5.397e-05,
1623254400000,-0.00014842,
1623283200007,-0.00016793,
1623312000003,6.027e-05,
1623340800000,0.0001,
1623369600010,0.0001,
1623398400007,2.612e-05,
1623427200006,4.776e-05,
1623456000005,-7.78e-05,
1623484800000,0.0001,
1623513600018,-8.14e-06,
1623542400002,9.64e-05,
1623571200000,2.852e-05,
1623600000003,-6.559e-05,
1623628800000,0.0001,
1623657600015,0.0001,
1623686400000,-3.144e-05,
1623715200000,8.002e-05,
1623744000000,0.0001,
1623772800004,0.0001,
1623801600004,0.0001,
1623830400001,0.0001,
1623859200000,0.0001,
1623888000004,0.0001,
1623916800000,0.0001,
1623945600002,0.0001,
1623974400009,5.342e-05,
1624003200014,3.45e-06,
1624032000007,0.0001,
1624060800003,-5.205e-05,
1624089600001,-9.441e-05,
1624118400000,7.475e-05,
1624147200005,0.0001,
1624176000000,0.0001,
1624204800002,-0.00018437,
1624233600019,-1.617e-05,
1624262400000,0.0001,
1624291200024,-0.00019854,
1624320000008,7.947e-05,
1624348800009,0.0001,
1624377600001,-0.00032806,
1624406400003,6.7e-07,
1624435200000,-0.00013693,
1624464000000,-0.00019895,
1624492800009,-7.785e-05,
1624521600018,0.0001,
1624550400001,-0.00018863,
1624579200009,2.372e-05,
1624608000004,0.0001,
1624636800000,0.0001,
1624665600007,-0.00011029,
1624694400000,-0.00013121,
1624723200002,-0.00010371,
1624752000005,-0.00023578,
1624780800010,-0.00052905,
1624809600001,-0.00026102,
1624838400025,-2.914e-05,
1624867200017,3.312e-05,
1624896000007,0.0001,
1624924800008,8.346e-05,
1624953600000,0.0001,
1624982400000,3.883e-05,
1625011200011,0.0001,
1625040000044,0.0001,
1625068800005,0.0001,
1625097600000,0.0001,
1625126400004,0.0001,
1625155200028,0.0001,
1625184000002,8.304e-05,
1625212800016,0.0001,
1625241600007,-0.00012187,
1625270400008,-4.866e-05,
1625299200000,-0.0001355,
1625328000004,3.53e-05,
1625356800012,3.235e-05,
1625385600002,-0.0001527,
1625414400003,4.428e-05,
1625443200004,0.0001,
1625472000000,0.0001,
1625500800009,-0.0001044,
1625529600008,-6.81e-06,
1625558400019,-0.0001114,
1625587200000,-8.213e-05,
1625616000007,-0.00013362,
1625644800001,0.0001,
1625673600008,0.0001,
1625702400002,1.382e-05,
1625731200010,-6.403e-05,
1625760000003,-0.0002808,
1625788800000,-0.00010885,
1625817600006,-0.00017364,
1625846400000,-0.00018845,
1625875200002,-8.1e-07,
1625904000000,7.847e-05,
1625932800001,7.2e-07,
1625961600001,7.785e-05,
1625990400025,0.0001,
1626019200006,-3.373e-05,
1626048000000,8.851e-05,
1626076800021,3.463e-05,
1626105600000,0.0001,
1626134400000,0.0001,
1626163200013,0.0001,
1626192000005,5.2e-07,
1626220800000,0.0001,
1626249600000,1.317e-05,
1626278400005,-0.00011753,
1626307200005,-4.883e-05,
1626336000001,0.0001,
1626364800000,1.576e-05,
1626393600000,-0.00011529,
1626422400000,6.105e-05,
1626451200001,1.073e-05,
1626480000004,0.0001,
1626508800009,-4.343e-05,
1626537600006,2.365e-05,
1626566400000,0.0001,
1626595200001,0.0001,
1626624000003,-4.434e-05,
1626652800002,-7.51e-05,
1626681600006,3.183e-05,
1626710400006,-1.23e-05,
1626739200002,-0.00015687,
1626768000011,-0.00012569,
1626796800001,-0.00018939,
1626825600022,-0.00022869,
1626854400000,-0.00039139,
1626883200018,-0.00032314,
1626912000002,-0.00016261,
1626940800006,1.362e-05,
1626969600010,1.374e-05,
1626998400013,3.44e-06,
1627027200000,-0.00016985,
1627056000005,-9.9e-06,
1627084800000,-7.246e-05,
1627113600002,-0.00013379,
1627142400001,-0.00010603,
1627171200003,-0.00025685,
1627200000015,-0.00021708,
1627228800000,-5.198e-05,
1627257600000,-0.00054841,
1627286400000,0.0001,
1627315200000,0.0001,
1627344000046,0.0001,
1627372800014,0.0001,
1627401600007,-2.248e-05,
1627430400000,-2.037e-05,
1627459200002,0.0001,
1627488000005,0.0001,
1627516800004,1.493e-05,
1627545600000,8.276e-05,
1627574400007,0.0001,
1627603200004,0.0001,
1627632000000,0.0001,
1627660800000,-2.377e-05,
1627689600000,0.0001,
1627718400014,0.0001,
1627747200003,0.0001,
1627776000005,0.0001,
1627804800016,0.0001,
1627833600001,0.0001,
1627862400000,0.0001,
1627891200014,0.0001,
1627920000021,0.0001,
1627948800000,0.0001,
1627977600000,0.0001,
1628006400009,0.0001,
1628035200000,0.0001,
1628064000000,0.0001,
1628092800003,1.272e-05,
1628121600000,0.0001,
1628150400000,0.0001,
1628179200001,0.0001,
1628208000000,0.0001,
1628236800004,0.0001,
1628265600003,0.0001,
1628294400015,0.0001,
1628323200001,0.0001,
1628352000002,0.0001,
1628380800000,0.0001,
1628409600002,0.0001,
1628438400018,0.0001,
1628467200000,0.0001,
1628496000000,0.0001,
1628524800002,0.0001,
1628553600000,0.0001,
1628582400003,0.0001,
1628611200000,0.0001,
1628640000006,0.0001,
1628668800003,0.0001,
1628697600000,0.0001,
1628726400013,0.0001,
1628755200001,0.0001,
1628784000000,0.0001,
1628812800000,0.0001,
1628841600000,0.0001,
1628870400002,0.0001,
1628899200006,0.0001,
1628928000000,0.0001,
1628956800000,0.0001,
1628985600003,0.0001,
1629014400000,0.0001,
1629043200007,0.0001,
1629072000012,0.0001,
1629100800003,0.0001,
1629129600010,0.00013924,
1629158400018,0.0001,
1629187200015,0.0001,
1629216000006,0.0001,
1629244800000,0.0001,
1629273600000,0.0001,
1629302400011,0.0001,
1629331200000,0.0001,
1629360000014,0.0001,
1629388800000,0.0001,
1629417600000,0.0001,
1629446400001,0.00011483,
1629475200001,0.00014278,
1629504000005,0.0001,
1629532800001,0.00020013,
1629561600000,0.00016694,
1629590400005,0.0001,
1629619200007,0.0001,
1629648000002,0.00014813,
1629676800003,0.0001,
1629705600005,0.0003918,
1629734400002,0.00023983,
1629763200006,0.000293,
1629792000004,0.0001,
1629820800000,0.00041348,
1629849600015,0.00019568,
1629878400000,0.0001,
1629907200000,0.0001,
1629936000001,0.0001,
1629964800016,0.00021865,
1629993600004,0.0001,
1630022400013,0.0001,
1630051200001,0.0001,
1630080000004,0.0001,
1630108800000,0.0001,
1630137600000,0.0003224,
1630166400000,0.00023137,
1630195200000,0.0001,
1630224000002,0.0001,
1630252800005,0.0001,
1630281600013,0.0001,
1630310400008,0.0001,
1630339200000,0.0002255,
1630368000000,0.00036162,
1630396800007,0.00027795,
1630425600003,0.00023354,
1630454400000,0.00044618,
1630483200006,0.00027256,
1630512000000,0.00033967,
1630540800009,0.0004052,
1630569600006,0.0004869,
1630598400007,0.00057405,
1630627200011,0.00047856,
1630656000000,0.00033375,
1630684800002,0.00024375,
1630713600003,0.00043928,
1630742400008,0.00011799,
1630771200009,0.00019219,
1630800000002,0.0001,
1630828800002,0.0001,
1630857600000,0.0001,
1630886400003,0.00026783,
1630915200008,0.0001,
1630944000009,0.0001,
1630972800004,0.0001,
1631001600002,0.0001,
1631030400001,0.00022977,
1631059200005,0.0001,
1631088000000,0.0001,
1631116800000,0.0001,
1631145600006,0.0001,
1631174400014,0.0001,
1631203200002,0.0001,
1631232000001,0.0001,
1631260800018,0.0001,
1631289600006,0.00011115,
1631318400000,0.0001,
1631347200001,0.0001,
1631376000000,0.0001,
1631404800000,0.0001,
1631433600002,0.0001,
1631462400000,0.0001,
1631491200000,0.0001,
1631520000007,0.0001,
1631548800005,0.0001,
1631577600002,0.0001,
1631606400000,0.0001,
1631635200007,0.0001,
1631664000012,0.0001,
1631692800003,0.0001,
1631721600006,0.0001,
1631750400008,0.0001,
1631779200005,0.0001,
1631808000002,0.0001,
1631836800000,0.0001,
1631865600047,0.0001,
1631894400013,0.0001,
1631923200000,0.0001,
1631952000010,0.0001,
1631980800005,0.0001,
1632009600006,0.0001,
1632038400015,0.0001,
1632067200007,0.0001,
1632096000018,0.0001,
1632124800000,0.0001,
1632153600005,0.0001,
1632182400005,0.0001,
1632211200007,0.0001,
1632240000000,0.0001,
1632268800005,0.0001,
1632297600006,0.0001,
1632326400000,0.0001,
1632355200003,4.744e-05,
1632384000000,7.835e-05,
1632412800007,0.0001,
1632441600000,-7.856e-05,
1632470400017,-8.536e-05,
1632499200000,3.978e-05,
1632528000007,0.0001,
1632556800002,5.629e-05,
1632585600004,0.0001,
1632614400013,2.457e-05,
1632643200000,0.0001,
1632672000005,-1.686e-05,
1632700800000,0.0001,
1632729600001,0.0001,
1632758400000,0.0001,
1632787200000,2.549e-05,
1632816000014,3.318e-05,
1632844800000,9.756e-05,
1632873600000,4.448e-05,
1632902400002,3.757e-05,
1632931200000,5.661e-05,
1632960000000,0.0001,
1632988800004,0.0001,
1633017600005,9.235e-05,
1633046400012,2.202e-05,
1633075200008,-2.693e-05,
1633104000000,0.0001,
1633132800000,5.277e-05,
1633161600002,3.519e-05,
1633190400011,5.938e-05,
1633219200019,0.0001,
1633248000011,0.0001,
1633276800004,0.0001,
1633305600004,0.0001,
1633334400000,0.0001,
1633363200000,0.0001,
1633392000007,0.0001,
1633420800007,-2.427e-05,
1633449600004,1.61e-06,
1633478400002,0.0001,
1633507200000,0.0001,
1633536000003,0.0001,
1633564800007,0.0001,
1633593600002,0.0002918,
1633622400000,0.00032669,
1633651200011,0.00033379,
1633680000003,0.00023355,
1633708800002,0.00013417,
1633737600006,0.0001,
1633766400003,0.0001,
1633795200000,0.00015717,
1633824000000,0.0001,
1633852800008,0.00020906,
1633881600000,0.0001,
1633910400002,0.0001,
1633939200001,0.0001,
1633968000006,0.0001,
1633996800008,0.0001,
1634025600013,0.0001,
1634054400003,0.0001,
1634083200003,0.0001,
1634112000015,0.0001,
1634140800000,0.0001,
1634169600011,0.0001,
1634198400017,0.00022797,
1634227200000,0.00017282,
1634256000005,0.0001,
1634284800002,0.00036685,
1634313600005,0.0001,
1634342400009,0.00048084,
1634371200000,0.00027876,
1634400000003,0.00043303,
1634428800001,0.00031281,
1634457600002,0.00040131,
1634486400002,0.0004425,
1634515200006,0.00038415,
1634544000004,0.00022227,
1634572800001,0.0001,
1634601600002,0.0001,
1634630400000,0.00014974,
1634659200000,0.0001,
1634688000017,0.0001,
1634716800004,0.0001,
1634745600020,0.00063237,
1634774400000,0.00068927,
1634803200000,0.00057124,
1634832000008,0.00062183,
1634860800005,0.00033487,
1634889600005,0.00024509,
1634918400018,0.00033222,
1634947200005,0.00026183,
1634976000001,0.00014854,
1635004800004,0.0001739,
1635033600006,0.00030335,
1635062400012,0.00037238,
1635091200001,0.00032862,
1635120000012,0.00048777,
1635148800002,0.00020028,
1635177600022,0.00017861,
1635206400005,0.00040992,
1635235200016,0.00060638,
1635264000000,0.00055995,
1635292800004,0.00033175,
1635321600000,0.00030309,
1635350400002,0.00023017,
1635379200002,0.00015574,
1635408000000,0.0001,
1635436800005,0.00013782,
1635465600000,0.0002352,
1635494400007,0.00024122,
1635523200001,0.00017968,
1635552000000,0.00016972,
1635580800001,0.00038483,
1635609600013,0.00023181,
1635638400008,0.00019088,
1635667200010,0.00048915,
1635696000001,0.00043874,
1635724800009,0.00032554,
1635753600014,0.00031437,
1635782400001,0.00056812,
1635811200000,0.00015524,
1635840000007,0.00033216,
1635868800010,0.00047797,
1635897600019,0.0008207,
1635926400000,0.00043965,
1635955200005,0.00031399,
1635984000006,0.00045987,
1636012800004,0.0005075,
1636041600004,0.00046368,
1636070400000,0.00018372,
1636099200013,0.00018568,
1636128000016,0.00041167,
1636156800010,0.00053155,
1636185600000,0.00045326,
1636214400007,0.00037687,
1636243200013,0.00017244,
1636272000005,0.00036277,
1636300800004,0.00037438,
1636329600001,0.00025861,
1636358400000,0.00049328,
1636387200000,0.0004876,
1636416000000,0.00038683,
1636444800014,0.00039251,
1636473600001,0.00067839,
1636502400000,0.00037679,
1636531200003,0.00068212,
1636560000001,0.00057535,
1636588800008,0.00023211,
1636617600012,0.0001,
1636646400007,0.00021812,
1636675200000,0.00018008,
1636704000000,0.00035543,
1636732800004,0.00036867,
1636761600000,0.00015442,
1636790400004,0.00031732,
1636819200006,0.00021842,
1636848000010,0.00013962,
1636876800001,0.0001,
1636905600000,0.00013059,
1636934400008,0.00016126,
1636963200000,0.00020745,
1636992000000,0.00040989,
1637020800000,0.00035998,
1637049600001,0.0001,
1637078400018,0.0001,
1637107200005,0.0001,
1637136000007,0.00013155,
1637164800003,0.0001,
1637193600017,0.0001,
1637222400007,0.0001,
1637251200011,0.00011235,
1637280000000,0.0001,
1637308800000,0.0001,
1637337600005,0.0001,
1637366400012,0.0001,
1637395200000,0.0001,
1637424000007,0.0001,
1637452800000,0.0001,
1637481600006,0.0001,
1637510400000,0.0001,
1637539200004,0.0001,
1637568000000,0.0001,
1637596800000,0.0001,
1637625600004,0.0001,
1637654400010,0.00012897,
1637683200005,0.0001,
1637712000001,0.0001,
1637740800003,0.0001,
1637769600010,0.0001201,
1637798400000,0.00014549,
1637827200010,0.00016775,
1637856000000,0.00011888,
1637884800000,0.00013863,
1637913600000,0.00033741,
1637942400016,0.0001,
1637971200005,0.00010824,
1638000000008,0.0001,
1638028800007,0.0001,
1638057600018,0.0001,
1638086400000,0.0001,
1638115200004,0.0001,
1638144000002,0.0001,
1638172800004,0.0001,
1638201600000,0.00020774,
1638230400000,0.0002781,
1638259200006,0.0001,
1638288000000,0.0001,
1638316800000,0.00012689,
1638345600000,0.00029146,
1638374400001,0.0001,
1638403200000,0.00015951,
1638432000007,0.0001,
1638460800008,0.0001,
1638489600004,0.0001,
1638518400002,0.00011686,
1638547200006,0.00027198,
1638576000006,0.0001,
1638604800004,6.285e-05,
1638633600000,2.893e-05,
1638662400003,8.272e-05,
1638691200008,9.001e-05,
1638720000007,0.0001,
1638748800009,0.0001,
1638777600001,0.0001,
1638806400000,0.0001,
1638835200018,0.0001,
1638864000000,3.977e-05,
1638892800000,0.0001,
1638921600000,0.0001,
1638950400018,0.0001,
1638979200010,0.0001,
1639008000010,0.0001,
1639036800000,0.0001,
1639065600000,0.0001,
1639094400000,0.0001,
1639123200008,0.0001,
1639152000012,0.0001,
1639180800009,0.0001,
1639209600008,0.0001,
1639238400000,0.0001,
1639267200001,0.0001,
1639296000015,0.0001,
1639324800011,0.0001,
1639353600006,0.0001,
1639382400019,0.0001,
1639411200000,0.0001,
1639440000004,-4.93e-06,
1639468800000,0.0001,
1639497600015,8.838e-05,
1639526400000,0.0001,
1639555200008,0.0001,
1639584000005,0.0001,
1639612800006,0.0001,
1639641600009,0.0001,
1639670400000,0.0001,
1639699200000,0.0001,
1639728000005,0.0001,
1639756800006,4.678e-05,
1639785600014,9.119e-05,
1639814400012,9.221e-05,
1639843200000,8.402e-05,
1639872000031,7.08e-05,
1639900800000,0.0001,
1639929600003,0.0001,
1639958400015,0.0001,
1639987200007,0.0001,
1640016000005,0.0001,
1640044800003,9.184e-05,
1640073600012,0.0001,
1640102400005,0.0001,
1640131200000,0.0001,
1640160000001,0.0001,
1640188800006,0.0001,
1640217600011,9.72e-05,
1640246400000,0.0001,
1640275200000,4.018e-05,
1640304000005,0.0001,
1640332800000,0.0001,
1640361600011,0.0001,
1640390400000,0.0001,
1640419200001,0.0001,
1640448000005,0.0001,
1640476800004,0.0001,
1640505600002,0.0001,
1640534400000,0.0001,
1640563200002,0.0001,
1640592000005,0.0001,
1640620800000,0.0001,
1640649600000,0.0001,
1640678400012,0.0001,
1640707200000,0.0001,
1640736000006,0.0001,
1640764800003,0.0001,
1640793600004,0.0001,
1640822400003,0.0001,
1640851200001,0.0001,
1640880000017,0.0001,
1640908800006,-3.102e-05,
1640937600009,0.0001,
1640966400000,0.0001,
1640995200006,0.0001,
1641024000009,0.0001,
1641052800000,0.0001,
1641081600028,0.0001,
1641110400000,0.0001,
1641139200000,0.0001,
1641168000010,0.0001,
1641196800013,0.0001,
1641225600018,0.0001,
1641254400000,0.0001,
1641283200010,0.0001,
1641312000002,0.0001,
1641340800001,0.0001,
1641369600017,0.0001,
1641398400000,0.0001,
1641427200002,0.0001,
1641456000021,0.0001,
1641484800006,0.0001,
1641513600005,0.0001,
1641542400000,0.0001,
1641571200001,0.0001,
1641600000014,0.0001,
1641628800013,0.0001,
1641657600000,0.0001,
1641686400003,0.0001,
1641715200000,0.0001,
1641744000000,0.0001,
1641772800000,0.0001,
1641801600010,4.522e-05,
1641830400007,0.0001,
1641859200013,0.0001,
1641888000004,7.394e-05,
1641916800000,0.0001,
1641945600012,-4.772e-05,
1641974400015,9.625e-05,
1642003200000,-5.342e-05,
1642032000007,-7.506e-05,
1642060800000,0.0001,
1642089600014,-6.081e-05,
1642118400000,5.92e-06,
1642147200006,-9.17e-05,
1642176000014,-6.655e-05,
1642204800000,2.282e-05,
1642233600002,0.0001,
1642262400000,2.661e-05,
1642291200000,9.07e-05,
1642320000017,-2.33e-05,
1642348800011,3.62e-05,
1642377600005,1.751e-05,
1642406400006,6.647e-05,
1642435200012,0.0001,
1642464000020,0.0001,
1642492800000,9.998e-05,
1642521600013,0.0001,
1642550400001,4.973e-05,
1642579200000,0.0001,
1642608000000,0.0001,
1642636800015,0.0001,
1642665600000,0.0001,
1642694400000,0.0001,
1642723200007,0.0001,
1642752000015,4.523e-05,
1642780800000,8.226e-05,
1642809600017,-1.051e-05,
1642838400003,4.122e-05,
1642867200021,0.0001,
1642896000026,0.0001,
1642924800010,-1.256e-05,
1642953600009,-1.573e-05,
1642982400010,3.48e-05,
1643011200000,5.605e-05,
1643040000021,5.009e-05,
1643068800000,0.0001,
1643097600000,8.126e-05,
1643126400012,-0.00010008,
1643155200000,6.76e-06,
1643184000001,-1.905e-05,
1643212800005,-4.13e-05,
1643241600004,-4.869e-05,
1643270400004,-0.00010186,
1643299200019,-7.554e-05,
1643328000000,-4.93e-06,
1643356800000,7.165e-05,
1643385600025,2.88e-05,
1643414400017,-1.093e-05,
1643443200000,5.239e-05,
1643472000013,-3.029e-05,
1643500800025,6.05e-05,
1643529600009,9.126e-05,
1643558400000,0.0001,
1643587200000,8.927e-05,
1643616000000,-7.369e-05,
1643644800000,-5.648e-05,
1643673600010,-4e-05,
1643702400000,6.113e-05,
1643731200004,-6.256e-05,
1643760000004,-2.905e-05,
1643788800000,0.0001,
1643817600002,2.553e-05,
1643846400002,-7.716e-05,
1643875200000,1.168e-05,
1643904000000,-1.533e-05,
1643932800018,1.462e-05,
1643961600005,-8.571e-05,
1643990400010,0.0001,
1644019200014,7.457e-05,
1644048000000,0.0001,
1644076800000,0.0001,
1644105600000,0.0001,
1644134400000,0.0001,
1644163200000,0.0001,
1644192000003,1.477e-05,
1644220800014,5.264e-05,
1644249600003,-9.617e-05,
1644278400001,0.0001,
1644307200003,0.0001,
1644336000002,0.0001,
1644364800000,8.216e-05,
1644393600005,5.826e-05,
1644422400001,5.12e-05,
1644451200012,0.0001,
1644480000000,-1.799e-05,
1644508800006,0.0001,
1644537600000,3.895e-05,
1644566400009,-5.238e-05,
1644595200015,-7.643e-05,
1644624000020,0.0001,
1644652800001,0.0001,
1644681600007,0.0001,
1644710400022,8.047e-05,
1644739200001,7.937e-05,
1644768000007,6.814e-05,
1644796800005,9.717e-05,
1644825600013,2.867e-05,
1644854400019,6.445e-05,
1644883200012,0.0001,
1644912000005,-7.76e-05,
1644940800011,5.462e-05,
1644969600009,0.0001,
1644998400001,0.0001,
1645027200014,0.0001,
1645056000018,0.0001,
1645084800000,0.0001,
1645113600010,0.0001,
1645142400000,-4.38e-06,
1645171200002,-2.923e-05,
1645200000000,-9.36e-06,
1645228800007,0.0001,
1645257600000,9.61e-06,
1645286400023,7.71e-05,
1645315200001,3.023e-05,
1645344000003,6.581e-05,
1645372800001,-7.517e-05,
1645401600000,6.5e-05,
1645430400001,-4.498e-05,
1645459200005,-3.473e-05,
1645488000005,-5.357e-05,
1645516800000,2.477e-05,
1645545600000,-3.085e-05,
1645574400002,-2.623e-05,
1645603200005,-0.00012603,
1645632000010,-3.332e-05,
1645660800008,6.475e-05,
1645689600003,-0.00016045,
1645718400001,-9.21e-05,
1645747200000,0.0001,
1645776000006,6.22e-05,
1645804800001,9.98e-06,
1645833600004,9.332e-05,
1645862400004,0.0001,
1645891200007,7.614e-05,
1645920000012,5.574e-05,
1645948800000,1.803e-05,
1645977600000,-6.28e-06,
1646006400000,-0.00021167,
1646035200001,-8.986e-05,
1646064000002,-5.386e-05,
1646092800002,0.0001,
1646121600001,0.0001,
1646150400000,4.369e-05,
1646179200000,-5.07e-06,
1646208000000,0.0001,
1646236800002,0.0001,
1646265600000,0.0001,
1646294400000,0.0001,
1646323200005,0.0001,
1646352000018,0.0001,
1646380800000,0.0001,
1646409600000,0.0001,
1646438400006,0.0001,
1646467200004,0.0001,
1646496000000,1.656e-05,
1646524800004,4.115e-05,
1646553600000,-9.6e-06,
1646582400013,1.957e-05,
1646611200008,3.18e-06,
1646640000006,-8.983e-05,
1646668800000,-3.177e-05,
1646697600008,3.378e-05,
1646726400002,0.0001,
1646755200000,0.0001,
1646784000008,6.776e-05,
1646812800000,0.0001,
1646841600004,0.0001,
1646870400000,0.0001,
1646899200017,8.28e-05,
1646928000000,-8.919e-05,
1646956800008,-9.808e-05,
1646985600000,-7.765e-05,
1647014400001,4.301e-05,
1647043200010,-3.07e-06,
1647072000001,3.168e-05,
1647100800002,-3.565e-05,
1647129600008,-5.855e-05,
1647158400000,6.13e-06,
1647187200002,-5.741e-05,
1647216000014,-8.009e-05,
1647244800005,-6.699e-05,
1647273600002,2.708e-05,
1647302400008,5.726e-05,
1647331200000,4.476e-05,
1647360000006,9.061e-05,
1647388800013,0.0001,
1647417600000,5.871e-05,
1647446400008,0.0001,
1647475200004,0.0001,
1647504000000,0.0001,
1647532800004,0.0001,
1647561600000,0.0001,
1647590400000,1.662e-05,
1647619200017,0.0001,
1647648000008,0.0001,
1647676800015,0.0001,
1647705600000,0.0001,
1647734400000,0.0001,
1647763200001,0.0001,
1647792000002,0.0001,
1647820800013,0.0001,
1647849600004,-9.54e-06,
1647878400010,-9.3e-07,
1647907200012,0.0001,
1647936000001,0.0001,
1647964800022,0.0001,
1647993600007,0.0001,
1648022400000,0.0001,
1648051200006,7.014e-05,
1648080000013,1.664e-05,
1648108800006,8e-06,
1648137600020,-9.07e-06,
1648166400010,6.7e-06,
1648195200001,9.286e-05,
1648224000014,5.473e-05,
1648252800020,9.739e-05,
1648281600006,-7.111e-05,
1648310400000,0.0001,
1648339200004,-8.253e-05,
1648368000001,1.306e-05,
1648396800006,0.0001,
1648425600012,0.0001,
1648454400007,0.0001,
1648483200000,0.0001,
1648512000000,0.0001,
1648540800015,0.0001,
1648569600000,9.594e-05,
1648598400000,0.0001,
1648627200002,0.0001,
1648656000028,0.0001,
1648684800017,0.0001,
1648713600000,0.0001,
1648742400015,0.0001,
1648771200000,0.0001,
1648800000000,7.626e-05,
1648828800018,9.193e-05,
1648857600000,0.0001,
1648886400002,0.0001,
1648915200006,0.0001,
1648944000018,0.0001,
1648972800018,0.0001,
1649001600015,0.0001,
1649030400006,0.0001,
1649059200000,0.0001,
1649088000016,0.0001,
1649116800000,0.0001,
1649145600010,0.0001,
1649174400008,0.0001,
1649203200001,9.898e-05,
1649232000021,0.0001,
1649260800000,0.0001,
1649289600009,0.0001,
1649318400000,0.0001,
1649347200000,2.421e-05,
1649376000000,4.306e-05,
1649404800004,0.0001,
1649433600008,0.0001,
1649462400008,0.0001,
1649491200000,9.279e-05,
1649520000001,0.0001,
1649548800004,2.721e-05,
1649577600007,6.231e-05,
1649606400016,0.0001,
1649635200000,2.43e-06,
1649664000000,0.0001,
1649692800009,0.0001,
1649721600000,-6.795e-05,
1649750400006,-0.00010012,
1649779200013,-7.001e-05,
1649808000005,-1.692e-05,
1649836800008,7.53e-06,
1649865600013,-1.485e-05,
1649894400007,5.018e-05,
1649923200000,3.533e-05,
1649952000006,4.423e-05,
1649980800008,-0.00013233,
1650009600002,-6.805e-05,
1650038400000,7.697e-05,
1650067200011,2.197e-05,
1650096000007,5.199e-05,
1650124800007,6.201e-05,
1650153600000,7.2e-06,
1650182400004,9.838e-05,
1650211200000,0.0001,
1650240000008,-3.231e-05,
1650268800012,-0.00017197,
1650297600000,-5.436e-05,
1650326400021,0.0001,
1650355200031,6.251e-05,
1650384000000,-5.028e-05,
1650412800025,9.45e-05,
1650441600003,9.543e-05,
1650470400000,3.714e-05,
1650499200000,1.77e-06,
1650528000000,-5.245e-05,
1650556800024,5.359e-05,
1650585600008,3.026e-05,
1650614400008,-0.00016984,
1650643200008,-4.15e-06,
1650672000000,-9.023e-05,
1650700800000,-7.562e-05,
1650729600012,-0.00011883,
1650758400004,-0.00018273,
1650787200003,-0.00015276,
1650816000000,-3.654e-05,
1650844800008,-8.908e-05,
1650873600018,-7.844e-05,
1650902400000,7.223e-05,
1650931200014,0.0001,
1650960000000,0.0001,
1650988800017,0.0001,
1651017600012,-0.0001264,
1651046400000,-0.00011034,
1651075200002,1.968e-05,
1651104000000,-5.716e-05,
1651132800004,-5.544e-05,
1651161600030,0.0001,
1651190400000,0.0001,
1651219200016,0.0001,
1651248000010,2.628e-05,
1651276800000,-9.371e-05,
1651305600005,4.536e-05,
1651334400015,5.926e-05,
1651363200000,2.403e-05,
1651392000000,9.5e-07,
1651420800010,0.0001,
1651449600018,0.0001,
1651478400007,9e-05,
1651507200000,0.0001,
1651536000006,0.0001,
1651564800000,0.0001,
1651593600021,0.0001,
1651622400007,0.0001,
1651651200011,2.504e-05,
1651680000000,0.0001,
1651708800005,0.0001,
1651737600019,0.0001,
1651766400005,0.0001,
1651795200005,-0.0001346,
1651824000001,-5.734e-05,
1651852800010,4.197e-05,
1651881600004,-5.273e-05,
1651910400016,5.998e-05,
1651939200011,7.13e-06,
1651968000000,-2.659e-05,
1651996800007,0.0001,
1652025600015,0.0001,
1652054400000,0.0001,
1652083200001,0.0001,
1652112000000,0.0001,
1652140800000,0.0001,
1652169600007,0.0001,
1652198400008,0.0001,
1652227200004,7.58e-05,
1652256000007,6.939e-05,
1652284800008,-3.512e-05,
1652313600014,-0.00018773,
1652342400000,-0.00041995,
1652371200007,-0.00014678,
1652400000014,-7.127e-05,
1652428800001,-6.05e-06,
1652457600000,6.045e-05,
1652486400000,0.0001,
1652515200000,0.0001,
1652544000001,0.0001,
1652572800000,8.29e-05,
1652601600000,0.0001,
1652630400000,9.053e-05,
1652659200021,0.0001,
1652688000013,8.883e-05,
1652716800006,4.94e-05,
1652745600000,0.0001,
1652774400010,-7.1e-06,
1652803200023,4.705e-05,
1652832000003,-6.956e-05,
1652860800024,-5.753e-05,
1652889600014,2.893e-05,
1652918400000,-3.41e-06,
1652947200008,5.624e-05,
1652976000015,7.465e-05,
1653004800001,0.0001,
1653033600003,0.0001,
1653062400012,0.0001,
1653091200008,-2.02e-06,
1653120000001,-2.146e-05,
1653148800007,2.549e-05,
1653177600003,2.41e-05,
1653206400016,-3.063e-05,
1653235200000,0.0001,
1653264000011,0.0001,
1653292800000,0.0001,
1653321600023,0.0001,
1653350400011,-0.00012372,
1653379200000,-6.76e-06,
1653408000009,2.892e-05,
1653436800001,3.679e-05,
1653465600000,0.0001,
1653494400015,0.0001,
1653523200005,7.516e-05,
1653552000001,0.0001,
1653580800000,7.21e-06,
1653609600007,0.0001,
1653638400008,0.0001,
1653667200000,0.0001,
1653696000018,0.0001,
1653724800016,8.712e-05,
1653753600013,0.0001,
1653782400000,0.0001,
1653811200025,0.0001,
1653840000002,0.0001,
1653868800000,0.0001,
1653897600013,0.0001,
1653926400005,0.0001,
1653955200016,0.0001,
1653984000000,0.0001,
1654012800000,0.0001,
1654041600000,0.0001,
1654070400011,0.0001,
1654099200000,0.0001,
1654128000000,-1.452e-05,
1654156800006,2.265e-05,
1654185600021,2.107e-05,
1654214400016,-3.378e-05,
1654243200016,-1.456e-05,
1654272000012,6.937e-05,
1654300800005,2.7e-06,
1654329600000,4.795e-05,
1654358400007,5.506e-05,
1654387200005,4.358e-05,
1654416000015,2.828e-05,
1654444800000,4.753e-05,
1654473600000,6.036e-05,
1654502400017,9.656e-05,
1654531200000,0.0001,
1654560000000,0.0001,
1654588800011,-0.00010234,
1654617600000,-3.705e-05,
1654646400008,0.0001,
1654675200020,0.0001,
1654704000012,0.0001,
1654732800000,0.0001,
1654761600000,9.106e-05,
1654790400000,0.0001,
1654819200009,0.0001,
1654848000000,9.289e-05,
1654876800006,3.503e-05,
1654905600018,1.762e-05,
1654934400014,3.79e-06,
1654963200000,6.606e-05,
1654992000015,0.0001,
1655020800019,5.63e-06,
1655049600010,4.39e-06,
1655078400009,5.616e-05,
1655107200000,-3.182e-05,
1655136000007,-5.8e-06,
1655164800013,4.088e-05,
1655193600008,-0.00010037,
1655222400006,-5.186e-05,
1655251200000,-2.077e-05,
1655280000016,-7.24e-05,
1655308800008,-6.66e-06,
1655337600009,-4.114e-05,
1655366400016,4.475e-05,
1655395200000,-5.277e-05,
1655424000008,-2.222e-05,
1655452800003,-9.486e-05,
1655481600000,5.092e-05,
1655510400020,7.356e-05,
1655539200025,4.575e-05,
1655568000014,5.227e-05,
1655596800012,4.243e-05,
1655625600012,-4.559e-05,
1655654400008,7.239e-05,
1655683200016,8.73e-06,
1655712000000,-5.4e-06,
1655740800013,6.08e-05,
1655769600012,0.0001,
1655798400018,4.967e-05,
1655827200010,2.028e-05,
1655856000000,1.78e-06,
1655884800001,-2.982e-05,
1655913600012,-1.64e-05,
1655942400000,-8.72e-06,
1655971200000,-1.577e-05,
1656000000016,-2.656e-05,
1656028800005,6.006e-05,
1656057600004,0.0001,
1656086400018,0.0001,
1656115200001,2.621e-05,
1656144000010,0.0001,
1656172800000,0.0001,
1656201600002,0.0001,
1656230400016,0.0001,
1656259200006,6.69e-06,
1656288000008,7.82e-05,
1656316800000,3.533e-05,
1656345600016,6.102e-05,
1656374400016,-2.586e-05,
1656403200001,-5.613e-05,
1656432000005,2.435e-05,
1656460800000,4.188e-05,
1656489600013,8.335e-05,
1656518400000,5.319e-05,
1656547200000,3.24e-06,
1656576000000,-5.159e-05,
1656604800000,-0.00015879,
1656633600001,-8.786e-05,
1656662400017,3.106e-05,
1656691200005,-8.061e-05,
1656720000000,-2.913e-05,
1656748800000,5.218e-05,
1656777600008,2.12e-05,
1656806400015,3.57e-05,
1656835200004,4.779e-05,
1656864000005,7.251e-05,
1656892800021,7.792e-05,
1656921600001,4.63e-05,
1656950400000,2.248e-05,
1656979200000,5.291e-05,
1657008000000,0.0001,
1657036800015,1.2e-06,
1657065600006,0.0001,
1657094400000,0.0001,
1657123200000,8.373e-05,
1657152000010,5.274e-05,
1657180800010,0.0001,
1657209600011,0.0001,
1657238400008,2.12e-06,
1657267200009,0.0001,
1657296000000,0.0001,
1657324800000,0.0001,
1657353600000,0.0001,
1657382400009,6.143e-05,
1657411200001,9.962e-05,
1657440000002,0.0001,
1657468800001,0.0001,
1657497600000,4.543e-05,
1657526400003,7.236e-05,
1657555200001,8.5e-05,
1657584000000,8.003e-05,
1657612800021,6.433e-05,
1657641600000,2.667e-05,
1657670400012,-1.204e-05,
1657699200022,6.17e-06,
1657728000005,-1.218e-05,
1657756800017,5.7e-07,
1657785600001,0.0001,
1657814400000,3.451e-05,
1657843200004,9.257e-05,
1657872000019,1.401e-05,
1657900800017,1.601e-05,
1657929600021,6.055e-05,
1657958400014,7.996e-05,
1657987200005,8e-06,
1658016000000,8.038e-05,
1658044800003,0.0001,
1658073600007,8.709e-05,
1658102400001,0.0001,
1658131200004,0.0001,
1658160000019,0.0001,
1658188800000,0.0001,
1658217600000,0.0001,
1658246400001,0.0001,
1658275200004,0.0001,
1658304000000,0.0001,
1658332800003,8.118e-05,
1658361600000,0.0001,
1658390400018,0.0001,
1658419200011,0.0001,
1658448000014,0.0001,
1658476800000,0.0001,
1658505600000,5.172e-05,
1658534400004,9.043e-05,
1658563200002,1.021e-05,
1658592000001,0.0001,
1658620800000,3.77e-05,
1658649600011,0.0001,
1658678400000,8.293e-05,
1658707200000,0.0001,
1658736000014,1.238e-05,
1658764800006,2.319e-05,
1658793600010,0.0001,
1658822400000,3.654e-05,
1658851200000,8.659e-05,
1658880000008,4.591e-05,
1658908800000,5.085e-05,
1658937600003,2.951e-05,
1658966400009,9.229e-05,
1658995200008,0.0001,
1659024000013,0.0001,
1659052800000,0.0001,
1659081600000,0.0001,
1659110400000,0.0001,
1659139200005,0.0001,
1659168000009,0.0001,
1659196800000,0.0001,
1659225600022,0.0001,
1659254400011,0.0001,
1659283200019,6.281e-05,
1659312000010,0.0001,
1659340800019,0.0001,
1659369600017,6.449e-05,
1659398400000,0.0001,
1659427200007,9.733e-05,
1659456000014,5.885e-05,
1659484800001,3.28e-06,
1659513600020,-3.96e-05,
1659542400008,4.382e-05,
1659571200001,-1.91e-06,
1659600000009,1.778e-05,
1659628800015,1.436e-05,
1659657600005,1.692e-05,
1659686400000,6.774e-05,
1659715200000,2.115e-05,
1659744000021,6.888e-05,
1659772800000,8.589e-05,
1659801600015,0.0001,
1659830400013,0.0001,
1659859200000,-7.37e-06,
1659888000014,2.401e-05,
1659916800009,0.0001,
1659945600006,2.79e-05,
1659974400000,0.0001,
1660003200020,0.0001,
1660032000000,7.92e-05,
1660060800000,0.0001,
1660089600000,-1.314e-05,
1660118400016,5.81e-06,
1660147200018,9.44e-05,
1660176000012,7.206e-05,
1660204800000,0.0001,
1660233600000,4.911e-05,
1660262400006,9.024e-05,
1660291200000,1.412e-05,
1660320000005,-3.384e-05,
1660348800012,-3.559e-05,
1660377600006,8.455e-05,
1660406400018,2.154e-05,
1660435200000,2.396e-05,
1660464000000,-3.33e-06,
1660492800000,1.239e-05,
1660521600010,-3.766e-05,
1660550400002,1.077e-05,
1660579200010,-1.339e-05,
1660608000010,3.243e-05,
1660636800002,1.56e-06,
1660665600000,2.87e-05,
1660694400020,4.66e-06,
1660723200016,2.62e-06,
1660752000001,9.364e-05,
1660780800005,8.391e-05,
1660809600012,0.0001,
1660838400013,7.171e-05,
1660867200000,0.0001,
1660896000000,2.108e-05,
1660924800009,-6.746e-05,
1660953600000,1.07e-05,
1660982400005,-6.722e-05,
1661011200000,-4.567e-05,
1661040000010,-1.957e-05,
1661068800013,-3.589e-05,
1661097600000,-3.234e-05,
1661126400011,-8.092e-05,
1661155200005,-3.215e-05,
1661184000005,4.021e-05,
1661212800000,-3.345e-05,
1661241600021,-4.031e-05,
1661270400005,8.46e-06,
1661299200017,2.509e-05,
1661328000021,-4.353e-05,
1661356800000,-3.538e-05,
1661385600003,1.28e-06,
1661414400000,1.547e-05,
1661443200004,4.481e-05,
1661472000001,-1.707e-05,
1661500800004,3.207e-05,
1661529600000,2.599e-05,
1661558400010,-2.808e-05,
1661587200007,-6.29e-05,
1661616000008,-4.396e-05,
1661644800019,-1.396e-05,
1661673600000,-8.758e-05,
1661702400000,-2.443e-05,
1661731200000,-0.00013623,
1661760000000,-0.00010056,
1661788800001,-6.193e-05,
1661817600001,1.123e-05,
1661846400005,-3.356e-05,
1661875200010,-5.903e-05,
1661904000000,-2.089e-05,
1661932800005,5.779e-05,
1661961600013,4.95e-05,
1661990400012,9.39e-05,
1662019200000,2.266e-05,
1662048000013,3.63e-05,
1662076800002,2.498e-05,
1662105600013,4.905e-05,
1662134400000,4.443e-05,
1662163200000,-1.99e-06,
1662192000002,9.442e-05,
1662220800007,1.115e-05,
1662249600008,5.88e-06,
1662278400009,5.463e-05,
1662307200000,2.119e-05,
1662336000015,8.292e-05,
1662364800013,-7.37e-06,
1662393600007,4.712e-05,
1662422400018,-2.45e-06,
1662451200020,3.43e-06,
1662480000028,3.473e-05,
1662508800013,-8.601e-05,
1662537600022,2.729e-05,
1662566400021,-3.48e-05,
1662595200010,6.2e-06,
1662624000000,3.327e-05,
1662652800003,5.667e-05,
1662681600011,1.312e-05,
1662710400000,0.0001,
1662739200000,0.0001,
1662768000003,0.0001,
1662796800000,9.764e-05,
1662825600012,0.0001,
1662854400009,7.115e-05,
1662883200012,0.0001,
1662912000005,6.712e-05,
1662940800007,0.0001,
1662969600013,8.246e-05,
1662998400000,0.0001,
1663027200004,9.965e-05,
1663056000000,0.0001,
1663084800000,0.0001,
1663113600000,-3.953e-05,
1663142400000,7.27e-06,
1663171200000,1.004e-05,
1663200000019,3.24e-06,
1663228800012,0.0001,
1663257600007,8.13e-06,
1663286400000,8.055e-05,
1663315200000,4.349e-05,
1663344000000,2.919e-05,
1663372800000,3.024e-05,
1663401600012,4.336e-05,
1663430400017,1.467e-05,
1663459200000,6.428e-05,
1663488000004,7.82e-05,
1663516800000,3.564e-05,
1663545600018,3.581e-05,
1663574400006,-9.289e-05,
1663603200010,6e-06,
1663632000007,7.813e-05,
1663660800001,5.855e-05,
1663689600000,1.721e-05,
1663718400001,5.185e-05,
1663747200005,1.478e-05,
1663776000000,2.732e-05,
1663804800000,-0.00011779,
1663833600000,-6.911e-05,
1663862400011,7.743e-05,
1663891200023,7.261e-05,
1663920000004,2.959e-05,
1663948800005,-5.008e-05,
1663977600000,2.947e-05,
1664006400005,1.676e-05,
1664035200000,5.345e-05,
1664064000010,9.99e-06,
1664092800000,3.653e-05,
1664121600003,2.593e-05,
1664150400001,-6.6e-06,
1664179200006,3.696e-05,
1664208000000,4.497e-05,
1664236800026,2.244e-05,
1664265600004,0.0001,
1664294400006,8.538e-05,
1664323200011,1.141e-05,
1664352000000,-1.071e-05,
1664380800000,5.332e-05,
1664409600010,5.681e-05,
1664438400000,7.641e-05,
1664467200000,6.685e-05,
1664496000006,0.0001,
1664524800002,0.0001,
1664553600007,0.0001,
1664582400008,3.198e-05,
1664611200011,0.0001,
1664640000000,7.005e-05,
1664668800000,4.262e-05,
1664697600000,5.816e-05,
1664726400006,5.384e-05,
1664755200000,3.996e-05,
1664784000014,8.316e-05,
1664812800010,0.0001,
1664841600006,0.0001,
1664870400004,0.0001,
1664899200013,0.0001,
1664928000000,0.0001,
1664956800000,0.0001,
1664985600012,0.0001,
1665014400008,0.0001,
1665043200002,0.0001,
1665072000006,0.0001,
1665100800000,0.0001,
1665129600000,0.0001,
1665158400007,7.513e-05,
1665187200010,3.85e-05,
1665216000004,7.345e-05,
1665244800018,4.149e-05,
1665273600000,3.246e-05,
1665302400007,1.776e-05,
1665331200011,1.951e-05,
1665360000018,6.241e-05,
1665388800000,6.069e-05,
1665417600026,0.0001,
1665446400020,0.0001,
1665475200027,0.0001,
1665504000000,0.0001,
1665532800014,0.0001,
1665561600000,0.0001,
1665590400000,0.0001,
1665619200013,7.466e-05,
1665648000016,0.0001,
1665676800009,3.936e-05,
1665705600020,3.235e-05,
1665734400000,0.0001,
1665763200009,8.395e-05,
1665792000001,4.317e-05,
1665820800005,3.772e-05,
1665849600004,4.563e-05,
1665878400012,2.735e-05,
1665907200000,4.61e-06,
1665936000010,3.394e-05,
1665964800012,3.31e-06,
1665993600010,4.84e-05,
1666022400017,6.458e-05,
1666051200010,0.0001,
1666080000008,0.0001,
1666108800000,0.0001,
1666137600007,7.598e-05,
1666166400022,0.0001,
1666195200016,0.0001,
1666224000000,0.0001,
1666252800013,6.021e-05,
1666281600000,2.095e-05,
1666310400005,4.708e-05,
1666339200018,4.483e-05,
1666368000000,-8.9e-06,
1666396800000,3.721e-05,
1666425600015,8.36e-05,
1666454400000,-3.19e-06,
1666483200025,4.152e-05,
1666512000000,1.171e-05,
1666540800004,5.174e-05,
1666569600009,0.0001,
1666598400012,0.0001,
1666627200002,2.328e-05,
1666656000013,4.327e-05,
1666684800013,9.019e-05,
1666713600000,-1.66e-06,
1666742400006,2.243e-05,
1666771200013,5.665e-05,
1666800000000,6.122e-05,
1666828800009,1.3e-07,
1666857600006,-2.276e-05,
1666886400009,1.376e-05,
1666915200000,-1.228e-05,
1666944000000,3.541e-05,
1666972800007,-2.629e-05,
1667001600000,2.484e-05,
1667030400003,4.755e-05,
1667059200010,4.205e-05,
1667088000000,-2.515e-05,
1667116800013,3.212e-05,
1667145600009,5.135e-05,
1667174400012,1.504e-05,
1667203200000,3.842e-05,
1667232000010,-4.34e-06,
1667260800000,7.22e-06,
1667289600000,-1.088e-05,
1667318400000,1.302e-05,
1667347200000,4.787e-05,
1667376000000,1.203e-05,
1667404800019,6.046e-05,
1667433600011,2.68e-05,
1667462400016,4.4e-06,
1667491200005,6.94e-05,
1667520000000,4.429e-05,
1667548800004,1.148e-05,
1667577600020,6.899e-05,
1667606400009,4.409e-05,
1667635200007,4.541e-05,
1667664000018,0.0001,
1667692800009,6.491e-05,
1667721600000,9.732e-05,
1667750400010,6.866e-05,
1667779200012,7.813e-05,
1667808000014,0.0001,
1667836800006,0.0001,
1667865600000,6.515e-05,
1667894400001,-7.88e-06,
1667923200005,9.446e-05,
1667952000000,-0.00013884,
1667980800013,7.305e-05,
1668009600004,-0.00032976,
1668038400006,-0.00119172,
1668067200000,-0.00111953,
1668096000015,-0.00023833,
1668124800000,-0.00019452,
1668153600015,-7.277e-05,
1668182400027,-5.802e-05,
1668211200007,5.3e-05,
1668240000016,-2.406e-05,
1668268800000,6.521e-05,
1668297600004,3.33e-06,
1668326400000,-7.357e-05,
1668355200017,2.816e-05,
1668384000000,-3.809e-05,
1668412800000,-7.645e-05,
1668441600000,-1.132e-05,
1668470400014,-0.00010925,
1668499200009,-0.00017664,
1668528000010,2.275e-05,
1668556800011,-0.00013216,
1668585600004,1.121e-05,
1668614400008,-6.617e-05,
1668643200000,-4.542e-05,
1668672000000,-5.138e-05,
1668700800006,-2.701e-05,
1668729600004,-2.836e-05,
1668758400016,2.398e-05,
1668787200000,9.55e-06,
1668816000000,5.556e-05,
1668844800004,7.897e-05,
1668873600024,-1.169e-05,
1668902400015,-7.79e-06,
1668931200004,3.552e-05,
1668960000000,-9.79e-06,
1668988800006,7.898e-05,
1669017600015,-1.218e-05,
1669046400000,2.302e-05,
1669075200000,-7.485e-05,
1669104000000,2.033e-05,
1669132800000,7.881e-05,
1669161600000,9.406e-05,
1669190400011,0.0001,
1669219200014,-3.9e-06,
1669248000007,5.42e-05,
1669276800014,2.012e-05,
1669305600013,6.272e-05,
1669334400004,2.058e-05,
1669363200015,4.61e-06,
1669392000000,1.329e-05,
1669420800011,3.859e-05,
1669449600000,-2.455e-05,
1669478400000,3.523e-05,
1669507200012,1.063e-05,
1669536000000,-3.066e-05,
1669564800003,3.784e-05,
1669593600015,2.303e-05,
1669622400004,5.36e-06,
1669651200011,2.1e-07,
1669680000000,4.76e-05,
1669708800015,-3.85e-06,
1669737600000,4.171e-05,
1669766400007,3.404e-05,
1669795200000,4.038e-05,
1669824000015,9.511e-05,
1669852800001,1.029e-05,
1669881600006,-5.001e-05,
1669910400000,0.0001,
1669939200001,8.203e-05,
1669968000016,2.825e-05,
1669996800017,-3.753e-05,
1670025600006,3.302e-05,
1670054400000,5.123e-05,
1670083200011,0.0001,
1670112000006,6.174e-05,
1670140800000,6.437e-05,
1670169600006,4.581e-05,
1670198400002,5.4e-07,
1670227200011,-4.218e-05,
1670256000008,4.603e-05,
1670284800014,2.206e-05,
1670313600027,4.118e-05,
1670342400009,2.305e-05,
1670371200000,7.887e-05,
1670400000000,6.58e-06,
1670428800000,-1.492e-05,
1670457600006,1.183e-05,
1670486400000,2.152e-05,
1670515200014,1.67e-06,
1670544000017,1.178e-05,
1670572800005,4.007e-05,
1670601600000,3.198e-05,
1670630400009,-1.669e-05,
1670659200010,-6.87e-06,
1670688000001,1.711e-05,
1670716800011,9.29e-06,
1670745600007,8.73e-06,
1670774400011,6.92e-06,
1670803200000,2.406e-05,
1670832000004,2.638e-05,
1670860800000,-1.67e-05,
1670889600000,3.003e-05,
1670918400018,1.971e-05,
1670947200011,0.0001,
1670976000010,0.0001,
1671004800015,0.0001,
1671033600004,0.0001,
1671062400000,0.0001,
1671091200023,0.0001,
1671120000010,5.18e-05,
1671148800016,4.842e-05,
1671177600011,5.706e-05,
1671206400001,-1.987e-05,
1671235200001,2.013e-05,
1671264000011,7.81e-05,
1671292800011,9.707e-05,
1671321600008,6.274e-05,
1671350400001,6.828e-05,
1671379200012,-6.47e-06,
1671408000000,6.468e-05,
1671436800000,3.493e-05,
1671465600000,4.496e-05,
1671494400005,5.611e-05,
1671523200016,-1.2e-07,
1671552000000,3.401e-05,
1671580800007,3.778e-05,
1671609600012,7.742e-05,
1671638400017,7.582e-05,
1671667200004,2.918e-05,
1671696000000,8.167e-05,
1671724800001,7.198e-05,
1671753600018,0.0001,
1671782400000,0.0001,
1671811200000,8.903e-05,
1671840000001,0.0001,
1671868800007,4.748e-05,
1671897600008,6.222e-05,
1671926400000,5.21e-06,
1671955200013,1.855e-05,
1671984000000,3.06e-05,
1672012800001,3.319e-05,
1672041600000,-5.064e-05,
1672070400005,2.871e-05,
1672099200005,8.655e-05,
1672128000010,1.102e-05,
1672156800006,1.951e-05,
1672185600010,4.252e-05,
1672214400010,9.764e-05,
1672243200010,2.111e-05,
1672272000011,9.985e-05,
1672300800000,8.532e-05,
1672329600008,0.0001,
1672358400000,0.0001,
1672387200000,7.132e-05,
1672416000000,0.0001,
1672444800014,0.0001,
1672473600000,0.0001,
1672502400000,0.0001,
1672531200000,0.0001,
1672560000008,0.0001,
1672588800000,6.91e-06,
1672617600000,-1.488e-05,
1672646400008,-4.356e-05,
1672675200015,2.67e-05,
1672704000003,0.0001,
1672732800018,8.977e-05,
1672761600000,3.322e-05,
1672790400000,6.489e-05,
1672819200016,3.388e-05,
1672848000011,4.931e-05,
1672876800009,5.417e-05,
1672905600011,4.436e-05,
1672934400000,7.264e-05,
1672963200005,5.587e-05,
1672992000001,6.591e-05,
1673020800000,8.658e-05,
1673049600006,2.508e-05,
1673078400017,6.71e-06,
1673107200000,0.0001,
1673136000015,5.657e-05,
1673164800000,0.0001,
1673193600010,7.452e-05,
1673222400003,5.796e-05,
1673251200000,-6.66e-06,
1673280000006,9.05e-06,
1673308800003,2.417e-05,
1673337600021,9.685e-05,
1673366400000,3.129e-05,
1673395200011,2.761e-05,
1673424000006,2.477e-05,
1673452800004,-2.11e-06,
1673481600000,7.549e-05,
1673510400000,0.0001,
1673539200000,0.0001,
1673568000004,0.0001,
1673596800000,0.0001,
1673625600018,7.16e-05,
1673654400000,8.746e-05,
1673683200001,0.00045847,
1673712000000,0.0001,
1673740800010,0.00013712,
1673769600002,0.00012434,
1673798400000,0.00019892,
1673827200010,0.0001,
1673856000007,0.0001,
1673884800000,0.0001,
1673913600004,0.0001,
1673942400005,0.0001,
1673971200001,0.0001,
1674000000008,0.0001,
1674028800009,0.0001,
1674057600017,0.0001,
1674086400000,0.0001,
1674115200015,0.0001,
1674144000012,0.0001,
1674172800000,0.0001,
1674201600000,0.0001,
1674230400000,0.0001,
1674259200013,0.0001,
1674288000001,0.0001,
1674316800016,0.0001,
1674345600000,0.0001,
1674374400000,0.0001,
1674403200023,0.0001,
1674432000014,0.0001,
1674460800014,0.0001,
1674489600016,0.0001,
1674518400008,0.0001,
1674547200008,0.0001,
1674576000000,0.0001,
1674604800012,0.0001,
1674633600000,0.0001,
1674662400010,0.0001,
1674691200010,0.0001,
1674720000003,0.0001,
1674748800020,0.0001,
1674777600008,0.0001,
1674806400000,9.541e-05,
1674835200000,0.0001,
1674864000009,0.0001,
1674892800018,0.0001,
1674921600005,0.0001,
1674950400011,0.0001,
1674979200000,0.0001,
1675008000008,0.0001,
1675036800001,0.0001,
1675065600000,0.0001,
1675094400000,0.0001,
1675123200005,0.0001,
1675152000000,0.0001,
1675180800007,0.0001,
1675209600013,0.0001,
1675238400000,0.0001,
1675267200012,0.0001,
1675296000004,0.0001,
1675324800023,0.0001,
1675353600003,0.0001,
1675382400010,0.0001,
1675411200000,0.0001,
1675440000000,0.0001,
1675468800010,0.0001,
1675497600000,0.0001,
1675526400000,0.0001,
1675555200016,0.0001,
1675584000009,0.0001,
1675612800018,0.0001,
1675641600001,0.0001,
1675670400000,0.0001,
1675699200012,0.0001,
1675728000004,0.0001,
1675756800011,0.0001,
1675785600018,0.0001,
1675814400009,0.0001,
1675843200010,0.0001,
1675872000000,0.0001,
1675900800014,0.0001,
1675929600006,0.0001,
1675958400001,0.0001,
1675987200012,0.0001,
1676016000005,0.0001,
1676044800020,0.0001,
1676073600007,7.684e-05,
1676102400002,5.572e-05,
1676131200021,5.241e-05,
1676160000004,5.343e-05,
1676188800000,0.0001,
1676217600002,2.27e-05,
1676246400006,2.074e-05,
1676275200008,6.323e-05,
1676304000002,0.0001,
1676332800013,0.0001,
1676361600014,0.0001,
1676390400016,8.887e-05,
1676419200011,2.377e-05,
1676448000000,2.63e-05,
1676476800005,9.071e-05,
1676505600019,0.0001,
1676534400000,0.0001,
1676563200001,0.00023171,
1676592000003,0.0001,
1676620800016,0.0001,
1676649600000,0.0001,
1676678400011,0.0001,
1676707200000,0.0001,
1676736000007,0.0001,
1676764800019,0.0001,
1676793600005,0.0001,
1676822400003,0.0001,
1676851200006,0.0001,
1676880000008,0.0001,
1676908800006,0.0001,
1676937600001,0.0001,
1676966400004,0.0001,
1676995200011,0.0001,
1677024000009,0.0001,
1677052800010,0.0001,
1677081600000,0.0001,
1677110400006,0.0001,
1677139200005,3.506e-05,
1677168000002,3.631e-05,
1677196800015,4.978e-05,
1677225600011,4.949e-05,
1677254400014,5.44e-05,
1677283200015,1.183e-05,
1677312000015,6.1e-06,
1677340800015,-4.8e-07,
1677369600007,7.372e-05,
1677398400012,2.76e-05,
1677427200000,6.581e-05,
1677456000011,8.144e-05,
1677484800003,1.196e-05,
1677513600000,6.826e-05,
1677542400011,3.414e-05,
1677571200018,1.985e-05,
1677600000005,5.95e-05,
1677628800016,1.85e-06,
1677657600000,0.0001,
1677686400008,0.0001,
1677715200009,8.612e-05,
1677744000013,8.703e-05,
1677772800000,8.395e-05,
1677801600000,0.0001,
1677830400013,-4.203e-05,
1677859200000,-2.26e-06,
1677888000001,5.3e-06,
1677916800008,3.812e-05,
1677945600012,2.104e-05,
1677974400000,1.874e-05,
1678003200000,5.44e-06,
1678032000015,3.706e-05,
1678060800007,4.054e-05,
1678089600017,5.46e-05,
1678118400000,5.414e-05,
1678147200009,1.173e-05,
1678176000016,4.375e-05,
1678204800017,2.631e-05,
1678233600000,2.917e-05,
1678262400014,3.816e-05,
1678291200021,0.0001,
1678320000010,0.0001,
1678348800013,0.0001,
1678377600002,0.0001,
1678406400000,-8.895e-05,
1678435200000,5.26e-06,
1678464000005,-1.647e-05,
1678492800011,2.364e-05,
1678521600003,-2.296e-05,
1678550400011,-2.341e-05,
1678579200001,3.76e-06,
1678608000000,9.088e-05,
1678636800005,-4.068e-05,
1678665600010,0.0001,
1678694400018,6.011e-05,
1678723200003,0.0001,
1678752000010,0.00015042,
1678780800009,0.0001,
1678809600010,0.00029811,
1678838400011,0.0001,
1678867200000,0.00024127,
1678896000012,0.00022126,
1678924800004,0.0001,
1678953600018,0.0001,
1678982400005,0.0001,
1679011200017,3.311e-05,
1679040000010,0.0001,
1679068800003,0.0001,
1679097600012,0.0001,
1679126400000,0.0001,
1679155200016,0.0001,
1679184000013,0.0001,
1679212800024,0.0001,
1679241600000,0.0001,
1679270400005,0.0001,
1679299200012,9.081e-05,
1679328000015,0.0001,
1679356800006,8.118e-05,
1679385600004,1.254e-05,
1679414400003,2.92e-06,
1679443200000,2.68e-06,
1679472000003,6e-08,
1679500800000,5.334e-05,
1679529600016,2.48e-06,
1679558400001,-1.09e-05,
1679587200013,0.0001,
1679616000013,0.0001,
1679644800012,0.0001,
1679673600027,0.0001,
1679702400015,-3.1e-06,
1679731200011,4.25e-06,
1679760000011,2.92e-06,
1679788800000,6.1e-07,
1679817600015,-3.326e-05,
1679846400000,3.634e-05,
1679875200019,2.905e-05,
1679904000009,2.409e-05,
1679932800000,-3.96e-06,
1679961600007,-1.428e-05,
1679990400000,1.123e-05,
1680019200013,7.531e-05,
1680048000010,6.075e-05,
1680076800006,7.098e-05,
1680105600014,0.0001,
1680134400000,6.987e-05,
1680163200000,5.638e-05,
1680192000006,1.123e-05,
1680220800003,-2.712e-05,
1680249600006,6.358e-05,
1680278400011,0.0001,
1680307200000,0.0001,
1680336000000,0.0001,
1680364800018,8.84e-05,
1680393600013,4.527e-05,
1680422400014,6.893e-05,
1680451200001,4.514e-05,
1680480000000,1.759e-05,
1680508800013,-1.24e-05,
1680537600011,5.688e-05,
1680566400002,-6.009e-05,
1680595200017,-1.357e-05,
1680624000008,-1.276e-05,
1680652800000,2.76e-05,
1680681600016,8.517e-05,
1680710400004,5.265e-05,
1680739200000,1.442e-05,
1680768000011,3.598e-05,
1680796800000,-2.975e-05,
1680825600006,1.004e-05,
1680854400005,-1.473e-05,
1680883200000,1.055e-05,
1680912000000,2.68e-06,
1680940800014,4.66e-06,
1680969600018,3.192e-05,
1680998400013,9.5e-06,
1681027200024,-9.04e-06,
1681056000010,-8.53e-06,
1681084800000,0.0001,
1681113600010,0.0001,
1681142400006,6.167e-05,
1681171200008,0.0001,
1681200000007,0.0001,
1681228800016,0.0001,
1681257600006,9.582e-05,
1681286400008,8.195e-05,
1681315200014,1.747e-05,
1681344000027,6.665e-05,
1681372800010,4.427e-05,
1681401600000,0.0001,
1681430400001,-1.13e-06,
1681459200008,0.0001,
1681488000007,3.42e-05,
1681516800007,-4.975e-05,
1681545600007,8.455e-05,
1681574400011,0.0001,
1681603200014,7.144e-05,
1681632000007,0.0001,
1681660800002,0.0001,
1681689600017,0.0001,
1681718400006,7.376e-05,
1681747200000,0.0001,
1681776000013,4.683e-05,
1681804800017,-5.1e-06,
1681833600000,6.772e-05,
1681862400022,0.0001,
1681891200014,6.231e-05,
1681920000000,-8.1e-07,
1681948800010,8.579e-05,
1681977600012,3.668e-05,
1682006400012,5.898e-05,
1682035200009,6.297e-05,
1682064000009,0.0001,
1682092800003,0.0001,
1682121600000,0.0001,
1682150400000,6.858e-05,
1682179200016,2.09e-05,
1682208000009,3.768e-05,
1682236800020,1.376e-05,
1682265600007,2.369e-05,
1682294400000,4.679e-05,
1682323200008,3.694e-05,
1682352000006,2.63e-05,
1682380800014,5.066e-05,
1682409600009,6.606e-05,
1682438400015,8.541e-05,
1682467200015,4.346e-05,
1682496000013,1.686e-05,
1682524800001,0.0001,
1682553600014,2.518e-05,
1682582400008,5.769e-05,
1682611200005,3.265e-05,
1682640000011,0.0001,
1682668800007,0.0001,
1682697600006,4.476e-05,
1682726400004,3.7e-07,
1682755200016,6.751e-05,
1682784000001,7.826e-05,
1682812800008,3.132e-05,
1682841600000,3.501e-05,
1682870400010,6.078e-05,
1682899200004,2.435e-05,
1682928000008,-6.37e-05,
1682956800014,5.66e-06,
1682985600015,9.68e-06,
1683014400018,6.135e-05,
1683043200000,1.204e-05,
1683072000009,8.568e-05,
1683100800003,5.435e-05,
1683129600011,5.701e-05,
1683158400000,0.0001,
1683187200000,9.992e-05,
1683216000011,4.314e-05,
1683244800002,3.731e-05,
1683273600000,9.909e-05,
1683302400000,8.548e-05,
1683331200009,0.0001,
1683360000000,0.0001,
1683388800000,0.0001,
1683417600000,4.321e-05,
1683446400000,4.047e-05,
1683475200006,6.046e-05,
1683504000000,7.2e-06,
1683532800007,4.07e-06,
1683561600015,3.902e-05,
1683590400015,5.11e-05,
1683619200000,6.841e-05,
1683648000000,3.78e-06,
1683676800007,3.752e-05,
1683705600003,4.785e-05,
1683734400000,3.792e-05,
1683763200011,1.596e-05,
1683792000000,6.926e-05,
1683820800005,5.207e-05,
1683849600020,3.633e-05,
1683878400001,3.964e-05,
1683907200010,2.762e-05,
1683936000000,-1e-07,
1683964800000,5.385e-05,
1683993600026,4.494e-05,
1684022400029,1.715e-05,
1684051200010,3.039e-05,
1684080000008,3.537e-05,
1684108800006,4.407e-05,
1684137600005,-1.576e-05,
1684166400008,-1.9e-06,
1684195200021,8.66e-05,
1684224000000,3.165e-05,
1684252800000,5.8e-05,
1684281600010,8.392e-05,
1684310400000,7.029e-05,
1684339200001,4.461e-05,
1684368000000,0.0001,
1684396800026,0.0001,
1684425600019,8.342e-05,
1684454400000,2.716e-05,
1684483200002,4.474e-05,
1684512000000,3.815e-05,
1684540800005,5.313e-05,
1684569600014,2.455e-05,
1684598400020,-8.49e-06,
1684627200014,4.776e-05,
1684656000001,7.262e-05,
1684684800015,5.071e-05,
1684713600028,3.019e-05,
1684742400000,2.1e-06,
1684771200012,4.77e-05,
1684800000006,0.0001,
1684828800014,0.0001,
1684857600008,0.0001,
1684886400000,0.0001,
1684915200025,2.067e-05,
1684944000008,4.362e-05,
1684972800000,5.82e-05,
1685001600025,0.0001,
1685030400016,0.0001,
1685059200000,0.0001,
1685088000024,9.583e-05,
1685116800012,4.953e-05,
1685145600012,7.146e-05,
1685174400018,8.564e-05,
1685203200008,7.362e-05,
1685232000017,9.88e-05,
1685260800015,0.0001,
1685289600000,0.0001,
1685318400000,0.0001,
1685347200020,0.0001,
1685376000011,0.0001,
1685404800003,6.187e-05,
1685433600000,9.036e-05,
1685462400003,3.861e-05,
1685491200013,2.344e-05,
1685520000000,2.864e-05,
1685548800000,9.865e-05,
1685577600008,2.096e-05,
1685606400012,9.641e-05,
1685635200000,0.0001,
1685664000000,4.77e-05,
1685692800006,9.266e-05,
1685721600012,9.946e-05,
1685750400000,7.42e-05,
1685779200011,0.0001,
1685808000003,5.566e-05,
1685836800000,4.85e-05,
1685865600000,0.0001,
1685894400000,0.0001,
1685923200005,0.0001,
1685952000000,9.538e-05,
1685980800000,7.856e-05,
1686009600000,-7.157e-05,
1686038400009,-3.047e-05,
1686067200013,4.288e-05,
1686096000000,0.0001,
1686124800016,0.0001,
1686153600000,4.005e-05,
1686182400006,5.504e-05,
1686211200000,3.09e-05,
1686240000000,4.011e-05,
1686268800000,6.588e-05,
1686297600000,7.916e-05,
1686326400000,4.404e-05,
1686355200000,8.702e-05,
1686384000000,2.417e-05,
1686412800000,3.854e-05,
1686441600001,4.45e-05,
1686470400000,3.197e-05,
1686499200000,5.925e-05,
1686528000000,8.66e-05,
1686556800000,3.065e-05,
1686585600001,3.624e-05,
1686614400000,0.0001,
1686643200000,6.18e-05,
1686672000000,6.503e-05,
1686700800000,2.438e-05,
1686729600000,2.716e-05,
1686758400000,3.661e-05,
1686787200000,-3.265e-05,
1686816000000,6.193e-05,
1686844800000,6.687e-05,
1686873600000,3.971e-05,
1686902400000,7.81e-06,
1686931200000,2.36e-06,
1686960000000,9.868e-05,
1686988800000,0.0001,
1687017600000,7.543e-05,
1687046400000,3.706e-05,
1687075200000,8.233e-05,
1687104000000,6.705e-05,
1687132800000,7.04e-05,
1687161600000,6.397e-05,
1687190400000,3.69e-05,
1687219200001,4.35e-05,
1687248000000,-4.48e-06,
1687276800000,-2.597e-05,
1687305600000,6.295e-05,
1687334400000,0.0001,
1687363200000,2.551e-05,
1687392000000,0.0001,
1687420800001,0.0001,
1687449600000,9.236e-05,
1687478400000,0.0001,
1687507200000,0.0001,
1687536000000,0.0001,
1687564800000,0.0001,
1687593600000,0.0001,
1687622400000,0.0001,
1687651200000,0.0001,
1687680000000,0.0001,
1687708800000,0.0001,
1687737600000,0.0001,
1687766400000,0.0001,
1687795200000,0.0001,
1687824000000,0.0001,
1687852800000,0.0001,
1687881600000,0.0001,
1687910400000,0.0001,
1687939200000,9.302e-05,
1687968000000,4.598e-05,
1687996800000,6.574e-05,
1688025600000,9.3e-05,
1688054400000,0.0001,
1688083200000,0.0001,
1688112000000,0.0001,
1688140800001,0.0001,
1688169600000,0.0001,
1688198400000,0.0001,
1688227200000,0.0001,
1688256000000,0.0001,
1688284800000,0.0001,
1688313600001,0.0001,
1688342400000,0.0001,
1688371200000,0.0001,
1688400000000,0.0001,
1688428800001,0.0001,
1688457600000,0.0001,
1688486400000,0.0001,
1688515200000,0.0001,
1688544000000,0.0001,
1688572800000,0.0001,
1688601600000,0.0001,
1688630400000,7.72e-05,
1688659200000,1.492e-05,
1688688000000,6.98e-06,
1688716800000,4.221e-05,
1688745600000,-6.58e-06,
1688774400000,3.757e-05,
1688803200000,2.631e-05,
1688832000000,1.686e-05,
1688860800000,5.707e-05,
1688889600000,6.821e-05,
1688918400000,6.153e-05,
1688947200000,-2.182e-05,
1688976000000,4.85e-05,
1689004800000,2.995e-05,
1689033600000,8.01e-05,
1689062400000,8.265e-05,
1689091200000,3.954e-05,
1689120000000,7.041e-05,
1689148800000,6.479e-05,
1689177600000,4.65e-05,
1689206400000,-1.135e-05,
1689235200000,6.12e-05,
1689264000000,5.29e-06,
1689292800000,0.0001,
1689321600000,0.0001,
1689350400000,0.0001,
1689379200000,-7.313e-05,
1689408000000,3.007e-05,
1689436800000,2.984e-05,
1689465600001,1.993e-05,
1689494400000,7.772e-05,
1689523200000,4.583e-05,
1689552000000,2.785e-05,
1689580800000,6.278e-05,
1689609600000,6.261e-05,
1689638400000,3.983e-05,
1689667200000,6.798e-05,
1689696000000,7.477e-05,
1689724800000,0.0001,
1689753600000,5.224e-05,
1689782400001,7.69e-05,
1689811200000,2.652e-05,
1689840000000,9.641e-05,
1689868800000,5.563e-05,
1689897600001,2.877e-05,
1689926400000,7.77e-06,
1689955200000,3.717e-05,
1689984000000,2.195e-05,
1690012800000,9.44e-06,
1690041600000,1.77e-06,
1690070400000,2.908e-05,
1690099200000,0.0001,
1690128000000,9.372e-05,
1690156800000,0.0001,
1690185600000,4.338e-05,
1690214400000,0.0001,
1690243200000,7.702e-05,
1690272000000,6.913e-05,
1690300800000,9.465e-05,
1690329600000,9.451e-05,
1690358400001,0.0001,
1690387200000,5.768e-05,
1690416000000,3.136e-05,
1690444800000,3.83e-05,
1690473600001,2.876e-05,
1690502400000,4.373e-05,
1690531200000,6.675e-05,
1690560000000,0.0001,
1690588800000,0.0001,
1690617600000,4.567e-05,
1690646400001,7.53e-05,
1690675200000,8.151e-05,
1690704000000,5.56e-05,
1690732800000,4.357e-05,
1690761600000,2.369e-05,
1690790400000,7.362e-05,
1690819200001,8.239e-05,
1690848000000,6.3e-05,
1690876800000,6.768e-05,
1690905600000,0.0001,
1690934400000,0.0001,
1690963200000,0.0001,
1690992000000,0.0001,
1691020800000,0.0001,
1691049600000,0.0001,
1691078400001,0.0001,
1691107200000,8.116e-05,
1691136000000,0.0001,
1691164800000,0.0001,
1691193600000,4.181e-05,
1691222400000,0.0001,
1691251200001,0.0001,
1691280000000,0.0001,
1691308800001,0.0001,
1691337600005,0.0001,
1691366400000,0.0001,
1691395200000,7.669e-05,
1691424000000,0.0001,
1691452800000,0.0001,
1691481600000,9.136e-05,
1691510400000,5.944e-05,
1691539200000,8.11e-05,
1691568000000,9.527e-05,
1691596800000,8.877e-05,
1691625600001,0.0001,
1691654400000,0.0001,
1691683200000,8.277e-05,
1691712000000,0.0001,
1691740800000,0.0001,
1691769600000,7.123e-05,
1691798400000,0.0001,
1691827200000,0.0001,
1691856000000,9.305e-05,
1691884800000,0.0001,
1691913600000,4.637e-05,
1691942400000,0.0001,
1691971200001,0.0001,
1692000000000,0.0001,
1692028800000,0.0001,
1692057600001,0.0001,
1692086400000,0.0001,
1692115200000,0.0001,
1692144000000,0.0001,
1692172800001,0.0001,
1692201600000,0.0001,
1692230400000,0.0001,
1692259200000,0.0001,
1692288000000,0.0001,
1692316800000,0.0001,
1692345600000,-4.6e-07,
1692374400000,5.166e-05,
1692403200000,-2.74e-06,
1692432000000,-3.22e-06,
1692460800000,-5.286e-05,
1692489600000,-3.069e-05,
1692518400000,-4.364e-05,
1692547200000,-1.93e-06,
1692576000000,-2.797e-05,
1692604800000,8.16e-06,
1692633600000,-1.619e-05,
1692662400000,-3.08e-06,
1692691200000,-1.928e-05,
1692720000000,3.048e-05,
1692748800000,7.39e-06,
1692777600000,-1.02e-05,
1692806400000,3.247e-05,
1692835200000,-2.822e-05,
1692864000000,2.506e-05,
1692892800000,4.9e-05,
1692921600000,-6.59e-06,
1692950400000,2.802e-05,
1692979200000,5.218e-05,
1693008000000,3.82e-05,
1693036800000,5.334e-05,
1693065600000,2.096e-05,
1693094400000,9.9e-07,
1693123200000,3.976e-05,
1693152000000,1.232e-05,
1693180800000,-3.95e-06,
1693209600001,4.424e-05,
1693238400001,4.524e-05,
1693267200000,8.24e-06,
1693296000000,3.769e-05,
1693324800000,-0.00010934,
1693353600000,4.868e-05,
1693382400000,5.731e-05,
1693411200000,3.944e-05,
1693440000000,2.909e-05,
1693468800000,6.859e-05,
1693497600000,8.105e-05,
1693526400000,2.583e-05,
1693555200000,5.968e-05,
1693584000001,6.254e-05,
1693612800000,4.998e-05,
1693641600000,1.937e-05,
1693670400000,-2.018e-05,
1693699200000,4.839e-05,
1693728000000,2.35e-06,
1693756800000,2.89e-05,
1693785600000,2.69e-05,
1693814400000,1.469e-05,
1693843200000,-1.059e-05,
1693872000000,5.3e-07,
1693900800000,1.975e-05,
1693929600000,3.366e-05,
1693958400000,1.737e-05,
1693987200000,-2.763e-05,
1694016000001,2.135e-05,
1694044800000,3.83e-05,
1694073600000,3.883e-05,
1694102400000,6.924e-05,
1694131200000,-1.525e-05,
1694160000000,5.12e-06,
1694188800000,-1.691e-05,
1694217600000,-5.057e-05,
1694246400000,-3.77e-06,
1694275200000,1.423e-05,
1694304000000,-7.3e-07,
1694332800000,3.294e-05,
1694361600000,2.609e-05,
1694390400000,-3e-06,
1694419200000,1.823e-05,
1694448000001,1.838e-05,
1694476800000,2.73e-05,
1694505600000,5.425e-05,
1694534400000,-3.502e-05,
1694563200000,2.342e-05,
1694592000000,1.26e-05,
1694620800000,3.099e-05,
1694649600000,4.61e-06,
1694678400001,3.428e-05,
1694707200000,-4.748e-05,
1694736000000,-2.641e-05,
1694764800000,-7.61e-06,
1694793600000,7.561e-05,
1694822400000,-1.381e-05,
1694851200000,-4.32e-05,
1694880000000,-3.161e-05,
1694908800000,8.97e-06,
1694937600000,1.142e-05,
1694966400000,6.49e-06,
1694995200000,-5.08e-06,
1695024000000,5.79e-06,
1695052800000,-6.774e-05,
1695081600000,2.468e-05,
1695110400001,-1.972e-05,
1695139200000,-1.756e-05,
1695168000000,-2.614e-05,
1695196800000,-3.777e-05,
1695225600000,-9.91e-06,
1695254400001,-2.9e-07,
1695283200000,4.303e-05,
1695312000000,7.429e-05,
1695340800000,-6.2e-07,
1695369600000,1.034e-05,
1695398400000,2.136e-05,
1695427200000,6.676e-05,
1695456000000,1.556e-05,
1695484800000,2.09e-06,
1695513600000,-1.392e-05,
1695542400000,4.721e-05,
1695571200000,2.887e-05,
1695600000000,-1.26e-05,
1695628800000,8.565e-05,
1695657600000,4.792e-05,
1695686400000,-3.91e-05,
1695715200000,-1.215e-05,
1695744000000,5.626e-05,
1695772800000,9.944e-05,
1695801600001,3.378e-05,
1695830400000,2.074e-05,
1695859200000,6.74e-06,
1695888000000,-1.581e-05,
1695916800000,-4.732e-05,
1695945600000,-3.894e-05,
1695974400000,-2.567e-05,
1696003200000,4.76e-06,
1696032000000,6.43e-06,
1696060800000,1.864e-05,
1696089600000,1.525e-05,
1696118400000,2.95e-06,
1696147200000,-6.19e-06,
1696176000000,-2.263e-05,
1696204800000,5.831e-05,
1696233600000,7.28e-06,
1696262400000,-1.477e-05,
1696291200000,4.172e-05,
1696320000000,1.667e-05,
1696348800000,2.5e-05,
1696377600000,6.031e-05,
1696406400000,6.2e-05,
1696435200000,-2.857e-05,
1696464000000,-3.807e-05,
1696492800000,-4.268e-05,
1696521600001,-2.302e-05,
1696550400000,-1.106e-05,
1696579200000,1.436e-05,
1696608000000,-3.149e-05,
1696636800000,2.124e-05,
1696665600000,2.849e-05,
1696694400000,2.083e-05,
1696723200000,3.14e-06,
1696752000001,9.74e-06,
1696780800000,5.163e-05,
1696809600000,3.992e-05,
1696838400000,3.515e-05,
1696867200000,7.838e-05,
1696896000000,6.349e-05,
1696924800000,1.894e-05,
1696953600000,4.548e-05,
1696982400000,5.918e-05,
1697011200000,8.33e-05,
1697040000000,6.319e-05,
1697068800000,0.0001,
1697097600000,2.661e-05,
1697126400000,7.304e-05,
1697155200000,2.294e-05,
1697184000000,2.039e-05,
1697212800000,2.326e-05,
1697241600000,1.05e-06,
1697270400000,2.211e-05,
1697299200000,2.456e-05,
1697328000000,-1.509e-05,
1697356800000,4.292e-05,
1697385600000,2.224e-05,
1697414400000,5.11e-06,
1697443200000,2.8e-07,
1697472000000,9.644e-05,
1697500800000,2.04e-06,
1697529600000,1.493e-05,
1697558400000,-2.311e-05,
1697587200000,-3.343e-05,
1697616000000,-1.216e-05,
1697644800000,1.644e-05,
1697673600000,-1.028e-05,
1697702400001,-6.24e-06,
1697731200000,-0.00011006,
1697760000000,-9.272e-05,
1697788800005,1.938e-05,
1697817600000,2.687e-05,
1697846400000,-1.585e-05,
1697875200000,4.374e-05,
1697904000000,5.827e-05,
1697932800000,2.567e-05,
1697961600000,2.579e-05,
1697990400000,3.115e-05,
1698019200000,8.25e-05,
1698048000001,9.59e-05,
1698076800001,6.48e-06,
1698105600000,0.0001,
1698134400000,0.0001,
1698163200000,0.0001,
1698192000000,0.0001,
1698220800000,0.0001,
1698249600001,0.0001,
1698278400001,0.0001,
1698307200000,0.0001,
1698336000000,0.0001,
1698364800000,0.0001,
1698393600000,0.0001,
1698422400000,0.0001,
1698451200000,0.0001,
1698480000001,0.0001,
1698508800000,0.0001,
1698537600000,0.0001,
1698566400000,0.0001,
1698595200000,0.0001,
1698624000000,0.0001,
1698652800000,0.0001,
1698681600000,0.0001,
1698710400001,0.0001,
1698739200000,0.0001,34149.46365245
1698768000000,0.0001,34287.54619963
1698796800000,0.0001,34651.4
1698825600000,0.0001,34462.7
1698854400000,0.0001,34297.0
1698883200001,0.0001,35437.5
1698912000000,0.0001,35280.7
1698940800000,0.0001,34642.61247985
1698969600000,0.0001,34937.66351648
1698998400000,0.0001,34469.05403297
1699027200000,0.0001,34760.80585567
1699056000000,0.0001,34702.10537801
1699084800000,0.0001,34759.1
1699113600000,0.0001,34709.63381443
1699142400000,0.0001,35070.25307143
1699171200000,0.0001,35175.4
1699200000000,0.0001,34893.9
1699228800000,0.0001,35025.5
1699257600001,0.0001,34918.5
1699286400000,0.0001,35085.27989377
1699315200001,0.0001,35056.66628082
1699344000000,0.0001,34947.3
1699372800000,0.0001,34726.93986667
1699401600000,0.0001,35407.4
1699430400000,0.0001,35239.5
1699459200000,0.0001,35231.3
1699488000000,0.0001,35630.54451373
1699516800000,0.0001,36552.0
1699545600000,0.00020027,37133.04096275
1699574400000,0.0001,36713.69408039
1699603200000,0.00011682,36477.27099789
1699632000000,0.0001,37092.5
1699660800000,0.0001,37326.19194118
1699689600000,0.00016607,37030.4
1699718400000,0.00014648,37070.4
1699747200000,0.0001543,37162.0
1699776000000,0.00023487,37154.1
1699804800001,0.00027221,37178.2
1699833600000,0.00032467,37086.1136451
1699862400000,0.00010893,36982.5
1699891200000,0.00020492,36869.75723137
1699920000000,0.00017382,36484.2307384
1699948800000,0.00016369,36705.5
1699977600001,0.00014477,36162.79747255
1700006400000,0.0001,35560.6
1700035200000,0.0001,35596.7
1700064000000,0.0001,36415.64025773
1700092800000,0.0001,37885.71403952
1700121600000,0.00015199,37460.6
1700150400001,0.00012014,36420.0
1700179200000,0.0001,36172.50061684
1700208000001,0.0001,36248.93589863
1700236800001,0.0001,36059.0
1700265600000,0.0001,36622.0
1700294400000,0.0001,36424.88688316
1700323200000,0.0001,36671.96767869
1700352000000,0.0001,36575.50541573
1700380800000,0.0001,36618.89655326
1700409600000,0.0001,36575.1
1700438400000,0.0001,37375.8
1700467200000,0.0001,37259.9
1700496000000,0.0001,37476.6
1700524800000,0.0001,37465.47965292
1700553600000,0.0001,37290.96343471
1700582400000,0.0001,36978.81670103
1700611200000,0.0001,35745.39198625
1700640000000,0.0001,36435.97590206
1700668800000,0.0001,36480.8557732
1700697600000,0.0001,37411.23448797
1700726400000,0.0001,37378.5
1700755200001,0.0001,36954.0
1700784000000,0.0001,37294.4
1700812800000,0.0001,37530.0
1700841600000,0.0001,38221.9
1700870400000,0.0001,37706.3
1700899200000,0.0001,37795.15536082
1700928000000,0.0001,37696.51395533
1700956800000,0.0001,37766.63934748
1700985600000,0.0001,37774.46133566
1701014400000,0.0001,37422.79969759
1701043200000,0.0001,37438.0
1701072000001,0.0001,37277.03877148
1701100800000,0.0001,36744.68396735
1701129600000,0.0001,37234.3
1701158400000,0.0001,37088.6
1701187200000,0.0001,37502.2
1701216000001,0.0001,37812.0
1701244800000,0.0001,38095.42608247
1701273600000,0.0001,37817.5
1701302400000,0.0001,37841.92721631
1701331200000,0.0001,37782.30000355
1701360000000,0.0001,37609.2
1701388800000,0.0001,37716.8
1701417600000,0.0001,38242.08488652
1701446400000,0.0001,38401.4
1701475200000,9.95e-05,38661.09287589
1701504000000,6.973e-05,38684.0
1701532800000,8.541e-05,38794.48514894
1701561600000,0.0001,39438.73455824
1701590400000,0.0001,39474.0
1701619200000,0.0001,39758.35522727
1701648000000,0.0001,39978.96550379
1701676800000,0.0001,41466.20294697
1701705600000,0.0001,41275.5
1701734400000,0.0001,41993.0
1701763200000,0.0001,41531.22250355
1701792000000,0.0001,42265.96340426
1701820800000,0.0001,44078.62530142
1701849600000,0.0001,43697.0
1701878400000,0.0001,43795.3
1701907200000,0.0001,43772.2
1701936000000,0.0001,43896.71856988
1701964800000,0.0001,43671.48801418
1701993600000,0.0001,43296.0
1702022400000,0.00023288,43184.9
1702051200000,0.00020242,43778.5
1702080000000,0.00011504,44209.6
1702108800000,0.00030159,44220.6
1702137600000,0.00017192,44085.1723837
1702166400000,0.00020724,43734.3
1702195200000,0.00020383,43995.9
1702224000000,0.00023923,43940.82247727
1702252800000,0.0001473,43810.0
1702281600000,0.0001,42134.13747163
1702310400000,0.0001,41824.6
1702339200000,0.0001,41271.0
1702368000000,0.0001,41930.0
1702396800000,0.0001,41373.74558712
1702425600000,0.00011909,41505.95203546
1702454400000,0.00010162,41141.22059929
1702483200001,0.00012601,41953.70580496
1702512000000,0.0001,42874.9
1702540800000,0.0001,42909.64841135
1702569600000,0.0001,42458.7
1702598400000,0.0001,43030.02054255
1702627200000,0.0001,42721.73764894
1702656000000,0.0001,41930.4
1702684800000,0.0001,41963.01760993
1702713600000,0.0001,42242.59387667
1702742400001,0.0001,42608.84540426
1702771200000,0.0001,42287.4
1702800000000,0.0001,41894.5
1702828800000,0.0001,41828.4
1702857600000,0.00013355,41390.59169858
1702886400001,0.0001,41153.28794086
1702915200000,0.00015611,41284.67062411
1702944000000,0.0001,42672.42150355
1702972800000,0.0001,43060.9801383
1703001600000,0.0001,42512.9
1703030400000,0.00010506,42296.25497656
1703059200000,0.0001,42950.0
1703088000000,0.00023637,44072.24884043
1703116800000,0.00027143,43698.37531584
1703145600000,0.00029216,43794.8
1703174400000,0.00028948,43850.89671986
1703203200000,0.00030806,43896.3
1703232000000,0.0002961,43614.1
1703260800000,0.00018011,43697.08803191
1703289600000,0.00016285,43998.57061702
1703318400001,0.0001,43579.4605307
1703347200000,0.00015066,43779.60935461
1703376000000,0.0001,43725.2
1703404800000,0.0002079,43678.01027288
1703433600000,0.00019729,43707.0
1703462400000,0.0001,43008.3
1703491200000,0.0001,43232.18695035
1703520000000,0.00037908,43658.66589362
1703548800000,0.00043391,43607.90541195
1703577600000,0.00023757,42798.6347803
1703606400000,0.00029559,42420.47853901
1703635200000,0.00027621,42538.5
1703664000000,0.00037942,42495.9
1703692800000,0.00032304,43007.9
1703721600000,0.00013021,43453.337
1703750400000,0.00037879,43085.57530142
1703779200000,0.00050152,42485.17897872
1703808000001,0.0005517,42600.0
1703836800000,0.00049912,42309.51908156
1703865600000,0.00047082,42298.78047872
1703894400001,0.00033033,42095.1
1703923200000,0.0004358,41979.90116312
1703952000000,0.00037842,42410.4
1703980800000,0.00027855,42173.49474823
1704009600001,0.00034573,42564.0
1704038400000,0.00033597,42489.7
1704067200000,0.00037409,42313.9
1704096000000,0.00027213,42525.11019858
1704124800000,0.00033601,42811.29637234
1704153600000,0.00065846,44230.2
1704182400000,0.00035179,45494.65069858
1704211200000,0.0005373,45212.27632624
1704240000000,0.00021159,44975.18398936
1704268800000,0.00017123,45030.4
1704297600000,0.0001,42995.8
1704326400000,0.0001,42849.5
1704355200000,0.0001,42774.3
1704384000000,0.0001,44048.47574468
1704412800001,0.0001,44147.0
1704441600000,0.0001,43772.86349645
1704470400000,0.0001,43495.1
1704499200000,0.0001,44143.29
1704528000000,0.0001,43651.6537695
1704556800000,0.0001,43863.6
1704585600000,0.0001,43968.00030496
1704614400001,0.0001,44071.99074823
1704643200001,0.0001,44037.12014539
1704672000000,0.0001,43909.5
1704700800000,0.0001,43970.0
1704729600000,0.0001,44964.26529433
1704758400001,0.0001,46972.6
1704787200000,0.0001,46838.74650709
1704816000000,0.0001,46872.4
1704844800000,0.0001,46114.0
1704873600000,0.0001,45766.4
1704902400000,0.0001,45570.58561702
1704931200000,0.0001,46657.58933688
1704960000000,0.0001,46096.00527305
1704988800000,0.0001,46789.70540426
1705017600001,0.0001,46341.69723404
1705046400000,0.0001,46008.31871986
1705075200000,0.0001,44492.64061702
1705104000000,0.0001,42789.0
1705132800000,0.0001,43102.1
1705161600001,0.0001,43159.76276596
1705190400000,0.0001,42847.30638298
1705219200000,0.0001,43011.58925532
1705248000001,0.0001,42908.4
1705276800000,0.0001,41739.6
1705305600000,0.0001,42716.86510638
1705334400000,0.0001,42278.82404255
1705363200000,0.0001,42519.39276596
1705392000000,0.0001,42785.20319149
1705420800001,0.0001,43252.8
1705449600000,0.0001,43140.2157695
1705478400000,0.0001,42657.36403546
1705507200000,0.0001,42480.1466859
1705536000001,0.0001,42781.95793262
1705564800000,0.0001,42915.94085106
1705593600000,0.0001,42618.3
1705622400000,0.0001,41312.34723404
1705651200000,0.0001,41282.0
1705680000002,0.0001,40897.1
1705708800000,0.0001,41662.1
1705737600003,0.0001,41650.68431818
1705766400000,0.0001,41568.28595745
1705795200000,0.0001,41693.91453546
1705824000000,0.0001,41648.18463415
1705852800000,0.0001,41652.7
1705881600000,0.0001,41578.57680851
1705910400000,0.0001,41041.20808511
1705939200000,0.0001,40767.10361702
1705968000000,0.0001,39566.15381552
1705996800000,0.0001,39777.14965957
1706025600000,0.0001,39204.77723404
1706054400000,0.0001,39891.9286553
1706083200000,0.0001,39973.35340426
1706112000000,0.0001,40048.44006491
1706140800000,0.0001,40078.8
1706169600001,0.0001,40122.98766288
1706198400000,0.0001,39799.30407092
1706227200001,0.0001,39953.3
1706256000000,0.0001,39957.97820833
1706284800000,0.0001,41408.24000758
1706313600000,8.966e-05,41806.4
1706342400000,0.0001,41699.0
1706371200000,8.3e-05,41797.4
1706400000000,0.0001,42102.2
1706428800000,4.725e-05,42370.0
1706457600000,0.0001,42244.5
1706486400000,0.0001,42021.3
1706515200001,9.142e-05,42040.0
1706544000000,0.0001,42626.51582979
1706572800000,0.0001,43287.7
1706601600000,9.492e-05,43346.6
1706630400001,5.149e-05,43355.4
1706659200000,2.154e-05,42925.49865957
1706688000000,0.0001,43040.12039716
1706716800000,0.0001,43348.2
1706745600000,0.0001,42563.08635461
1706774400000,0.0001,42182.2
1706803200002,0.0001,42500.13148936
1706832000000,0.0001,43072.6
1706860800000,0.0001,43085.75394326
1706889600000,0.0001,43224.06110638
1706918400000,7.627e-05,43182.0
1706947200000,9.042e-05,43037.0
1706976000001,8.028e-05,43098.7902305
1707004800000,8.307e-05,42993.33852128
1707033600004,8.846e-05,42824.48293972
1707062400000,0.0001,42926.7
1707091200000,0.0001,42570.4
1707120000000,0.0001,43059.0
1707148800000,0.0001,42629.6
1707177600000,0.0001,42693.5927695
1707206400001,6.723e-05,42875.22371986
1707235200000,0.0001,43232.25541135
1707264000000,7.527e-05,43079.1
1707292800000,5.373e-05,42904.8
1707321600000,8.306e-05,43052.5
1707350400000,0.0001,44326.22497872
1707379200000,6.535e-05,44499.74975887
1707408000000,2.59e-05,45411.12230496
1707436800000,3.16e-05,45269.2
1707465600000,0.0001,46189.13810284
1707494400001,9.801e-05,47136.9
1707523200001,8.041e-05,47116.64691288
1707552000000,0.0001,47132.3889697
1707580800000,0.0001,47334.5777112
1707609600000,0.0001,47734.61973485
1707638400001,0.0001,48169.53924621
1707667200000,0.0001,48145.85068561
1707696000000,0.0001,48298.07332955
1707724800000,0.0001,48206.78867803
1707753600000,0.0001,49919.4
1707782400000,0.0001,49935.64595076
1707811200000,0.0001,50016.04285106
1707840000000,0.0001,48753.2
1707868800000,0.0001,49697.29248227
1707897600000,0.0001,49841.90018794
1707926400000,0.00012283,51610.33415603
1707955200000,0.0001,51816.90327305
1707984000000,0.0001,51802.4
1708012800000,0.0001,51961.58883688
1708041600000,0.0001,51899.1
1708070400000,0.0001,51779.57268794
1708099200000,0.0001,51909.3
1708128000000,0.0001,52145.88278014
1708156800000,0.0001,51934.0
1708185600000,0.00016041,51013.4
1708214400000,0.0001724,51675.01974242
1708243200000,0.00015305,51697.70652273
1708272000000,0.00017095,51809.0
1708300800000,0.00023064,52163.39962677
1708329600000,0.00019594,52423.9
1708358400000,0.00013327,52158.9
1708387200000,0.00010461,51813.08142803
1708416000000,0.00010912,51868.89496454
1708444800000,0.00020259,51703.73815248
1708473600000,0.0001,52297.4
1708502400000,0.00011242,51595.13521986
1708531200000,0.0001,51183.7
1708560000001,0.0001,51877.9
1708588800001,0.0001348,51856.75509429
1708617600000,0.00012557,51630.0
1708646400000,0.0001,51315.77902837
1708675200000,0.0001,50947.90000721
1708704000000,0.00012991,50934.48172469
1708732800000,0.0001,50759.00207801
1708761600001,0.0001,51094.97830142
1708790400000,0.0001,51124.6
1708819200001,0.00011438,51601.57573485
1708848000000,0.00015012,51747.27246212
1708876800000,0.00015062,51547.9
1708905600000,0.00026761,51758.94718182
1708934400000,0.00021567,51326.60957197
1708963200000,0.00027227,52868.43844318
1708992000000,0.00032262,54511.6
1709020800000,0.00073521,56100.1
1709049600000,0.00022965,56772.2842234
1709078400000,0.00026729,57074.35007447
1709107200000,0.00023682,58285.92319504
1709136000000,0.00053538,60999.3082305
1709164800000,0.00069091,62477.4815864
1709193600000,0.00076337,62755.48857737
1709222400000,0.00057031,62809.1
1709251200000,0.00053322,61203.4
1709280000000,0.00064824,61474.21160638
1709308800000,0.0004601,61335.4
1709337600000,0.00033426,62426.84994681
1709366400001,0.00057174,62071.9
1709395200000,0.00056396,61834.6
1709424000000,0.00046267,62039.9
1709452800000,0.00042989,61641.1
1709481600000,0.00044598,62210.7
1709510400000,0.00055071,63178.6
1709539200000,0.00046833,64120.5
1709568000000,0.0006362,66504.19310494
1709596800000,0.0004896,68296.4
1709625600000,0.00082969,66223.7
1709654400000,0.00088148,66840.7
1709683200000,0.0003628,63737.46570213
1709712000001,0.00033876,66733.45835461
1709740800000,0.00049354,66534.41841489
1709769600000,0.00030311,66118.62122727
1709798400000,0.00040984,66447.8
1709827200000,0.00054217,67317.1
1709856000000,0.00034819,66869.9
1709884800000,0.00043497,67302.03139394
1709913600000,0.00062913,67699.7
1709942400000,0.00019134,68174.9926773
1709971200001,0.00031281,68336.4
1710000000000,0.00026407,68340.09113121
1710028800000,0.0003101,68360.1
1710057600000,0.00063451,69424.70837234
1710086400000,0.00054479,69254.7
1710115200000,0.00035489,69000.0
1710144000000,0.00078428,71203.54634442
1710172800000,0.00066396,72056.4
1710201600000,0.0004447,72153.9
1710230400000,0.000453,72175.5
1710259200000,0.00047935,71771.34852113
1710288000000,0.00033224,71506.8
1710316800001,0.0006442,72962.13824516
1710345600000,0.00045402,72670.2
1710374400001,0.00024393,73120.70119365
1710403200000,0.00038753,73280.7
1710432000000,0.00038258,70904.4
1710460800000,0.00038515,71453.22446454
1710489600000,0.00014328,68487.4
1710518400000,0.00015306,68191.10550016
1710547200000,0.0001,69517.88923404
1710576000000,0.00023202,69477.38707245
1710604800000,0.00020813,68423.44776418
1710633600000,0.00013089,65350.9
1710662400000,0.00017773,65688.6
1710691200000,0.00024827,68006.97658156
1710720000000,0.00020181,68448.0
1710748800000,0.00030597,68259.58774823
1710777600001,0.00027195,67509.1
1710806400000,0.00026923,67648.11833623
1710835200000,0.00029065,64738.78331206
1710864000001,0.00024018,64080.74999621
1710892800000,0.00015847,61974.0
1710921600004,0.00018388,62996.5
1710950400000,0.0001,63641.4059286
1710979200000,0.00010403,67863.7
1711008000000,0.00019304,67030.14523864
1711036800000,0.0001951,66589.30761364
1711065600000,0.00016271,65538.7
1711094400000,0.0001,66217.1362234
1711123200000,0.00011993,63904.4291844
1711152000000,0.0001,63813.37344681
1711180800000,0.0001,64606.5
1711209600000,0.00010806,65141.7150922
1711238400000,0.00010351,64020.3
1711267200000,0.00014616,64622.20133333
1711296000000,0.00015884,65710.93932745
1711324800000,0.00025549,67255.74783333
1711353600001,0.00016324,66866.6
1711382400000,0.00028815,69837.28693262
1711411200000,0.00021963,69920.5
1711440000000,0.00018348,70516.73747518
1711468800000,0.00026764,70307.1
1711497600000,0.00028757,70039.82099291
1711526400001,0.00029551,69776.11503546
1711555200000,0.00043631,68921.6919539
1711584000000,0.00024195,69532.6
1711612800000,0.00029899,70449.15108511
1711641600000,0.0002943,71320.0209078
1711670400000,0.0001825,70833.5853617
1711699200000,0.00025456,69853.35957447
1711728000000,0.0003017,69219.28912057
1711756800000,0.00019624,69898.73039007
1711785600000,0.00032267,69902.0
1711814400000,0.0003436,70057.7249405
1711843200000,0.00032351,69636.36575177
1711872000000,0.00039889,70353.76273404
1711900800001,0.00040301,70446.1
1711929600000,0.00070161,71363.0
1711958400000,0.00033491,69636.12130851
1711987200000,0.00027469,68284.83075177
1712016000007,0.00010926,69700.0
1712044800015,0.0001,66501.27906028
1712073600000,0.00016456,64922.16995035
1712102400000,0.0001,65488.95697163
1712131200000,0.0001,66172.55866471
1712160000000,0.0001,65867.4
1712188800000,0.0001,65971.50290071
1712217600000,0.0001,66097.48730496
1712246400000,0.0001,67631.7
1712275200000,0.0001,68489.8
1712304000000,0.0001,66931.37729274
1712332800000,0.0001,68207.38882979
1712361600000,0.0001,67823.48319149
1712390400000,0.0001,67985.2
1712419200000,0.0001,68094.0
1712448000000,0.0001,68892.1980922
1712476800000,0.0001,69367.4
1712505600000,0.0001,69560.34690071
1712534400001,0.0001,69362.7
1712563200000,0.0001,70726.91580142
1712592000006,0.00035189,71815.7
1712620800000,0.00020915,71675.677
1712649600001,0.00020603,70434.57300709
1712678400001,0.00019061,69302.80935461
1712707200000,0.00011929,69189.2
1712736000001,0.00012457,69375.34143262
1712764800000,0.0001,68687.9
1712793600000,0.00013979,70674.32305943
1712822400000,0.00020153,70780.71202837
1712851200000,0.00019763,70045.9
1712880000000,0.00011258,70048.05615603
1712908800001,0.0002563,70825.9
1712937600000,0.00012214,69375.1
1712966400000,0.0001,67148.9
1712995200000,0.0001,67466.1
1713024000001,0.0001,67683.1
1713052800000,0.0001,63925.03126241
1713081600000,0.0001,64455.64639007
1713110400000,0.0001,64164.20358156
1713139200000,0.0001,65624.38156028
1713168000001,1.759e-05,66235.58104965
1713196800000,0.0001,64545.8
1713225600001,5.953e-05,63392.8
1713254400000,9.525e-05,63487.9
1713283200000,3.513e-05,61753.05706383
1713312000000,6.375e-05,63775.629
1713340800000,3.574e-05,63257.26621277
1713369600000,6.534e-05,60280.74173759
1713398400000,6.937e-05,61254.5
1713427200000,5.982e-05,61154.7
1713456000000,-3.334e-05,63474.0
1713484800001,-3.12e-05,63445.0
1713513600000,6.641e-05,64517.9
1713542400000,5.88e-05,64425.67251773
1713571200000,0.0001,63787.4
1713600000000,-7.66e-06,63937.9
1713628800000,4.204e-05,64779.48886525
1713657600000,3.186e-05,64905.14994326
1713686400000,-2.093e-05,65110.09575935
1713715200000,8.271e-05,65016.22880142
1713744000000,4.409e-05,64912.6
1713772800000,2.497e-05,65943.87257447
1713801600000,8.98e-06,65964.3
1713830400000,-1.236e-05,66788.36807801
1713859200000,5.24e-05,66080.0
1713888000001,-1.083e-05,66380.6
1713916800000,1.413e-05,66386.3
1713945600000,5.302e-05,66593.33268794
1713974400000,7.047e-05,64598.8
1714003200000,7.02e-05,64255.45886525
1714032000000,4.069e-05,63991.2496383
1714060800010,1.14e-05,64103.02705674
1714089600001,1.709e-05,64478.7
1714118400000,6.85e-06,64238.35636879
1714147200000,5.562e-05,63481.3
1714176000000,0.0001,63748.8
1714204800001,7.47e-05,62944.2
1714233600000,2.834e-05,62930.3845461
1714262400000,1.006e-05,63426.63009929
1714291200000,-2.081e-05,63883.1
1714320000000,2.782e-05,63508.6
1714348800000,2.472e-05,63088.4
1714377600000,5.544e-05,62367.26310638
1714406400000,6.828e-05,63012.0
1714435200000,9.74e-05,63832.2
1714464000000,9.154e-05,63123.7
1714492800000,0.0001,60771.32493617
1714521600000,0.0001,60651.1
1714550400000,8.946e-05,57476.7
1714579200000,9.902e-05,56865.26551064
1714608000000,6.634e-05,58312.12589362
1714636800000,6.169e-05,57646.04275887
1714665600002,-1.23e-06,59229.39228369
1714694400000,-1.549e-05,59037.02063121
1714723200000,-3.764e-05,59158.1
1714752000000,8.091e-05,61662.1
1714780800000,2.703e-05,62853.7
1714809600000,7.455e-05,62933.77334752
1714838400000,6.265e-05,63590.0
1714867200000,6.906e-05,63864.2
1714896000000,6.47e-06,63702.80847518
1714924800000,3.893e-05,64398.1
1714953600000,6.02e-06,63988.0
1714982400000,-1.031e-05,64510.20934752
1715011200000,7.746e-05,63607.85171631
1715040000000,6.064e-05,63142.8
1715068800000,1.581e-05,63649.0
1715097600000,9.028e-05,63715.90033333
1715126400000,4.891e-05,62295.9
1715155200000,5.553e-05,62186.7
1715184000000,9.292e-05,62251.9
1715212800000,5.648e-05,61162.48592199
1715241600000,3.315e-05,61227.65535461
1715270400000,7.253e-05,62124.75106383
1715299200000,1.026e-05,63050.1
1715328000000,5.934e-05,63053.8
1715356800000,7.653e-05,60902.45242553
1715385600000,8.881e-05,60778.1
1715414400000,3.771e-05,60989.66753191
1715443200000,5.067e-05,61148.13121277
1715472000000,2.604e-05,60809.2
1715500800000,2.83e-05,60804.4
1715529600000,0.0001,61395.9
1715558400001,0.0001,61455.7
1715587200001,8.469e-05,62307.64358156
1715616000000,9.151e-05,62977.1
1715644800000,9.866e-05,62917.6
1715673600000,0.0001,62003.15186525
1715702400000,4.392e-05,61749.9
1715731200000,0.0001,61551.95992663
1715760000000,-3.85e-06,62161.81007092
1715788800000,2.373e-05,64699.9
1715817600004,2.103e-05,66176.31760993
1715846400000,5.148e-05,66106.70102128
1715875200000,3.543e-05,65800.0
1715904000000,4.647e-05,65217.8
1715932800000,8.15e-06,66352.72417461
1715961600000,-2.98e-06,67165.6
1715990400000,6.28e-06,66981.43681585
1716019200000,8.012e-05,66856.73875177
1716048000000,-7.92e-06,66782.78803546
1716076800000,3.339e-05,66889.61222695
1716105600000,5.21e-05,67299.09055319
1716134400000,4.779e-05,66863.0
1716163200000,5.607e-05,66239.4
1716192000000,2.479e-05,66793.11759574
1716220800003,2.552e-05,67388.60888652
1716249600000,0.0001,71464.47075887
1716278400001,0.00010517,70922.67915603
1716307200000,0.0001,69865.29020567
1716336000000,0.0001,70161.66021986
1716364800000,0.00015759,69757.98929787
1716393600000,0.0001,70485.7
1716422400000,0.0001,69216.74829078
1716451200000,0.0001,69769.14902128
1716480000000,0.0001,68101.47424823
1716508800000,0.0001,67999.9
1716537600000,0.0001,67186.21074468
1716566400000,0.0001,68340.2
1716595200000,0.0001,68575.85285816
1716624000000,0.0001,68775.0
1716652800000,0.0001,68945.95530496
1716681600000,0.0001,69310.33024113
1716710400000,0.0001,69359.2
1716739200000,0.0001,68863.88640426
1716768000000,0.0001,68524.3
1716796800000,0.0001,68661.1
1716825600000,0.0001,70420.53890071
1716854400000,0.0001,69461.6
1716883200000,0.0001,67712.0
1716912000000,0.0001,68397.0
1716940800001,0.0001,68437.69424823
1716969600000,0.0001,67984.3
1716998400000,0.00012558,67420.5
1717027200000,0.0001,67686.7
1717056000000,0.0001,67624.98587234
1717084800000,0.0001,68559.01355319
1717113600000,0.00014599,68397.3161844
1717142400000,0.00012268,68221.71889362
1717171200000,0.0001,67252.7
1717200000000,0.0001,67570.9311773
1717228800000,0.0001,67672.36980851
1717257600001,0.0001025,67722.94709929
1717286400000,0.0001,67799.3
1717315200000,0.0001,67743.0
1717344000000,0.0001,68189.9
1717372800000,0.0001,67806.0
1717401600000,0.00014135,68949.97496454
1717430400000,0.0001,69637.74636879
1717459200000,0.00012008,68851.3
1717488000000,0.0001,69048.97910492
1717516800000,0.0001,70485.89790071
1717545600000,0.0001,70580.1
1717574400000,0.00016387,71237.1757305
1717603200000,0.00013226,71625.2
1717632000000,0.0001,71133.3
1717660800008,0.00010438,71073.71043287
1717689600000,0.0001177,71332.40630496
1717718400000,0.0001,70830.0
1717747200000,0.0001,71147.9
1717776000000,0.00010166,71150.0
1717804800000,0.0001,69377.0
1717833600000,0.0001,69612.10561702
1717862400000,0.0001,69462.1
1717891200000,0.0001,69346.5
1717920000000,0.0001,69331.9
1717948800001,0.0001,69530.2
1717977600000,0.0001,69667.1
1718006400000,0.0001,69325.2
1718035200001,0.0001,70074.60734043
1718064000001,0.0001,69558.7
1718092800000,0.0001,67582.1
1718121600000,0.0001,66260.45943972
1718150400000,0.0001,67316.36897872
1718179200000,0.0001,67453.49152482
1718208000000,0.0001,69735.431
1718236800000,0.0001,68269.15138298
1718265600001,0.0001,67724.69510638
1718294400000,0.0001,66469.37042553
1718323200000,0.0001,66782.2900922
1718352000000,0.0001,66907.91765957
1718380800000,0.0001,66387.61166667
1718409600000,0.0001,66039.7
1718438400000,0.0001,66076.87574468
1718467200000,0.0001,66311.9
1718496000001,0.0001,66213.73051773
1718524800000,0.0001,66249.4
1718553600000,0.0001,66693.21286525
1718582400000,0.0001,66658.12655319
1718611200000,0.0001,66147.3
1718640000000,0.0001,65341.9
1718668800000,0.0001,66472.0
1718697600000,8.236e-05,65646.3
1718726400000,0.0001,64676.43110638
1718755200001,0.0001,65150.0
1718784000001,4.127e-05,65295.0
1718812800000,2.967e-05,64895.42413059
1718841600000,3.934e-05,64946.30757887
1718870400000,5.953e-05,65831.3
1718899200000,6.879e-05,64801.04885816
1718928000000,3.344e-05,64853.9
1718956800000,7.328e-05,64180.8
1718985600000,0.0001,63712.0
1719014400000,0.0001,64124.0
1719043200000,4.146e-05,64490.1
1719072000000,0.0001,64283.46988652
1719100800000,0.0001,64242.51785816
1719129600000,2.307e-05,64390.0
1719158400000,4.676e-05,64071.8
1719187200002,9.534e-05,63195.0
1719216000000,0.0001,62433.7
1719244800000,7.488e-05,60823.2
1719273600000,7.447e-05,60273.5
1719302400000,5.949e-05,60660.0
1719331200000,7.752e-05,61776.0
1719360000002,0.0001,61780.09841844
1719388800000,0.0001,61705.3
1719417600000,0.0001,61440.2
1719446400000,0.0001,60860.38514894
1719475200001,0.0001,60787.35553191
1719504000000,0.0001,61570.5
1719532800000,0.0001,61682.0
1719561600000,0.0001,61331.02739716
1719590400000,0.0001,61048.94459574
1719619200001,0.0001,60430.21393617
1719648000000,0.0001,61049.49890071
1719676800000,0.0001,61108.14415603
1719705600000,0.0001,60982.4
1719734400000,0.0001,61529.93914894
1719763200000,0.0001,61714.61340426
1719792000000,0.0001,62766.17652482
1719820800000,0.0001,63263.85829787
1719849600001,0.0001,63120.0
1719878400000,0.0001,62892.46180142
1719907200000,0.0001,62620.94928369
1719936000000,0.0001,61944.23702128
1719964800000,0.0001,62123.6
1719993600001,0.0001,60874.01737589
1720022400000,0.0001,60178.96865957
1720051200000,0.0001,60207.9
1720080000000,0.0001,58214.0
1720108800000,0.0001,58124.9
1720137600000,0.0001,57045.15234043
1720166400000,0.0001,54397.5
1720195200000,1.762e-05,56623.9
1720224000000,5.729e-05,56609.0
1720252800000,7.512e-05,56580.08132624
1720281600000,3.25e-05,57289.27111519
1720310400001,8.164e-05,58216.1
1720339200000,0.0001,57346.86809929
1720368000000,0.0001,56806.2
1720396800000,7.905e-05,55831.0
1720425600000,8.222e-05,55825.2
1720454400000,0.0001,55736.19858865
1720483200000,0.0001,56698.83177305
1720512000001,8.61e-06,57102.6
1720540800000,0.0001,57453.43046809
1720569600000,0.0001,58026.14114894
1720598400000,9.225e-05,58951.04627293
1720627200000,5.485e-05,57662.34192199
1720656000002,0.0001,57707.0
1720684800002,0.0001,58164.76708511
1720713600004,0.0001,57382.8
1720742400000,6.378e-05,57315.5
1720771200000,3.026e-05,57079.05523404
1720800000000,4.037e-05,58188.9
1720828800000,8.319e-05,57870.0
1720857600000,6.865e-05,58141.96051064
1720886400000,0.0001,58808.5
1720915200000,8.737e-05,59174.73812179
1720944000000,3.71e-05,60031.33100709
1720972800000,8.342e-05,60057.37801174
1721001600000,4.59e-05,60766.1
1721030400000,3.202e-05,62821.11483688
1721059200000,-5.14e-06,62992.91414894
1721088000000,-5.062e-05,64698.64956738
1721116800000,8.814e-05,62881.8
1721145600000,2.717e-05,64838.4
1721174400000,-3.419e-05,65003.03756738
1721203200001,1.775e-05,65236.46422695
1721232000000,2.143e-05,64695.8
1721260800000,6.89e-06,64057.3
1721289600000,1.546e-05,64643.7
1721318400000,3.127e-05,63509.56961702
1721347200000,4.029e-05,63959.9
1721376000000,4.855e-05,63673.9
1721404800000,4.606e-05,65799.9
1721433600001,-3.077e-05,66630.29244681
1721462400000,1.944e-05,66526.3
1721491200000,1.622e-05,66796.9
1721520000000,-5.313e-05,67097.7230922
1721548800000,2.194e-05,66669.9
1721577600000,6.46e-06,67132.78455319
1721606400000,9.136e-05,68138.0
1721635200000,5.953e-05,67210.4
1721664000000,2.769e-05,67044.4
1721692800000,4.709e-05,67506.49399291
1721721600000,4.31e-05,66548.5
1721750400000,4.642e-05,66569.9552695
1721779200000,0.0001,65916.81524113
1721808000000,0.0001,66049.92706383
1721836800000,0.0001,66152.14151773
1721865600000,0.0001,65361.80198582
1721894400000,0.0001,64115.1
1721923200000,0.0001,64773.3
1721952000000,0.0001,65773.94198582
1721980800000,0.0001,66873.7
1722009600000,3.34e-05,67528.0
1722038400000,6.547e-05,67882.6
1722067200000,8.022e-05,68018.10331915
1722096000000,9.109e-05,68821.9
1722124800000,8.18e-05,67873.8
1722153600000,9.177e-05,67521.2605461
1722182400001,2.804e-05,67624.3
1722211200001,8.361e-05,68217.6007234
1722240000000,5.623e-05,69510.6
1722268800001,0.0001,68069.42346099
1722297600000,3.396e-05,66757.24782979
1722326400001,3.562e-05,66914.0
1722355200000,7.691e-05,66198.0
1722384000000,3.063e-05,66159.4
1722412800000,7.178e-05,66196.4
1722441600000,3.826e-05,66354.4
1722470400000,8.208e-05,64603.59964539
1722499200000,0.0001,64307.13363121
1722528000000,0.0001,62888.5
1722556800000,0.0001,65328.9
1722585600001,0.0001,64160.17275887
1722614400000,0.0001,63400.10768182
1722643200000,0.0001,61483.7
1722672000000,9.788e-05,61636.0
1722700800001,4.247e-05,60859.15415152
1722729600000,0.0001,60684.5
1722758400000,5.343e-05,60349.1
1722787200000,0.0001,59053.4
1722816000000,0.0001,58139.09001515
1722844800000,4.429e-05,52660.0
1722873600000,5.967e-05,54294.5
1722902400000,3.566e-05,53971.9
1722931200000,-2.845e-05,55979.0
1722960000000,4.485e-05,56380.14818939
1722988800000,-7.3e-06,56008.69646212
1723017600001,-6.859e-05,56898.7
1723046400000,3.241e-05,56071.41872727
1723075200001,2.637e-05,55102.9
1723104000000,3.086e-05,57165.6
1723132800000,1.147e-05,59389.0
1723161600000,4.994e-05,61663.62178788
1723190400000,2.184e-05,60844.1
1723219200000,4.846e-05,59787.29595455
1723248000000,-3.942e-05,60808.7
1723276800000,-1.379e-05,60811.14373041
1723305600000,-1.949e-05,60480.6
1723334400000,4.049e-05,60895.44640282
1723363200000,-1.839e-05,61223.3
1723392000001,1.185e-05,60099.9
1723420800000,1.113e-05,58693.2
1723449600000,8.783e-05,58648.02703788
1723478400000,-2.238e-05,60168.8
1723507200000,6.14e-05,59323.6
1723536000000,5.21e-06,59209.36612879
1723564800000,-3.902e-05,59442.45730303
1723593600000,1.152e-05,60555.47966301
1723622400000,-1.33e-05,60887.3
1723651200000,-7.811e-05,59394.6
1723680000000,-8.488e-05,58650.3632197
1723708800000,6.339e-05,58031.9
1723737600000,-6.181e-05,59650.62388636
1723766400000,-0.00011235,57515.28405303
1723795200000,-7.387e-05,58423.3
1723824000000,-5.57e-06,58045.46367376
1723852800000,1.912e-05,58854.9
1723881600000,4.177e-05,59225.59061702
1723910400000,-1.52e-06,59357.7
1723939200000,3.966e-05,59468.4
1723968000000,-1.323e-05,59545.70132624
1723996800000,-3.149e-05,59828.8
1724025600000,-3.616e-05,58390.1
1724054400000,-6.75e-05,58475.4
1724083200002,-1.957e-05,58509.48917021
1724112000000,-2.656e-05,59400.1
1724140800000,1.349e-05,60896.58465248
1724169600001,1.419e-05,58792.3754539
1724198400001,-6.756e-05,58985.3803617
1724227200000,-5.91e-06,59691.0
1724256000001,3.96e-06,59485.9
1724284800000,-2.229e-05,61120.0
1724313600000,1.338e-05,60952.89699291
1724342400008,-7.261e-05,60380.30032624
1724371200000,-3.329e-05,60349.9
1724400000000,2.391e-05,61045.0
1724428800000,-4.317e-05,61506.0
1724457600000,-7.72e-06,64019.9
1724486400005,-7.23e-06,64275.98188652
1724515200000,6.395e-05,63943.4
1724544000000,-4.806e-05,64121.80289362
1724572800000,-1.531e-05,63838.2821773
1724601600000,3.108e-05,64099.9
1724630400000,2.439e-05,64199.94505674
1724659200001,3.448e-05,63603.3
1724688000000,3.789e-05,63497.83796772
1724716800001,2.795e-05,62814.12365957
1724745600000,1.751e-05,62881.1
1724774400000,7.753e-05,61679.03746099
1724803200000,-6.803e-05,59384.4
1724832000000,2.433e-05,58578.22751773
1724860800001,1.143e-05,58971.68549645
1724889600000,-9.76e-06,59009.8
1724918400001,-1.644e-05,59548.9
1724947200000,5.59e-06,60751.0
1724976000000,9.36e-06,59327.53246099
1725004800000,3.578e-05,59250.58815603
1725033600000,2.927e-05,58062.7
1725062400000,-1.749e-05,59096.3
1725091200000,3.578e-05,59064.62867843
1725120000000,3.8e-05,58984.31889362
1725148800000,4.113e-05,58946.2
1725177600001,-3.432e-05,58444.1
1725206400000,-3.82e-06,58184.1
1725235200001,-3.386e-05,57282.9241773
1725264000001,2.48e-06,57523.3
1725292800000,-3.63e-06,58508.0
1725321600000,6.245e-05,59112.2
1725350400001,5.123e-05,59081.16408511
1725379200000,4.598e-05,57707.54824823
1725408000000,2.209e-05,57459.26375177
1725436800000,1.05e-05,56717.4
1725465600000,-1.47e-05,58106.1663617
1725494400000,9.016e-05,57944.7
1725523200000,2.025e-05,57133.18525532
1725552000005,2.49e-05,55956.39174468
1725580800000,2.28e-05,56152.37044681
1725609600001,-1e-08,55768.6
1725638400000,1.428e-05,54026.02394326
1725667200000,-5.57e-06,53930.71899291
1725696000000,-7.634e-05,54264.40569504
1725724800000,-7.236e-05,54749.71812057
1725753600000,3.745e-05,54134.9
1725782400000,-5.999e-05,54411.5
1725811200000,-5.245e-05,53664.8
1725840000000,-7.585e-05,54843.61724113
1725868800000,-7.108e-05,54949.93416312
1725897600001,-3.875e-05,55360.3
1725926400000,-6.028e-05,57013.68687234
1725955200000,-2.93e-05,57184.48985106
1725984000000,-1.126e-05,56563.08885816
1726012800000,-8.953e-05,57609.1
1726041600000,-2.247e-05,56675.1
1726070400000,-5.212e-05,56681.42923404
1726099200000,-1.951e-05,57307.1
1726128000000,-5.46e-06,58106.41579433
1726156800000,-2.95e-05,57475.10176596
1726185600000,-6.9e-07,58097.0
1726214400001,-8.69e-06,58079.8
1726243200001,-2.443e-05,59630.0
1726272000000,-8.699e-05,60456.1
1726300800000,8.59e-06,60110.4
1726329600001,2.326e-05,59845.55360993
1726358400000,-4.91e-06,59964.0
1726387200000,1e-08,60167.3181438
1726416000000,4.02e-06,60304.7
1726444800000,2.402e-05,59100.61031206
1726473600001,3.564e-05,58874.99142553
1726502400000,6.762e-05,57861.15358865
1726531200001,8.529e-05,58186.9
1726560000000,1.911e-05,58668.2
1726588800000,5.327e-05,61111.0
1726617600000,1.344e-05,60281.0
1726646400000,1.678e-05,60402.69697726
1726675200004,4.648e-05,59407.05478014
1726704000000,3.512e-05,61728.59070213
1726732800000,2.949e-05,62054.8
1726761600001,4.072e-05,63127.98222695
1726790400000,8.065e-05,62929.3
1726819200001,-5.03e-06,63494.4
1726848000000,5.543e-05,63115.6
1726876800001,4.638e-05,63181.22999291
1726905600000,0.0001,63062.62952171
1726934400000,8.234e-05,63146.6
1726963200000,6.285e-05,63320.7
1726992000000,9.254e-05,62909.3
1727020800000,5.537e-05,62628.23061702
1727049600000,6.546e-05,63558.5
1727078400000,1.364e-05,63519.9
1727107200000,5.304e-05,63589.8
1727136000000,2.324e-05,63303.39994326
1727164800000,2.895e-05,63531.97252482
1727193600001,-1.82e-06,63128.9
1727222400000,1.223e-05,64243.2
1727251200003,1.141e-05,63815.43419858
1727280000000,1.336e-05,63470.0
1727308800005,1.65e-05,63121.20731206
1727337600000,6.246e-05,63823.4
1727366400000,0.0001,65195.98735461
1727395200000,0.0001,65144.38297872
1727424000000,6.722e-05,65443.4617305
1727452800000,2.275e-05,65974.85614184
1727481600000,5.455e-05,65749.6
1727510400001,8.3e-05,65794.28179433
1727539200000,1.414e-05,65595.27422695
1727568000001,7.25e-06,65826.6503617
1727596800000,3.128e-05,65444.82504255
1727625600000,7.253e-05,65720.0
1727654400000,3.077e-05,65571.63404255
1727683200001,7.939e-05,64539.0
1727712000000,0.0001,63535.7
1727740800000,0.0001,63313.79948227
1727769600000,0.0001,64017.0
1727798400001,0.0001,62631.58188652
1727827200000,6.632e-05,60789.16184397
1727856000000,8.409e-05,61703.76278014
1727884800000,8.191e-05,61851.6402695
1727913600000,4.381e-05,60622.6
1727942400000,3.746e-05,60908.25041844
1727971200000,4.99e-05,60606.4
1728000000000,7.097e-05,60727.2
1728028800000,2.119e-05,61405.54564539
1728057600001,2.43e-06,61839.9
1728086400000,-1.596e-05,62056.3
1728115200000,1.088e-05,62049.40834043
1728144000000,8.61e-06,62137.44147431
1728172800000,5.72e-06,62030.7846515
1728201600001,3.288e-05,61921.90959612
1728230400000,4.18e-05,62692.35314894
1728259200000,4.573e-05,62791.83731206
1728288000000,-9.52e-06,63510.0
1728316800001,2.177e-05,63633.19230496
1728345600000,-1.678e-05,62199.75722695
1728374400000,7.094e-05,62291.4
1728403200000,8.1e-05,62259.9
1728432000000,0.0001,62133.03330496
1728460800000,5.138e-05,62243.96385816
1728489600000,7.939e-05,62285.3
1728518400000,2.09e-05,60607.48575935
1728547200000,1.532e-05,60874.85382979
1728576000000,0.0001,60768.62359574
1728604800000,2.231e-05,60293.8080044
1728633600000,-1.874e-05,60648.44046099
1728662400001,1.2e-06,62225.57043262
1728691200000,4.558e-05,62509.0
1728720000001,7.664e-05,62734.47038298
1728748800000,-1.489e-05,63124.8
1728777600000,6.93e-06,63175.9
1728806400000,1.638e-05,62818.9
1728835200000,3.938e-05,62195.2
1728864000000,5.429e-05,62841.10753191
1728892800000,0.0001,64603.73577305
1728921600000,0.0001,65853.81444681
1728950400000,0.0001,66064.9
1728979200000,0.0001,65638.3
1729008000000,0.0001,65994.7
1729036800000,8.325e-05,67048.63902128
1729065600001,8.5e-05,66948.9
1729094400000,0.0001,67726.0
1729123200000,0.0001,67594.01401418
1729152000000,0.0001,67281.31711348
1729180800001,0.0001,67561.8
1729209600010,0.0001,67406.17999291
1729238400001,0.0001,67956.3708584
1729267200000,0.0001,68710.0
1729296000000,0.0001,68407.9
1729324800000,0.0001,68328.8
1729353600000,0.0001,68210.10911959
1729382400000,0.0001,68357.1
1729411200000,0.0001,68350.38066857
1729440000000,0.0001,68605.0
1729468800000,0.0001,69021.90495965
1729497600000,0.0001,68513.8873617
1729526400000,0.0001,67349.29462411
1729555200000,0.0001,67368.7
1729584000000,0.0001,67387.3
1729612800000,0.0001,67271.54104965
1729641600000,0.0001,67410.62232624
1729670400000,0.0001,66838.0
1729699200000,0.0001,66207.1077305
1729728000000,0.0001,66649.66592908
1729756800000,0.0001,67104.5
1729785600000,0.0001,67672.84020567
1729814400000,0.0001,68175.57805674
1729843200000,0.0001,67503.6
1729872000000,0.0001,67667.15595745
1729900800000,4.755e-05,66679.84317682
1729929600001,7.569e-05,66982.64575316
1729958400000,0.0001,66864.2
1729987200000,0.0001,67071.9
1730016000000,9.724e-05,67174.8
1730044800000,0.0001,67760.95565906
1730073600000,9.425e-05,67997.2
1730102400001,0.0001,68395.69875177
1730131200000,8.946e-05,68463.4
1730160000000,0.0001,69940.0
1730188800000,0.0001,70992.0787234
1730217600004,0.0001,72382.8202766
1730246400000,0.0001,72738.79255319
1730275200000,0.0001,72244.9
1730304000013,0.0001,72060.36978723
1730332800000,0.0001,72350.66829787
1730361600000,0.0001,72417.8
1730390400000,0.0001,70637.76350697
1730419200000,0.0001,70318.15929787
1730448000000,0.0001,69300.16876596
1730476800000,0.0001,69380.64255319
1730505600000,0.0001,69496.19465248
1730534400000,0.0001,69813.99829787
1730563200000,0.0001,69396.79744681
1730592000000,0.0001,69366.6
1730620800000,0.0001,68395.17851064
1730649600000,0.0001,68096.02508511
1730678400000,0.0001,68762.5
1730707200000,0.0001,68602.86114394
1730736000000,0.0001,68623.6691773
1730764800000,0.0001,67836.62865957
1730793600003,0.0001,68876.0
1730822400001,0.0001,69604.99425532
1730851200000,0.0001,69353.1
1730880000000,0.0001,73423.50465248
1730908800000,0.0001,74299.9077305
1730937600000,0.0001,75575.32614894
1730966400000,0.0001,74800.0
1730995200000,0.0001,76075.60378723
1731024000000,0.0001,75854.54638298
1731052800000,0.0001,76170.9
1731081600000,0.0001,76423.3
1731110400000,0.0001,76485.96961235
1731139200000,0.0001,76525.24098582
1731168000000,0.0001,76305.6
1731196800000,0.0001,76676.09297872
1731225600000,0.00025603,78858.2
1731254400000,0.00014113,79735.1
1731283200001,0.00036878,80409.9
1731312000000,0.0001,81147.8
1731340800000,0.0001,84108.24075887
1731369600002,0.00049133,88729.0
1731398400000,0.00043737,89095.4
1731427200000,0.00038754,86642.44216434
1731456000000,0.0001,87964.81392908
1731484800010,0.00013101,87398.5925627
1731513600000,0.00021856,92602.7
1731542400001,0.0001,90413.12446212
1731571200000,0.0001,90818.9
1731600000000,0.0001,87998.09286364
1731628800000,0.0001,87376.26048485
1731657600000,0.0001,87691.73393182
1731686400000,0.00010977,88485.4
1731715200001,0.0001,91074.6
1731744000001,0.0001,91172.07627273
1731772800000,0.00013231,90578.0
1731801600000,0.00015765,90607.94334091
1731830400000,0.0001,90599.9
1731859200001,0.00010577,90309.7
1731888000000,0.0001,89891.57867424
1731916800000,0.0003645,91793.76963166
1731945600000,0.00021318,92413.93032576
1731974400000,0.00021606,90502.14808333
1732003200000,0.00030216,91680.59587879
1732032000000,0.00017959,92442.8
1732060800003,0.0001,92314.05812121
1732089600000,0.0001,92855.88699242
1732118400000,0.0001,94737.5
1732147200001,0.0001,94279.51894697
1732176000000,0.0001,96950.0
1732204800001,0.0001,96677.04645768
1732233600000,0.0001,98365.10186364
1732262400000,0.0001,99242.81251773
1732291200001,0.0001,98699.9
1732320000000,0.0001,98918.67765957
1732348800000,0.0001,98599.83297163
1732377600000,0.0001,98426.0
1732406400001,0.0001,97725.5
1732435200000,0.00016148,98483.95812057
1732464000000,0.00023228,95996.21422597
1732492800000,0.00021035,97960.5
1732521600000,0.0001,98106.56588652
1732550400000,0.00025233,96029.2038227
1732579200000,0.00021902,93064.1
1732608000000,0.00017936,93837.3
1732636800000,0.00029599,92870.07960284
1732665600000,0.00031205,92013.7
1732694400000,0.00016795,93652.1
1732723200001,0.0001,95605.8
1732752000000,0.0001,95904.8955461
1732780800000,0.00014326,95360.15442553
1732809600000,0.00011859,95057.36946809
1732838400000,0.00020619,95693.94427733
1732867200000,0.00011747,95692.14071631
1732896000000,0.00021921,98075.2
1732924800000,0.0001,97516.3
1732953600000,0.00015909,96843.3
1732982400000,0.00012063,96707.4
1733011200000,0.00015901,96462.19087234
1733040000000,0.00019581,96522.20604965
1733068800000,0.0001,97081.5
1733097600001,0.00025726,97265.1
1733126400001,0.00024556,96046.45249645
1733155200000,0.00013387,97120.0
1733184000000,0.00012779,95889.10653191
1733212800000,0.00024926,95616.2
1733241600000,0.00011952,95746.09226241
1733270400000,0.00026634,95913.27097163
1733299200000,0.00026254,96652.1
1733328000000,0.00023234,95801.60480851
1733356800001,0.00027625,98689.14430496
1733385600000,0.00072446,102283.62766667
1733414400000,0.00047059,101350.1
1733443200000,0.0001,97001.6
1733472000000,0.00014634,98207.61513475
1733500800000,0.0001,99357.34402837
1733529600000,0.00031972,99802.5
1733558400000,0.00012374,99442.6
1733587200000,0.0001409,99811.5
1733616000000,0.00016985,99899.1
1733644800000,0.00016572,99741.6
1733673600000,0.0001758,99975.0
1733702400000,0.00030413,101193.94399291
1733731200000,0.00021032,99633.40225532
1733760000001,0.00011115,97835.11267376
1733788800007,0.0001,97349.1
1733817600000,0.0001,97217.7
1733846400000,0.0001,95657.98175887
1733875200000,0.0001,96602.3
1733904000000,0.0001,97336.1817305
1733932800001,0.0001,100361.01297872
1733961600001,0.0001,101106.9
1733990400000,0.0001,100486.46369504
1734019200001,0.0001,101775.1
1734048000000,0.0001,99982.3
1734076800000,0.0001,100099.9
1734105600001,0.0001,99840.1
1734134400000,6.75e-05,101371.9
1734163200000,0.0001,101787.0
1734192000000,0.0001,101610.85002837
1734220800000,0.0001,101391.60376371
1734249600000,8.194e-05,101673.93346099
1734278400000,0.0001,102674.84886525
1734307200000,0.0001,104449.0
1734336000001,0.0001,104960.31446809
1734364800000,9.181e-05,106285.31279433
1734393600000,7.866e-05,106023.3
1734422400000,0.0001,106789.01585106
1734451200000,0.0001,106438.49711348
1734480000000,0.0001,106083.97803546
1734508800000,9.159e-05,104203.79516312
1734537600000,0.0001,104395.1
1734566400000,0.0001,100180.74653901
1734595200000,0.0001,101625.15913475
1734624000000,0.0001,100657.71907801
1734652800000,0.0001,97434.4
1734681600001,0.0001,97822.91234043
1734710400014,0.0001,96968.4557305
1734739200000,0.0001,97764.5
1734768000000,1.206e-05,98985.40130496
1734796800001,0.0001,97486.5
1734825600000,0.0001,97261.8
1734854400000,0.0001,96182.08468085
1734883200000,9.629e-05,95340.9
1734912000000,0.0001,95155.89321986
1734940800000,0.0001,95360.4
1734969600001,8.981e-05,93217.6
1734998400000,0.0001,94861.1
1735027200000,0.0001,94199.9
1735056000001,0.0001,98246.90943972
1735084800001,0.0001,98633.62231915
1735113600000,0.0001,98052.3672695
1735142400000,0.0001,98485.7
1735171200000,9.827e-05,99379.6
1735200000000,7.453e-05,97682.41824113
1735228800000,8.585e-05,96006.0
1735257600000,0.0001,95754.23556738
1735286400000,0.0001,95074.97113475
1735315200000,0.0001,94529.41337589
1735344000001,0.0001,94263.83920567
1735372800000,7.639e-05,94339.82516312
1735401600000,5.173e-05,94407.8
1735430400000,8.013e-05,95262.82075887
1735459200000,0.0001,95233.3
1735488000000,0.0001,94468.77931206
1735516800000,-4.2e-07,93699.9
1735545600001,8.791e-05,93700.13509929
1735574400000,0.0001,92087.24777305
1735603200000,0.0001,92760.38528369
1735632000000,0.0001,92819.5
1735660800000,0.0001,95389.4
