timestamp,open,high,low,close,volume,quote_volume,trade_count,taker_buy_vol,taker_buy_quote_vol
1609459200000,737.18,750.4,714.55,729.77,1952291.25,1435726001.9156,1022268,917268.532,674735299.19568
1609545600000,729.7,788.71,715.6,775.02,4176508.581,3166570113.30716,1675287,2045884.505,1551475925.67028
1609632000000,775.04,1022.51,769.19,980.24,9610267.802,8696957087.56834,3584354,4657677.769,4214597578.60845
1609718400000,980.23,1173.94,890.0,1043.11,12057661.067,12280790632.57096,5214614,5778764.348,5889966213.22539
1609804800000,1043.12,1138.92,974.23,1101.29,7526097.093,7963297766.14071,3756458,3629331.553,3840921611.10877
1609891200000,1101.29,1218.0,1057.3,1212.64,6952861.553,7952492225.25109,3494566,3321058.126,3800589046.70885
1609977600000,1212.98,1297.15,1150.0,1227.12,5807791.01,7101050891.0701,2990880,2772049.386,3390930251.65891
1610064000000,1227.5,1279.06,1064.6,1218.39,6994773.234,8338888162.52835,3819568,3312616.534,3949768897.76069
1610150400000,1218.55,1314.0,1173.0,1279.96,4157466.015,5122826054.03456,2332783,1987394.9,2450205641.03836
1610236800000,1279.96,1354.66,1168.49,1257.96,5913298.389,7633413010.30207,3326148,2781784.245,3593800626.94579
1610323200000,1257.95,1264.5,915.2,1086.94,11237262.772,11884458713.94124,6888480,5330729.574,5639590221.4675
1610409600000,1086.84,1153.13,1007.0,1050.82,5531356.605,5979396463.61216,3566320,2638374.932,2853269704.49428
1610496000000,1050.67,1138.63,987.21,1130.4,4029644.646,4284303782.76047,2781096,1944010.424,2068348623.5124
1610582400000,1130.4,1249.32,1087.68,1234.86,4079502.435,4801436186.55306,2522658,1960836.392,2308220044.12361
1610668800000,1234.5,1260.0,1070.0,1168.79,5020898.727,5936014554.3996,3358575,2392020.497,2828783904.10233
1610755200000,1168.65,1296.79,1152.13,1230.19,3980782.071,4882690374.13278,2865431,1912825.153,2346394635.14904
1610841600000,1230.32,1272.28,1165.0,1233.71,3396518.439,4148284417.37915,2848234,1651908.247,2018781238.7725
1610928000000,1233.61,1265.96,1183.2,1262.99,2562805.077,3145780782.70752,2072463,1238032.263,1520307506.40987
1611014400000,1263.0,1444.05,1255.51,1367.51,6288844.344,8661460016.5314,3890176,3015469.076,4153264139.37802
1611100800000,1367.38,1411.38,1236.35,1379.24,5844273.198,7735368865.48017,3605568,2787472.651,3691850377.50564
1611187200000,1379.23,1391.0,1083.4,1111.23,6820207.515,8422222242.52244,4232497,3225429.287,3984780487.02147
1611273600000,1111.82,1274.52,1041.13,1234.55,5475223.381,6400413550.76259,3498939,2678746.661,3132019760.24392
1611360000000,1234.54,1274.0,1197.0,1235.66,2920417.541,3621490157.81458,2103058,1422281.665,1764218917.94195
1611446400000,1235.65,1401.88,1221.51,1394.24,3768553.334,4990725961.73751,2620391,1895960.818,2510843703.70461
1611532800000,1394.23,1481.46,1293.0,1318.61,5138109.254,7203921848.3719,3373235,2446042.654,3432045420.66001
1611619200000,1318.53,1379.5,1244.87,1368.4,4868106.344,6419154907.36397,3330274,2389486.467,3152802892.24343
1611705600000,1368.48,1377.9,1206.0,1238.55,5277115.882,6718585856.24908,3583216,2531776.401,3224148736.74322
1611792000000,1238.55,1362.94,1217.28,1329.86,3463945.921,4544323851.28896,2615492,1714577.434,2250424392.42802
1611878400000,1330.28,1443.0,1285.46,1381.99,5010264.423,6852570488.05573,3646547,2406600.666,3291810474.31575
1611964800000,1382.14,1409.35,1328.0,1380.48,2364036.673,3218442098.50122,2016654,1159814.103,1579703446.13367
1612051200000,1380.42,1383.7,1281.96,1313.12,2091898.285,2789247028.64788,1745459,980938.92,1307931119.23746
1612137600000,1313.09,1379.73,1270.0,1376.48,2282184.993,3023615300.24649,1841919,1133593.179,1502912473.80172
1612224000000,1376.74,1551.5,1363.0,1516.26,5098356.241,7431220730.79352,3355992,2499526.773,3644007625.7395
1612310400000,1516.2,1672.76,1510.76,1666.0,4407760.724,6966221755.1702,3190764,2171799.519,3434502838.53946
1612396800000,1666.1,1703.37,1557.0,1596.0,4966516.757,8136508279.05647,3470922,2348069.915,3848825179.12879
1612483200000,1595.93,1767.19,1592.46,1721.16,3518469.104,5947779584.53895,2628410,1716851.526,2902204413.55335
1612569600000,1721.03,1748.11,1647.09,1679.34,2991060.685,5059220432.8374,2363495,1409797.953,2385307408.24346
1612656000000,1679.38,1695.5,1490.48,1611.99,4063794.078,6470840190.4574,2835190,1915828.659,3050520627.62823
1612742400000,1612.0,1782.5,1566.22,1755.61,3884050.435,6554958213.11899,2752510,1876643.362,3167309739.18909
1612828800000,1755.6,1830.47,1713.2,1770.79,3388435.791,5963865015.44841,2375549,1627361.442,2865302390.73438
1612915200000,1770.99,1848.0,1680.0,1743.31,3442140.65,6073425415.1568,2403599,1636112.194,2888417255.13224
1613001600000,1743.3,1827.07,1704.21,1789.32,2256762.199,3999256495.29382,1755149,1084742.684,1922113256.62648
1613088000000,1789.32,1872.86,1740.22,1843.08,2650816.264,4780809285.80296,1942543,1295528.595,2337379584.14198
1613174400000,1843.08,1878.88,1764.79,1818.02,2381458.551,4331083291.8682,1795873,1132071.471,2059477700.42715
1613260800000,1817.86,1857.67,1785.23,1803.59,1773668.237,3236470817.88099,1480018,819483.085,1495445756.79576
1613347200000,1804.0,1839.63,1652.0,1781.34,3238695.81,5714101385.26495,2238984,1524726.195,2691076800.47953
1613433600000,1781.34,1831.58,1726.01,1784.31,2536777.874,4526508138.96013,1955052,1194945.841,2132951128.29046
1613520000000,1784.31,1864.26,1735.66,1849.86,2340915.266,4236223610.15366,1854144,1135793.751,2056039289.37651
1613606400000,1849.87,1955.0,1849.37,1941.26,2447343.966,4677799273.31045,1991785,1191392.013,2277217716.61076
1613692800000,1941.12,1980.0,1894.0,1958.58,1943898.87,3766473154.64299,1688871,932775.41,1807574899.99218
1613779200000,1958.59,2048.0,1792.0,1914.58,3273599.601,6470877708.6009,2451990,1536660.896,3041162056.4399
1613865600000,1914.51,1981.04,1885.0,1934.75,2039425.917,3961287537.73876,1712993,995068.871,1933114330.09426
1613952000000,1934.59,1938.5,1552.2,1778.3,4972903.814,8838825736.40233,3509281,2326381.12,4138255022.73987
1614038400000,1778.22,1784.08,1348.17,1579.75,7089349.585,10942958835.92679,5372037,3459134.535,5344360525.28816
1614124800000,1579.75,1714.04,1501.09,1623.98,3593348.017,5867227964.60702,2633258,1785428.893,2915517539.60368
1614211200000,1623.94,1672.49,1458.0,1482.09,2955804.261,4711814880.46952,2157420,1461321.977,2332154574.30433
1614297600000,1482.13,1563.66,1401.01,1445.28,3880051.012,5737181606.49004,2740047,1954660.213,2891941974.25923
1614384000000,1445.36,1530.19,1425.5,1458.65,2530875.338,3756706927.66827,2054630,1242834.507,1844965913.3956
1614470400000,1458.64,1469.44,1292.8,1419.77,4109392.696,5629627203.07104,3035122,2029795.168,2780533897.34832
1614556800000,1419.96,1573.42,1411.1,1571.2,2727916.51,4093786528.92125,2130657,1385148.65,2078534377.72257
1614643200000,1571.2,1604.85,1455.3,1486.28,2884922.074,4419676882.47557,2055288,1408214.415,2159405354.10544
1614729600000,1486.24,1664.0,1475.0,1568.63,3055043.878,4859941588.27233,2317178,1529266.667,2433672196.0236
1614816000000,1568.63,1626.0,1506.99,1540.69,3087612.251,4819190828.6856,2412427,1515517.719,2366096691.03746
1614902400000,1540.7,1551.0,1441.57,1529.88,3051666.755,4547100964.24997,2173938,1507525.227,2246790361.40687
1614988800000,1529.75,1674.02,1515.16,1651.73,2839191.599,4507498262.312,2111387,1428972.805,2269564898.07284
1615075200000,1651.9,1736.89,1631.59,1727.23,2570034.976,4288738410.50978,1917251,1268786.647,2118065378.75201
1615161600000,1727.73,1844.57,1667.86,1834.3,3501989.878,6080210583.95216,2433911,1757257.31,3051783959.64863
1615248000000,1834.47,1873.86,1801.0,1873.31,2460568.209,4512195932.80944,2005441,1214680.562,2228060688.889
1615334400000,1873.37,1882.59,1760.0,1796.8,3413199.591,6215915591.53833,2552861,1656134.475,3016053062.41708
1615420800000,1796.8,1850.07,1725.96,1829.0,3061111.766,5482129545.41183,2474950,1470844.153,2634339752.5956
1615507200000,1828.96,1846.59,1719.92,1767.44,2753218.247,4887332853.92612,2301344,1334541.323,2369651074.85164
1615593600000,1767.32,1948.75,1729.33,1924.94,2763730.381,5136048302.61478,2322825,1371616.668,2548749630.46122
1615680000000,1924.94,1935.88,1836.0,1850.54,2244662.581,4225374618.59173,1884142,1089302.936,2051005868.07537
1615766400000,1850.5,1896.3,1729.2,1794.89,3297299.618,5932093091.82662,2427808,1616815.273,2909312358.71151
1615852800000,1795.09,1819.76,1712.0,1807.25,2500648.806,4444439699.43044,2007781,1237512.306,2200090682.55588
1615939200000,1807.25,1841.86,1741.95,1825.77,2164536.182,3879170125.69688,1729032,1071276.026,1920580757.03416
1616025600000,1825.94,1853.0,1758.48,1777.54,1948941.621,3527078371.44721,1636587,923844.389,1672189613.64183
1616112000000,1777.55,1844.32,1733.09,1811.04,1807873.07,3259787302.19901,1544047,897435.533,1618727579.70283
1616198400000,1811.04,1873.84,1802.5,1807.35,1400240.86,2573392189.53617,1433898,701010.525,1288535323.90337
1616284800000,1807.43,1818.61,1745.02,1784.67,1569940.157,2801382704.19012,1557526,763137.385,1362072397.69851
1616371200000,1784.78,1809.59,1653.67,1681.69,2062250.384,3606818027.203,1816905,981460.369,1717619404.20763
1616457600000,1681.66,1722.52,1652.58,1669.33,1875276.276,3172273699.64815,1705140,919667.49,1555986824.26208
1616544000000,1669.33,1742.43,1540.22,1582.11,2657346.906,4399210528.81931,2011721,1283516.821,2126515086.36376
1616630400000,1582.01,1622.54,1548.56,1587.5,2454402.206,3902283814.32379,1762270,1212938.964,1928986833.53193
1616716800000,1587.44,1701.19,1587.03,1699.13,1630204.715,2675730180.49903,1296455,831309.947,1365212797.63838
1616803200000,1699.21,1734.88,1668.3,1714.34,1412714.74,2399338118.75358,1272307,701913.974,1192363569.22107
1616889600000,1714.14,1727.5,1662.54,1688.3,1167051.376,1983034035.73383,1118546,578167.566,982607532.58962
1616976000000,1688.31,1845.0,1680.04,1818.44,1936361.877,3435359910.8272,1494348,971287.537,1723034207.19779
1617062400000,1818.43,1863.79,1788.3,1843.43,1627666.888,2977548709.20566,1367854,797990.547,1459997131.80626
1617148800000,1843.43,1952.98,1771.85,1923.07,2721505.354,5049966053.5153,2093530,1336302.109,2480787747.65429
1617235200000,1923.07,1989.11,1882.1,1969.74,2282765.6,4435453780.00105,1864863,1120030.433,2177035192.55174
1617321600000,1969.75,2150.0,1949.94,2138.01,2782619.002,5678697553.59085,2187811,1390192.284,2838502252.42318
1617408000000,2138.01,2144.17,2002.0,2012.63,2961945.62,6150272520.34633,2154740,1435758.279,2981544989.03309
1617494400000,2012.64,2093.72,1980.0,2077.73,1628243.592,3330679833.83388,1485985,810070.944,1657379621.27131
1617580800000,2077.85,2138.61,2002.16,2110.35,2029400.255,4215186592.34909,1754041,997481.631,2072231252.40876
1617667200000,2110.39,2161.02,2043.89,2114.47,2216031.293,4675497907.26923,1850400,1061895.953,2241128697.74332
1617753600000,2114.48,2133.02,1930.1,1965.4,3144081.502,6331327536.5734,2315021,1512699.025,3047079333.43999
1617840000000,1965.4,2086.67,1950.0,2082.08,1653807.764,3355215507.54095,1460069,814310.272,1652269178.50818
1617926400000,2082.02,2104.83,2052.0,2068.02,1237414.829,2571500898.67981,1159312,592606.513,1231826568.00432
1618012800000,2068.02,2211.94,2059.03,2135.96,2077350.376,4462334737.25942,1721187,1028505.482,2209271806.71502
1618099200000,2135.99,2171.07,2115.56,2155.05,1290245.975,2765613090.77921,1262394,637105.081,1365885358.85052
1618185600000,2155.07,2209.99,2101.96,2139.25,1659510.107,3572221905.88937,1486039,791295.609,1703726826.95369
1618272000000,2139.24,2324.0,2137.21,2303.15,2311955.605,5176595617.26422,1780146,1148272.119,2570513961.65787
1618358400000,2303.15,2450.0,2286.04,2437.08,3370771.796,7962169647.2472,2468771,1632507.143,3856799144.06772
1618444800000,2436.74,2548.6,2403.14,2519.85,2600911.507,6417301595.81241,2000570,1264974.531,3121672740.79597
1618531200000,2519.85,2553.0,2298.23,2427.29,3505534.172,8482048892.07963,2375308,1681499.622,4069635112.8546
1618617600000,2427.29,2499.26,2314.49,2319.8,2057149.939,4945909137.13609,1733667,987743.735,2374682351.65658
1618704000000,2319.93,2341.91,1900.0,2235.32,4275573.298,9242083489.27048,3573690,2031438.001,4391973190.43101
1618790400000,2235.32,2278.58,2079.12,2162.75,3029523.224,6625482639.95203,2298989,1487044.376,3252086055.04156
1618876800000,2162.76,2347.0,2052.42,2329.96,3393046.281,7390689083.89487,2726060,1659688.17,3616869084.00746
1618963200000,2330.07,2470.0,2238.96,2358.9,3556266.081,8376213677.30245,2869276,1759568.319,4145850503.44985
1619049600000,2359.41,2645.63,2305.0,2398.94,6698438.657,16634756435.85801,5254044,3286810.321,8165071100.47479
1619136000000,2399.2,2443.66,2110.0,2368.67,6753400.874,15240128936.7881,5287498,3304800.34,7460124823.05529
1619222400000,2368.66,2370.04,2156.58,2215.54,3424662.228,7712787520.22163,2896447,1656349.988,3730393778.25107
1619308800000,2215.55,2357.0,2162.9,2320.71,3570867.777,8083675412.6014,2864331,1768609.519,4004150147.99782
1619395200000,2320.71,2545.5,2303.42,2534.25,3507145.533,8646978933.32786,2997476,1765092.767,4352505519.60982
1619481600000,2534.17,2683.42,2481.43,2668.39,2604067.05,6743588001.19054,2397806,1290836.328,3343067019.05474
1619568000000,2668.28,2762.1,2562.83,2748.33,3857131.883,10332188911.34269,3211060,1921065.705,5147300141.70237
1619654400000,2748.33,2798.0,2668.87,2759.14,2827431.929,7750499577.3932,2503798,1379566.987,3782341571.96435
1619740800000,2759.15,2803.55,2726.88,2773.15,1961665.845,5412494300.94511,1879324,947387.36,2614574202.72017
1619827200000,2773.16,2958.91,2754.04,2947.01,2293998.885,6589470501.4225,2139762,1144510.826,3287853200.84389
1619913600000,2947.0,2986.97,2856.7,2950.98,2080727.947,6086611127.85545,1950830,1007019.313,2946475620.08994
1620000000000,2950.91,3459.8,2950.7,3433.36,5116980.548,16382343434.80363,4435590,2523981.921,8079138870.44331
1620086400000,3433.7,3529.64,3160.01,3243.67,6940584.205,23227206677.60779,6222637,3325643.633,11132319408.91274
1620172800000,3243.65,3552.74,3211.0,3528.49,3838631.919,12937893760.98514,3812962,1828421.199,6165478151.93019
1620259200000,3528.74,3616.0,3380.25,3493.16,3041910.825,10632727893.23226,3211347,1460630.147,5106732732.74472
1620345600000,3493.17,3592.0,3355.0,3480.98,2326172.061,8094167086.99724,2597356,1121017.927,3901672633.03948
1620432000000,3480.98,3964.83,3451.74,3914.47,3128854.033,11602305090.60812,3543096,1543104.593,5721778308.19867
1620518400000,3914.95,3985.55,3730.0,3928.01,3118238.261,12120213502.67268,3541487,1489308.178,5789340832.26717
1620604800000,3927.83,4214.92,3658.0,3950.33,5052309.882,20426765812.22148,5506108,2401491.793,9708868439.74796
1620691200000,3950.32,4183.52,3778.17,4175.91,3394479.287,13477585470.55893,4132170,1643472.063,6525844552.70293
1620777600000,4175.85,4379.18,3723.43,3828.99,4928002.067,20540714054.05621,6206838,2381766.125,9932240244.71696
1620864000000,3829.89,4036.45,3491.53,3719.45,5852199.813,22134721314.84749,7847323,2881570.744,10897586878.17049
1620950400000,3719.44,4175.0,3692.99,4079.99,3063526.292,12181077842.13998,4229804,1499384.639,5960889474.7403
1621036800000,4079.98,4137.21,3634.44,3648.98,3321250.207,12859384950.05047,4473474,1601646.176,6202437951.27844
1621123200000,3649.01,3882.76,3348.0,3581.39,4223938.158,15266100829.69663,5514066,2054868.442,7429862606.30034
1621209600000,3581.39,3587.0,3125.0,3283.58,5745286.6,19279667315.49166,6763734,2792571.308,9371825418.54495
1621296000000,3283.23,3570.27,3240.06,3376.35,3842243.27,13102791083.02771,4889289,1915117.725,6532315781.50124
1621382400000,3377.03,3446.24,1400.73,2442.98,10144417.228,27803524889.35709,13310540,4896426.248,13447853938.43437
1621468800000,2444.02,2990.85,2150.0,2768.42,6097256.74,16113950567.52409,8152933,3045103.569,8046026598.80096
1621555200000,2768.42,2940.0,2097.99,2431.01,6041584.187,15265695041.77466,7619795,3002881.625,7590079388.51843
1621641600000,2431.24,2489.65,2151.63,2295.15,4564819.521,10666152727.52536,5861628,2276612.686,5320447399.81974
1621728000000,2295.46,2383.41,1728.85,2096.63,7797669.636,15783098848.93368,8787549,3868683.892,7830214434.99649
1621814400000,2096.62,2675.0,2079.0,2649.27,5714266.276,13586348325.92198,6572796,2888492.485,6867006552.58782
1621900800000,2649.49,2750.0,2380.6,2706.83,5322472.943,13694505271.63173,6447582,2649888.786,6818994310.55818
1621987200000,2706.82,2913.0,2642.87,2884.27,4052111.799,11285324614.47753,5030449,2010815.395,5600635032.75649
1622073600000,2884.16,2893.03,2634.0,2742.77,3441489.934,9494992137.75452,4319043,1705466.734,4706175422.03625
1622160000000,2742.77,2763.57,2324.48,2411.66,4733066.731,11983057928.13767,5232829,2351420.368,5952599717.66833
1622246400000,2411.65,2577.04,2208.04,2277.99,4468023.064,10655588004.12472,4840289,2224437.983,5305831156.73819
1622332800000,2277.99,2476.83,2179.13,2386.11,3642984.366,8645260126.70548,4099827,1829724.072,4344140117.22053
1622419200000,2386.11,2721.51,2271.46,2706.33,4203920.413,10502558832.11788,4606980,2127706.772,5315402534.37889
1622505600000,2706.46,2741.45,2523.82,2634.63,3779985.27,9868610856.33613,4328581,1874417.798,4893405954.83614
1622592000000,2634.61,2804.04,2551.03,2707.22,3026897.821,8165015125.37414,3628070,1497245.448,4039000743.15122
1622678400000,2707.03,2892.23,2662.0,2858.34,3561113.235,9987629061.44338,3961169,1761073.142,4939376330.32195
1622764800000,2858.34,2861.53,2540.61,2689.21,4343826.882,11593942225.54805,4514677,2145096.852,5724310646.12483
1622851200000,2689.41,2817.43,2550.77,2627.45,3876375.64,10381974440.23042,4216220,1923355.981,5151771632.31928
1622937600000,2627.44,2744.0,2613.11,2711.4,2719341.885,7316997901.78934,3156256,1372571.614,3693566169.91522
1623024000000,2711.3,2849.65,2569.3,2592.96,4175255.701,11416987186.62013,4541784,2065514.6,5651121426.14238
1623110400000,2592.51,2621.27,2305.5,2506.19,6567894.086,16237479290.57325,5951981,3267501.378,8077646681.31604
1623196800000,2506.13,2627.38,2404.01,2610.2,5127988.288,12928474320.41501,4862437,2585705.673,6519327843.36852
1623283200000,2610.2,2624.79,2423.36,2471.11,3151629.315,7963220022.58071,3512649,1565308.759,3955721947.05576
1623369600000,2471.05,2497.94,2320.0,2354.25,2932342.336,7111141085.93231,3385342,1468403.158,3562014656.27138
1623456000000,2354.25,2452.79,2255.42,2370.59,3349184.786,7889597212.00103,3729689,1684859.146,3968907637.81159
1623542400000,2370.61,2548.0,2307.41,2508.71,2999871.755,7188328606.18587,3487459,1525925.946,3657231436.44387
1623628800000,2508.56,2608.53,2460.0,2579.82,2592645.352,6555180132.71414,3222665,1290521.625,3262870612.83379
1623715200000,2579.8,2639.99,2506.81,2544.17,2609572.986,6731794513.84064,3202340,1280299.567,3303651996.75057
1623801600000,2544.28,2557.54,2350.0,2366.84,2715755.789,6669003234.20805,3397557,1311825.535,3222216656.98761
1623888000000,2366.84,2459.77,2304.15,2372.51,2805257.77,6695512370.52803,3376157,1385937.222,3307812501.75752
1623974400000,2372.5,2376.94,2135.04,2231.68,3783368.698,8552190538.28243,4084330,1828563.137,4135080577.80523
1624060800000,2231.68,2280.0,2160.0,2163.36,2905034.112,6458695705.42715,3327674,1470100.703,3269700978.16191
1624147200000,2163.36,2277.0,2038.94,2242.7,4117443.373,8843020670.45992,4022782,2057250.128,4419789821.51961
1624233600000,2242.7,2259.27,1864.36,1884.77,8408243.758,16807647822.40997,7236677,4185798.929,8367195862.62223
1624320000000,1884.75,1997.8,1698.64,1878.46,7629543.365,14223120472.28595,6312124,3839581.315,7161304226.81936
1624406400000,1878.46,2044.35,1820.3,1966.51,4071236.262,8043287560.77444,3911111,2071635.936,4093642479.66855
1624492800000,1966.48,2036.0,1883.47,1989.5,3069218.028,6018280271.63026,3138446,1552015.492,3043974302.33962
1624579200000,1989.5,2020.0,1790.0,1808.0,4807609.447,9024571644.12839,4146621,2387033.261,4480313351.37808
1624665600000,1808.0,1852.95,1715.0,1828.88,4547442.9,8078889026.41593,3987444,2308848.452,4103267854.79546
1624752000000,1828.86,1984.61,1805.0,1980.83,3643084.635,6776865023.89345,3425455,1860410.82,3463027763.31825
1624838400000,1981.0,2146.91,1960.31,2083.56,5085737.209,10414575455.76256,4329165,2572027.957,5267154729.80605
1624924800000,2083.55,2244.33,2073.0,2165.15,4249854.368,9211767303.62075,3871897,2136271.17,4631270292.92255
1625011200000,2165.03,2290.0,2087.23,2275.0,4574440.196,9905282259.92462,4069369,2305728.283,4995014035.77641
1625097600000,2274.99,2275.68,2066.0,2105.24,4469383.028,9572977503.66685,3884220,2192324.049,4695564977.17683
1625184000000,2105.23,2160.0,2016.43,2152.64,3889555.868,8073817364.15074,3627842,1968370.271,4086729294.52976
1625270400000,2152.64,2239.0,2112.03,2226.63,2965805.065,6500249029.39124,2845458,1506100.715,3301844849.23065
1625356800000,2226.71,2390.0,2188.0,2321.95,3200803.958,7390321295.6183,2845169,1596772.157,3686896476.07513
1625443200000,2322.13,2324.22,2155.04,2195.38,4496599.633,10086981165.22405,3640844,2192208.244,4918710176.05638
1625529600000,2195.38,2349.92,2191.24,2322.04,4197100.45,9626162967.33224,3956516,2102159.476,4821325277.74283
1625616000000,2321.82,2410.0,2292.94,2314.65,3113882.674,7340606730.55211,3187956,1536374.681,3622913079.14039
1625702400000,2314.64,2326.58,2082.07,2114.88,4154305.408,9080261738.94438,3793080,2034143.801,4446825205.31947
1625788800000,2114.81,2189.27,2045.0,2147.53,4166847.297,8846405222.35686,3773678,2102694.971,4464660906.08217
1625875200000,2147.4,2195.0,2073.0,2111.14,2803372.98,5940286610.7685,2901834,1384441.407,2934109601.17613
1625961600000,2111.14,2175.0,2080.0,2140.27,2154716.197,4578291195.14697,2335825,1090675.761,2317893367.71135
1626048000000,2140.26,2167.95,2003.4,2030.85,2941659.373,6135599771.18761,2856470,1415609.115,2952212476.02178
1626134400000,2030.78,2048.97,1916.0,1940.32,3641617.739,7240764577.16506,3304763,1798509.909,3577320950.94722
1626220800000,1940.31,2018.55,1862.32,1993.82,4274762.909,8306491741.37898,3557825,2148944.526,4176270499.01802
1626307200000,1993.82,2042.1,1880.29,1919.35,3891662.256,7547129300.45538,3397840,1943391.415,3769721189.94237
1626393600000,1919.36,1965.85,1846.0,1876.1,3797831.436,7227056616.37395,3347908,1891555.804,3600903079.48532
1626480000000,1876.09,1919.0,1841.0,1898.55,3169044.845,5965787509.4647,2894663,1601202.531,3015181022.17974
1626566400000,1898.55,1994.26,1875.0,1890.66,3350134.623,6490340037.90537,3000049,1671293.528,3238462540.45405
1626652800000,1890.8,1917.82,1801.0,1818.4,3317206.573,6135968039.40363,2995048,1608819.149,2977139424.48436
1626739200000,1818.4,1841.34,1715.0,1785.04,4510417.88,7956472622.46679,3712603,2253173.192,3974991938.39241
1626825600000,1785.2,2038.0,1752.35,1995.49,5466949.512,10439929115.58029,4331017,2810927.666,5367608197.59049
1626912000000,1995.5,2046.0,1945.0,2023.55,3739570.52,7466590230.05726,3437084,1876710.365,3747955804.83997
1626998400000,2024.0,2131.96,1995.02,2124.33,3237000.868,6648633427.28004,3062474,1644610.167,3379289078.81768
1627084800000,2124.34,2198.0,2105.4,2183.53,2900599.605,6230603831.2898,2827931,1448763.222,3112768201.19873
1627171200000,2183.54,2197.0,2106.12,2188.11,2654022.719,5715783682.52749,2588512,1326925.457,2858328683.89461
1627257600000,2188.15,2433.53,2170.03,2227.41,5648553.005,13069147530.17464,5017882,2788808.874,6452664899.16412
1627344000000,2227.44,2319.0,2150.0,2298.04,4077823.745,9128465396.90154,4058565,2024975.777,4534157411.61879
1627430400000,2298.05,2345.54,2242.2,2300.08,3309639.002,7597061765.53673,3719892,1625791.148,3733210001.70135
1627516800000,2300.12,2406.44,2263.33,2382.45,2369811.378,5488185704.97631,2620977,1204318.664,2790126082.73508
1627603200000,2382.45,2473.99,2316.03,2461.72,3555703.039,8490960948.10425,3527851,1774308.255,4238455459.01198
1627689600000,2461.52,2553.8,2421.76,2530.49,2363945.704,5836744313.47873,2690844,1179653.841,2913175028.51795
1627776000000,2530.37,2699.0,2511.88,2554.71,4203633.648,10920759980.85322,4097967,2087175.773,5422908342.72187
1627862400000,2554.72,2666.91,2506.11,2607.09,3757454.702,9757084146.95917,3852144,1856094.989,4820788686.00819
1627948800000,2607.09,2633.27,2441.0,2506.87,4035094.388,10108119599.97699,4142949,1971051.111,4937371207.75629
1628035200000,2506.5,2775.06,2456.83,2725.0,4639321.233,12137903905.43098,4651056,2333344.867,6105496276.47493
1628121600000,2725.0,2845.9,2527.0,2826.8,6430648.209,17419363268.20104,6217881,3176491.447,8608308778.24955
1628208000000,2826.81,2948.36,2720.31,2892.3,3957430.19,11184522371.32228,4431054,1962396.456,5547427656.24925
1628294400000,2892.29,3176.0,2865.45,3163.26,5211893.648,15898690989.9526,5830907,2597842.151,7924675778.18144
1628380800000,3163.26,3195.67,2950.45,3014.06,4207474.0,12960508391.08436,4951334,2051638.379,6320404918.96085
1628467200000,3014.06,3190.8,2890.03,3163.43,4997024.855,15308758012.82675,5388512,2445088.598,7489626733.73267
1628553600000,3163.43,3239.13,3053.24,3143.98,4011325.684,12596399140.64382,4665614,1951804.232,6131395969.89487
1628640000000,3143.97,3279.78,3120.69,3161.52,3248054.689,10431960240.70598,3926003,1589382.157,5105435871.99724
1628726400000,3161.52,3241.57,2981.0,3046.74,3651234.966,11298867650.12576,4537077,1778897.771,5504204748.24524
1628812800000,3046.63,3332.88,3034.35,3324.12,3291401.802,10556999488.07876,4036689,1633205.956,5239976336.17076
1628899200000,3324.12,3337.99,3210.0,3266.31,2307338.73,7541715652.47723,3389219,1117343.043,3652641771.41959
1628985600000,3266.31,3326.0,3109.0,3312.31,2863557.025,9176432710.68574,3847902,1396184.337,4474915517.23871
1629072000000,3312.31,3343.0,3133.33,3146.83,2823441.625,9165693580.68069,3751738,1354046.861,4397785664.62054
1629158400000,3146.82,3294.23,2992.0,3014.64,3583054.432,11313021664.72633,4538498,1733069.748,5475465884.46066
1629244800000,3014.63,3125.92,2950.0,3014.25,2914764.091,8870183227.13909,3845910,1433848.085,4365350711.56013
1629331200000,3014.31,3194.0,2958.8,3186.8,2795287.664,8517882649.26069,3542925,1380587.916,4208570825.43654
1629417600000,3186.76,3308.26,3180.0,3286.62,2223015.324,7213472444.69804,2934913,1096221.959,3557480824.04768
1629504000000,3286.65,3313.9,3207.12,3226.4,1838074.781,6008937521.2707,2562290,886315.616,2898144056.56905
1629590400000,3226.39,3276.42,3124.35,3241.29,1773220.917,5694971586.81129,2389513,863662.087,2774252423.26355
1629676800000,3241.29,3383.0,3233.07,3323.01,2430852.991,8087347064.89252,3053074,1204511.771,4007359176.03458
1629763200000,3323.0,3362.0,3145.0,3173.98,2520587.128,8206532013.99988,2999337,1212368.874,3948364879.91148
1629849600000,3173.99,3249.0,3078.52,3227.9,2405504.816,7633000732.16727,2892075,1162981.249,3691290931.49159
1629936000000,3227.9,3254.0,3052.0,3093.77,2360877.641,7377079755.83256,2888145,1139036.505,3558925995.59697
1630022400000,3093.81,3283.0,3061.44,3273.91,2227370.879,7072538774.15535,2685562,1134895.249,3604989748.77804
1630108800000,3274.12,3288.22,3209.93,3247.29,1124796.339,3648997299.15339,1694830,540133.897,1752546116.87541
1630195200000,3247.47,3291.7,3150.5,3225.47,1642534.292,5275349676.12545,2127874,802585.182,2578125654.63301
1630281600000,3225.47,3350.0,3142.38,3230.43,2535431.803,8211167690.59126,2851387,1238532.97,4012292730.59524
1630368000000,3230.42,3478.0,3187.85,3430.49,3605871.087,12096403303.17363,3916048,1789559.48,6004548047.81512
1630454400000,3430.49,3849.0,3381.23,3831.44,3339812.397,12019155034.32282,3999484,1702593.052,6128888549.6119
1630540800000,3831.42,3843.21,3723.87,3788.95,1997427.18,7549206070.15826,2756226,957866.166,3620717285.93248
1630627200000,3788.94,4036.44,3710.77,3942.79,2643680.21,10327395607.95398,3359042,1303867.714,5094363924.07464
1630713600000,3942.83,3976.59,3835.0,3889.71,1508907.058,5898345690.61458,2318029,723287.619,2827658999.29951
1630800000000,3889.95,3991.25,3837.0,3952.56,1483337.994,5811218020.16181,2241970,717022.866,2809796333.62739
1630886400000,3952.56,3976.6,3864.27,3929.0,1471495.586,5785284739.10346,2207758,698601.095,2747262325.13417
1630972800000,3929.01,3952.53,2923.0,3435.0,4947996.791,17735945429.50642,5556239,2331665.119,8356337209.12102
1631059200000,3435.0,3562.25,3217.01,3497.99,2986177.27,10180478366.96899,4117346,1491494.061,5085589858.89772
1631145600000,3497.68,3570.34,3390.0,3426.42,1980923.9,6915562238.84697,2960337,977157.629,3411996231.44292
1631232000000,3426.43,3517.91,3143.2,3209.84,2299854.907,7664857100.21164,3428953,1117159.911,3724283398.70848
1631318400000,3209.85,3349.17,3199.26,3267.23,1413713.591,4634941547.10116,2420923,702917.308,2304628726.44563
1631404800000,3267.28,3474.95,3230.84,3405.21,1518234.911,5125794285.18948,2511815,751951.383,2538921980.58856
1631491200000,3405.65,3432.12,3107.02,3284.41,2654865.254,8628300678.82541,3549751,1293523.659,4205431226.27695
1631577600000,3284.17,3438.0,3269.25,3435.42,1536142.673,5132621489.63076,2284886,777702.174,2599186929.44336
1631664000000,3435.29,3620.0,3358.08,3614.72,1652816.482,5729547036.04413,2219716,830016.918,2878481053.30314
1631750400000,3614.71,3678.0,3482.0,3570.46,1879717.934,6749807268.0306,2648168,919810.49,3304246502.65221
1631836800000,3570.46,3597.52,3350.0,3400.99,1665745.301,5777910858.46376,2467615,797401.899,2766272738.37017
1631923200000,3401.0,3546.0,3370.25,3435.35,1392166.948,4822132415.09092,2152638,675781.839,2341362498.98377
1632009600000,3435.36,3459.0,3275.0,3328.72,1409270.892,4746244212.53249,2148573,676212.203,2278450607.10892
1632096000000,3328.99,3347.99,2907.07,2978.34,3894855.847,12039370935.18889,4649623,1862281.332,5755737819.58913
1632182400000,2978.34,3108.17,2647.8,2765.48,4287819.594,12492102976.07246,5223380,2096595.249,6113258055.63862
1632268800000,2765.47,3088.88,2736.57,3076.62,2674294.104,7869352817.07343,3650837,1367543.198,4024496448.82784
1632355200000,3076.62,3173.99,3032.77,3150.7,1943658.778,6041895582.92996,2712607,969939.282,3015229967.61927
1632441600000,3150.7,3157.5,2731.0,2926.37,3728806.998,10865785866.61314,4408594,1852360.401,5398116288.49348
1632528000000,2926.36,2967.32,2800.0,2921.08,2234473.056,6479851719.41051,2957595,1119434.198,3247356399.8351
1632614400000,2921.08,3116.84,2737.19,3057.63,2764303.968,8086407799.8204,3532565,1398063.506,4093047060.76551
1632700800000,3057.62,3163.9,2920.22,2923.6,2027218.619,6207785919.1174,2832962,994806.35,3047676761.78729
1632787200000,2923.59,2969.0,2781.0,2803.5,2369096.762,6842995160.8656,2966697,1173294.917,3390537974.26984
1632873600000,2803.34,2949.0,2780.0,2848.38,1856317.865,5329924985.4215,2436419,926064.435,2659649226.63042
1632960000000,2848.38,3049.3,2835.29,2999.45,2159101.897,6442115144.18377,2898060,1087424.716,3244448322.87048
1633046400000,2999.45,3331.56,2967.1,3308.58,2414202.176,7658451348.34575,3091228,1249478.821,3964223446.03096
1633132800000,3308.59,3471.58,3257.05,3387.25,1587338.885,5321010602.50726,2257696,796946.629,2671828419.74488
1633219200000,3387.24,3489.22,3340.0,3418.25,1314004.609,4489154260.98601,2060929,649951.335,2221133318.7367
1633305600000,3418.21,3440.0,3268.81,3386.12,1961769.087,6593223607.9167,2748043,969487.339,3259406716.14921
1633392000000,3386.12,3549.9,3363.56,3517.64,1476768.109,5084407350.48579,2120567,735674.958,2533180707.62793
1633478400000,3517.64,3638.0,3339.67,3576.85,2134235.566,7490086402.70969,2853918,1047758.456,3677833545.88089
1633564800000,3576.9,3659.98,3470.37,3589.85,1809003.003,6469443460.61853,2504305,880484.045,3149976372.48563
1633651200000,3589.85,3675.41,3531.0,3563.81,1501949.85,5420718273.95965,2075941,720668.64,2601563902.92571
1633737600000,3563.82,3639.0,3538.1,3577.8,907875.164,3261401758.35606,1418747,445053.052,1599055736.57207
1633824000000,3577.65,3607.55,3402.12,3415.01,1518799.428,5358091720.90991,2016636,721059.813,2544938381.98907
1633910400000,3415.01,3629.0,3368.0,3543.1,1874616.227,6627188014.14814,2262233,919723.523,3250484369.02472
1633996800000,3543.09,3549.82,3404.0,3492.91,1986800.415,6921948842.21512,2392794,977692.916,3406794841.17882
1634083200000,3492.9,3618.0,3412.29,3610.05,1635415.204,5716317657.28848,2084243,801642.758,2803365164.91347
1634169600000,3610.24,3830.0,3590.02,3794.19,1736537.63,6464841242.57513,2332774,867265.924,3228878046.14481
1634256000000,3794.18,3915.0,3737.13,3872.71,1828015.586,6986614680.17821,2438373,884463.565,3380799074.48406
1634342400000,3872.7,3980.0,3801.38,3833.3,1398494.278,5439841445.65477,1984170,666219.083,2592247694.30976
1634428800000,3833.29,3925.95,3634.32,3851.01,1611014.925,6142893874.59043,2079490,763546.772,2912699232.61464
1634515200000,3851.17,3898.94,3675.5,3748.31,1768303.025,6698042946.90319,2303134,840165.168,3182931092.99356
1634601600000,3748.1,3893.0,3734.93,3881.48,1769755.526,6744236733.28791,2184932,853448.16,3253336516.50316
1634688000000,3881.49,4173.5,3830.0,4164.14,2278334.962,9128464233.64793,2735839,1109894.428,4446973869.32744
1634774400000,4164.13,4389.6,4006.83,4057.26,3807814.197,15910566499.34866,4598848,1826101.524,7632447592.21618
1634860800000,4057.26,4172.52,3888.0,3975.56,2113125.983,8543803309.03356,2795912,1004386.634,4061459435.37215
1634947200000,3975.55,4177.27,3940.6,4170.5,1494374.557,6054898527.29019,2032409,735313.136,2980216071.72589
1635033600000,4170.5,4191.72,3962.86,4084.61,1501860.773,6104092135.26068,2070642,716836.924,2913612051.11246
1635120000000,4084.6,4240.03,4071.37,4224.14,1389123.02,5782790674.75053,1960444,676590.015,2816953204.88268
1635206400000,4224.13,4306.61,4092.0,4133.39,1665700.699,6994107155.70646,2254733,799763.573,3358650438.28458
1635292800000,4133.37,4319.0,3900.0,3923.57,2642128.851,10763105133.4298,3282041,1274210.176,5191588040.94385
1635379200000,3923.58,4300.0,3887.75,4288.96,2233903.498,9229357434.93807,2965480,1112479.835,4597444835.22805
1635465600000,4288.91,4467.89,4269.16,4421.53,1862409.48,8133818992.52625,2761100,915098.117,3997337296.06153
1635552000000,4421.53,4438.85,4230.55,4324.82,1145688.807,4951230218.09777,1733391,551374.062,2383535694.82875
1635638400000,4324.82,4399.22,4161.0,4288.86,1308821.315,5597512700.72108,1990711,638363.292,2730513861.93252
1635724800000,4288.87,4385.57,4145.0,4322.72,1541230.772,6622171137.33538,2186831,752941.695,3236146111.1072
1635811200000,4322.72,4604.96,4286.67,4593.88,1477069.747,6575344469.33907,2278283,739104.647,3290762873.05805
1635897600000,4593.17,4676.0,4456.0,4606.59,1476260.698,6750265632.46388,2340677,732460.112,3349860673.98463
1635984000000,4606.59,4611.23,4423.09,4535.37,1202357.813,5431479120.96728,1818589,576930.698,2606693494.93029
1636070400000,4535.38,4575.0,4445.1,4477.29,967384.995,4358883948.49716,1620292,468704.582,2112249158.29508
1636156800000,4477.29,4538.29,4325.91,4521.4,1062427.875,4714538239.7317,1772519,508882.163,2258991666.33596
1636243200000,4521.7,4642.76,4505.41,4616.5,832391.585,3816126139.59038,1498090,412610.985,1891683364.97617
1636329600000,4616.51,4830.66,4615.21,4814.3,1214445.239,5753273555.99257,1852982,600814.466,2846643721.78804
1636416000000,4814.13,4844.97,4714.83,4734.98,1151973.219,5516088243.02753,1828390,566090.194,2710811120.22053
1636502400000,4734.99,4877.54,4450.0,4632.21,1848828.004,8703427804.71559,2683461,893119.456,4206427904.45018
1636588800000,4632.42,4783.12,4580.9,4721.19,1146003.874,5380011627.03747,1806373,561937.342,2638555334.08641
1636675200000,4721.19,4811.0,4508.0,4665.99,1671025.399,7762478251.17218,2375978,808217.322,3754824704.91141
1636761600000,4665.99,4708.0,4585.11,4644.42,812743.805,3779188246.75865,1276335,396529.633,1844110214.93499
1636848000000,4644.42,4700.0,4515.84,4629.44,947148.676,4354962791.23766,1515170,465622.932,2141248755.16082
1636934400000,4629.75,4771.83,4541.44,4567.01,1351110.691,6306501839.02235,1987809,654767.664,3057384166.84025
1637020800000,4567.01,4567.07,4077.0,4209.42,2734039.543,11760055645.2655,3378829,1294570.176,5568312120.65498
1637107200000,4209.42,4300.0,4062.0,4287.99,1860601.927,7783640525.6704,2438404,913440.006,3822140764.47525
1637193600000,4288.0,4343.33,3957.96,3997.72,2286170.467,9439478791.19713,2883206,1101340.529,4548270753.77164
1637280000000,3997.72,4309.04,3973.14,4293.44,1514406.552,6266188518.48803,2130976,760953.458,3149274789.03821
1637366400000,4293.44,4436.01,4202.24,4412.55,1143613.53,4931186882.83004,1814583,574462.367,2477445176.05412
1637452800000,4412.37,4425.73,4242.0,4259.23,996488.568,4334385457.28967,1635793,482160.094,2097727947.94851
1637539200000,4259.28,4327.75,4019.35,4086.57,1891091.913,7905984342.52,2702558,926476.644,3874314370.68371
1637625600000,4086.41,4387.0,4059.55,4341.36,1636864.585,6895439496.10744,2491307,818923.192,3450540823.66869
1637712000000,4341.36,4377.0,4170.38,4271.29,1365898.959,5822609661.59857,2149379,671854.736,2864057507.82437
1637798400000,4271.29,4558.29,4250.34,4527.86,1247655.55,5497303917.35342,1984519,624230.543,2750335857.33328
1637884800000,4528.2,4555.0,3911.0,4040.66,2657050.069,11001572746.4512,3467510,1272401.024,5266372605.4875
1637971200000,4040.66,4182.66,4027.32,4095.33,1008009.177,4148428146.1635,1684637,491467.184,2022800265.4498
1638057600000,4095.33,4301.07,3958.58,4296.6,1512818.39,6210487095.14454,2143420,746165.656,3065377996.76414
1638144000000,4297.01,4460.0,4280.0,4445.1,1432921.208,6245171955.45936,2026318,720031.636,3138621395.99998
1638230400000,4445.09,4757.8,4347.9,4631.51,2573876.207,11742857991.16934,3626412,1290984.307,5891350018.04904
1638316800000,4631.43,4783.19,4528.5,4586.66,1861557.163,8721654100.22072,2896669,921965.251,4320347492.04115
1638403200000,4586.67,4636.86,4435.76,4514.32,1767131.692,8009972829.01313,2593287,866156.227,3926923239.19776
1638489600000,4514.32,4658.0,4004.0,4213.66,2648380.12,11599142242.40267,3359014,1276987.557,5596391806.19256
1638576000000,4213.67,4237.2,3388.15,4115.79,3531695.892,13904957699.91255,4397362,1685267.694,6640391060.72415
1638662400000,4115.79,4247.19,4033.0,4197.53,1909767.851,7920029236.9875,2872269,955878.632,3964943993.80484
1638748800000,4197.52,4377.58,3920.0,4345.2,2601175.77,10673116598.55363,3318691,1301601.745,5343433952.3364
1638835200000,4345.44,4425.0,4255.27,4305.82,1388803.726,6040967486.57935,2183483,704132.906,3063544353.67864
1638921600000,4305.83,4454.6,4224.98,4435.33,1443466.295,6276303882.73508,2219642,724161.277,3149719726.26192
1639008000000,4435.7,4490.97,4075.0,4103.8,1905332.516,8128100154.37248,2592152,934239.558,3986375203.94699
1639094400000,4103.8,4232.0,3882.84,3895.95,2123045.506,8630315816.21057,2976443,1037613.313,4219590637.71057
1639180800000,3895.85,4094.82,3831.01,4089.81,1729754.927,6927855786.59676,2513364,858826.723,3440497966.36373
1639267200000,4088.86,4173.37,3985.0,4129.0,1044691.201,4250371718.97262,1673043,524919.175,2136460514.84705
1639353600000,4129.16,4142.0,3668.34,3780.63,2252296.914,8753636591.89626,3204210,1077590.63,4187782053.06397
1639440000000,3780.33,3879.13,3682.0,3856.66,1718001.41,6516584351.17794,2471176,860515.69,3264805929.02826
1639526400000,3856.67,4096.0,3639.39,4019.01,2415815.067,9333255722.11962,3239561,1216293.854,4700575007.80404
1639612800000,4019.01,4118.47,3951.14,3958.67,1603846.854,6477885416.67551,2294353,795052.944,3212317695.69258
1639699200000,3958.7,3992.99,3694.2,3873.93,2112402.041,8150384191.8372,2881093,1044417.811,4031405178.3771
1639785600000,3872.98,3997.39,3764.96,3957.64,1306368.673,5102991865.01633,2125631,664862.037,2597645006.46707
1639872000000,3957.65,4034.99,3881.89,3922.51,1402356.037,5534488536.14064,2030727,695606.922,2746249783.37654
1639958400000,3922.51,3981.48,3750.0,3943.48,1741509.419,6712525820.97073,2653960,862794.397,3326602572.65187
1640044800000,3943.64,4063.0,3912.26,4014.38,1246421.469,4984828563.72327,2100781,633136.61,2532105700.40649
1640131200000,4014.38,4074.99,3924.36,3978.62,1076095.044,4313444572.42589,1685371,533760.196,2139959337.15589
1640217600000,3978.63,4153.71,3888.87,4111.3,1586935.899,6342305120.28279,2574870,790942.203,3162412138.89739
1640304000000,4111.31,4133.38,4014.45,4045.0,1026594.079,4194323368.2672,1959357,503307.492,2057074991.90787
1640390400000,4045.19,4138.47,4015.0,4093.87,890361.594,3621803415.02818,1550150,452393.34,1840765246.64893
1640476800000,4093.88,4104.84,4002.0,4062.24,767517.751,3110302732.49935,1214270,374805.14,1519130421.78793
1640563200000,4062.4,4126.0,4030.06,4037.36,837344.643,3412512083.97403,1346208,405956.805,1654814228.90877
1640649600000,4037.35,4037.36,3756.26,3791.99,1675203.532,6515358318.89518,2329455,808767.898,3146041359.67125
1640736000000,3792.0,3825.91,3600.45,3628.55,1318187.731,4938307811.88661,1811791,628740.042,2357157171.53485
1640822400000,3628.49,3766.71,3580.0,3708.37,1023870.718,3783727767.90478,1468765,511459.256,1890710432.46539
1640908800000,3708.45,3814.95,3621.32,3676.02,1343940.174,5019121901.3092,1718536,657338.46,2455318242.51639
1640995200000,3676.01,3776.33,3671.86,3763.06,755619.793,2815651909.34339,1253371,374973.37,1397453273.20879
1641081600000,3763.05,3860.0,3714.48,3826.21,740079.43,2798657676.16421,1251669,380197.071,1438262996.19347
1641168000000,3826.1,3850.0,3680.0,3764.07,999879.353,3777721163.97305,1481803,485541.732,1834763812.23665
1641254400000,3764.07,3893.19,3711.0,3785.6,1253780.69,4775534414.28812,1702557,631582.491,2406003407.58924
1641340800000,3785.6,3847.18,3405.0,3537.71,1813981.948,6675092541.77517,2392846,870855.603,3205775294.72495
1641427200000,3537.81,3549.11,3292.31,3404.6,1840489.348,6279177286.15747,2474832,902767.537,3080987789.69944
1641513600000,3404.61,3415.35,3040.77,3196.58,2855226.352,9156175041.42808,3635807,1385097.55,4442877232.85936
1641600000000,3196.58,3248.03,2996.45,3080.03,1859886.155,5808043464.37497,2323042,915949.549,2860873049.3519
1641686400000,3079.86,3209.4,3057.0,3150.0,1230848.792,3853748750.33209,1652895,618102.939,1935566723.02496
1641772800000,3149.99,3179.16,2924.78,3081.31,2322294.565,7079565083.20333,2638378,1148983.072,3502967966.63497
1641859200000,3081.25,3262.66,3050.58,3236.86,1533503.746,4836151992.53377,1894382,773577.009,2439879607.6113
1641945600000,3236.86,3411.0,3203.85,3369.93,1435454.649,4753099829.92951,1901450,737104.09,2441631267.65085
1642032000000,3369.92,3408.89,3230.97,3240.36,1374273.064,4558640511.93513,1775539,671380.571,2227413038.34845
1642118400000,3240.32,3342.63,3181.2,3305.6,1309794.267,4271754423.42846,1677945,658810.445,2149597068.08969
1642204800000,3305.61,3372.0,3257.59,3324.05,809020.133,2687321901.17641,1399475,403309.029,1340071430.72307
1642291200000,3324.06,3394.62,3269.01,3345.49,934941.801,3112687274.02912,1443664,475563.74,1583857257.27678
1642377600000,3345.5,3355.3,3139.37,3208.61,1440138.934,4673076476.50251,1905930,713648.866,2315979167.25524
1642464000000,3208.6,3243.95,3080.5,3159.32,1589444.667,5010157515.14645,1918856,792354.659,2497982478.65501
1642550400000,3159.31,3174.6,3045.0,3082.81,1668517.082,5189639864.18362,2154279,827915.615,2575812422.60448
1642636800000,3082.8,3272.24,2985.0,2999.92,1880719.448,5926009927.5985,2206660,951170.197,2998472472.20511
1642723200000,2999.92,3031.9,2460.0,2566.91,4517274.359,12514701125.46148,4897029,2200477.083,6098060560.24197
1642809600000,2566.91,2625.6,2293.56,2410.96,4662398.873,11407543010.036,5193460,2315583.584,5667992037.60323
1642896000000,2410.57,2549.0,2368.0,2538.41,2371974.868,5833997685.39064,2629510,1211371.166,2980950643.00904
1642982400000,2538.4,2539.59,2151.0,2438.13,4694300.254,10840194199.53302,5281222,2366956.599,5465216077.754
1643068800000,2437.87,2504.98,2349.6,2457.37,2325976.562,5636577032.24078,2812723,1179167.455,2858603889.84165
1643155200000,2457.37,2720.06,2400.01,2461.61,3370868.336,8579635823.06901,3854865,1711041.047,4356821161.78977
1643241600000,2461.62,2520.0,2314.33,2422.61,2706734.602,6551124353.29313,3054308,1357961.379,3287944611.3125
1643328000000,2422.61,2556.93,2357.0,2543.34,2394675.788,5832709367.68838,2814629,1225252.464,2986707220.13692
1643414400000,2543.34,2658.41,2519.21,2599.94,1522389.395,3909322807.94748,1950275,768347.892,1973963749.76406
1643500800000,2599.93,2644.93,2541.46,2600.45,1322236.477,3431223524.16989,1713681,677924.103,1759815045.63828
1643587200000,2600.45,2706.47,2475.33,2685.34,2119778.986,5497599951.88833,2511180,1092721.93,2836083345.48585
1643673600000,2685.34,2812.94,2672.61,2786.38,2054796.845,5668520842.67734,2514252,1054869.861,2910128881.82822
1643760000000,2786.37,2810.0,2610.4,2678.0,2354857.007,6390741360.31646,2588322,1161329.836,3152533644.88095
1643846400000,2678.47,2722.99,2572.64,2694.37,2171742.641,5720509414.67786,2508451,1091608.761,2875951988.55035
1643932800000,2694.2,2995.0,2670.14,2993.65,2953883.898,8398868704.49046,3399565,1531423.303,4354458886.96182
1644019200000,2993.64,3059.91,2958.01,3011.59,1557391.545,4687429957.09237,2014040,786711.318,2368379630.75496
1644105600000,3011.58,3075.0,2948.0,3054.26,1151529.849,3460851097.7894,1457326,581357.686,1747828840.36891
1644192000000,3054.26,3185.99,2990.83,3138.55,1920591.918,5945879846.5335,2234372,978279.765,3029389030.73493
1644278400000,3138.55,3246.65,3023.28,3115.23,2122006.982,6598768727.89174,2441605,1056438.505,3285568021.73335
1644364800000,3115.23,3269.16,3052.5,3241.82,1571485.369,4964808230.62457,2034483,797111.751,2518720555.68676
1644451200000,3241.79,3282.96,3055.24,3070.9,2672791.971,8499639525.52764,3068978,1333421.559,4241251208.96306
1644537600000,3070.89,3136.55,2873.5,2926.04,2333468.434,7077554747.74226,2928823,1143123.633,3467983510.9086
1644624000000,2926.03,2983.62,2855.0,2916.93,1869241.526,5450989532.57656,2296999,920784.062,2685443686.71921
1644710400000,2917.04,2952.66,2830.31,2870.32,1277486.697,3707939332.4807,1711130,632594.457,1836709733.59703
1644796800000,2870.33,2964.44,2829.8,2928.87,1815960.443,5263552192.95742,2201211,910997.874,2641127709.00084
1644883200000,2928.87,3198.0,2911.85,3183.73,1856076.117,5714091348.62078,2335370,954848.633,2939810949.0015
1644969600000,3183.74,3186.79,3040.42,3121.8,1733462.418,5408024225.21039,2169230,857155.629,2674143996.86848
1645056000000,3121.8,3158.68,2850.0,2890.8,2632604.386,7919238051.35232,3010625,1276241.316,3839803752.45899
1645142400000,2890.75,2941.94,2750.0,2778.46,2162941.471,6148632292.71915,2608990,1078421.674,3066047005.91269
1645228800000,2778.46,2829.99,2691.0,2761.89,1546343.886,4270584831.58429,1936132,765108.298,2113426445.53245
1645315200000,2761.9,2762.89,2573.33,2620.72,2242471.273,5933481403.7028,2530352,1107164.273,2929384820.63703
1645401600000,2620.72,2758.0,2555.56,2566.88,3985389.094,10607780731.93246,4153367,2005642.904,5338966041.22877
1645488000000,2566.88,2670.0,2495.0,2635.57,3195802.792,8250350069.89216,3451981,1619507.436,4182415961.74897
1645574400000,2635.57,2752.38,2573.39,2578.02,2704599.315,7224805564.13842,2817096,1336758.643,3571619613.41271
1645660800000,2578.02,2777.33,2298.72,2595.47,6227786.305,15271087886.32285,5736440,3139396.939,7698292990.01452
1645747200000,2595.47,2835.0,2571.68,2766.36,2936418.882,7859621309.73445,3391355,1495854.279,4005447438.97709
1645833600000,2766.42,2882.0,2726.0,2778.15,1852287.146,5167387400.86429,2447336,925077.103,2581865633.17048
1645920000000,2778.15,2836.21,2553.68,2615.99,2948786.157,7998715417.35802,3578220,1446388.727,3924840188.70364
1646006400000,2615.99,2966.0,2565.0,2920.1,3405929.703,9267533739.81621,3736110,1732007.615,4718805944.11781
1646092800000,2920.05,3036.0,2852.2,2975.61,2903119.452,8544403642.44822,3339956,1444478.697,4252815639.03993
1646179200000,2975.61,3046.46,2912.96,2947.47,2628094.604,7817489406.51165,3202125,1298130.046,3862517286.31753
1646265600000,2947.48,2970.0,2781.77,2832.97,2068430.471,5935025460.83803,2528238,1005589.849,2885815057.2467
1646352000000,2832.98,2835.9,2570.65,2620.25,2431616.203,6556161324.43909,3013013,1181918.387,3186218162.76912
1646438400000,2620.25,2684.87,2588.0,2663.55,1085460.56,2866022819.73462,1606329,542236.339,1431884209.93311
1646524800000,2663.55,2674.61,2529.0,2549.37,1394552.348,3653497883.30399,1799383,678469.048,1777884035.09776
1646611200000,2549.36,2650.0,2431.62,2489.9,2690724.432,6844133016.58346,2883213,1334090.842,3394448207.16211
1646697600000,2489.84,2623.0,2478.35,2575.49,2643188.688,6770376286.07039,2835027,1326739.569,3399232975.82482
1646784000000,2575.5,2773.17,2566.41,2726.37,2075382.606,5619678231.05178,2445604,1065564.117,2884105324.81258
1646870400000,2726.37,2733.37,2546.83,2605.44,2036842.087,5317486921.07739,2321357,996769.933,2602194847.52978
1646956800000,2605.43,2676.2,2520.5,2555.89,2046135.535,5300909392.6962,2361963,1018583.621,2639372595.8329
1647043200000,2555.9,2620.0,2552.22,2567.64,835243.91,2158684698.28486,1104040,419451.7,1084293842.24743
1647129600000,2567.63,2604.13,2490.25,2514.07,1153034.412,2952206474.62885,1402184,558716.365,1431178938.90646
1647216000000,2513.77,2609.32,2496.85,2588.96,1700607.097,4359481633.20476,1842745,868925.572,2227739646.33532
1647302400000,2588.96,2668.8,2504.5,2617.29,2010933.59,5180763260.29182,2105424,1021557.951,2632926318.23309
1647388800000,2617.29,2789.86,2602.06,2772.78,2671403.544,7174881501.972,3045564,1385429.91,3722850835.74084
1647475200000,2772.78,2839.0,2745.33,2810.74,1388608.329,3874029264.8057,1755043,710453.943,1982717128.23561
1647561600000,2810.75,2984.72,2760.0,2938.02,2012338.322,5743230991.25995,2244661,1041776.996,2974787546.08596
1647648000000,2938.03,2992.0,2890.6,2950.0,1138322.115,3357316687.44774,1561236,554826.606,1636873555.32168
1647734400000,2949.9,2965.0,2817.49,2860.47,1437020.801,4147063354.36078,1797072,694125.832,2003633753.17303
1647820800000,2860.53,2960.0,2830.5,2889.08,1686819.608,4892675845.46698,2035694,841002.607,2439586759.80094
1647907200000,2889.07,3055.9,2885.49,2968.49,1797753.573,5382225852.73813,2214879,900225.366,2694997108.88053
1647993600000,2968.48,3043.69,2915.51,3035.55,1781378.735,5298210934.19466,2048735,881814.931,2623674368.63429
1648080000000,3035.54,3129.75,3001.0,3109.89,2081151.644,6374707643.69508,2190868,1053819.11,3229468168.26125
1648166400000,3109.89,3195.0,3075.0,3101.37,2007262.806,6287041331.74681,2033711,1002738.046,3141333616.82659
1648252800000,3101.37,3152.24,3084.03,3143.47,760414.286,2373068593.90462,1029994,379354.337,1184179332.07978
1648339200000,3143.47,3299.33,3125.26,3295.01,1243196.793,3969755255.96455,1471486,647722.164,2069573448.35966
1648425600000,3295.01,3430.0,3274.3,3333.62,1780150.955,5967520102.20501,2103793,887547.271,2975865277.8301
1648512000000,3333.62,3480.0,3330.32,3399.0,1928941.55,6583444774.67217,2104753,966426.807,3298793890.23792
1648598400000,3399.0,3447.74,3332.0,3385.1,1512369.419,5123666479.18429,1744604,740520.27,2509451690.85627
1648684800000,3385.09,3444.6,3260.84,3281.43,1815474.754,6079844304.562,1972188,881263.691,2951556932.78967
1648771200000,3281.43,3483.12,3210.06,3454.33,2109764.119,7072994919.3486,2259343,1058417.897,3549534808.87093
1648857600000,3454.33,3533.0,3430.2,3443.07,1652414.36,5750301550.87988,1903299,821573.386,2859594662.4313
1648944000000,3443.06,3580.0,3411.9,3520.76,1431228.504,5003591177.3317,1698555,717298.807,2508455562.05967
1649030400000,3520.65,3551.55,3405.03,3518.96,1653737.507,5747409279.23374,1917751,814828.402,2832887814.07611
1649116800000,3518.97,3554.99,3388.97,3405.04,1487565.105,5173971174.2849,1744550,705418.551,2454478528.86031
1649203200000,3405.03,3406.08,3160.19,3166.78,2622721.98,8579524051.95511,3070715,1264197.684,4134599421.60509
1649289600000,3166.77,3267.58,3140.33,3225.15,1752183.226,5620103056.30526,2125732,869637.762,2789630867.01119
1649376000000,3225.0,3315.0,3171.95,3191.26,1958267.702,6370437705.00749,2292903,970790.3,3159117821.19071
1649462400000,3191.27,3269.62,3180.24,3257.53,909857.465,2928136396.63502,1312697,467480.356,1505022197.70436
1649548800000,3257.54,3307.21,3187.0,3200.24,1000563.67,3254049432.15029,1346639,482532.983,1570020307.9176
1649635200000,3200.24,3212.0,2945.08,2978.69,2565570.206,7861189063.1962,3029221,1233985.064,3781136134.34596
1649721600000,2978.69,3082.0,2948.19,3026.3,1863628.985,5623890363.23573,2382584,944457.732,2850191024.61432
1649808000000,3026.31,3133.0,2995.23,3116.45,1652978.477,5064530681.36142,2045938,845245.11,2590443152.8995
1649894400000,3116.53,3148.0,2973.47,3019.82,1505522.162,4606236523.90761,1915798,729643.035,2232547629.22373
1649980800000,3019.82,3062.81,2990.06,3039.19,923299.874,2793541314.08019,1319319,468592.672,1418080902.18844
1650067200000,3039.2,3090.0,3008.08,3057.99,652575.022,1983250932.42988,951834,338829.606,1030056095.64987
1650153600000,3058.0,3082.56,2980.6,2986.03,1075168.023,3272956187.26666,1309595,534072.882,1626510147.98233
1650240000000,2986.02,3069.0,2875.87,3054.02,1815827.195,5367447373.56267,2173037,919075.245,2719000696.98827
1650326400000,3054.02,3129.43,3027.66,3100.42,1194169.089,3675189299.32606,1594803,610595.654,1879547259.18505
1650412800000,3100.43,3173.89,3031.48,3074.01,1393841.93,4315689906.27074,1875863,691942.796,2143113010.76509
1650499200000,3073.96,3180.0,2933.33,2981.31,1801732.011,5555789275.52444,2468544,889830.5,2746013229.20583
1650585600000,2981.31,3035.37,2930.26,2960.38,1476858.769,4405125111.45917,2267165,730948.751,2180500626.62669
1650672000000,2960.39,2976.82,2904.36,2930.28,615769.147,1817888152.35829,1227459,298838.064,882524029.16401
1650758400000,2930.28,2967.2,2908.99,2918.97,847760.075,2491367633.1007,1389020,421006.556,1237364231.93581
1650844800000,2918.98,3026.02,2791.3,3006.11,2207537.517,6381274608.20131,3090400,1109715.762,3210812274.1221
1650931200000,3006.12,3043.0,2761.27,2807.88,2115673.365,6148208700.99848,2885124,1021787.535,2970674947.37231
1651017600000,2807.89,2920.0,2792.27,2887.57,1889647.276,5415643571.37906,2579650,958715.968,2748484118.34543
1651104000000,2887.57,2979.76,2853.24,2935.39,1925868.923,5612621053.48657,2603535,990190.304,2886655394.7479
1651190400000,2935.39,2946.29,2776.0,2815.37,1671919.811,4775274689.59476,2376583,807090.755,2305770669.83597
1651276800000,2815.38,2841.04,2711.65,2725.1,1115770.231,3118023087.07109,1875933,540019.6,1509733010.62816
1651363200000,2725.1,2849.0,2714.5,2823.38,1217450.891,3385139761.72705,1915241,629035.872,1749912077.69001
1651449600000,2823.38,2882.15,2774.97,2855.16,1598694.15,4519577853.11413,2375200,810227.003,2291400982.89933
1651536000000,2855.15,2860.76,2753.0,2780.91,1170566.655,3294651871.44225,1805962,578088.174,1627404787.78782
1651622400000,2780.92,2965.0,2770.08,2939.76,1716921.512,4918906434.58761,2466900,887647.461,2543482345.34626
1651708800000,2939.76,2955.79,2684.84,2746.37,2174369.003,6098185668.96568,2792559,1043396.279,2927129473.47747
1651795200000,2746.36,2757.28,2630.0,2691.59,1917392.823,5168734732.80876,2749965,947109.621,2553451730.10315
1651881600000,2691.6,2703.61,2581.89,2634.82,963077.904,2563154598.57406,1676146,474806.083,1264277137.49046
1651968000000,2634.82,2641.11,2480.0,2518.9,1999269.154,5089866425.1632,2923846,983645.67,2504608525.55616
1652054400000,2519.03,2530.88,2222.46,2227.48,4531752.048,10697215137.69064,5474848,2247689.031,5306393518.03495
1652140800000,2227.62,2455.88,2197.38,2340.86,4079487.756,9596880256.63219,5395559,2065257.288,4857221864.77054
1652227200000,2340.85,2451.86,2002.0,2083.98,5826464.141,13173803440.07364,7380714,2901650.587,6567306052.93728
1652313600000,2083.98,2193.7,1775.43,1959.78,5639772.981,10971252687.57215,7561911,2802475.456,5454933650.80577
1652400000000,1959.79,2149.99,1939.33,2008.49,2799355.876,5809760462.83815,3966227,1416731.736,2940897148.66403
1652486400000,2008.48,2068.6,1950.07,2055.0,1712302.978,3446491889.9187,2633388,877431.054,1766649125.50061
1652572800000,2054.99,2174.32,2000.0,2144.07,1621232.284,3360404560.97969,2384401,826693.91,1714328486.17808
1652659200000,2144.06,2144.07,1976.0,2022.89,2642704.669,5366648840.78374,3369143,1310753.657,2661843757.73466
1652745600000,2022.79,2124.1,2006.71,2090.0,1960680.703,4051495838.11071,2560883,1009465.282,2086340758.07734
1652832000000,2090.0,2110.89,1906.61,1914.2,2331823.162,4654040139.80995,2734722,1131084.717,2257769248.51224
1652918400000,1914.19,2039.3,1901.7,2019.46,2582771.916,5090224818.55394,3023880,1321097.342,2604286999.12748
1653004800000,2019.45,2064.74,1922.0,1958.69,2606153.056,5192199953.44636,2798031,1300688.194,2592380594.28459
1653091200000,1958.69,1990.75,1935.52,1973.94,1160939.76,2287008380.25312,1526957,583233.013,1149116707.06946
1653177600000,1973.94,2056.73,1965.25,2042.63,1433318.968,2881685469.42391,1628984,741460.528,1490853303.49115
1653264000000,2042.63,2088.6,1955.01,1972.45,2340762.693,4768428725.69658,2556218,1150825.976,2345307477.84321
1653350400000,1972.45,1993.72,1911.38,1978.56,2077293.838,4070659059.88736,2291743,1034894.018,2028175847.59929
1653436800000,1978.56,2022.74,1933.0,1942.0,2151769.493,4241561280.90225,2334490,1071340.72,2112405356.95718
1653523200000,1942.01,1965.28,1725.0,1791.02,4404820.882,8138603051.65734,3994873,2149194.778,3972098623.96372
1653609600000,1790.99,1821.85,1694.97,1726.55,4743622.208,8357706808.1021,4743781,2385581.642,4204148974.53291
1653696000000,1726.55,1809.33,1721.3,1791.74,2072895.705,3668617968.70122,2346794,1048172.486,1855201292.11046
1653782400000,1791.75,1829.0,1755.25,1812.45,1640982.631,2945787959.89123,1697706,837994.51,1504699216.45287
1653868800000,1812.46,2013.56,1801.52,1997.87,3264009.122,6239500143.71399,3107210,1706277.017,3262683988.23179
1653955200000,1997.87,2016.77,1922.0,1941.68,2655076.664,5223236544.60503,2673228,1304184.037,2566087967.45238
1654041600000,1941.68,1972.77,1758.52,1817.1,3499271.987,6601368863.36227,3352330,1713993.383,3234941110.05324
1654128000000,1817.16,1852.99,1780.48,1833.37,2390879.573,4344141365.88604,2532259,1196336.173,2174173274.03294
1654214400000,1833.37,1843.33,1733.01,1774.15,2363750.458,4201383506.66514,2551203,1171239.375,2082170861.43723
1654300800000,1774.16,1815.48,1747.45,1803.71,1318917.819,2339470640.78652,1493088,662240.765,1175084451.89273
1654387200000,1803.7,1830.0,1772.19,1805.39,1432385.263,2579985158.45067,1629794,728319.595,1312140766.19626
1654473600000,1805.4,1919.33,1803.52,1859.11,2917516.33,5476426770.55326,2889524,1482272.261,2782335280.65961
1654560000000,1859.1,1875.0,1722.0,1812.61,4087315.102,7291656503.16585,3844005,2015862.966,3597552602.97118
1654646400000,1812.62,1840.13,1763.87,1791.02,2628755.953,4737579638.63843,2724564,1308576.539,2358444918.51021
1654732800000,1791.01,1832.7,1776.32,1788.03,1839669.689,3309798407.29703,2003405,912080.293,1641301492.16549
1654819200000,1788.03,1803.82,1650.0,1661.95,3608897.284,6228607832.37609,3277219,1723686.687,2976360797.38985
1654905600000,1661.95,1680.97,1498.93,1532.19,4960438.976,7778168198.17592,4297898,2406042.343,3770110965.49678
1654992000000,1532.19,1548.81,1421.0,1434.35,6016472.456,8893071858.23435,4851150,3036537.051,4489708234.1227
1655078400000,1434.35,1454.58,1162.0,1209.04,17351785.758,21941467145.7048,11630101,8787860.7,11113632493.26984
1655164800000,1209.03,1268.9,1073.0,1208.32,12336657.753,14657104013.43293,8775174,6297508.146,7485227799.62697
1655251200000,1208.32,1249.4,1012.42,1236.49,15639610.636,17507842534.93348,10548450,7903728.747,8851220865.75608
1655337600000,1236.48,1257.29,1050.51,1067.77,8764835.417,9948262782.32809,6176649,4399921.717,4995515873.39514
1655424000000,1067.77,1118.0,1050.0,1085.99,6582676.581,7160320740.4379,4572098,3315875.017,3607499942.58969
1655510400000,1085.99,1097.0,878.04,994.09,11387513.195,11140422450.60394,7103302,5692310.222,5568307283.08668
1655596800000,994.09,1162.98,935.5,1127.88,10406484.218,10737479691.15422,6781694,5440716.768,5619043988.8625
1655683200000,1127.88,1174.0,1052.05,1127.83,8647003.105,9597579628.31477,6312403,4364178.116,4844599049.42852
1655769600000,1127.82,1194.0,1108.63,1125.47,6719191.952,7717129837.30618,5305574,3398323.794,3904130483.15408
1655856000000,1125.47,1126.81,1042.0,1049.4,6439701.679,6985067146.03695,5352603,3175765.898,3445729059.33936
1655942400000,1049.41,1156.01,1044.16,1143.71,5945329.708,6567067983.10538,4874275,3082272.559,3405221150.30237
1656028800000,1143.71,1244.94,1131.36,1224.42,6052742.304,7195488084.82197,5052858,3169218.721,3768338511.06337
1656115200000,1224.42,1258.0,1179.03,1241.6,4537650.045,5514062293.63994,4033237,2306985.166,2804521100.46168
1656201600000,1241.6,1280.0,1193.54,1197.21,4564404.562,5642425991.65198,3918525,2291631.773,2834459063.06584
1656288000000,1197.2,1238.89,1172.14,1191.9,4630510.301,5578212007.99774,3958705,2302243.912,2774653212.53411
1656374400000,1191.89,1239.66,1135.65,1143.5,5830850.719,6943637262.86077,4636465,2906077.44,3462737385.57925
1656460800000,1143.51,1156.76,1085.6,1099.32,6255310.525,6996782558.42135,4444997,3143527.861,3516835185.89043
1656547200000,1099.33,1106.6,995.0,1070.85,8433372.481,8776684715.97994,5239898,4256271.84,4428609787.7398
1656633600000,1070.9,1118.21,1032.65,1059.24,7465681.271,7965023016.58434,5131299,3811163.096,4067283447.79685
1656720000000,1059.16,1078.98,1026.16,1066.53,3974288.532,4182655936.29859,2814030,2022531.688,2129331251.02958
1656806400000,1066.53,1088.0,1040.01,1073.9,3749708.763,3986193835.78978,2591145,1898349.39,2018697292.63453
1656892800000,1073.91,1160.68,1044.33,1150.23,5930747.625,6505251168.91222,3839661,3105776.893,3408756160.04084
1656979200000,1150.23,1176.0,1075.0,1131.8,7139408.684,8047372440.069,4737072,3610624.075,4070323822.26865
1657065600000,1131.81,1205.45,1111.03,1186.37,6534667.739,7479228870.10764,4401264,3374963.801,3864434806.52849
1657152000000,1186.36,1254.82,1162.93,1236.92,5320583.171,6422728354.47917,3715357,2749124.488,3319897966.04818
1657238400000,1236.91,1277.0,1192.0,1213.53,6498615.367,7993846092.86714,4412044,3298779.73,4059200808.75208
1657324800000,1213.53,1236.87,1203.75,1216.48,2797190.032,3405360762.76592,2238863,1413624.205,1721379811.48174
1657411200000,1216.49,1219.5,1152.0,1167.81,3568244.792,4207542141.60389,2613499,1743659.987,2055966717.17862
1657497600000,1167.81,1170.97,1091.1,1095.95,4532538.359,5159629837.34689,3182994,2252733.009,2565462649.90626
1657584000000,1095.88,1097.51,1032.09,1037.88,5644661.921,6026006795.32593,3846893,2809103.571,2999385351.42623
1657670400000,1037.88,1120.0,1005.0,1114.19,8490574.12,9015293731.15611,4958433,4369893.011,4643285871.09375
1657756800000,1114.18,1216.9,1070.57,1193.01,7455813.799,8433152233.87695,5131517,3864275.811,4373070821.65775
1657843200000,1193.01,1294.99,1180.74,1230.58,7636816.255,9358068233.24177,5495718,3952097.47,4844881768.33098
1657929600000,1230.59,1440.57,1191.41,1355.37,8366413.063,10769354837.13322,6042295,4351804.035,5603632337.77545
1658016000000,1355.38,1387.92,1316.0,1338.27,6374217.855,8620438757.41276,5219624,3197327.162,4325887715.50805
1658102400000,1338.28,1597.19,1335.49,1580.12,9898091.92,14534269566.88306,7525806,5095270.633,7480602238.64865
1658188800000,1580.12,1640.0,1492.57,1541.39,9494246.978,14678284685.59557,7810523,4700785.717,7269820397.119
1658275200000,1541.4,1620.0,1477.0,1521.34,8184052.839,12777657100.29962,6752239,4085648.09,6381883511.4127
1658361600000,1521.26,1607.0,1462.3,1575.39,7325264.216,11149023837.25642,6179726,3720528.406,5665398411.74301
1658448000000,1575.38,1646.3,1515.75,1534.53,6728238.217,10696578370.91302,5652560,3359583.748,5342582231.07624
1658534400000,1534.53,1596.72,1485.53,1548.01,5150014.938,7926850191.05773,4803334,2574363.975,3963792142.07981
1658620800000,1548.01,1664.9,1543.45,1597.77,6366445.957,10183471414.41454,5645954,3250428.214,5200346505.25236
1658707200000,1597.77,1609.26,1433.2,1440.4,8130738.376,12331583506.62446,7086762,3951668.529,5995842586.90764
1658793600000,1440.4,1455.0,1355.0,1448.27,7673932.806,10756084151.888,5969522,3855119.105,5405261456.57227
1658880000000,1448.28,1644.66,1420.22,1635.45,9108934.438,13818423664.79994,6915155,4679962.927,7101600987.73951
1658966400000,1635.46,1784.5,1595.0,1723.82,9638750.264,16135851976.92102,7251257,4907297.239,8217768492.06252
1659052800000,1723.83,1766.3,1656.0,1721.85,8322821.761,14239175682.25539,6414015,4107330.196,7027465387.94085
1659139200000,1721.85,1744.0,1671.0,1696.68,4893669.344,8364186474.40813,4508506,2413446.958,4125788755.15034
1659225600000,1696.68,1755.55,1666.0,1677.63,4341013.588,7400936551.22337,3852901,2163805.442,3690520702.97383
1659312000000,1677.63,1704.32,1605.5,1629.45,5621692.061,9324464883.62185,4487162,2752768.625,4566495826.98468
1659398400000,1629.45,1678.0,1557.8,1629.97,8048319.82,12978724614.80327,6249114,4064212.567,6555518370.33713
1659484800000,1629.98,1685.91,1588.5,1617.37,5772165.287,9474080417.19574,4740351,2876403.397,4721789688.74596
1659571200000,1617.37,1664.28,1580.0,1607.2,6186609.903,10013026532.58118,4613775,3038203.993,4918215986.73314
1659657600000,1607.2,1743.4,1605.0,1737.13,7645714.788,12843741577.30625,5669716,3882963.899,6523161871.98856
1659744000000,1737.12,1751.0,1685.03,1689.85,3673770.096,6311553238.84685,3195495,1808565.952,3107995421.28602
1659830400000,1689.84,1729.39,1667.0,1699.25,3426181.998,5804010084.89889,3100771,1704495.517,2888237781.75146
1659916800000,1699.25,1819.78,1693.15,1776.09,6333566.586,11180279823.20407,5056209,3238601.39,5716466674.41836
1660003200000,1776.08,1790.0,1666.05,1702.04,6330296.526,10892575737.02873,5118754,3036294.118,5224103641.43411
1660089600000,1702.04,1886.75,1655.0,1853.24,9215939.763,16379353776.41723,6837238,4712549.884,8379638270.76828
1660176000000,1853.25,1943.0,1849.8,1879.35,7873808.723,14907737774.29255,6358628,3934778.328,7451292956.90535
1660262400000,1879.35,1964.46,1852.0,1957.4,5535344.089,10503385045.46876,4668550,2817420.93,5348706748.97447
1660348800000,1957.4,2019.0,1945.5,1982.8,5390461.793,10705002496.90554,4709258,2715450.385,5393547651.05189
1660435200000,1982.79,2030.0,1905.0,1934.55,4960301.502,9772904219.56565,4268940,2439764.124,4808182644.87547
1660521600000,1934.56,2012.94,1871.0,1898.56,7812767.162,15018776583.95025,5482428,3862929.885,7428628743.25677
1660608000000,1898.55,1915.0,1850.0,1875.78,6218534.016,11706754821.45182,4354381,3048915.458,5740592643.19626
1660694400000,1875.79,1957.7,1818.01,1833.55,8253584.13,15456235081.25482,5922176,4058981.15,7602852965.03713
1660780800000,1833.55,1882.0,1820.11,1845.86,5330045.147,9902115271.66837,4328572,2685136.745,4988944388.70099
1660867200000,1845.86,1847.65,1601.85,1608.29,10707278.713,18452074675.28043,7025072,5219181.093,8997579632.16911
1660953600000,1608.29,1657.0,1520.64,1574.93,7333793.524,11770457029.84846,5034015,3646097.834,5854621562.77378
1661040000000,1574.92,1648.7,1560.0,1617.17,6301946.927,10132763944.54036,4464716,3167563.346,5093299125.67095
1661126400000,1617.17,1629.0,1528.0,1624.02,8702841.846,13698514100.45008,5736402,4395232.645,6919974583.39424
1661212800000,1624.02,1680.0,1562.41,1664.19,8533214.781,13842148886.67689,5409440,4356844.314,7069911726.20811
1661299200000,1664.19,1693.84,1605.0,1655.71,7245610.326,11946551543.69754,4845012,3655554.831,6028036281.30032
1661385600000,1655.71,1722.0,1652.27,1694.16,5903160.698,10016122886.2417,4264516,3026434.529,5135272379.1491
1661472000000,1694.15,1706.0,1485.0,1507.23,12030116.664,19517508006.90065,7297196,5888495.398,9558181208.22344
1661558400000,1507.22,1517.4,1443.4,1490.0,7282986.956,10825970419.74756,5185492,3634257.302,5403157725.08715
1661644800000,1490.0,1510.0,1423.1,1426.3,5691272.507,8412659314.02118,4221778,2836848.37,4194964341.87194
1661731200000,1426.29,1559.79,1420.59,1550.67,9032669.023,13462848651.39427,5843852,4667328.933,6956774023.03578
1661817600000,1550.66,1605.0,1471.92,1523.48,12249570.308,18926962419.59301,7466286,6120241.068,9458996151.52486
1661904000000,1523.49,1621.29,1523.26,1553.04,11937118.009,18812423619.66005,7869837,6062565.83,9557432950.10699
1661990400000,1553.04,1599.0,1505.0,1585.4,9119984.942,14170488622.63159,5955873,4591287.573,7136980444.32175
1662076800000,1585.4,1649.64,1545.0,1574.49,9144439.365,14620844149.07381,5673542,4626571.535,7400928045.59853
1662163200000,1574.49,1582.02,1532.6,1556.41,3937946.105,6120571237.10822,2941164,1942701.592,3019994082.16438
1662249600000,1556.42,1586.0,1539.7,1578.14,3969402.047,6193035829.21504,2687848,1998409.474,3118633636.15928
1662336000000,1578.14,1631.6,1555.72,1616.92,5810610.257,9199273055.66278,3583657,2980856.971,4721233276.10765
1662422400000,1616.93,1686.75,1551.7,1558.23,11076502.23,18073176431.24372,6751274,5525912.117,9021685817.84402
1662508800000,1558.23,1657.6,1486.16,1629.35,9094507.329,14158089326.65611,5527649,4630628.995,7214030472.89154
1662595200000,1629.36,1666.0,1594.0,1634.22,8111052.514,13203029495.58423,5198061,4100853.257,6677358363.16659
1662681600000,1634.23,1746.3,1629.25,1717.48,7591864.92,12916052034.8623,5236115,3916826.664,6663025273.15959
1662768000000,1717.49,1788.98,1705.0,1773.05,4234258.288,7348536836.11749,3412888,2163699.489,3756719118.43522
1662854400000,1773.04,1787.88,1718.02,1765.01,3909495.301,6884026557.92414,2976743,1923990.351,3388719709.58945
1662940800000,1765.0,1783.43,1691.28,1715.14,6512918.389,11291212213.97169,4933620,3238468.273,5615956409.09848
1663027200000,1715.15,1762.88,1556.78,1571.9,9660861.421,15865869412.73067,6558301,4758954.807,7821061633.37342
1663113600000,1571.91,1642.24,1548.0,1635.39,6491665.957,10351087044.81358,4751850,3224450.774,5142994632.39855
1663200000000,1635.4,1657.8,1455.0,1471.93,12706158.928,19824699198.48316,8791055,6208016.307,9690867317.01126
1663286400000,1471.94,1482.65,1403.0,1433.58,8136455.084,11772482639.46676,5306662,4014386.848,5809835899.3208
1663372800000,1433.58,1475.15,1408.15,1467.96,4366994.599,6308438616.51773,3043567,2201916.901,3181483276.37852
1663459200000,1467.96,1469.0,1320.0,1333.67,7139282.229,9967351085.11641,4215106,3434646.754,4795875849.19366
1663545600000,1333.68,1394.0,1276.62,1375.05,10278329.861,13666010265.88282,6176536,5216486.652,6938534383.18353
1663632000000,1375.05,1384.53,1311.0,1322.08,7850914.483,10604151627.64198,4804928,3915168.547,5289452262.36358
1663718400000,1322.09,1420.0,1218.0,1244.19,11244354.459,14907764982.7589,6900700,5597099.45,7428214084.70522
1663804800000,1244.2,1349.84,1235.6,1325.73,9848169.894,12674382231.70619,5593957,5024458.663,6468914136.65836
1663891200000,1325.73,1359.22,1260.75,1326.62,10875882.189,14195748237.66868,5874881,5432804.96,7092632270.36299
1663977600000,1326.62,1348.84,1305.36,1316.19,4603413.868,6117137472.97961,2915054,2305918.466,3064288126.6855
1664064000000,1316.18,1336.92,1268.19,1293.99,4839166.035,6323317973.41767,2980838,2360753.093,3085595180.12908
1664150400000,1293.98,1340.0,1277.55,1335.25,8104991.588,10639323515.45812,4716042,4122463.892,5412602294.87849
1664236800000,1335.25,1400.0,1303.02,1327.19,9686206.927,13143901188.70475,5284170,4875675.973,6617874574.73985
1664323200000,1327.2,1355.76,1250.0,1336.43,10608737.289,13854142475.32485,5342908,5297819.534,6921735266.87477
1664409600000,1336.43,1351.93,1287.24,1334.8,8973401.704,11892132443.56242,4724858,4524749.572,5997058303.27875
1664496000000,1334.8,1373.34,1307.53,1327.78,8510622.642,11394338399.68576,4388913,4297636.021,5755612720.12006
1664582400000,1327.78,1333.38,1301.0,1311.31,2763699.151,3648363835.7798,1721856,1338929.085,1767821129.22723
1664668800000,1311.32,1317.7,1266.66,1275.96,4140053.849,5371485640.17009,2376019,2010133.15,2608717347.61141
1664755200000,1275.95,1329.0,1260.48,1322.59,5798622.25,7563682363.97532,3139844,2961217.26,3863228305.26743
1664841600000,1322.58,1370.0,1318.06,1360.73,5536817.118,7456202392.44989,3096865,2856881.609,3847454191.80711
1664928000000,1360.73,1364.75,1315.27,1351.61,5456174.624,7323277791.98338,2883956,2730257.63,3665152529.18117
1665014400000,1351.6,1383.29,1344.0,1351.5,7101597.575,9688859096.22463,3756284,3565833.905,4865857865.64373
1665100800000,1351.5,1361.21,1316.22,1330.41,5119226.33,6854336044.88562,2924493,2533778.101,3393432707.54931
1665187200000,1330.42,1337.19,1302.0,1314.74,2182988.071,2887524977.80279,1380547,1030594.811,1363555138.68117
1665273600000,1314.75,1328.72,1306.41,1322.61,2303208.579,3036627474.46765,1376556,1145920.584,1510922388.62104
1665360000000,1322.6,1337.93,1284.38,1289.56,4968203.961,6508981566.24311,2701991,2427065.27,3180651919.36785
1665446400000,1289.57,1297.7,1265.0,1279.68,5514583.049,7068866635.71179,2959172,2735735.701,3507357708.67276
1665532800000,1279.67,1306.6,1274.35,1294.02,4405169.271,5701823057.72268,2408056,2238274.891,2897357730.25999
1665619200000,1294.02,1301.0,1176.0,1286.38,10523564.637,13177563627.81076,5203186,5197762.907,6512260490.04396
1665705600000,1286.38,1343.36,1282.74,1295.35,7171699.686,9450587003.03056,3756235,3632699.045,4787981670.44125
1665792000000,1295.34,1301.32,1262.12,1274.13,3049822.11,3917050344.33982,1692294,1472134.911,1891282283.29759
1665878400000,1274.12,1315.0,1273.98,1305.51,3282852.856,4242204246.14907,1782879,1675271.023,2165213363.21525
1665964800000,1305.52,1338.16,1295.0,1330.62,5154706.89,6802174597.73257,2613961,2633202.832,3475525208.26373
1666051200000,1330.62,1342.0,1285.11,1309.93,6506270.391,8569353674.81877,3082581,3155306.483,4156984719.99417
1666137600000,1309.93,1312.78,1275.56,1284.45,4389238.836,5694630433.42334,2318403,2156303.022,2798496552.79084
1666224000000,1284.45,1310.0,1270.0,1282.2,5294962.986,6829877558.46932,2458114,2634729.131,3399211058.95319
1666310400000,1282.19,1307.0,1248.0,1299.08,6030198.052,7736955770.56057,2531304,3012196.285,3866605060.62933
1666396800000,1299.08,1320.0,1293.67,1313.19,2486638.762,3251370186.83828,1229803,1290028.128,1686956156.75895
1666483200000,1313.18,1371.0,1298.22,1363.44,3682722.299,4892526172.62552,1877507,1956239.487,2600452286.72296
1666569600000,1363.43,1370.4,1322.25,1342.72,5502275.006,7394468406.05214,2838633,2725699.456,3663210986.43144
1666656000000,1342.73,1533.68,1334.16,1459.2,11473585.177,16344240230.08303,5230442,6016544.372,8567843739.83438
1666742400000,1459.19,1595.0,1456.69,1565.45,10817326.89,16625093320.88943,5662698,5540331.809,8513957833.13441
1666828800000,1565.45,1588.0,1500.46,1513.7,8021549.342,12406744072.25012,4785262,3952135.199,6115584103.92462
1666915200000,1513.7,1574.8,1475.0,1553.79,7430625.343,11324631030.27013,4495171,3688355.724,5623942601.86903
1667001600000,1553.8,1665.0,1546.71,1618.82,7454042.474,12038906676.54819,4313716,3807711.978,6150206109.45155
1667088000000,1618.82,1639.87,1574.6,1589.89,3955450.865,6332682157.97092,2602199,1946241.243,3116692445.7597
1667174400000,1589.88,1634.93,1543.72,1572.01,7113753.83,11265423901.76959,4079724,3530553.392,5592283789.6832
1667260800000,1572.0,1613.0,1562.7,1577.88,4495232.885,7122535302.01501,3071638,2249236.315,3564519639.10474
1667347200000,1577.88,1622.5,1501.0,1517.26,8956953.565,13993599315.82898,5212982,4392334.452,6866095540.91832
1667433600000,1517.26,1558.14,1514.07,1530.27,4820992.806,7425208238.02046,3015527,2444523.409,3765436134.74359
1667520000000,1530.27,1679.4,1527.78,1644.09,8773312.803,14117291322.98787,4586447,4481140.268,7209795206.29364
1667606400000,1644.08,1666.8,1620.1,1626.11,3007552.195,4936106420.27118,1907449,1480644.817,2430315278.27874
1667692800000,1626.11,1638.5,1561.32,1567.42,3810965.466,6138703520.86827,2312804,1834766.044,2956936337.99533
1667779200000,1567.42,1608.0,1544.94,1567.52,6311427.259,9948551937.36538,3586921,3103693.022,4893503762.73461
1667865600000,1567.52,1580.54,1195.22,1333.4,20492980.873,29374837585.47329,11443830,10026124.246,14378375941.81149
1667952000000,1333.4,1336.47,1071.14,1101.49,23279890.038,27924782502.31694,13408573,11549303.873,13855130136.52978
1668038400000,1101.53,1350.0,1083.77,1298.21,15328692.985,18981639356.49054,9604316,7820354.243,9683609293.72743
1668124800000,1298.3,1309.88,1199.57,1288.64,11730741.022,14813683425.71741,7390176,5852947.505,7393285036.51492
1668211200000,1288.67,1291.69,1238.0,1256.82,4582467.37,5792014547.78374,3161772,2276118.45,2877235602.48062
1668297600000,1256.85,1273.91,1200.0,1220.78,4739475.303,5856567989.37609,3003417,2318407.41,2865319568.39051
1668384000000,1220.78,1290.0,1170.5,1242.89,9479256.426,11685915959.46197,5588526,4764811.905,5877433569.43691
1668470400000,1242.9,1292.0,1232.52,1252.81,6157353.578,7759799922.32057,3940272,3087344.237,3891196141.63842
1668556800000,1252.8,1268.2,1185.59,1215.78,6410929.265,7840175274.84689,3915394,3134108.746,3833701588.94308
1668643200000,1215.72,1228.92,1181.0,1199.7,5819726.225,6998582017.23369,3619109,2878296.069,3462099420.28504
1668729600000,1199.7,1235.0,1198.48,1212.04,3844518.715,4667089419.93724,2484972,1939993.116,2355557720.84912
1668816000000,1212.05,1233.66,1196.0,1216.91,2150246.728,2603491616.74213,1350546,1092934.21,1323711674.36483
1668902400000,1216.9,1226.5,1131.6,1141.57,5200695.873,6120393596.02878,2806311,2518366.014,2963770966.57615
1668988800000,1141.53,1147.03,1077.32,1106.95,9738564.67,10872443056.73908,4907670,4816178.072,5378291309.65157
1669075200000,1106.94,1142.96,1071.52,1139.11,7509599.62,8331237863.26098,4024461,3861298.612,4286148633.50395
1669161600000,1139.11,1190.0,1127.01,1183.83,6642657.893,7724547462.35971,3667096,3396348.221,3950429484.48161
1669248000000,1183.84,1216.71,1179.72,1202.92,5188015.378,6220071901.35329,2693497,2613275.423,3133579978.45148
1669334400000,1202.93,1209.27,1170.99,1198.55,4268310.488,5071643622.45446,2312222,2135587.819,2537980930.45949
1669420800000,1198.55,1238.0,1195.08,1204.84,3881430.501,4716635434.54015,2157592,1975916.498,2401940645.63018
1669507200000,1205.0,1222.91,1186.58,1193.26,2990387.752,3624416287.45259,1581438,1511395.499,1832405952.69765
1669593600000,1193.25,1198.8,1150.25,1167.21,5581193.574,6533252497.45609,2852119,2745705.89,3214379997.88155
1669680000000,1167.2,1228.75,1156.06,1215.74,5916426.621,7132437233.9672,2955645,3097270.758,3734557965.22839
1669766400000,1215.75,1312.99,1211.53,1294.02,6987495.376,8899047729.23707,3762871,3651027.016,4649894502.08943
1669852800000,1294.09,1300.51,1262.0,1275.7,4742584.148,6068049140.14661,2764695,2351741.9,3009491134.82501
1669939200000,1275.7,1297.24,1264.43,1295.0,4241223.544,5429934958.52178,2390853,2135986.233,2735410745.88492
1670025600000,1294.99,1312.0,1235.17,1239.76,3733284.723,4739114178.11653,2400157,1751686.93,2225012951.47665
1670112000000,1239.76,1287.99,1239.13,1278.82,3873239.959,4893240341.17784,2354053,2016431.869,2547914198.67652
1670198400000,1278.82,1304.98,1246.0,1258.66,5401461.11,6905572840.95312,2996293,2631923.02,3365850144.6756
1670284800000,1258.67,1274.42,1240.55,1270.72,4094634.401,5143559417.12193,2226722,2022880.189,2541555119.29271
1670371200000,1270.72,1278.3,1217.02,1230.83,4598453.506,5688885187.00896,2406920,2199880.564,2721937597.85728
1670457600000,1230.78,1294.31,1221.0,1279.73,5403214.246,6769034561.56288,2696895,2837007.351,3555849049.45596
1670544000000,1279.72,1297.63,1254.0,1262.31,4410565.839,5628848627.17139,2331932,2209128.029,2820550641.30392
1670630400000,1262.31,1283.92,1258.58,1265.88,2219440.107,2815529332.16199,1242237,1131597.831,1435768369.10462
1670716800000,1265.87,1284.9,1255.0,1262.43,2427305.929,3084127004.0478,1281968,1206309.656,1533030401.26589
1670803200000,1262.43,1278.83,1238.5,1274.88,4101114.474,5144565033.61437,2168033,2066221.961,2592897815.14392
1670889600000,1274.89,1350.0,1254.32,1321.06,7377534.339,9619436612.69286,3742605,3805979.738,4963166628.10635
1670976000000,1321.05,1354.4,1300.17,1307.76,5647195.942,7479465702.91782,2974134,2791146.981,3698031916.4213
1671062400000,1307.76,1311.86,1256.1,1266.26,4199459.837,5374816224.59595,2290137,2008911.157,2571360577.92296
1671148800000,1266.26,1279.76,1154.7,1166.2,7218530.189,8739897084.46596,3590335,3469037.011,4200309911.83771
1671235200000,1166.19,1190.0,1161.07,1186.45,3336484.36,3926389487.824,1835780,1682223.405,1980010577.86437
1671321600000,1186.44,1196.0,1171.12,1182.45,2877052.211,3402889257.43771,1495561,1425793.508,1686634546.97418
1671408000000,1182.45,1194.86,1148.0,1167.21,4295030.572,5053649056.7304,2135385,2123722.244,2499410422.90265
1671494400000,1167.21,1232.0,1162.5,1216.21,5778341.186,6963536310.44835,2751419,3021118.48,3640819048.05974
1671580800000,1216.22,1226.0,1202.06,1213.21,2943786.951,3566753016.5772,1517384,1472265.724,1784099478.9089
1671667200000,1213.21,1239.99,1182.0,1217.39,4400633.138,5306923844.99218,2102079,2207708.168,2663189896.2155
1671753600000,1217.38,1234.25,1208.33,1219.5,3311152.464,4040440150.9293,1660634,1668358.271,2036079853.8974
1671840000000,1219.5,1229.0,1214.0,1219.96,1200985.985,1464144965.51859,701605,613728.674,748316153.70053
1671926400000,1219.96,1225.0,1187.54,1217.96,2475907.604,3000167697.41548,1318448,1218401.624,1476926841.58611
1672012800000,1217.97,1231.49,1210.0,1227.57,1928492.812,2350576564.38967,1037352,988642.171,1205281269.4926
1672099200000,1227.57,1233.97,1200.0,1211.29,3078179.63,3740892959.73712,1503421,1508405.177,1833438084.57402
1672185600000,1211.29,1215.42,1177.5,1189.93,4121050.599,4927046581.26896,1921535,2003982.696,2396417438.4265
1672272000000,1189.94,1207.97,1186.24,1200.35,3022857.135,3619014162.58405,1413010,1547702.306,1853209561.774
1672358400000,1200.36,1203.0,1180.0,1199.66,2868990.449,3423709126.11584,1277631,1433870.767,1711446695.83057
1672444800000,1199.67,1209.0,1190.26,1196.1,1688387.94,2024981394.9103,826320,852319.415,1022340272.94592
1672531200000,1196.1,1204.79,1190.8,1199.96,1381763.488,1654443731.79587,683700,696726.069,834314029.48659
1672617600000,1199.96,1225.0,1191.5,1213.23,2831791.319,3431524206.10823,1194079,1453605.056,1761689074.40266
1672704000000,1213.24,1219.5,1203.05,1214.23,2418195.012,2931903414.03335,1012410,1209897.596,1467071952.79021
1672790400000,1214.22,1275.0,1212.16,1256.39,5329817.195,6655447772.02725,2182199,2822003.988,3523606971.10619
1672876800000,1256.39,1260.0,1242.22,1251.08,2662864.999,3329922187.67573,1160417,1342721.594,1679168373.54689
1672963200000,1251.08,1277.77,1233.0,1268.54,4156167.363,5216519703.013,1805807,2139105.168,2685976789.91665
1673049600000,1268.54,1270.66,1260.53,1263.65,1186947.058,1500580014.03508,625140,591543.268,747865787.06989
1673136000000,1263.64,1296.0,1256.3,1289.65,2415068.332,3068138464.86221,1138729,1269003.375,1613080261.70105
1673222400000,1289.64,1345.0,1284.81,1320.32,6326600.832,8343049682.27575,2548577,3241923.976,4275472933.06937
1673308800000,1320.32,1348.7,1316.74,1335.3,3653151.641,4864320674.8589,1599802,1855394.54,2470737491.55366
1673395200000,1335.29,1400.0,1319.52,1389.26,4603732.161,6190290564.99127,2010343,2413387.859,3247906088.92634
1673481600000,1389.25,1439.36,1358.0,1415.84,8272496.444,11611529579.13658,3699395,4192682.871,5886789334.43772
1673568000000,1415.85,1465.49,1400.7,1450.94,5096738.5,7246536108.50026,2499674,2577867.475,3666291273.27522
1673654400000,1450.95,1644.92,1448.7,1550.27,7348877.264,11302279848.04887,4120583,3777114.583,5807378137.32412
1673740800000,1550.27,1570.0,1516.02,1553.47,3651240.364,5624513802.85479,2064815,1819133.995,2802725899.16117
1673827200000,1553.48,1610.5,1520.0,1577.11,5395191.668,8433001908.55222,3010479,2688587.988,4203661138.46638
1673913600000,1577.25,1609.0,1540.0,1565.84,4580613.258,7212262387.95917,2767898,2285186.699,3598840833.72994
1674000000000,1565.83,1614.6,1501.21,1511.66,6932415.112,10794454438.88289,4050516,3406219.17,5305252337.16218
1674086400000,1511.6,1565.0,1509.87,1551.11,3660939.013,5615305826.41623,2102315,1846241.976,2832334946.11443
1674172800000,1551.11,1680.0,1541.6,1659.01,5324812.863,8486281244.20332,2909709,2782862.799,4437410946.92665
1674259200000,1659.01,1682.44,1615.3,1627.63,4643566.522,7675267204.16943,2631057,2274266.486,3760035686.09194
1674345600000,1627.63,1666.0,1603.39,1628.14,3827578.409,6244645504.84663,2167269,1886595.374,3078696030.06833
1674432000000,1628.13,1650.0,1585.21,1626.9,3969684.229,6458881282.47335,2354013,1957573.999,3185607853.23564
1674518400000,1626.9,1641.89,1530.0,1555.99,4505754.932,7238645481.42649,2537854,2117202.601,3402852795.37741
1674604800000,1556.0,1641.18,1512.3,1611.41,6003304.445,9396221038.91902,3278455,3003407.716,4702408779.98788
1674691200000,1611.44,1633.0,1575.66,1600.69,4235877.329,6803196691.7946,2450011,2067946.278,3322011304.81845
1674777600000,1600.69,1621.46,1551.1,1597.08,4349734.136,6892435836.78376,2546198,2154937.244,3415179659.40039
1674864000000,1597.08,1606.66,1555.0,1571.52,2478890.254,3918631425.95445,1619661,1188205.481,1878967875.33539
1674950400000,1571.52,1663.68,1565.98,1645.67,5099573.535,8242123689.74398,2975062,2606876.967,4212998534.13364
1675036800000,1645.67,1648.49,1529.04,1565.92,5031935.997,7994874441.45608,3086645,2388900.048,3796024986.49549
1675123200000,1565.93,1605.67,1561.04,1585.02,3444437.709,5443354538.36838,2195132,1732630.659,2738495060.06986
1675209600000,1585.02,1648.76,1554.57,1641.8,5095996.279,8138789577.81239,3162655,2548316.355,4071995659.57216
1675296000000,1641.81,1717.0,1625.0,1643.81,6256821.466,10469433177.5439,3654614,3108312.237,5203117965.14467
1675382400000,1643.82,1677.0,1622.0,1663.68,4613666.206,7613169004.81489,2904948,2287902.73,3776339207.8914
1675468800000,1663.69,1696.99,1645.0,1666.44,2708043.817,4528626441.07317,1831492,1367238.131,2287344449.57744
1675555200000,1666.44,1674.59,1608.0,1628.98,3600230.231,5915689068.44671,2324955,1727896.863,2839629120.96724
1675641600000,1628.98,1659.0,1602.0,1613.9,3905639.202,6376859033.52747,2440312,1915767.973,3128960350.08637
1675728000000,1613.89,1679.03,1612.49,1670.51,4525016.709,7450540052.39308,2731721,2314004.443,3810904054.43785
1675814400000,1670.5,1699.0,1631.0,1650.26,4145086.428,6891130617.52701,2543360,2074246.657,3448715062.02282
1675900800000,1650.26,1656.2,1522.0,1544.68,6604140.847,10570920339.39659,3626250,3143730.666,5033680236.15775
1675987200000,1544.67,1554.0,1486.28,1512.26,4905464.68,7508443152.4602,2735743,2393818.084,3664994391.61801
1676073600000,1512.25,1542.82,1502.83,1537.65,2103873.253,3199893749.52892,1406794,1069299.358,1626625693.64477
1676160000000,1537.64,1547.7,1491.0,1514.49,2649623.411,4044008570.62891,1659390,1304587.872,1991302623.7797
1676246400000,1514.48,1526.1,1460.0,1504.85,5918159.268,8822293928.12193,3211988,2934921.457,4375343981.69699
1676332800000,1504.86,1568.98,1470.0,1554.94,6535322.162,9982603577.18941,3480428,3272169.792,5000628433.12878
1676419200000,1554.94,1684.1,1541.77,1675.0,5965469.291,9558331915.34157,3215608,3140493.948,5033314430.85102
1676505600000,1674.99,1744.5,1634.02,1639.0,7811713.183,13211292223.81743,4397301,3879480.323,6563258150.96354
1676592000000,1638.99,1722.62,1631.31,1694.12,5957429.029,9986189969.91788,3544045,3011277.012,5048841870.65715
1676678400000,1694.1,1715.0,1679.13,1691.66,2188299.314,3708739130.00816,1506786,1084049.141,1837572243.37414
1676764800000,1691.65,1729.58,1666.0,1680.31,3595633.465,6100181496.80222,2288950,1783381.344,3026690344.97585
1676851200000,1680.46,1720.39,1650.0,1703.7,4212950.942,7148997088.38648,2740431,2117811.544,3594474259.60275
1676937600000,1703.71,1716.99,1635.0,1659.2,4978504.599,8351819569.77419,3119701,2408456.154,4041373118.74736
1677024000000,1659.2,1667.62,1591.17,1642.01,5674489.615,9245679948.95379,3474125,2747227.845,4477517502.69488
1677110400000,1642.01,1678.56,1627.64,1649.69,5209103.366,8615177343.6624,3342766,2584468.444,4274890292.72009
1677196800000,1649.68,1664.44,1572.0,1607.12,5126530.811,8303467975.32484,3257215,2462928.391,3990310874.63411
1677283200000,1607.11,1608.34,1556.08,1593.59,2522137.13,4010474034.10132,1744332,1219753.937,1940029556.78972
1677369600000,1593.6,1652.91,1586.35,1640.49,2823827.922,4564751214.9919,1905728,1463578.15,2366504839.10643
1677456000000,1640.51,1664.97,1606.71,1632.6,4195083.677,6870579195.6605,2647835,2056980.274,3369627146.00822
1677542400000,1632.61,1646.99,1595.0,1604.72,3664338.319,5961137503.73183,2409659,1780116.811,2896881500.89221
1677628800000,1604.73,1670.0,1593.03,1664.46,4455452.375,7331741626.01347,2929631,2324066.979,3824859632.08268
1677715200000,1664.47,1677.74,1617.83,1647.29,3990138.366,6548059757.19698,2583497,1956709.243,3211565215.18678
1677801600000,1647.29,1648.78,1534.85,1568.86,5211938.594,8180795615.35683,3256332,2483071.768,3896228813.60607
1677888000000,1568.85,1577.0,1548.0,1566.05,1814800.844,2838940116.034,1262240,893577.799,1397971725.81124
1677974400000,1566.05,1588.08,1552.07,1564.06,2504148.446,3930326242.67598,1545373,1253985.43,1968369953.72019
1678060800000,1564.06,1583.19,1553.29,1565.17,2751818.445,4310268929.36937,1727768,1379447.304,2161091565.21384
1678147200000,1565.17,1584.0,1524.0,1561.29,4147930.855,6464685741.27135,2468263,2059565.549,3210818386.06566
1678233600000,1561.3,1570.0,1520.0,1531.82,3963442.596,6153983307.15385,2437977,1995556.344,3099241328.09991
1678320000000,1531.81,1545.78,1402.8,1436.42,6580693.11,9821140426.08169,3481126,3121192.072,4661680475.67977
1678406400000,1436.42,1438.17,1367.51,1425.79,9938476.933,13998824363.90489,4977789,4917910.563,6928053239.17433
1678492800000,1425.8,1478.0,1407.48,1471.03,7155608.693,10335156488.57957,4150431,3622182.935,5232586413.22043
1678579200000,1471.03,1597.29,1446.65,1579.26,6809861.012,10289085088.51228,4139321,3544200.52,5357469286.14255
1678665600000,1579.26,1700.0,1564.18,1673.9,9437876.215,15324628550.22331,5874928,4800183.688,7795655975.59044
1678752000000,1673.91,1779.05,1655.0,1699.93,9038833.861,15496848069.26033,6100882,4499611.749,7716090371.20928
1678838400000,1699.93,1718.34,1611.63,1649.81,7616093.701,12666499395.59632,5456820,3762636.597,6257576939.22335
1678924800000,1649.82,1693.0,1632.0,1672.56,4599500.477,7617308540.09723,3550128,2322352.389,3846757149.13228
1679011200000,1672.57,1801.22,1661.57,1789.21,6694758.759,11584029077.18723,4937836,3449318.728,5969764530.49026
1679097600000,1789.21,1846.15,1745.0,1758.52,5475097.503,9841499219.83983,4078321,2708359.036,4869534335.415
1679184000000,1758.52,1841.96,1757.8,1779.99,4626069.971,8310885359.15003,3339465,2326380.05,4179667300.04792
1679270400000,1779.98,1803.37,1722.1,1731.71,5373050.445,9477798166.4006,3921342,2631535.926,4642703408.4311
1679356800000,1731.71,1836.0,1716.0,1800.14,5619744.412,10019890870.83099,4147413,2850791.044,5084624794.77109
1679443200000,1800.13,1819.4,1709.0,1733.61,6034436.316,10708921360.87074,4700861,2917610.677,5179083502.61749
1679529600000,1733.61,1860.0,1728.5,1813.27,5198586.173,9324634529.86897,3888063,2659256.855,4770327501.35848
1679616000000,1813.26,1818.17,1720.0,1748.77,4912493.752,8679521189.99405,4244423,2383431.683,4211262819.97184
1679702400000,1748.77,1763.7,1712.02,1741.02,2338463.552,4073640165.89135,2328183,1136142.059,1979589840.69401
1679788800000,1741.02,1800.0,1738.29,1772.63,2889759.744,5109438055.6122,2541762,1473365.71,2605395297.03452
1679875200000,1772.63,1779.79,1684.0,1714.35,4306582.468,7455510896.43108,3461394,2079057.214,3599986897.38512
1679961600000,1714.34,1797.19,1700.55,1772.09,4167114.123,7259377635.49757,3058865,2167891.129,3777447114.62036
1680048000000,1772.11,1828.58,1771.66,1791.89,3725356.756,6711651489.12707,2756300,1881124.519,3389610060.81713
1680134400000,1791.89,1829.88,1760.84,1792.77,4163974.718,7462948646.57345,2942201,2041834.179,3660324786.24005
1680220800000,1792.76,1848.0,1777.0,1820.81,3958210.583,7182992018.54653,2809931,2034712.491,3693563971.25167
1680307200000,1820.81,1842.8,1805.5,1819.82,1675351.82,3052725254.36357,1422524,835279.442,1522231190.326
1680393600000,1819.83,1824.6,1770.0,1793.56,2192606.026,3949711148.25586,1750101,1043180.289,1879510786.96302
1680480000000,1793.55,1840.0,1761.25,1809.68,4518659.82,8135938230.19109,3246221,2255875.313,4063284779.94112
1680566400000,1809.68,1895.0,1800.69,1869.11,4275707.73,7917928013.22222,3189265,2231992.447,4133887675.20377
1680652800000,1869.11,1945.0,1863.69,1907.48,4197070.072,8002757302.09807,3188196,2146330.904,4093193790.17143
1680739200000,1907.49,1908.84,1851.6,1871.33,3037614.773,5695615572.83125,2416120,1448023.679,2715334786.05008
1680825600000,1871.34,1881.94,1840.0,1862.87,2094298.392,3892274987.5975,1776477,1011379.48,1879944393.94206
1680912000000,1862.88,1878.81,1846.0,1848.02,1433874.915,2670491237.61519,1249077,686239.184,1278241952.68377
1680998400000,1848.01,1873.7,1820.31,1857.84,2391096.749,4411928549.86057,1897984,1185492.119,2187910852.63471
1681084800000,1857.84,1919.12,1845.04,1908.9,3082285.12,5789773602.66807,2215569,1579049.68,2966692085.42422
1681171200000,1908.91,1938.0,1880.67,1888.89,3135834.566,5992414574.57517,2319270,1544377.765,2952116703.61944
1681257600000,1888.89,1933.0,1850.38,1916.86,5177985.751,9820582527.1319,3524224,2638375.517,5006249274.38149
1681344000000,1916.86,2025.0,1898.01,2011.8,5944851.519,11737826015.50057,4063215,3111310.227,6143156391.23556
1681430400000,2011.8,2137.64,2009.0,2099.77,6908499.4,14466877844.1142,5000626,3525254.142,7382010465.93851
1681516800000,2099.77,2113.28,2071.0,2091.2,2619968.921,5490344951.01392,2390559,1297209.204,2718870870.96257
1681603200000,2091.2,2146.1,2072.4,2118.09,2905235.978,6115423203.35783,2641132,1460801.343,3075580920.80018
1681689600000,2118.09,2120.64,2055.5,2074.49,3410289.359,7103102832.76539,2859924,1647145.819,3431051499.1468
1681776000000,2074.49,2126.63,2047.64,2103.29,3542599.96,7413341871.08492,2774522,1766262.151,3696879801.99428
1681862400000,2103.29,2104.61,1921.0,1932.83,5712106.365,11407976091.09683,4126727,2667159.932,5326482466.18793
1681948800000,1932.83,1983.22,1905.75,1942.11,4486102.176,8732216194.09306,3711473,2222261.06,4326602211.68515
1682035200000,1942.1,1956.82,1822.01,1848.0,5520829.389,10453785961.75719,4357957,2641596.857,5003625098.95889
1682121600000,1848.01,1886.5,1839.26,1873.39,2233900.931,4160733028.8103,2272920,1119672.613,2085214278.25238
1682208000000,1873.4,1882.11,1833.3,1861.3,2624859.049,4883738761.28466,2665310,1305043.384,2428432345.35332
1682294400000,1861.3,1891.3,1806.0,1841.19,4637382.676,8559463422.76587,4745194,2287738.248,4224048896.18997
1682380800000,1841.19,1877.6,1797.98,1865.4,4166439.286,7632322493.54573,3976737,2091177.016,3831528588.22671
1682467200000,1865.4,1964.7,1782.03,1865.02,7328089.271,13832491013.22545,5679035,3695812.494,6977627362.62568
1682553600000,1865.03,1939.4,1858.55,1907.67,5486808.619,10425583648.13769,4977700,2753424.414,5232410799.49907
1682640000000,1907.68,1923.63,1873.0,1890.13,3142216.755,5966985911.23344,3231156,1555648.862,2954454701.52911
1682726400000,1890.13,1917.27,1881.1,1907.01,1593882.469,3028671705.69795,1843721,801874.241,1523881447.31421
1682812800000,1907.01,1940.0,1863.9,1868.41,2977980.167,5678023570.39942,2825844,1467497.441,2799231252.08699
1682899200000,1868.41,1885.56,1805.28,1829.97,3740379.561,6871929627.84383,3275823,1830613.967,3363413507.18168
1682985600000,1829.97,1882.6,1821.25,1869.2,3065412.118,5666257518.06199,2920972,1566367.567,2895813904.70639
1683072000000,1869.21,1917.29,1841.71,1904.74,4144638.549,7762176084.36052,3834345,2084102.485,3904150577.56949
1683158400000,1904.74,1918.61,1865.72,1876.13,2639262.752,4990059178.68051,2865588,1307120.209,2471883108.18078
1683244800000,1876.14,2004.99,1874.8,1992.56,5053850.5,9793284393.60356,4405236,2645323.467,5126920613.02304
1683331200000,1992.55,2023.66,1850.0,1895.29,4880833.923,9391662414.45572,4331607,2335719.163,4495936476.70929
1683417600000,1895.3,1933.0,1865.32,1869.5,3198475.667,6096392897.08655,3623305,1581694.343,3015322457.35376
1683504000000,1869.51,1883.17,1810.0,1846.54,4905366.653,9079925715.77355,4414300,2425054.549,4489152431.03952
1683590400000,1846.54,1863.0,1830.05,1845.8,2509784.607,4627725853.77786,2740860,1254792.082,2313863067.69182
1683676800000,1845.8,1887.0,1785.74,1839.86,4903103.427,9053981839.2211,4212083,2438669.534,4503877518.60249
1683763200000,1839.86,1841.54,1768.42,1793.24,4005939.727,7238023894.70517,3699503,1937174.275,3500784423.38762
1683849600000,1793.25,1820.0,1735.37,1806.53,4274267.712,7571365343.22157,3793847,2146412.837,3803189298.92513
1683936000000,1806.53,1816.24,1784.0,1794.44,1794108.348,3228545808.33887,1928232,893679.793,1608308396.32891
1684022400000,1794.44,1825.27,1789.41,1798.25,2065119.626,3725543210.17867,1990969,1037074.513,1871085659.43365
1684108800000,1798.26,1848.0,1783.51,1815.56,3062945.098,5584428011.28594,2813445,1536012.036,2800955529.68282
1684195200000,1815.56,1832.93,1795.0,1823.53,2559941.664,4647961186.01632,2426443,1279790.757,2323938833.42156
1684281600000,1823.52,1837.85,1781.0,1821.65,3158227.207,5716856398.18019,2852611,1586505.255,2872559989.96547
1684368000000,1821.65,1831.46,1770.0,1799.69,3046459.303,5507830657.71073,2673556,1501702.18,2715545013.97381
1684454400000,1799.69,1830.0,1795.72,1811.38,2142895.0,3879976465.72274,1972008,1083337.571,1961760925.05395
1684540800000,1811.38,1828.88,1805.96,1818.59,1031296.976,1872602029.56196,1171963,525012.243,953468413.18907
1684627200000,1818.59,1828.91,1794.45,1803.89,1397629.152,2530470510.36566,1365112,675392.146,1222916182.3177
1684713600000,1803.9,1827.99,1790.76,1816.67,2270653.543,4115022438.72039,1983728,1161096.269,2104416852.50256
1684800000000,1816.68,1874.23,1814.25,1853.36,2935200.681,5428836551.9576,2374643,1524584.779,2819330935.33901
1684886400000,1853.37,1853.5,1775.0,1798.84,3607753.797,6525113256.73166,2854180,1719674.2,3109755475.54553
1684972800000,1798.84,1819.93,1758.0,1804.65,2893039.67,5185691223.35058,2045504,1458064.396,2614314878.95182
1685059200000,1804.65,1837.93,1795.99,1826.81,2175357.921,3959307938.13433,1806113,1117498.096,2034201553.25013
1685145600000,1826.81,1835.7,1810.63,1828.85,1194937.504,2181720432.26159,1189923,592996.446,1082791288.39845
1685232000000,1828.85,1930.0,1822.31,1908.36,2905772.688,5415391316.17548,2351903,1529200.675,2851174938.38755
1685318400000,1908.36,1928.2,1872.0,1891.5,2477917.179,4704184612.1712,2042709,1238706.239,2352058957.00346
1685404800000,1891.51,1917.0,1880.02,1899.81,2207189.76,4200115983.3063,1950161,1088473.738,2071480220.5058
1685491200000,1899.81,1906.57,1845.0,1872.84,2656970.771,4967704528.00343,2173059,1284460.2,2401620012.60467
1685577600000,1872.85,1889.61,1837.94,1860.59,2605797.159,4857143174.4757,2178965,1288478.47,2402158194.98644
1685664000000,1860.59,1911.0,1846.0,1905.58,2646266.39,4992858140.85456,2296378,1340916.464,2530367163.60785
1685750400000,1905.59,1907.09,1878.5,1890.91,1280350.751,2427982701.83077,1270285,624525.602,1184488750.14261
1685836800000,1890.9,1914.53,1883.19,1888.54,1547682.823,2939610066.72539,1434481,764805.045,1452784775.80217
1685923200000,1888.54,1890.01,1775.0,1810.03,4257292.031,7829891468.02886,3278110,2031022.328,3735831484.46925
1686009600000,1810.03,1898.0,1796.0,1883.26,4333156.268,7988336481.22652,3334936,2241039.993,4132356771.19762
1686096000000,1883.26,1897.2,1820.0,1831.31,3703943.621,6871014307.4863,3143949,1815291.688,3367950615.43161
1686182400000,1831.32,1861.41,1827.42,1844.94,1833404.039,3381316556.27167,1890782,922499.105,1701570593.31107
1686268800000,1844.93,1854.77,1825.0,1839.61,1930535.751,3552821831.1683,1864032,952406.122,1753073868.15895
1686355200000,1839.61,1844.8,1712.08,1750.64,5551171.332,9774108050.69357,4207698,2683133.418,4722405750.17928
1686441600000,1750.65,1778.36,1737.29,1751.8,2030813.582,3559919133.52975,2005358,1013588.81,1777028014.26622
1686528000000,1751.8,1759.32,1717.5,1741.61,2615423.791,4546659536.76596,2493537,1285318.796,2234849129.43602
1686614400000,1741.6,1766.53,1722.53,1739.24,2978916.867,5193391874.7618,2661438,1496623.638,2609581841.66132
1686700800000,1739.24,1749.65,1625.5,1650.18,3962845.762,6743167988.43778,3011779,1877819.531,3196728771.28422
1686787200000,1650.19,1680.0,1625.56,1665.64,3284979.384,5417639691.08114,2694714,1634652.419,2696209524.80342
1686873600000,1665.64,1730.0,1644.65,1717.31,3099475.105,5225967567.41919,2642700,1597160.64,2694154039.03345
1686960000000,1717.31,1775.0,1713.38,1727.2,2161730.858,3756474597.35009,1966345,1081036.901,1878967507.70796
1687046400000,1727.19,1747.5,1710.77,1719.99,1638597.358,2834954534.14003,1617954,804245.787,1391764492.92036
1687132800000,1719.99,1753.0,1689.29,1736.21,2591602.407,4467229390.33761,2337219,1297281.428,2236816445.50176
1687219200000,1736.2,1796.84,1713.57,1791.37,3466422.973,6080886439.10825,3113824,1778252.848,3120673088.4895
1687305600000,1791.37,1901.6,1786.56,1888.31,5330798.831,9829732060.96629,4491068,2676902.493,4936106697.00964
1687392000000,1888.3,1933.7,1862.0,1871.36,3137860.418,5950906236.05417,3050141,1562217.337,2963271671.93831
1687478400000,1871.37,1938.48,1859.96,1892.2,3405962.433,6453773157.88428,3157195,1694368.58,3211033496.7969
1687564800000,1892.2,1905.6,1863.0,1874.48,1763224.894,3321937126.86462,1924133,859977.779,1620435429.27686
1687651200000,1874.47,1929.96,1867.84,1898.27,2781158.136,5289332862.49297,2826509,1388813.932,2641581494.1643
1687737600000,1898.26,1909.32,1836.0,1858.14,3400509.135,6370416998.95966,3162920,1629906.774,3054086373.00139
1687824000000,1858.14,1912.65,1854.14,1889.05,2829280.124,5325411157.57672,2751693,1443244.701,2717068618.00114
1687910400000,1889.05,1889.65,1811.89,1827.26,3088158.07,5721684180.26515,2614615,1448220.376,2683306950.41087
1687996800000,1827.26,1879.98,1827.02,1851.19,2244626.491,4161267238.70473,2066231,1138449.423,2110648193.27948
1688083200000,1851.18,1947.31,1820.0,1933.41,5961506.278,11262001146.78503,4411637,3009003.519,5685871065.17313
1688169600000,1933.42,1944.69,1908.55,1924.08,1584006.709,3044484799.23761,1625797,796168.922,1530276966.4496
1688256000000,1924.08,1964.0,1883.55,1937.69,2602287.765,5000254512.61926,2103960,1291071.172,2481730922.12985
1688342400000,1937.69,1978.0,1933.04,1955.0,2783862.146,5455730800.61678,2360367,1405631.215,2754986241.00081
1688428800000,1955.0,1967.91,1930.37,1935.72,1913551.422,3733154567.49133,1669357,939300.533,1832725047.47165
1688515200000,1935.72,1942.22,1892.9,1909.88,2290593.319,4386390984.97652,1992180,1116275.998,2137876511.50572
1688601600000,1909.88,1957.94,1844.47,1844.82,4219617.366,8025247594.29251,3152119,2057982.477,3915836529.02027
1688688000000,1844.81,1877.51,1823.74,1870.0,2150375.881,3994359583.46465,1880387,1042857.5,1937342003.66714
1688774400000,1870.0,1873.1,1841.28,1864.45,1144653.748,2127599970.73217,1140915,554985.308,1031638575.51181
1688860800000,1864.45,1878.98,1855.2,1861.81,1315813.529,2455983243.42244,1242924,649584.518,1212551153.40483
1688947200000,1861.81,1904.96,1845.09,1879.34,2457486.761,4599947109.42808,1893733,1257725.227,2354609787.44919
1689033600000,1879.35,1892.32,1861.1,1877.66,1690867.909,3168583574.5677,1481905,827010.251,1549910425.2415
1689120000000,1877.66,1901.86,1863.15,1870.81,2514859.274,4739014879.90064,2096738,1254990.16,2365212494.01906
1689206400000,1870.82,2014.8,1861.59,2004.78,5072952.783,9872664104.00889,3321989,2644445.768,5147581658.61575
1689292800000,2004.77,2031.28,1896.8,1936.74,4202754.58,8269315805.5465,3071455,2059111.021,4053421710.97666
1689379200000,1936.74,1945.89,1925.54,1930.4,1111948.993,2150367734.53819,1118661,545402.38,1054795469.91407
1689465600000,1930.4,1942.78,1912.09,1920.97,1270216.239,2450221634.39045,1207129,627896.64,1211296705.60358
1689552000000,1920.97,1935.45,1872.0,1910.37,2551243.537,4862622170.96846,2036621,1254136.356,2390640011.1046
1689638400000,1910.37,1916.62,1875.0,1896.46,1989216.045,3773730051.42879,1697737,969002.119,1838454108.7746
1689724800000,1896.47,1925.0,1881.0,1887.55,2046151.353,3896411754.63565,1922215,1012288.97,1927862728.48311
1689811200000,1887.55,1928.81,1875.6,1890.56,2682007.64,5094834736.36539,2322459,1327609.113,2522542496.07014
1689897600000,1890.56,1905.97,1883.42,1890.84,1423334.683,2693663745.42729,1367103,689935.958,1305889938.35254
1689984000000,1890.84,1896.85,1835.39,1865.6,1146954.994,2154869158.92295,1075435,532186.047,1000228577.21009
1690070400000,1865.6,1904.57,1856.68,1887.86,1545904.444,2907676982.84785,1409113,793198.55,1491978313.51174
1690156800000,1887.85,1890.2,1829.0,1849.04,2113287.416,3919275815.32224,1897904,996408.233,1847680176.13681
1690243200000,1849.04,1868.54,1844.5,1856.91,1320722.986,2451833082.62795,1328165,662243.95,1229477142.93225
1690329600000,1856.91,1887.79,1846.9,1870.98,1946701.756,3628405350.49632,1708874,1005260.859,1873907356.63653
1690416000000,1870.97,1885.57,1854.0,1860.28,1593279.389,2978878030.2649,1417004,779440.579,1457276599.42233
1690502400000,1860.29,1883.76,1855.57,1873.39,1378048.23,2576729426.7434,1219487,693925.831,1297560912.84423
1690588800000,1873.38,1886.19,1868.56,1879.85,749505.043,1405661589.82189,751626,388500.308,728653364.67202
1690675200000,1879.86,1885.0,1845.56,1860.76,1386061.233,2588400428.31909,1210044,670091.701,1251499550.35679
1690761600000,1860.77,1876.73,1850.08,1855.39,1421399.856,2648009197.68637,1219991,700919.539,1305915442.04879
1690848000000,1855.4,1875.87,1808.47,1873.05,2857111.757,5253762221.9205,1998672,1427051.02,2624935205.76073
1690934400000,1873.06,1879.27,1820.0,1839.07,2433052.599,4499307943.90133,1819159,1173293.13,2169843298.13394
1691020800000,1839.07,1858.9,1825.0,1834.69,1708783.419,3145302649.42659,1355571,845442.71,1556344906.9886
1691107200000,1834.69,1851.0,1808.77,1829.4,1914149.705,3512140548.40425,1496727,951612.842,1746523507.72868
1691193600000,1829.4,1838.62,1826.7,1835.5,649573.659,1190327889.76681,634724,325352.514,596212794.12981
1691280000000,1835.5,1838.6,1825.0,1829.38,804165.426,1473035578.85485,704305,391074.683,716376190.21179
1691366400000,1829.39,1846.86,1800.0,1828.18,2235036.668,4078589895.0943,1694489,1104861.941,2016417338.40522
1691452800000,1828.18,1878.0,1825.35,1855.36,2299167.676,4246702788.46169,1782666,1189879.77,2198223583.18393
1691539200000,1855.36,1871.28,1845.18,1854.7,1405393.116,2608828366.62844,1203325,707642.124,1313665276.2118
1691625600000,1854.69,1865.38,1844.81,1851.42,1190359.595,2206051375.26295,1022074,580202.134,1075359575.26292
1691712000000,1851.43,1857.99,1834.52,1848.04,1079579.87,1994538363.42238,894262,526457.122,972773800.02674
1691798400000,1848.04,1853.02,1845.35,1849.14,450661.209,833424956.61809,478354,223779.048,413851499.05956
1691884800000,1849.14,1861.93,1833.4,1840.09,841324.653,1554669146.88981,746373,413565.853,764309121.11672
1691971200000,1840.09,1855.86,1834.28,1844.81,1283582.445,2369924279.03675,1058520,633864.721,1170351292.33259
1692057600000,1844.8,1846.75,1810.92,1828.28,1212865.745,2224006399.87829,1000802,554621.718,1017020706.03046
1692144000000,1828.27,1830.87,1791.11,1807.19,1557481.275,2830987601.01116,1334812,756394.01,1375107712.58889
1692230400000,1807.19,1809.66,1492.66,1681.0,5897283.822,10069596308.31243,4001486,2770969.223,4728878843.88751
1692316800000,1681.0,1698.98,1638.48,1660.76,2961785.532,4956722774.94701,2799834,1456021.279,2436920133.34704
1692403200000,1660.76,1696.14,1653.36,1668.69,1374954.312,2295511190.10816,1251150,659459.536,1101262541.125
1692489600000,1668.7,1694.36,1660.22,1684.16,1165848.58,1950618000.36989,1059429,569849.606,953596496.62451
1692576000000,1684.15,1687.78,1647.22,1666.79,1716607.681,2864914067.06811,1393442,839563.063,1401314659.34083
1692662400000,1666.8,1668.57,1575.0,1634.5,2628650.16,4297253119.31144,2461726,1282150.613,2096662806.13178
1692748800000,1634.49,1703.85,1628.5,1678.8,2809971.177,4668477789.68188,3320788,1426411.606,2370270396.66141
1692835200000,1678.79,1682.88,1631.66,1660.22,1739875.239,2884193910.79672,1485826,867292.244,1437771560.47395
1692921600000,1660.23,1676.73,1634.43,1653.24,1842552.274,3043887039.99092,1693684,932169.939,1540066750.87766
1693008000000,1653.25,1654.77,1643.01,1646.28,499811.129,824120366.34905,516668,242895.732,400492416.46727
1693094400000,1646.29,1659.57,1645.38,1657.59,657340.273,1086302322.04676,657187,334292.636,552428808.20619
1693180800000,1657.59,1663.88,1618.0,1652.51,1672402.974,2751962940.19508,1483706,843576.057,1388408352.74988
1693267200000,1652.5,1747.15,1639.01,1728.51,3479356.341,5922298880.94104,2859738,1773847.706,3019021235.59899
1693353600000,1728.52,1730.37,1688.0,1704.39,1539234.041,2633294810.54013,1517829,766589.73,1311603535.89948
1693440000000,1704.39,1730.0,1628.3,1645.27,2488894.539,4174430139.24252,2158167,1222124.399,2050532975.80199
1693526400000,1645.26,1653.89,1601.22,1628.19,2089554.942,3406667604.15655,1880661,1032354.552,1683031627.01186
1693612800000,1628.2,1644.99,1627.05,1636.24,754625.922,1233123837.93811,779308,368608.693,602379071.68856
1693699200000,1636.24,1648.24,1623.93,1635.02,838943.974,1371255502.34573,794257,428801.493,701003639.28079
1693785600000,1635.03,1644.5,1614.76,1630.09,1087824.165,1772994172.54402,1049704,544060.418,886796174.83601
1693872000000,1630.08,1648.0,1608.45,1633.63,1444381.953,2353454200.55271,1320230,723388.438,1178787699.00706
1693958400000,1633.63,1680.0,1606.74,1632.33,1835281.753,2997580765.06195,1505410,925291.963,1511534954.95455
1694044800000,1632.33,1659.7,1622.61,1647.27,1570880.608,2572833662.21947,1312038,798238.114,1307460916.38445
1694131200000,1647.25,1658.77,1615.0,1635.78,1482115.785,2422307107.23686,1298004,732024.197,1196325913.40325
1694217600000,1635.77,1636.92,1629.0,1634.8,411166.927,671640259.67899,425249,205822.019,336217122.03261
1694304000000,1634.81,1635.05,1590.0,1616.47,1532646.839,2479591561.04642,1274849,742295.231,1201148650.913
1694390400000,1616.46,1618.35,1528.61,1551.03,3273332.648,5152734588.80112,2794774,1566573.982,2466302225.71971
1694476800000,1551.02,1626.78,1548.7,1592.29,2987142.357,4756772634.50226,2626404,1526375.881,2430607021.09923
1694563200000,1592.29,1620.0,1580.46,1606.68,1869877.516,2989447575.59212,1813619,950149.896,1519369281.24121
1694649600000,1606.69,1644.45,1606.02,1625.65,2118267.271,3445036998.14618,1981372,1080125.743,1756825319.19237
1694736000000,1625.65,1653.91,1610.0,1640.67,1426966.202,2324102928.93025,1432652,746173.973,1215530057.64763
1694822400000,1640.66,1652.97,1630.37,1633.68,778800.039,1275526426.27402,791509,379181.772,621064593.59224
1694908800000,1633.68,1634.43,1610.81,1621.62,946075.604,1536971431.17038,912567,458286.181,744605754.84458
1694995200000,1621.63,1668.64,1598.58,1635.63,2369929.712,3889929749.54443,2181953,1187811.327,1950011835.53669
1695081600000,1635.63,1660.69,1625.02,1642.49,1776617.676,2919971038.79256,1657071,890576.185,1463833715.04528
1695168000000,1642.48,1648.68,1602.0,1621.6,1872818.8,3048153518.40011,1815994,910689.54,1482440750.90431
1695254400000,1621.6,1624.81,1565.5,1583.0,2049732.627,3270921337.69404,1935935,966042.895,1541901301.88779
1695340800000,1583.0,1602.28,1575.46,1592.28,1121431.042,1785915865.79037,1084273,558545.8,889563626.69211
1695427200000,1592.28,1597.6,1586.53,1592.97,512678.235,816248305.47904,458455,258382.402,411362107.88128
1695513600000,1592.97,1600.95,1568.28,1579.99,884404.712,1404537061.94281,810700,439772.57,698598584.85967
1695600000000,1579.99,1597.13,1562.0,1587.69,1624097.779,2566160541.55339,1487912,831407.036,1313878843.61197
1695686400000,1587.68,1599.4,1578.61,1593.3,1186689.092,1884723615.62952,1166579,599949.579,952942906.9894
1695772800000,1593.3,1633.98,1582.64,1597.89,2305835.91,3703063187.32729,2014187,1160285.719,1863889811.31129
1695859200000,1597.89,1668.0,1597.17,1652.13,2832920.096,4633523879.60758,2580757,1470588.013,2405056706.62462
1695945600000,1652.13,1687.65,1647.5,1666.61,1996104.505,3329523068.64839,1954962,1012814.554,1689487331.83868
1696032000000,1666.61,1694.11,1665.27,1670.18,1063587.313,1783660358.78097,1050816,537174.971,901072185.26257
1696118400000,1670.17,1780.0,1666.69,1733.39,1762739.428,2997174137.30115,1812217,934466.489,1590481386.31219
1696204800000,1733.4,1743.99,1619.99,1661.49,3140059.122,5329837520.60813,3102053,1523394.231,2587170206.61582
1696291200000,1661.49,1669.94,1642.03,1656.18,1574186.817,2606720930.49924,1713634,791611.03,1310942231.3823
1696377600000,1656.19,1657.05,1615.0,1645.75,1760659.358,2888984570.87979,1800180,871317.804,1430070895.74855
1696464000000,1645.76,1655.13,1601.28,1611.23,1929063.873,3142418022.15932,1946846,936228.104,1525405654.26574
1696550400000,1611.24,1664.6,1610.59,1644.33,2078440.945,3396848695.37563,2101172,1055384.558,1725094663.88657
1696636800000,1644.32,1647.16,1629.03,1633.18,729971.504,1195721405.78214,803174,364663.637,597321833.31396
1696723200000,1633.17,1640.9,1615.19,1632.02,1153340.712,1878584822.50507,1197257,576481.404,939040662.60794
1696809600000,1632.03,1635.81,1544.3,1579.4,2950124.049,4687163300.24275,2468764,1396322.676,2218841266.20996
1696896000000,1579.39,1594.4,1545.6,1566.89,2076875.007,3269769387.62689,1877903,1025764.768,1615272405.25873
1696982400000,1566.89,1577.89,1541.78,1566.07,2381820.983,3720791581.44529,2150018,1187227.914,1854872229.63186
1697068800000,1566.08,1568.06,1514.5,1538.81,2299190.123,3548262571.00839,1969356,1099774.943,1697529747.81473
1697155200000,1538.82,1575.53,1536.65,1551.55,1795481.428,2781970955.41561,1572029,899400.523,1393667348.79359
1697241600000,1551.55,1561.7,1543.83,1554.15,791727.302,1228665922.21849,735132,409317.457,635288169.20856
1697328000000,1554.15,1567.0,1546.14,1557.25,1000513.27,1557409625.42848,929789,505242.61,786513038.1702
1697414400000,1557.25,1642.0,1554.1,1598.61,3513907.329,5586981341.03709,2904708,1793178.182,2851360793.88214
1697500800000,1598.61,1599.83,1541.0,1563.99,1821162.481,2869574835.22577,1613796,884253.539,1393430053.79356
1697587200000,1564.0,1584.9,1554.7,1562.65,1722717.852,2706429797.06621,1514754,867201.254,1362536631.72958
1697673600000,1562.66,1574.34,1539.0,1565.89,1914194.811,2979513487.14482,1602080,949767.274,1478615291.82173
1697760000000,1565.9,1630.01,1560.37,1603.14,2591313.635,4147073641.09869,2349744,1337875.67,2140869634.71588
1697846400000,1603.15,1643.84,1591.25,1628.29,1630618.809,2637996263.05947,1505973,823023.857,1331750359.58411
1697932800000,1628.29,1667.5,1620.0,1662.83,1922557.976,3147813653.67379,1833101,978910.359,1603253930.14586
1698019200000,1662.82,1803.0,1656.25,1766.35,5040484.646,8602139318.25797,4897119,2548724.688,4351652892.82009
1698105600000,1766.35,1854.87,1755.28,1784.31,5148312.495,9289125142.383,5912764,2537428.729,4577941312.19656
1698192000000,1784.3,1818.55,1759.16,1786.71,2706185.955,4842621703.21632,3390549,1342446.195,2402553046.32413
1698278400000,1786.7,1872.64,1757.25,1803.3,4046404.43,7321211035.63508,4124422,2002889.806,3624600205.76679
1698364800000,1803.31,1803.92,1735.5,1780.02,2440107.981,4342572403.59896,2392435,1187295.267,2113386532.06047
1698451200000,1780.03,1806.23,1767.37,1776.76,1074543.724,1919964127.56444,1163130,532947.194,952356773.00363
1698537600000,1776.76,1813.1,1762.49,1795.49,1315116.448,2355557946.44111,1379647,661801.443,1185353590.20619
1698624000000,1795.48,1832.65,1776.94,1809.81,2334817.504,4215510289.5673,2225616,1166802.277,2106971712.38701
1698710400000,1809.82,1820.91,1781.0,1815.67,2155865.116,3883759064.22507,2111699,1056508.56,1903455534.56253
1698796800000,1815.66,1861.63,1782.73,1848.2,3596670.145,6543306690.18927,3191399,1791212.171,3259729542.97009
1698883200000,1848.2,1876.26,1784.0,1800.68,2902767.066,5310717363.58517,2745069,1394011.396,2551622630.55722
1698969600000,1800.68,1834.32,1775.36,1832.49,2284646.929,4119457491.29056,2333085,1134916.177,2046835562.76318
1699056000000,1832.49,1870.68,1823.32,1856.08,1368734.648,2518749107.0753,1379689,688307.936,1266895459.57968
1699142400000,1856.08,1914.96,1846.21,1892.49,3049000.645,5744702487.69734,2680620,1544706.562,2910812463.37326
1699228800000,1892.49,1916.8,1869.13,1901.71,2360118.573,4471746197.27929,2206036,1162975.731,2203622314.59004
1699315200000,1901.72,1908.47,1850.1,1885.79,2747654.474,5170405915.43216,2459502,1349013.731,2538933402.7521
1699401600000,1885.79,1906.2,1873.13,1888.42,1671720.477,3158948638.69263,1599496,819658.346,1548971145.03108
1699488000000,1888.42,2134.3,1881.79,2122.92,8102128.485,16206007619.1415,6414486,4184285.526,8370947086.9697
1699574400000,2122.92,2139.6,2066.0,2079.1,3645227.908,7658220087.43382,3688849,1796183.776,3774301562.08345
1699660800000,2079.1,2091.97,2021.0,2054.52,2484048.95,5117869676.2676,2338320,1202711.313,2478669015.76359
1699747200000,2054.53,2068.96,2011.5,2046.08,1719295.996,3521190449.16089,1825830,821554.663,1682975102.44176
1699833600000,2046.07,2120.0,2030.0,2055.18,4007607.657,8297650404.00478,3808882,1953362.921,4045534119.88604
1699920000000,2055.18,2066.39,1920.0,1980.11,3803937.012,7681721989.8978,3536731,1767390.943,3570456509.01781
1700006400000,1980.11,2064.08,1967.85,2059.29,3044717.364,6140731223.70993,2774407,1527764.985,3082060289.85544
1700092800000,2059.3,2093.0,1938.4,1962.13,4348334.629,8782074171.55734,3800919,2098325.553,4239823879.39005
1700179200000,1962.14,1992.26,1903.81,1961.21,3228385.518,6299859702.20526,3003364,1577706.226,3079474072.44778
1700265600000,1961.21,1972.06,1916.0,1963.19,1643154.159,3202110781.79973,1600372,803856.524,1566668105.39545
1700352000000,1963.19,2016.45,1943.44,2012.46,1726269.572,3401707212.28241,1606737,901505.434,1777152472.29308
1700438400000,2012.45,2068.8,1981.96,2022.41,3280845.795,6650412053.45637,2877783,1625521.713,3295725625.10417
1700524800000,2022.41,2036.06,1929.85,1933.44,4105107.032,8161456877.11487,3410996,1998657.772,3974783022.12897
1700611200000,1933.44,2093.78,1928.74,2063.91,3525684.092,7155330992.38286,3097542,1788844.299,3630783925.61124
1700697600000,2063.92,2089.75,2033.5,2062.68,2101282.327,4333101748.32414,1966699,1039598.744,2144117710.38171
1700784000000,2062.67,2135.0,2057.77,2081.16,3231969.816,6778271023.31061,2738733,1598086.368,3352142839.04157
1700870400000,2081.16,2090.79,2065.59,2082.87,1027458.693,2137077833.54589,1056929,512548.536,1066083174.78538
1700956800000,2082.87,2094.96,2035.0,2061.97,2265552.05,4687601793.16523,1922353,1097420.414,2270977505.00993
1701043200000,2061.97,2071.0,1985.0,2027.57,2895401.474,5861604298.08316,2658341,1393232.825,2820653227.83683
1701129600000,2027.57,2075.87,1994.85,2048.2,2601579.447,5299174745.72606,2375525,1312949.299,2674639422.12915
1701216000000,2048.21,2077.0,2018.56,2028.41,2090299.255,4272821333.41157,1964582,1017733.523,2080690233.66549
1701302400000,2028.41,2054.97,2020.4,2051.76,1702901.412,3467788056.2867,1594450,854710.826,1740773525.27975
1701388800000,2051.77,2111.5,2044.35,2086.99,2908736.552,6077197060.66088,2456177,1450230.691,3030005103.54043
1701475200000,2086.99,2199.99,2085.63,2165.28,2703872.717,5771277302.8414,2069131,1408025.704,3005917771.12229
1701561600000,2165.26,2219.17,2148.17,2193.24,2138376.029,4647728772.82338,1783428,1074599.378,2336250596.02384
1701648000000,2193.25,2276.84,2191.52,2243.66,3783378.877,8452455553.34357,3158954,1883664.855,4208338823.90871
1701734400000,2243.67,2311.51,2186.0,2293.97,4121719.56,9263997221.57883,3159367,2060798.958,4633613380.0191
1701820800000,2293.97,2314.98,2218.49,2233.29,2935176.941,6656006363.54016,2433953,1422482.641,3226885681.53294
1701907200000,2233.32,2387.2,2222.08,2357.04,3592068.146,8267176771.20482,3029221,1817772.741,4184430510.94754
1701993600000,2357.05,2397.44,2333.36,2360.82,2691981.223,6360273773.82462,2294416,1333258.7,3150659977.83971
1702080000000,2360.82,2407.63,2328.0,2342.4,2422255.37,5724964316.41979,2095299,1182736.659,2795972395.20926
1702166400000,2342.41,2379.98,2323.0,2353.97,1509788.704,3549153797.86988,1479652,745273.235,1752214150.51171
1702252800000,2353.99,2356.73,2114.63,2225.56,4715186.38,10505238677.09641,3845528,2233909.931,4975110875.49382
1702339200000,2225.55,2245.37,2164.82,2204.7,2861907.892,6320204699.44428,2561548,1425796.153,3149072308.43669
1702425600000,2204.71,2285.91,2145.33,2261.44,3400818.732,7496980793.2386,2839563,1692713.217,3732443600.42986
1702512000000,2261.45,2333.29,2212.04,2316.54,3279042.292,7482325202.55013,2851067,1625436.478,3709938803.30156
1702598400000,2316.53,2319.32,2195.28,2221.71,2619585.033,5917897874.7053,2342300,1262926.193,2853617419.35486
1702684800000,2221.71,2264.95,2211.16,2229.64,1615397.454,3624431712.39292,1639372,795129.207,1784058853.10463
1702771200000,2229.63,2251.24,2190.0,2197.93,1888776.25,4193330348.14639,1855200,918193.671,2038921237.42136
1702857600000,2197.93,2226.52,2116.56,2220.48,3103789.978,6733348048.69405,2909157,1521046.192,3301156090.86878
1702944000000,2220.49,2256.64,2135.03,2179.02,2922787.525,6442713698.58217,2867036,1421128.68,3132620910.66113
1703030400000,2179.01,2269.56,2156.0,2203.95,3264604.314,7232731576.40189,3199614,1641740.15,3638245116.28233
1703116800000,2203.95,2282.41,2184.9,2241.35,3165860.981,7068225568.50204,2976867,1586016.274,3541524294.60746
1703203200000,2241.47,2345.95,2232.56,2326.53,4099057.645,9424688260.19954,3673059,2057294.139,4730569126.95634
1703289600000,2326.54,2332.75,2265.0,2309.86,1865910.468,4279554665.09509,1718866,900317.381,2065048573.17343
1703376000000,2309.86,2328.79,2241.2,2265.43,2062149.982,4721397589.48568,1972246,995693.02,2280234720.26452
1703462400000,2265.42,2308.0,2254.38,2273.07,1894335.789,4319976648.99361,1906169,935091.968,2132834550.54507
1703548800000,2273.08,2277.51,2178.84,2232.44,2717406.562,6062439161.58762,2463779,1269071.122,2831183559.11326
1703635200000,2232.45,2395.0,2213.68,2380.31,3570723.046,8260845965.55004,3376417,1824750.455,4220385247.26155
1703721600000,2380.32,2455.52,2336.02,2345.96,4260463.058,10170568781.88293,3765791,2083640.202,4975136279.65121
1703808000000,2345.98,2388.74,2254.72,2300.6,3866751.979,9014828986.57667,3347246,1877331.327,4378663257.1383
1703894400000,2300.61,2325.0,2269.15,2293.26,1809956.531,4159237315.21914,1702313,890976.048,2047550080.98102
1703980800000,2293.26,2324.78,2258.0,2283.85,1671717.997,3840542439.66964,1659172,822847.507,1890697866.70563
1704067200000,2283.84,2354.95,2266.67,2354.62,1658563.418,3833607643.67903,1694881,844668.997,1952994085.90657
1704153600000,2354.63,2434.49,2335.0,2356.93,3376173.73,8044076762.32824,3261710,1663317.071,3964080369.092
1704240000000,2356.92,2387.48,2067.16,2210.39,4996919.678,11247346123.69518,4672877,2361194.588,5316498482.47451
1704326400000,2210.39,2295.55,2202.1,2267.85,2512800.256,5657915952.55511,2713751,1251138.628,2817833669.84854
1704412800000,2267.85,2278.16,2206.0,2268.93,2640741.967,5923620087.33033,2917958,1306889.001,2931697194.21693
1704499200000,2268.92,2270.34,2215.56,2240.36,1201310.744,2691373219.47519,1575059,588826.987,1319137639.47041
1704585600000,2240.36,2257.98,2201.06,2220.87,1609796.697,3600489002.36785,1927429,785012.985,1756032817.61605
1704672000000,2220.87,2359.63,2165.43,2331.11,3478939.516,7863706854.1669,3995669,1752179.104,3962436923.55933
1704758400000,2331.12,2377.36,2222.44,2344.44,4370510.933,10039664919.16545,4815580,2169557.04,4984959602.11133
1704844800000,2344.33,2645.65,2336.28,2585.82,7740895.596,18922026567.58447,8220834,3906703.454,9551421624.39738
1704931200000,2585.81,2691.9,2565.69,2618.59,5161427.019,13515735771.84295,6580830,2560104.573,6705295939.41637
1705017600000,2618.6,2719.89,2458.38,2523.3,6484996.966,16931186211.05264,7491478,3207075.547,8378289400.00684
1705104000000,2523.3,2591.29,2497.79,2578.5,2509197.587,6396752318.6813,3435962,1250328.99,3187901268.72509
1705190400000,2578.51,2579.13,2470.0,2474.36,2126298.888,5377127058.63416,2844015,1030119.982,2605581030.25596
1705276800000,2474.3,2555.0,2472.04,2512.21,1818558.839,4582971876.58271,2769584,900709.545,2269735533.33003
1705363200000,2512.2,2613.8,2500.0,2587.4,2456630.069,6264614166.95275,3431803,1217717.221,3105496591.03239
1705449600000,2587.4,2593.01,2505.76,2530.62,2299529.287,5861698853.5795,3138244,1139860.101,2905501276.98739
1705536000000,2530.61,2549.99,2428.22,2471.29,2928749.65,7309579149.43542,3725950,1405569.978,3509064047.39776
1705622400000,2471.29,2505.16,2415.55,2492.46,2594474.775,6404258356.95563,3421545,1285716.188,3173951338.78877
1705708800000,2492.46,2492.46,2453.79,2472.27,938896.162,2321269007.36401,1280394,457646.322,1131445899.51985
1705795200000,2472.26,2482.7,2451.0,2457.02,708291.369,1750600706.66527,1031485,346886.488,857430588.03018
1705881600000,2457.02,2466.46,2302.21,2314.33,3645112.961,8673726491.18901,4445987,1735853.574,4131651730.55922
1705968000000,2314.33,2351.76,2167.5,2241.67,4379161.194,9796897099.56964,4729158,2123892.817,4750275811.085
1706054400000,2241.67,2264.44,2195.0,2234.62,2256073.0,5029982840.98715,2865311,1115253.155,2486611241.73123
1706140800000,2234.62,2242.55,2169.04,2218.02,2082826.704,4606164128.97297,2790959,1045420.626,2312102672.07559
1706227200000,2218.01,2281.96,2195.15,2266.72,2261609.947,5072599984.48894,2890039,1139833.371,2557000261.48137
1706313600000,2266.73,2283.35,2250.33,2266.99,944833.561,2141771562.52407,1386577,457481.418,1037017163.31208
1706400000000,2267.0,2308.0,2236.56,2256.0,1596669.122,3632645831.61376,2059388,793452.98,1805730731.27378
1706486400000,2256.0,2322.53,2232.0,2316.52,1959261.39,4461192290.02723,2555972,988538.054,2251428131.14256
1706572800000,2316.53,2392.84,2295.1,2341.95,2383935.871,5568693641.04369,2836460,1185331.421,2769700488.82839
1706659200000,2341.96,2351.23,2261.88,2282.0,2607909.368,6035736969.81903,3194972,1252025.507,2898049726.19403
1706745600000,2281.99,2311.51,2237.0,2303.33,1894237.423,4317833942.98259,2337968,940435.7,2144163976.72759
1706832000000,2303.32,2324.9,2280.05,2307.99,1514215.851,3488673055.88872,1806684,740719.858,1706901374.01972
1706918400000,2308.0,2330.45,2291.0,2295.42,938282.273,2167201213.34462,1257148,458900.307,1060111233.37669
1707004800000,2295.41,2311.0,2261.51,2288.66,1193801.655,2738353319.06096,1419294,591695.545,1357444503.88394
1707091200000,2288.66,2338.0,2267.62,2300.83,1689233.364,3893676970.0004,2078381,845736.765,1949440827.30549
1707177600000,2300.83,2392.0,2297.74,2371.74,2197507.85,5141782514.2453,2430191,1111689.083,2601215214.31397
1707264000000,2371.74,2445.0,2352.06,2424.22,2154502.953,5154911271.5263,2471783,1114433.769,2667509239.44873
1707350400000,2424.21,2463.28,2410.16,2418.76,1910078.832,4642887417.7459,2217113,956418.231,2325010419.94426
1707436800000,2418.77,2528.66,2418.26,2485.24,2908524.98,7221137099.9816,3133698,1501618.269,3727946811.93077
1707523200000,2485.24,2516.12,2470.04,2499.2,1320062.188,3292566689.2355,1716115,653832.073,1630878042.61357
1707609600000,2499.2,2539.2,2492.16,2506.1,1521963.675,3827876646.36733,1929008,758995.414,1909046292.27716
1707696000000,2506.11,2667.74,2470.05,2660.91,3172400.237,8120720968.59546,3544051,1633357.145,4181772157.1495
1707782400000,2660.91,2688.8,2585.7,2640.83,3319971.574,8773950694.90412,3813884,1619317.263,4280437980.11422
1707868800000,2640.88,2788.88,2619.12,2776.14,2845619.643,7757923313.0378,3605673,1446039.416,3941589820.09537
1707955200000,2776.14,2870.98,2758.57,2824.54,3444416.851,9686287863.61306,4121791,1720609.45,4839107997.21499
1708041600000,2824.53,2859.83,2732.7,2803.69,2736822.77,7688936547.61237,3546446,1334258.505,3749502339.8072
1708128000000,2803.7,2806.09,2718.35,2787.43,1776912.75,4921403820.66918,2425610,867334.213,2402424588.03441
1708214400000,2787.44,2899.0,2764.8,2883.58,2111668.519,5959314932.20575,2842195,1066928.683,3012148987.69328
1708300800000,2883.56,2988.22,2856.4,2946.55,2893244.938,8446450558.41116,3965210,1458569.963,4258638335.09884
1708387200000,2946.55,3036.83,2873.6,3017.21,4598117.415,13548620086.74358,5271820,2281291.017,6724949654.32074
1708473600000,3017.22,3020.0,2867.87,2969.65,4069738.764,11926830767.65694,4999251,1977341.585,5794809491.71332
1708560000000,2969.65,3044.0,2907.16,2972.8,4052804.255,12075046482.4062,4886162,2024869.093,6034189384.13521
1708646400000,2972.8,2996.0,2906.62,2923.35,2501284.482,7359220940.31807,3629465,1218093.494,3584082370.79459
1708732800000,2923.36,3009.29,2907.16,2994.39,1450354.218,4298585233.05027,2163161,742581.241,2201590520.20801
1708819200000,2994.39,3131.0,2985.23,3115.24,2955696.567,9030291053.95802,3673836,1533677.301,4686944083.66674
1708905600000,3115.24,3200.0,3037.25,3178.6,3828384.516,11945080186.58809,4713313,1911717.272,5966420255.59207
1708992000000,3178.6,3295.57,3168.29,3244.98,3406593.01,11048069693.76326,4735324,1722620.436,5587133028.14167
1709078400000,3244.99,3502.07,3152.94,3387.07,6595638.084,22006158170.23106,7921243,3297615.896,11006246740.80201
1709164800000,3387.07,3531.0,3300.39,3343.15,4741266.907,16279675952.14628,7017190,2283728.285,7843834554.75515
1709251200000,3343.16,3456.0,3342.18,3435.82,2297074.999,7831386723.6275,3983525,1132996.2,3862930172.98764
1709337600000,3435.83,3475.0,3390.0,3424.43,1386240.615,4749632563.43359,2634935,669278.381,2293379845.96483
1709424000000,3424.43,3496.78,3355.88,3491.77,1889236.536,6486743244.58064,3318252,930495.162,3195808982.71697
1709510400000,3491.78,3644.77,3420.22,3629.72,3908128.352,13818014096.46304,6031545,1931821.096,6833016856.48748
1709596800000,3629.72,3827.93,3205.0,3555.43,8430806.942,30468306760.3476,9555880,4082002.679,14766389824.41837
1709683200000,3555.43,3906.42,3501.0,3822.36,4970650.254,18750612857.70527,6774634,2483076.798,9368318606.74118
1709769600000,3822.35,3939.0,3736.44,3871.69,2852543.201,10911337953.45516,4469723,1421816.614,5440145677.44488
1709856000000,3871.69,4003.33,3826.08,3886.04,3605867.534,14152008425.22743,5126791,1788755.241,7021420325.48132
1709942400000,3886.04,3945.88,3871.46,3908.15,1056996.982,4132818940.47502,1918674,518986.179,2029221286.24806
1710028800000,3908.16,3970.84,3791.19,3881.22,1817977.804,7102403722.4269,3069450,876725.436,3425764449.49334
1710115200000,3881.32,4095.16,3719.0,4070.52,3797267.73,15103305759.78546,5434980,1869389.388,7437209735.14596
1710201600000,4070.52,4098.64,3831.95,3984.18,3641750.754,14508632314.86478,5413638,1784305.729,7110342008.25455
1710288000000,3984.18,4091.65,3935.0,4008.76,2445801.499,9809630177.9462,4055227,1196931.39,4801111303.17637
1710374400000,4008.76,4015.45,3725.03,3884.99,3822719.006,14848753489.47771,5504684,1842385.705,7157548210.64813
1710460800000,3884.99,3938.16,3566.0,3745.0,5393474.72,20014921950.22168,7481037,2659178.114,9871786209.51283
1710547200000,3745.01,3784.87,3468.84,3525.58,2737209.353,9957942394.06776,4504950,1329993.422,4840536697.48032
1710633600000,3525.57,3682.95,3414.72,3646.99,2757553.884,9814353456.64519,4396192,1371848.358,4883233627.5711
1710720000000,3646.99,3648.78,3454.72,3523.43,2802619.048,9962049261.21333,4956817,1370810.127,4872365142.69938
1710806400000,3523.44,3551.99,3153.0,3161.0,5894325.453,19521481713.99768,8260303,2843403.624,9417596513.66962
1710892800000,3160.99,3539.16,3055.0,3517.8,7145176.265,23415379367.1745,8856290,3549119.587,11641040676.80881
1710979200000,3517.8,3590.53,3414.06,3495.16,3449349.457,12105423292.09032,5654816,1705967.223,5988368744.97908
1711065600000,3495.16,3545.36,3250.1,3339.0,3850579.18,13035377951.76805,5694593,1849192.957,6263193726.91232
1711152000000,3338.99,3438.0,3271.38,3330.96,2065343.895,6949919666.04788,3317963,1019216.79,3430871101.77939
1711238400000,3330.96,3474.16,3301.46,3457.16,1864567.712,6297063059.58874,3160988,951313.217,3213756000.76092
1711324800000,3457.16,3665.1,3422.18,3592.94,2530891.112,8954272773.21119,4491164,1277883.278,4523017076.63006
1711411200000,3592.94,3684.45,3545.63,3589.64,2433410.106,8786304757.96774,4213030,1223977.911,4420549973.21663
1711497600000,3589.65,3671.94,3461.18,3504.99,2912358.951,10365566873.4783,4609954,1430502.351,5091614171.24158
1711584000000,3504.99,3615.83,3466.97,3563.99,1973235.696,7024952133.98276,3449133,981249.454,3493439259.06637
1711670400000,3564.0,3588.93,3475.0,3512.46,1730640.148,6112211894.03871,2876273,841754.164,2973486773.99292
1711756800000,3512.47,3569.97,3486.51,3508.66,1258779.458,4433539602.80039,2148077,619519.703,2181909120.37586
1711843200000,3508.66,3661.08,3507.39,3648.79,1535402.07,5541965437.87304,2372967,797586.842,2878299574.24737
1711929600000,3648.8,3649.67,3413.0,3506.52,2754500.509,9690877424.55129,3885762,1309151.231,4605795640.23593
1712016000000,3506.52,3508.44,3212.0,3280.76,3971713.064,13191687525.92359,5398400,1864872.104,6194688078.61069
1712102400000,3280.67,3370.0,3203.12,3313.29,2660184.672,8811379210.6341,3862307,1291029.421,4276382571.68467
1712188800000,3313.28,3446.48,3252.59,3329.65,2446555.032,8169659175.37157,3555027,1219030.542,4071079079.30695
1712275200000,3329.65,3352.07,3208.0,3319.66,2617392.108,8604507301.44426,4078030,1274510.657,4191255519.66735
1712361600000,3319.66,3402.72,3308.0,3353.15,1131719.523,3784631189.15189,2056794,558365.088,1867321019.62669
1712448000000,3353.16,3462.19,3345.51,3455.99,1444094.538,4908725510.13586,2597159,729474.558,2480135111.02437
1712534400000,3456.0,3735.31,3407.33,3697.6,2845934.629,10242502690.69892,5023843,1463089.112,5264935579.31939
1712620800000,3697.59,3730.0,3452.3,3508.45,3448082.837,12375679718.68608,5410809,1659128.775,5955335281.23831
1712707200000,3508.46,3567.18,3413.2,3547.64,2832357.377,9907338189.7315,5219893,1401265.214,4903520764.81873
1712793600000,3547.64,3621.74,3475.03,3504.43,2234984.241,7911317508.81466,4311146,1099113.179,3891577222.95107
1712880000000,3504.42,3555.0,3062.04,3238.3,3896865.831,13037212264.80269,5575896,1803071.624,6037712052.60828
1712966400000,3238.31,3305.42,2791.61,3005.46,5308516.817,16403790658.86951,7092786,2492393.86,7713815358.70743
1713052800000,3005.47,3173.32,2903.0,3153.16,3950204.757,12011461408.84632,5563424,1934261.03,5884077990.5787
1713139200000,3153.16,3277.74,3022.08,3100.75,3855036.931,12155258304.12795,5366832,1880843.138,5932730904.92783
1713225600000,3100.76,3127.41,2976.43,3082.85,3451959.497,10560043076.80123,5526522,1695678.362,5188958927.27828
1713312000000,3082.84,3123.12,2912.45,2983.25,3311729.707,9975172417.97654,4938769,1632717.882,4918500672.32691
1713398400000,2983.26,3093.59,2949.54,3062.85,2675545.62,8096360542.18016,4317809,1336107.199,4043856059.8818
1713484800000,3062.85,3128.52,2861.76,3054.91,4007802.786,12155003896.40264,5981903,1961320.729,5951875096.79183
1713571200000,3054.91,3173.83,3016.4,3154.31,1625068.703,5020261592.09934,2652444,812815.833,2511570331.44671
1713657600000,3154.3,3196.41,3114.15,3145.73,1575165.839,4973199800.33538,2580212,773103.634,2441023665.76054
1713744000000,3145.74,3235.0,3127.14,3198.66,2047440.862,6532944241.83253,3349826,1020037.877,3254867560.55685
1713830400000,3198.66,3266.91,3150.31,3218.04,1663106.378,5330082646.21801,2881555,836134.426,2680709855.40677
1713916800000,3218.03,3293.38,3102.5,3138.84,2482827.279,7955315677.08124,3929282,1199335.412,3845500211.82075
1714003200000,3138.84,3189.97,3070.16,3154.44,2448075.918,7673893769.26812,3780175,1204218.194,3776118889.72213
1714089600000,3154.44,3167.2,3100.38,3129.98,1764316.116,5531739047.59648,2824667,879590.232,2758220480.88687
1714176000000,3129.98,3283.54,3062.8,3253.97,2199813.487,6971864379.53136,3083165,1112602.119,3528168301.16083
1714262400000,3253.97,3365.69,3248.8,3262.28,1999881.264,6603964510.25257,2947670,998335.709,3297528712.55697
1714348800000,3262.29,3286.29,3113.02,3215.27,2960135.349,9429474471.30777,4366893,1432776.56,4564374582.13521
1714435200000,3215.28,3250.0,2918.33,3012.58,4278488.436,13020897617.75349,5924197,2038778.336,6202878359.07569
1714521600000,3012.57,3021.94,2814.44,2970.61,4277387.307,12498907680.0962,5896600,2070553.972,6051145818.53226
1714608000000,2970.61,3016.38,2890.0,2984.8,2293012.777,6797323551.42273,3573426,1176638.906,3488409694.1004
1714694400000,2984.8,3126.44,2956.86,3100.83,2355561.832,7151691173.98163,3689351,1200944.642,3647370869.93909
1714780800000,3100.83,3167.45,3090.75,3115.46,1371653.97,4285219356.99816,2105769,690252.155,2156926277.74958
1714867200000,3115.46,3171.15,3071.1,3135.24,1570278.517,4910484764.99347,2308243,774256.566,2421213716.30513
1714953600000,3135.24,3221.95,3043.92,3061.5,2638707.024,8247182154.47072,3738000,1285416.677,4019891492.41545
1715040000000,3061.5,3128.59,2996.53,3004.55,2201536.706,6751855977.43258,3393105,1066799.598,3272641136.36332
1715126400000,3004.55,3037.52,2930.64,2972.93,2195609.599,6577135534.8255,3545690,1067452.734,3198238088.75101
1715212800000,2972.94,3058.23,2949.0,3034.75,1709515.974,5123060909.63459,2897214,876457.54,2627142581.08119
1715299200000,3034.75,3053.52,2877.0,2908.85,2264167.435,6695556185.59951,3453080,1079391.142,3192750219.47911
1715385600000,2908.85,2946.6,2884.6,2911.27,1115231.905,3252159193.86028,1843654,555636.698,1620594677.04918
1715472000000,2911.27,2954.94,2898.97,2927.73,1003441.381,2935939762.59539,1564945,504653.796,1476867775.6163
1715558400000,2927.73,2996.44,2863.8,2949.71,2489504.728,7308749342.26376,3739975,1247573.299,3664239229.37726
1715644800000,2949.72,2959.79,2858.14,2880.87,2087007.343,6062587792.47052,3182464,1008772.425,2930382295.18379
1715731200000,2880.87,3039.52,2861.71,3030.66,2538941.374,7490561299.98222,3682410,1291743.94,3811986418.48906
1715817600000,3030.67,3039.95,2920.93,2943.22,2031554.936,6049550675.84311,2914768,988124.268,2943163333.62479
1715904000000,2943.22,3119.0,2931.36,3090.48,2573872.238,7838262652.4321,3386966,1322641.099,4027227222.45315
1715990400000,3090.47,3146.36,3081.59,3121.59,1335509.587,4156984937.14991,2176066,658942.185,2051457612.99166
1716076800000,3121.6,3135.58,3051.3,3069.98,1348685.716,4166087445.67779,2281506,649518.045,2006765491.08395
1716163200000,3069.98,3698.86,3045.06,3664.39,5394372.967,18048021771.67237,7043385,2802915.942,9379594498.75876
1716249600000,3664.39,3849.26,3628.0,3792.32,5629142.3,21078487769.9036,7464955,2808283.548,10516194241.59272
1716336000000,3792.33,3816.84,3655.0,3740.25,3626843.371,13562779469.1395,5376346,1781756.427,6663860888.3651
1716422400000,3740.25,3952.89,3524.55,3784.8,7635174.311,29016060909.3369,10012746,3775955.533,14357672778.77449
1716508800000,3784.79,3832.0,3627.0,3729.61,3215814.229,11955995521.85735,4953006,1596475.851,5934904406.42245
1716595200000,3729.61,3782.82,3710.14,3751.15,1147234.262,4299287507.21736,2105740,577017.199,2162608809.82915
1716681600000,3751.16,3887.26,3732.06,3827.53,1903387.53,7268692628.89094,3077314,967536.95,3695319315.2221
1716768000000,3827.54,3980.0,3824.7,3896.09,2765129.283,10831101104.6769,4047338,1406302.893,5509171360.41635
1716854400000,3896.09,3934.42,3775.42,3847.0,2743469.005,10587010856.16523,4131171,1320711.68,5098775734.56719
1716940800000,3847.01,3891.79,3746.41,3770.0,2322064.217,8840201337.98247,3697682,1132198.881,4310818597.66084
1717027200000,3770.01,3828.74,3704.7,3750.39,2337573.407,8797090035.41715,3681296,1154732.765,4346373766.41512
1717113600000,3750.38,3859.53,3725.16,3764.35,2245502.251,8482436640.91421,3559476,1119934.939,4230765534.45397
1717200000000,3764.35,3837.2,3754.36,3817.49,990970.998,3762256419.145,1713419,512007.072,1943999050.79715
1717286400000,3817.49,3841.7,3753.8,3783.98,1399997.604,5315063128.49873,2239103,693850.462,2634354624.45735
1717372800000,3783.98,3854.0,3760.0,3769.15,1916780.125,7289605441.43148,3009290,941751.145,3582084956.02903
1717459200000,3769.14,3835.11,3720.0,3813.12,1757510.322,6653247408.53949,2842601,871391.871,3299567659.17706
1717545600000,3813.11,3892.06,3778.91,3868.61,1939160.262,7418252620.82999,3006680,980924.582,3753144955.64928
1717632000000,3868.6,3881.99,3760.0,3815.76,1550761.493,5943223056.9034,2511651,736342.557,2822913004.46003
1717718400000,3815.77,3844.32,3555.02,3679.82,2617598.785,9796443077.05075,3691632,1215070.304,4551942193.23492
1717804800000,3679.82,3711.28,3659.0,3682.11,793561.955,2926036726.64497,1458805,386433.172,1424926502.72171
1717891200000,3682.12,3724.73,3666.71,3707.67,715200.186,2642214956.13551,1254370,364384.915,1346307751.15646
1717977600000,3707.67,3715.49,3642.6,3669.66,1149036.664,4227296437.78585,1802146,572898.274,2107870923.90956
1718064000000,3669.65,3675.0,3427.09,3498.16,3162055.189,11172484428.62634,4252218,1482214.962,5237497335.022
1718150400000,3498.17,3657.77,3462.09,3560.45,2861506.382,10226727654.51707,3530223,1422978.039,5084832973.19999
1718236800000,3560.44,3562.33,3426.01,3469.18,2257441.373,7883026434.45223,3052011,1092733.326,3816380105.11294
1718323200000,3469.18,3533.82,3361.05,3480.51,2523034.384,8724522321.55577,3294259,1246182.223,4311025266.76449
1718409600000,3480.5,3594.99,3472.34,3567.87,1576530.079,5582814974.94714,2027536,800635.054,2835959176.30979
1718496000000,3567.88,3653.73,3540.0,3622.96,1335659.257,4792346124.67986,1829019,677199.022,2430270925.72044
1718582400000,3622.96,3637.47,3464.0,3509.56,2934501.925,10383899880.01183,3692294,1440740.992,5098795168.57783
1718668800000,3509.56,3515.87,3341.85,3482.34,3312942.268,11343168334.36804,4533103,1598710.063,5475607173.67633
1718755200000,3482.33,3587.63,3463.91,3558.85,2344216.428,8299632826.1935,3184104,1190686.068,4216065261.46845
1718841600000,3558.84,3625.0,3483.63,3511.26,2504170.932,8897629754.84559,3501862,1238031.732,4400210046.08425
1718928000000,3511.27,3546.66,3443.8,3517.18,2504862.799,8759168104.96023,3403949,1217382.352,4258098600.17461
1719014400000,3517.18,3520.0,3472.57,3494.26,844082.802,2950982843.3563,1249230,410224.022,1434255973.88213
1719100800000,3494.25,3519.7,3397.87,3419.38,1408148.716,4887692168.50265,1681099,657795.694,2284151724.64746
1719187200000,3419.38,3434.75,3213.0,3352.0,4181333.575,13901750459.19383,5015476,1999937.781,6651263700.4253
1719273600000,3351.99,3431.27,3335.58,3393.06,1973459.793,6678808477.4523,2753268,996863.26,3374307280.70847
1719360000000,3393.07,3425.0,3325.54,3370.76,1794812.97,6063286037.3137,2606789,896856.908,3029906763.55334
1719446400000,3370.78,3476.6,3360.22,3450.34,1724674.688,5901459500.76735,2329723,866906.982,2966540217.18654
1719532800000,3450.34,3487.98,3362.0,3379.51,2082751.457,7138480475.03431,2745383,1007314.321,3453111202.06849
1719619200000,3379.5,3407.0,3369.07,3377.62,735883.787,2493797462.5418,1194686,363692.103,1232518250.46531
1719705600000,3377.63,3459.77,3348.5,3436.73,1174744.367,3992984415.0922,1630699,597791.185,2032315211.63122
1719792000000,3436.72,3524.16,3420.0,3440.46,1724896.32,5995532614.39528,2268545,863006.437,3000071117.79851
1719878400000,3440.47,3463.84,3399.22,3420.43,1214393.314,4168787637.14763,1653542,598215.013,2053994483.33986
1719964800000,3420.43,3431.36,3250.1,3294.75,2520352.735,8373143758.36071,2979704,1178834.167,3915665271.63823
1720051200000,3294.75,3312.59,3049.39,3059.31,3862044.922,12216177700.63474,4536999,1845451.655,5838337261.74437
1720137600000,3059.3,3108.28,2800.0,2980.43,5753070.194,16931336844.73351,6619794,2745725.183,8082869905.51578
1720224000000,2980.37,3080.0,2953.45,3065.5,1595818.824,4806659739.67779,2278598,827056.24,2491713223.9266
1720310400000,3065.49,3072.0,2922.0,2930.24,1800470.608,5390321656.787,2489493,879593.213,2633375371.12909
1720396800000,2930.23,3098.0,2821.26,3017.51,4593820.144,13619919410.75795,5819027,2263602.673,6714713716.15402
1720483200000,3017.51,3115.8,3002.56,3065.06,2220259.045,6802252912.17147,3391751,1107944.184,3394990338.8133
1720569600000,3065.05,3150.0,3022.57,3099.12,2157373.274,6683224627.71187,3176233,1095966.819,3395597845.45764
1720656000000,3099.12,3216.6,3052.75,3098.25,2601339.395,8152402004.42387,3600706,1307473.275,4099614706.74557
1720742400000,3098.24,3156.6,3044.51,3133.24,1932672.308,5984893351.43529,2961105,953615.559,2953715611.62769
1720828800000,3133.24,3200.72,3112.12,3174.01,1049485.437,3309598689.12394,1693477,530449.761,1672762352.10716
1720915200000,3174.0,3268.66,3162.06,3243.56,1366714.817,4379641147.06541,2055927,694270.539,2225310717.98379
1721001600000,3243.52,3493.94,3231.03,3481.62,2723612.97,9168654594.26661,3974958,1413455.861,4759014356.49876
1721088000000,3481.62,3497.74,3345.0,3442.83,2845763.916,9753609626.26469,4061901,1400015.787,4799501715.18949
1721174400000,3442.84,3517.14,3374.53,3386.0,2271175.016,7844661419.98232,3237912,1123891.81,3882675286.01509
1721260800000,3386.01,3487.99,3364.62,3424.99,1913161.231,6551974018.48734,2731223,944022.723,3233110257.0681
1721347200000,3424.99,3539.38,3375.25,3502.18,2389303.433,8238609685.59137,3178663,1199695.337,4137730841.44349
1721433600000,3502.18,3538.38,3478.01,3516.03,1048158.992,3670139851.53731,1558795,523893.206,1834532617.65168
1721520000000,3516.03,3547.84,3408.13,3534.29,1758109.934,6134383804.64903,2543058,866286.165,3023588474.70076
1721606400000,3534.3,3562.33,3421.0,3438.08,1946040.386,6769829515.27811,2872471,924675.807,3217480097.84942
1721692800000,3438.09,3540.94,3384.61,3481.01,3985761.867,13828978662.12502,5226373,1983682.765,6883828450.35069
1721779200000,3481.01,3486.73,3285.69,3334.24,2296300.341,7821933918.61205,3181878,1090418.27,3716095917.3267
1721865600000,3334.23,3342.02,3085.57,3173.67,4204282.853,13341514822.71402,5209059,2025470.194,6425950593.26435
1721952000000,3173.67,3284.93,3169.14,3272.82,2257393.787,7320892193.0802,2915335,1134692.41,3679901499.2473
1722038400000,3272.81,3326.9,3188.89,3248.17,2181510.66,7122454624.01377,2761294,1054924.118,3444874885.88237
1722124800000,3248.16,3284.57,3195.84,3268.03,1114442.469,3619629949.885,1570115,553972.831,1799410904.0888
1722211200000,3268.03,3396.07,3256.56,3316.87,2897273.325,9642865305.32722,3645510,1448141.1,4820081979.34955
1722297600000,3316.86,3365.0,3230.1,3278.17,2000830.475,6618568157.7503,2867603,964073.973,3190146742.55348
1722384000000,3278.17,3348.74,3212.32,3231.48,2173585.083,7150139867.6455,3182046,1067718.335,3513298837.35317
1722470400000,3231.49,3241.83,3078.4,3201.67,2840086.848,8965170896.1268,4034154,1380300.354,4356642639.08682
1722556800000,3201.66,3217.06,2965.27,2988.11,3409297.384,10491247461.2199,4548541,1621377.708,4991340464.84899
1722643200000,2988.1,3016.61,2855.0,2901.94,2621892.579,7708121561.66818,3601279,1248008.633,3669871587.98689
1722729600000,2901.95,2934.66,2613.3,2687.6,3709293.795,10337564316.12464,4334371,1745526.288,4868353923.68421
1722816000000,2687.6,2695.93,2112.0,2418.6,13557724.097,31796290079.35264,14541848,6562189.135,15387889552.71915
1722902400000,2418.6,2558.24,2412.35,2459.87,4356686.925,10853835843.08941,6249436,2188075.764,5451877184.46254
1722988800000,2459.86,2549.85,2307.0,2341.41,4906789.045,11948141533.76121,6140976,2425336.198,5908403982.37131
1723075200000,2341.4,2723.77,2318.64,2681.59,4820970.35,12083805705.50479,5984866,2490429.713,6247556699.7897
1723161600000,2681.59,2708.8,2551.23,2597.9,3151681.154,8282477599.45511,4634696,1557582.043,4094020420.0692
1723248000000,2597.89,2644.43,2574.54,2608.76,1311479.404,3425329027.8452,2176236,659571.157,1722921753.27068
1723334400000,2608.77,2720.78,2537.76,2554.65,2629489.23,6903526348.81363,3711479,1293433.061,3396187353.52038
1723420800000,2554.66,2749.97,2506.13,2721.15,4126997.22,10880965017.29926,5678213,2066388.903,5450953692.7764
1723507200000,2721.15,2737.38,2610.04,2701.01,3016449.602,8069318726.17169,4277979,1463942.691,3916811496.53101
1723593600000,2701.01,2788.88,2631.0,2659.82,3096528.693,8350455924.61193,4268636,1539084.484,4152131428.5977
1723680000000,2659.82,2674.17,2513.65,2568.73,3219267.74,8394943427.72548,4395653,1558233.282,4064093807.97042
1723766400000,2568.73,2630.73,2549.15,2591.52,2666495.856,6920011178.09664,3532045,1330009.967,3452180554.93673
1723852800000,2591.53,2628.0,2585.81,2613.18,820608.568,2137408112.92346,1287056,415970.481,1083684914.5752
1723939200000,2613.18,2688.25,2593.0,2610.67,1615775.889,4267133650.03774,2004401,809008.005,2136908459.7733
1724025600000,2610.67,2647.29,2560.9,2635.15,2122248.285,5523868083.81981,2786090,1064720.33,2772015605.40278
1724112000000,2635.16,2694.96,2552.5,2571.51,2504509.413,6566812933.60973,3120372,1238820.281,3248597650.00739
1724198400000,2571.51,2663.55,2533.51,2629.38,2414391.575,6277878525.37053,3176025,1178623.074,3065820083.52276
1724284800000,2629.37,2644.0,2582.27,2622.0,1631635.639,4269132808.98035,2282787,808553.017,2115701959.89217
1724371200000,2622.0,2798.88,2619.86,2761.58,3288873.603,8851748788.1898,3726302,1681673.422,4527645060.38112
1724457600000,2761.58,2819.35,2729.15,2766.4,2124349.317,5889986272.50161,2442380,1043222.69,2893254975.15796
1724544000000,2766.4,2791.66,2731.63,2744.47,1228055.898,3389709159.62444,1753910,613644.6,1694288811.56545
1724630400000,2744.48,2760.97,2665.0,2679.25,1907712.073,5184051187.20895,2553448,915016.083,2487377251.83939
1724716800000,2679.26,2699.11,2388.0,2455.98,3836573.429,9846501388.57358,4097936,1789097.4,4597768265.06356
1724803200000,2455.98,2554.19,2416.56,2527.31,3674708.436,9159321788.05102,4369848,1827085.219,4554679262.93537
1724889600000,2527.32,2594.0,2504.11,2526.28,2156748.728,5495665085.87916,2978686,1071415.057,2731070479.70818
1724976000000,2526.28,2552.32,2431.0,2524.99,2705396.131,6752794214.88911,3350073,1356369.455,3385768019.74133
1725062400000,2524.99,2533.29,2490.62,2511.91,785832.801,1976386313.99828,1248851,397981.405,1000992767.9217
1725148800000,2511.91,2514.97,2397.23,2424.55,2295800.358,5659435689.68286,2855543,1108499.181,2732738084.96637
1725235200000,2424.55,2564.49,2421.8,2536.74,2289999.119,5708121980.45667,2837354,1181635.729,2945741446.13685
1725321600000,2536.76,2552.55,2405.14,2424.05,2052035.733,5085212466.24925,2614090,1000153.64,2478456524.97064
1725408000000,2424.05,2489.34,2304.87,2449.67,3391129.709,8140965676.04585,3931605,1677759.784,4030837807.87353
1725494400000,2449.67,2465.23,2346.05,2367.37,2611081.826,6245550694.43367,3107916,1261969.432,3018996438.19869
1725580800000,2367.33,2409.34,2150.0,2223.7,5476018.438,12547525242.00458,5360447,2594469.019,5951733241.16893
1725667200000,2223.7,2310.0,2220.76,2272.21,1832770.243,4165135636.96698,2210828,908635.249,2065076225.44763
1725753600000,2272.21,2333.98,2238.88,2295.89,1933824.754,4415720059.77657,2156598,973068.219,2222217326.39417
1725840000000,2295.9,2382.51,2271.22,2358.19,2933575.518,6805916507.20762,3320754,1482404.917,3440306921.7662
1725926400000,2358.19,2399.99,2319.09,2387.63,2148101.375,5054995341.92923,2565583,1068571.246,2515123913.45632
1726012800000,2387.63,2388.39,2275.8,2339.22,3136148.113,7306678946.31927,3409399,1529071.821,3563775627.453
1726099200000,2339.18,2392.0,2313.16,2360.79,2141666.211,5033942160.06787,2545405,1066702.747,2507509313.74966
1726185600000,2360.79,2463.77,2336.2,2438.15,2314979.037,5530067659.02683,2668001,1208391.772,2887469170.17797
1726272000000,2438.16,2439.61,2373.82,2416.65,1075037.045,2596020589.32818,1367830,500734.531,1209109278.68291
1726358400000,2416.65,2429.44,2282.0,2314.85,1664319.311,3940360052.61832,1854980,775695.527,1838188878.30536
1726444800000,2314.85,2334.9,2251.06,2294.61,2822059.425,6460692525.60421,3278768,1401475.588,3208620449.81585
1726531200000,2294.61,2392.62,2262.0,2340.59,2616421.538,6111066521.55576,2954820,1314011.466,3069825062.72255
1726617600000,2340.59,2376.0,2275.25,2373.93,2861908.683,6635180765.57796,3408011,1421120.067,3295733475.77364
1726704000000,2373.93,2494.68,2371.37,2464.56,2948555.003,7171076241.07582,3370281,1497203.33,3641275078.0614
1726790400000,2464.55,2572.18,2436.11,2560.29,3062258.119,7753088412.44312,3534413,1551048.187,3927065203.7841
1726876800000,2560.3,2623.85,2527.69,2611.4,1505216.371,3860209268.60618,1968769,765766.675,1964591017.98574
1726963200000,2611.4,2633.3,2522.57,2579.94,1969445.194,5079507048.41662,2567848,973369.702,2510953564.04593
1727049600000,2579.95,2702.0,2538.24,2645.84,3118835.195,8258863620.46054,3944673,1572817.958,4165165302.30153
1727136000000,2645.84,2669.94,2590.1,2652.0,2718085.708,7157361925.27724,3286318,1337213.087,3521501448.58989
1727222400000,2652.0,2673.06,2552.44,2578.9,2133334.523,5567024562.92928,2797933,1030281.087,2689554386.55888
1727308800000,2578.9,2666.17,2557.5,2631.11,2641065.13,6929873789.00273,3328794,1321868.043,3468568465.59914
1727395200000,2631.16,2727.66,2614.22,2693.53,2373825.623,6342180731.2717,3189100,1199024.707,3203856813.3117
1727481600000,2693.52,2703.3,2648.32,2673.9,1392948.05,3723908596.00055,1839875,677326.925,1810841424.32055
1727568000000,2673.91,2683.0,2632.8,2656.3,1390536.4,3694249941.64657,1986101,677042.803,1799071998.37582
1727654400000,2656.3,2662.81,2572.82,2601.49,2859601.743,7479243412.38602,3737190,1386603.621,3627038278.3598
1727740800000,2601.49,2658.63,2412.4,2446.85,4639427.429,11757705807.87982,5506567,2223094.24,5637027782.0471
1727827200000,2446.85,2498.0,2350.0,2363.0,3570103.344,8682380285.25884,4876678,1762306.137,4287791720.54734
1727913600000,2363.0,2402.29,2308.09,2348.74,3190067.071,7492256044.28834,4606050,1582561.453,3716899655.06006
1728000000000,2348.74,2440.0,2338.27,2413.38,2533506.834,6057108558.06383,3367064,1276058.588,3050968050.70008
1728086400000,2413.38,2427.94,2388.66,2413.42,1103480.476,2659364171.76931,1634536,531347.467,1280610283.15056
1728172800000,2413.42,2457.11,2405.76,2438.77,1219434.738,2965206689.83741,1662789,616942.51,1500513800.77798
1728259200000,2438.76,2520.25,2401.08,2421.75,3345508.612,8255869954.96215,3859018,1666039.13,4112579562.93845
1728345600000,2421.75,2466.63,2400.01,2439.84,2262736.283,5503261413.71323,3114112,1139055.76,2770824075.20939
1728432000000,2439.84,2472.9,2350.0,2369.6,2689510.593,6518443895.41703,3351701,1286371.019,3119005644.17756
1728518400000,2369.6,2421.5,2329.44,2385.24,2863209.676,6818678392.31371,3597279,1398871.814,3332026528.56307
1728604800000,2385.24,2470.0,2380.81,2438.46,2339315.627,5679642394.45142,2711747,1200225.385,2914875010.63419
1728691200000,2438.45,2489.95,2433.2,2475.09,1118480.77,2752321410.11463,1599784,572385.739,1408694565.5221
1728777600000,2475.08,2484.0,2435.0,2467.79,1294682.574,3182005834.60698,1710016,628913.242,1545838846.41015
1728864000000,2467.79,2653.44,2442.0,2628.88,3677192.62,9413848750.38399,4126739,1941736.246,4970136301.48087
1728950400000,2628.87,2688.76,2536.64,2606.53,3913137.317,10179198376.76577,4603082,1895316.575,4932265835.07717
1729036800000,2606.54,2647.51,2588.01,2610.39,2129585.886,5575803606.56706,3335242,1075259.626,2816083406.04165
1729123200000,2610.39,2647.9,2573.73,2605.01,2064665.138,5391409323.33926,3126924,1015541.123,2652422054.07469
1729209600000,2605.01,2675.12,2595.61,2641.11,2309322.096,6087636750.23593,3332476,1166893.882,3076289416.438
1729296000000,2641.11,2662.66,2630.05,2647.45,811419.456,2145117994.00858,1394122,388171.835,1026251049.19583
1729382400000,2647.46,2759.62,2634.53,2746.98,1886789.344,5086837478.2804,2561549,972928.602,2623284767.8298
1729468800000,2746.98,2770.0,2655.52,2666.63,2440964.283,6594015920.8176,3398089,1145823.576,3095647136.81916
1729555200000,2666.62,2671.59,2606.0,2621.78,2231512.621,5872949301.92433,3216850,1058950.981,2787039361.33469
1729641600000,2621.79,2629.51,2443.01,2523.84,3189122.481,8115624142.39563,4009452,1520306.621,3870037417.51346
1729728000000,2523.85,2561.83,2506.27,2535.39,2024878.304,5131500444.50411,3077106,1012955.907,2567477463.68968
1729814400000,2535.39,2565.94,2380.63,2440.1,4024452.801,10029812560.47148,4904111,1927355.099,4805880042.88846
1729900800000,2440.1,2507.1,2429.34,2482.04,1570141.847,3869014206.47847,2441155,789431.121,1945757193.89331
1729987200000,2482.04,2527.25,2462.86,2507.22,1121169.212,2791987376.97791,1824285,572225.679,1424929948.04159
1730073600000,2507.21,2590.78,2470.41,2566.49,2899028.949,7309310195.27607,3762851,1494189.493,3768684034.75069
1730160000000,2566.48,2681.83,2560.3,2639.28,3011425.28,7913517420.71605,4189559,1493408.088,3924332428.64527
1730246400000,2639.28,2724.65,2599.9,2659.36,3503151.793,9357672371.96901,4461263,1710311.85,4569927873.94407
1730332800000,2659.35,2669.74,2502.5,2518.37,3205202.83,8277842338.14581,4047308,1459374.126,3768659241.34926
1730419200000,2518.37,2587.86,2467.3,2511.57,3451022.637,8699141498.66404,4542784,1685871.146,4250695855.49705
1730505600000,2511.57,2523.8,2467.1,2493.61,1213734.335,3026712910.29806,1863044,569964.447,1421633376.48026
1730592000000,2493.61,2496.21,2410.35,2457.29,2927779.094,7163438364.52393,3691178,1458611.352,3569395175.291
1730678400000,2457.3,2491.0,2356.0,2397.37,2683418.991,6531967836.16009,3886493,1321401.21,3218019482.77525
1730764800000,2397.36,2479.6,2379.48,2421.42,2557859.231,6231806758.76281,3760382,1294224.266,3153791562.91328
1730851200000,2421.41,2746.02,2419.2,2722.49,6240942.27,16272107312.50839,8360576,3203973.532,8355953157.99743
1730937600000,2722.5,2916.56,2700.31,2895.76,5207698.306,14756353987.5382,7200619,2573722.71,7294142221.69339
1731024000000,2895.76,2982.75,2886.47,2962.12,3870167.008,11332152551.52056,5787373,1923427.482,5633403581.36234
1731110400000,2962.12,3158.66,2954.1,3127.03,3673317.244,11173770610.26657,4998817,1829587.064,5568059228.63056
1731196800000,3127.02,3252.28,3073.86,3185.19,5615528.884,17861396070.5185,8319460,2731425.298,8690072177.09007
1731283200000,3185.19,3392.06,3107.15,3375.02,6247550.0,20262260007.34664,9405458,3090488.191,10026582648.42951
1731369600000,3375.02,3449.0,3211.15,3245.98,6898960.493,22813786244.09084,10356407,3364197.551,11130563501.01949
1731456000000,3245.99,3335.0,3120.0,3188.9,5945632.887,19122914369.90351,9306759,2849988.549,9168395150.131
1731542400000,3188.9,3242.31,3031.6,3061.03,4177386.799,13169676243.66554,7152344,2006885.014,6330866943.5301
1731628800000,3061.04,3133.68,3016.11,3091.75,3517544.364,10790970529.49053,6167452,1731672.241,5313681896.51725
1731715200000,3091.75,3222.69,3073.47,3134.72,2517322.736,7933164452.94315,4435334,1214685.16,3827847188.49747
1731801600000,3134.71,3164.8,3035.0,3078.09,3003350.309,9311038693.96001,5162148,1430589.371,4436199564.8674
1731888000000,3078.09,3228.0,3051.5,3210.48,4140524.369,12964128792.03221,6611517,2060471.827,6455666075.86111
1731974400000,3210.48,3224.83,3066.4,3109.34,3063837.655,9570014970.63267,5223717,1428609.456,4461903184.33466
1732060800000,3109.33,3162.25,3030.5,3071.05,3143204.946,9732361141.30283,5403260,1507055.746,4667171846.0058
1732147200000,3071.05,3389.99,3033.32,3358.42,5993751.26,19501154177.75849,8809931,2983670.438,9700569839.4602
1732233600000,3358.69,3429.99,3260.42,3330.05,3830379.399,12761376613.46164,6619821,1807528.384,6023849791.06925
1732320000000,3330.04,3498.94,3315.28,3396.33,4091652.282,13914670591.29124,6400769,2006412.144,6823533100.17052
1732406400000,3396.32,3453.0,3282.48,3362.98,3119510.218,10467984857.78793,5305993,1481962.213,4973694848.5659
1732492800000,3362.98,3549.91,3301.96,3416.92,6242839.345,21540192689.67565,9119034,3070906.834,10598242196.6816
1732579200000,3416.91,3464.95,3254.19,3327.17,4595675.477,15396679931.86683,7787759,2151305.381,7208756745.13305
1732665600000,3327.17,3688.0,3305.0,3655.88,4755415.766,16658357985.87472,7249761,2381028.116,8343090194.49157
1732752000000,3655.89,3664.31,3531.0,3581.58,3330702.226,11972541460.78653,5370271,1566563.758,5633304565.9389
1732838400000,3581.58,3649.28,3535.52,3594.5,2545976.992,9140926324.62408,4178179,1251816.736,4495556928.06223
1732924800000,3594.51,3742.18,3570.2,3705.73,2866770.739,10530300461.19052,4705886,1419727.267,5215781645.98697
1733011200000,3705.74,3750.67,3661.35,3711.24,2458452.706,9116765142.49187,3980508,1186657.125,4401538796.6916
1733097600000,3711.22,3766.0,3557.61,3646.26,4609268.921,16810699964.70914,6989919,2184297.816,7967375336.51378
1733184000000,3646.26,3673.9,3502.01,3616.82,3627143.717,13040702466.41318,5579847,1674343.979,6022055423.76573
1733270400000,3616.83,3891.0,3616.82,3840.75,5709329.425,21470452009.98491,7540393,2816521.335,10595039911.10767
1733356800000,3840.74,3960.0,3615.0,3787.31,6207399.404,23960322079.33845,8358595,2979944.474,11512840370.27009
1733443200000,3787.3,4092.83,3780.0,4001.75,4645126.843,18350269886.27917,6808802,2323700.449,9181713824.96801
1733529600000,4001.75,4028.69,3970.0,3999.79,1549576.994,6195507333.44881,2841145,766277.364,3064085198.66848
1733616000000,3999.8,4019.57,3926.0,4007.3,1787672.127,7113810256.06474,2913808,842113.355,3352203336.28407
1733702400000,4007.31,4010.67,3475.0,3712.55,6542091.049,24835140845.08763,8692697,2994802.042,11378904345.47438
1733788800000,3712.55,3781.29,3512.71,3628.4,5674583.192,20720315245.43261,9072630,2725358.243,9955856324.72222
1733875200000,3628.41,3846.95,3562.65,3830.44,3007758.489,11214285319.67592,4897003,1525449.955,5689438995.53688
1733961600000,3830.44,3986.94,3795.25,3880.52,3937234.533,15409323839.82955,5818628,1985618.845,7772735668.18599
1734048000000,3880.52,3967.96,3851.8,3905.6,2515017.007,9833909791.77788,4331617,1238063.504,4841140658.59578
1734134400000,3905.59,3944.99,3822.37,3868.6,1893829.596,7351171432.14136,3160535,887295.765,3444822500.05477
1734220800000,3868.6,3973.67,3829.0,3958.5,1930757.605,7507505193.11604,3277273,982466.086,3820794393.93937
1734307200000,3958.5,4109.99,3882.22,3984.76,4190982.527,16710873556.97649,6216546,2097774.433,8368050220.29274
1734393600000,3984.76,4039.99,3844.59,3890.81,3370320.436,13360231433.72831,5614565,1579633.915,6264690646.85175
1734480000000,3890.81,3908.0,3615.01,3625.4,4440453.127,16816522852.99123,6976069,2102593.92,7969858744.15421
1734566400000,3625.41,3718.47,3322.2,3416.7,7030380.882,24823675205.22244,9527951,3295348.923,11642415982.92708
1734652800000,3416.69,3496.54,3100.0,3470.88,7970055.665,26389990584.74834,11426850,3875255.841,12842561186.34769
1734739200000,3470.88,3553.76,3291.03,3337.6,3404611.235,11644433705.20112,5947133,1679796.876,5746713370.16594
1734825600000,3337.61,3402.08,3219.59,3280.8,2966199.056,9842978680.88034,5584169,1429940.748,4745768813.8
1734912000000,3280.81,3465.75,3214.81,3420.74,3962458.373,13190179748.46324,7238929,2004140.486,6671966355.79839
1734998400000,3420.75,3539.4,3356.01,3491.97,2605267.471,8973870641.8296,4818980,1287705.747,4435913698.97661
1735084800000,3491.98,3547.01,3439.0,3495.72,1695270.242,5907497938.82275,3650750,827736.19,2885165009.17183
1735171200000,3495.73,3514.32,3302.73,3333.15,2522058.848,8516052603.49187,4781849,1225262.667,4137077319.50676
1735257600000,3333.15,3444.0,3306.0,3332.09,2851118.849,9587300667.28414,5136868,1439850.134,4843313533.87734
1735344000000,3332.1,3427.5,3320.92,3402.54,1144976.458,3854924407.36522,2652570,594905.416,2003655549.7545
1735430400000,3402.53,3413.0,3324.63,3355.46,1333521.072,4496507392.42402,2762491,643136.681,2168689967.64379
1735516800000,3355.46,3436.86,3302.2,3360.11,2953842.227,9963737593.70885,5234356,1445604.483,4877640853.60689
1735603200000,3360.1,3452.0,3313.96,3336.57,2093246.431,7069312807.88444,4080566,1054991.234,3563546380.60546
